member,level_label,carrier_Hz,record_duration_s,voltage_pp_kV,q_sign,current_sign,monitor_Cprime_pF,monitor_Closs_pF,monitor_tan_delta,monitor_phase_deg,current_Creactive_pF,current_G_uS,current_monitor_gain_ratio,current_monitor_phase_error_deg,monitor_x_Uqpp_kV,monitor_y_Qpp_nC,current_x_Uqpp_kV,current_y_Qpp_nC,skipped_rows,clipping_flag,quiet_both_edges
Lissajouswaveformsdifferentmediums/manganese nitrate in water/Lissajousfigure4kHz/Lissajousfigure4kHz_01.csv,MAX,127994.47063898804,0.01000032746,8.05825191766,1,-1,6.171486153985076,46.105074189033196,7.470659908920326,-82.37587978176697,93.62190628842689,-3.4786443397553395,2.0148163134848205,85.02118244949406,-3.384853330092001,505.51180919999996,7.899792882668001,931.6154804360019,0,False,False
Lissajouswaveformsdifferentmediums/manganese nitrate in water/Lissajousfigure4kHz/Lissajousfigure4kHz_05.csv,MAX,127994.47063898804,0.01000032746,7.900314105580001,1,-1,12.688106987854665,50.47754348387417,3.978335265630435,-75.89036493190622,97.13052160025286,-7.17781132087588,1.8740423700704956,81.14049397229894,-3.2584243647,508.67372099999994,7.805077610552001,930.341892454677,0,False,False
Lissajouswaveformsdifferentmediums/manganese nitrate in water/Lissajousfigure4kHz/Lissajousfigure4kHz_09.csv,MAX,127994.47063898804,0.01000032746,8.05817286998,1,-1,8.807179139988042,48.96689208033043,5.559883738256392,-79.80380301906499,96.42404330206315,-5.197436014724789,1.9424180507438114,83.63828153439567,-3.353218353044,507.09276280000006,7.836740939346001,932.5532165431722,0,False,False
Lissajouswaveformsdifferentmediums/manganese nitrate in water/Lissajousfigure4kHz/Lissajousfigure4kHz_14.csv,MAX,127994.47063898804,0.01000032746,7.900314105580001,1,-1,11.712098408719427,50.52690029263845,4.314077505959322,-76.94936317796474,97.33839938637416,-7.527503083651711,1.8853647221126026,82.44205230441503,-3.258717827796,508.6675652,7.804998685848001,929.1309324465652,0,False,False
Lissajouswaveformsdifferentmediums/manganese nitrate in water/Lissajousfigure4kHz/Lissajousfigure4kHz_18.csv,MAX,127994.47063898804,0.01000032746,7.90047220106,1,-1,9.281595607356074,49.549374182478275,5.338454321712551,-79.39030039171563,96.57779684647548,-5.879784320888441,1.9212824443540923,83.71950459657938,-3.38474615314,507.09276279999995,7.836586309788001,932.1013523432233,0,False,False
Lissajouswaveformsdifferentmediums/manganese nitrate in water/Lissajousfigure4kHz/Lissajousfigure4kHz_22.csv,MAX,127994.47063898804,0.01000032746,7.90047220106,1,-1,12.932652154601364,49.79059969858753,3.8499914096021146,-75.43969327338625,96.74861373818638,-6.685806755938073,1.8876348063435113,80.35097813057212,-3.32169411226,513.4042748,7.836523071584001,931.8640899008993,0,False,False
Lissajouswaveformsdifferentmediums/manganese nitrate in water/Lissajousfigure4kHz/Lissajousfigure4kHz_26.csv,MAX,127994.47063898804,0.01000032746,7.90047220106,1,-1,11.841468798874299,49.76990732965732,4.203018069379085,-76.61677290731635,96.61330676814802,-6.352688673699101,1.8947851278084875,81.29097219885722,-3.2584085296520002,511.8294724,7.8364756429160005,932.1687232644606,0,False,False
Lissajouswaveformsdifferentmediums/manganese nitrate in water/Lissajousfigure4kHz/Lissajousfigure4kHz_30.csv,MAX,127994.47063898804,0.01000032746,7.9003931533800005,1,-1,12.687412388971639,50.29806792155748,3.9644071130909553,-75.84278345594015,96.9752033557817,-6.440547430591094,1.8758174289140128,80.56373186320968,-3.258392731628,513.4104259999999,7.8364914524880005,932.9371112727973,0,False,False
Lissajouswaveformsdifferentmediums/manganese nitrate in water/Lissajousfigure4kHz/Lissajousfigure4kHz_35.csv,MAX,127994.47063898804,0.01000032746,7.90047220106,1,-1,12.897733432184205,50.541894299931855,3.918664823217135,-75.6842830318912,97.03847642877834,-6.615470485400605,1.8670147662870737,80.529701136869,-3.1953723853780005,513.4104306,7.836523071596001,932.1095099512293,0,False,False
Lissajouswaveformsdifferentmediums/manganese nitrate in water/Lissajousfigure4kHz/Lissajousfigure4kHz_39.csv,MAX,127994.47063898804,0.01000032746,7.900314105580001,1,-1,13.700661069131465,51.09471293274902,3.7293611362935573,-74.9896698549587,97.16479803245832,-7.349700530989513,1.8448810008724887,80.36291240551992,-3.22683682826,513.4104259999999,7.805046128004,931.9724885891055,0,False,False
Lissajouswaveformsdifferentmediums/manganese nitrate in water/Lissajousfigure4kHz/Lissajousfigure4kHz_43.csv,MAX,127994.47063898804,0.01000032746,7.90055124874,1,-1,10.752287169731359,49.59802314402429,4.6127881780954585,-77.76820319735923,96.19898094701716,-5.519275298223869,1.900359232553427,81.84884026518904,-3.353142735652,511.8356236000001,7.868094824428001,933.6305477943616,0,False,False
Lissajouswaveformsdifferentmediums/manganese nitrate in water/Lissajousfigure4kHz/Lissajousfigure4kHz_47.csv,MAX,127994.47063898804,0.01000032746,7.584426686155401,1,-1,14.100830731239792,48.535751895014826,3.4420491118644465,-73.80011833754341,95.19377712922591,-7.694444233479376,1.8929262159832434,79.53948857476001,-1.5185231776740002,257.4833875,7.710043310242001,921.0521504897581,0,False,False
Lissajouswaveformsdifferentmediums/manganese nitrate in water/Lissajousfigure4kHz/Lissajousfigure4kHz_51.csv,MAX,127994.47063898804,0.01000032746,7.90055124874,1,-1,8.460119508844224,48.36439630395749,5.716750957642769,-80.07794991964926,95.29909118538112,-4.523245010456203,1.944344751213943,83.45555929488847,-3.2900275996520003,510.2485188,7.868205429764001,932.3888019138338,0,False,False
Lissajouswaveformsdifferentmediums/manganese nitrate in water/Lissajousfigure4kHz/Lissajousfigure4kHz_56.csv,MAX,127994.47063898804,0.01000032746,7.900551248860001,1,-1,9.681174399740936,49.48077609218966,5.11103034085552,-78.92962679981184,95.933678151093,-5.110117454907976,1.9068990662746867,82.71908785894396,-3.2584401367700004,510.2546700000001,7.868170419802,930.9714448180782,0,False,False
Lissajouswaveformsdifferentmediums/manganese nitrate in water/Lissajousfigure4kHz/Lissajousfigure4kHz_60.csv,MAX,127994.47063898804,0.01000032746,7.900314105580001,1,-1,11.012975340943465,49.96540364297482,4.536957733594123,-77.57006647006037,96.07891308797646,-6.4476142473309945,1.8843621087772284,82.3400572946158,-3.2900118636280005,507.0989140000001,7.836617744300001,929.8800573534346,0,False,False
Lissajouswaveformsdifferentmediums/manganese nitrate in water/Lissajousfigure4kHz/Lissajousfigure4kHz_64.csv,MAX,127994.47063898804,0.01000032746,7.9003931532600005,1,-1,9.555523304652931,50.03704381790507,5.236452491674655,-79.18845827440582,96.13189116583602,-5.236983458545903,1.891436590226308,83.06373136856007,-3.3531269341159997,510.2485188,7.836570500228001,930.4735362064512,0,False,False
Lissajouswaveformsdifferentmediums/manganese nitrate in water/Lissajousfigure10kHz-0002/Lissajousfigure10kHz-0002_01.csv,MAX,119994.81622405129,0.01000032746,7.742297553259999,-1,-1,32.342003184469526,-34.296164084787364,-1.0604217645138387,46.67971446842186,100.37335790122205,15.111609618374441,2.1712723554535645,57.97240529168525,4.332024401732,445.4724508,7.520660440644,885.8507957805034,0,False,False
Lissajouswaveformsdifferentmediums/manganese nitrate in water/Lissajousfigure10kHz-0002/Lissajousfigure10kHz-0002_05.csv,MAX,119994.81622405129,0.01000032746,7.74237660106,-1,-1,33.75720180945523,-32.96914819340612,-0.9766552446942335,44.32335505979098,100.23720286970722,15.384664373529255,2.16787222885047,55.82990687063142,4.521647693972,442.31669,7.5525006002440005,886.7885642690792,0,False,False
Lissajouswaveformsdifferentmediums/manganese nitrate in water/Lissajousfigure10kHz-0002/Lissajousfigure10kHz-0002_09.csv,MAX,119994.81622405129,0.01000032746,7.74237660106,-1,-1,33.57747083313338,-32.39893149366144,-0.9649008900840446,43.97663184177892,100.3988314182955,15.153130747730705,2.1944104774098174,55.296751596561535,4.426821862460001,443.89763639999995,7.552513128444,887.544129899951,0,False,False
Lissajouswaveformsdifferentmediums/manganese nitrate in water/Lissajousfigure10kHz-0002/Lissajousfigure10kHz-0002_14.csv,MAX,119994.81622405129,0.01000032746,7.74237660106,-1,-1,32.90258033983924,-32.41915168452204,-0.9853072722466132,44.57597701232039,99.63876149588917,15.675212988051953,2.2035769670304965,56.362297103390205,4.4268375268760005,445.4662852,7.552437485124001,883.2946392646875,0,False,False
Lissajouswaveformsdifferentmediums/manganese nitrate in water/Lissajousfigure10kHz-0002/Lissajousfigure10kHz-0002_18.csv,MAX,119994.81622405129,0.01000032746,7.90007726998,-1,-1,34.41995895316625,-29.715561663011794,-0.8633235647795069,40.80481687297068,99.14505033030379,16.014197922186423,2.22980383144902,52.8968329860877,4.553127670684,440.71727319999997,7.552421785052001,879.7937601849059,0,False,False
Lissajouswaveformsdifferentmediums/manganese nitrate in water/Lissajousfigure10kHz-0002/Lissajousfigure10kHz-0002_22.csv,MAX,119994.81622405129,0.01000032746,7.742534696540001,-1,-1,35.22258946669012,-29.41763956155231,-0.8351924150656916,39.86837645273106,99.114543023543,15.993781497594858,2.2086723374044865,51.94903748882575,4.647798874588001,432.8432564,7.552421737076,880.4830158968865,0,False,False
Lissajouswaveformsdifferentmediums/manganese nitrate in water/Lissajousfigure10kHz-0002/Lissajousfigure10kHz-0002_26.csv,MAX,119994.81622405129,0.01000032746,7.742522286054242,-1,-1,34.337234047041555,-30.97080466423075,-0.9019597973966441,42.04918971085894,99.32139735175664,15.832527815061741,2.1953877943871514,53.98737785229591,4.647814789708,434.4242148000001,7.552453342684001,880.0036186314784,0,False,False
Lissajouswaveformsdifferentmediums/manganese nitrate in water/Lissajousfigure10kHz-0002/Lissajousfigure10kHz-0002_30.csv,MAX,119994.81622405129,0.01000032746,7.74237660106,-1,-1,32.556078523319236,-33.413848942834136,-1.0263474736031397,45.74494330011741,99.8289560070741,15.372120212701784,2.184051229478644,57.28812172863309,4.458302078924,440.72957560000003,7.552405804468001,880.8789034409863,0,False,False
Lissajouswaveformsdifferentmediums/manganese nitrate in water/Lissajousfigure10kHz-0002/Lissajousfigure10kHz-0002_35.csv,MAX,119994.81622405129,0.01000032746,7.74237660106,-1,-1,32.00265942702376,-33.733033765906356,-1.054069704514039,46.50786052693038,99.67888875779516,15.298520029427623,2.1876780807775935,58.01408082405871,4.395139591732001,442.3105292,7.5838353944520005,882.2159526472516,0,False,False
Lissajouswaveformsdifferentmediums/manganese nitrate in water/Lissajousfigure10kHz-0002/Lissajousfigure10kHz-0002_39.csv,MAX,119994.81622405129,0.01000032746,7.74237660106,-1,-1,32.315342269170664,-33.69566404518693,-1.0427141314029378,46.1979076331233,99.77036484235411,15.392365453009896,2.1812851638286483,57.7624844638122,4.4268534220680005,442.3043828,7.552263689586001,881.3686249867993,0,False,False
Lissajouswaveformsdifferentmediums/manganese nitrate in water/Lissajousfigure10kHz-0002/Lissajousfigure10kHz-0002_43.csv,MAX,119994.81622405129,0.01000032746,7.74237660106,-1,-1,32.9650552177284,-32.765803495220524,-0.9939556684740294,44.826318292255934,99.324904316187,15.777286833398428,2.1838999932177696,56.72363411177531,4.521631699804,440.7234244,7.552358498908001,880.2999332313765,0,False,False
Lissajouswaveformsdifferentmediums/manganese nitrate in water/Lissajousfigure10kHz-0002/Lissajousfigure10kHz-0002_47.csv,MAX,119994.81622405129,0.01000032746,7.74237660106,-1,-1,33.55487174992215,-31.998908070650344,-0.953629276521511,43.64030089619172,99.42644884652188,15.826247119717621,2.191624701003293,55.56164123126558,4.5531120832920005,439.154778,7.552437423564001,880.352206987811,0,False,False
Lissajouswaveformsdifferentmediums/manganese nitrate in water/Lissajousfigure10kHz-0002/Lissajousfigure10kHz-0002_51.csv,MAX,119994.81622405129,0.01000032746,7.74229755338,-1,-1,33.48369426247531,-32.660091083026565,-0.9754028580898929,44.286606483890864,99.93925349679414,15.539012663736905,2.181587104588987,55.9391684721256,4.490012665316001,440.7357364,7.520834113124001,882.3054269201666,0,False,False
Lissajouswaveformsdifferentmediums/manganese nitrate in water/Lissajousfigure10kHz-0002/Lissajousfigure10kHz-0002_56.csv,MAX,119994.81622405129,0.01000032746,7.74237660106,-1,-1,33.59362397133942,-32.43719028488809,-0.9655757983289345,43.996650319674245,99.54873417980376,15.725500876868233,2.178044231025275,55.83011053495841,4.49002838934,440.7357316,7.552342614276001,880.5064428481861,0,False,False
Lissajouswaveformsdifferentmediums/manganese nitrate in water/Lissajousfigure10kHz-0002/Lissajousfigure10kHz-0002_60.csv,MAX,119994.81622405129,0.01000032746,7.74237660106,-1,-1,33.56617574000564,-32.083933838255376,-0.9558412041564907,43.70660110951139,99.52086346065491,15.729828593947614,2.18989029776556,55.546447362694096,4.521508759364,439.1547804,7.552374185372001,881.7951296180498,0,False,False
Lissajouswaveformsdifferentmediums/manganese nitrate in water/Lissajousfigure10kHz-0002/Lissajousfigure10kHz-0002_64.csv,MAX,119994.81622405129,0.01000032746,7.74237660106,-1,-1,33.12620664984399,-34.11829988640081,-1.0299488935465388,45.84525315973302,100.66992388205101,15.161536276107027,2.1587732032398868,57.141775043910314,4.426806153948,447.0533996,7.5207394268600005,887.4726719898225,0,False,False
Lissajouswaveformsdifferentmediums/manganese nitrate in water/20 kHz/breakdown/breakdown/breakdown_01.csv,100,119994.81622405129,0.01000032746,6.00272341674,1,-1,28.717730833461236,49.014316737923636,1.7067614785501535,-59.633751336115566,96.68752622410675,11.353903019749627,1.7225358690063495,50.780972740393054,3.060346334764,350.6951212,5.780678762261999,647.4592233844866,0,False,False
Lissajouswaveformsdifferentmediums/manganese nitrate in water/20 kHz/breakdown/breakdown/breakdown_05.csv,100,119994.81622405129,0.01000032746,6.00272341674,1,-1,28.66901799178871,48.83593643575696,1.703439456829125,-59.585038767489706,96.49911305783749,11.323917535206062,1.7245702907292741,50.73830377872932,3.060298930156,349.11417240000003,5.812124223308,647.0369711465743,0,False,False
Lissajouswaveformsdifferentmediums/manganese nitrate in water/20 kHz/breakdown/breakdown/breakdown_09.csv,100,119994.81622405129,0.01000032746,6.00272341674,1,-1,28.67086682432043,48.9427290153908,1.707054387831571,-59.63803965012968,96.56938900043671,11.325383189756609,1.7229705170405496,50.79651478578958,3.028834501228,349.1141676,5.780552470430001,646.6510961138002,0,False,False
Lissajouswaveformsdifferentmediums/manganese nitrate in water/20 kHz/breakdown/breakdown/breakdown_14.csv,100,119994.81622405129,0.01000032746,6.00272341674,1,-1,28.58744730733538,48.741361656157174,1.70499174452874,-59.60781836570215,96.37219497066691,11.317004155787737,1.7260753848469688,50.75493959725142,3.0287114532280004,349.11416999999994,5.780584089524,647.2007792775427,0,False,False
Lissajouswaveformsdifferentmediums/manganese nitrate in water/20 kHz/breakdown/breakdown/breakdown_18.csv,100,119994.81622405129,0.01000032746,6.00272341674,1,-1,28.55416412361001,48.616458898561895,1.702604870102409,-59.572778559647105,96.27443775315456,11.269737950370617,1.7280047769387226,50.74748091196881,3.028774667372,345.95226039999994,5.8120767946620004,646.6048427825103,0,False,False
Lissajouswaveformsdifferentmediums/manganese nitrate in water/20 kHz/breakdown/breakdown/breakdown_22.csv,100,119994.81622405129,0.01000032746,6.00272341674,1,-1,28.596369547647498,48.83447495857179,1.707715899992249,-59.647720433697046,96.47611952639255,11.329824164335013,1.7253483013494906,50.79436783592604,3.0288062845400003,347.53321399999993,5.780521022368001,642.7959617804097,0,False,False
Lissajouswaveformsdifferentmediums/manganese nitrate in water/20 kHz/breakdown/breakdown/breakdown_26.csv,100,119994.81622405129,0.01000032746,6.00272341674,1,-1,28.588474697699418,48.7560223724028,1.7054432909750976,-59.614438951650726,96.38776467228155,11.346513727181707,1.7260521824148565,50.740253857225355,3.0288062844680006,347.53321399999993,5.780520912852,645.8719404409975,0,False,False
Lissajouswaveformsdifferentmediums/manganese nitrate in water/20 kHz/breakdown/breakdown/breakdown_30.csv,100,119994.81622405129,0.01000032746,6.0026443689999995,1,-1,28.71708774496759,49.03719876659878,1.707596508465316,-59.645973632395155,96.70203282432055,11.408404880848675,1.7223956735383628,50.75269012549725,3.028758881860001,349.1141676,5.748996465586001,642.4141822193436,0,False,False
Lissajouswaveformsdifferentmediums/manganese nitrate in water/20 kHz/breakdown/breakdown/breakdown_35.csv,100,119994.81622405129,0.01000032746,6.0026443689999995,1,-1,28.82863845869653,49.007273514304984,1.6999510255927923,-59.53373372144119,96.75398058799165,11.351213789666359,1.7221640026425484,50.689001614042525,3.06034638274,352.2760748,5.7805365993699995,644.6141127462549,0,False,False
Lissajouswaveformsdifferentmediums/manganese nitrate in water/20 kHz/breakdown/breakdown/breakdown_39.csv,100,119994.81622405129,0.01000032746,6.0026443689999995,1,-1,28.532354363682696,48.527009184206776,1.7007712916244375,-59.545811600759706,96.30767097926774,11.294995582192678,1.731385987472016,50.70405103154596,3.0287904749320007,345.95226039999994,5.780520912852,643.7979446339945,0,False,False
Lissajouswaveformsdifferentmediums/manganese nitrate in water/20 kHz/breakdown/breakdown/breakdown_43.csv,100,119994.81622405129,0.01000032746,6.0026443689999995,1,-1,28.541503914509033,48.748907335275106,1.7080006534096357,-59.65188588836092,96.43398433503839,11.381345440888573,1.7279000037375798,50.75509210219889,3.0289011417560006,347.53321159999996,5.748965079042001,640.6545818083174,0,False,False
Lissajouswaveformsdifferentmediums/manganese nitrate in water/20 kHz/breakdown/breakdown/breakdown_47.csv,100,119994.81622405129,0.01000032746,6.00256532126,1,-1,28.60473315735145,49.14428681092053,1.718047378403542,-59.79819279116119,96.70513111811768,11.480737492823078,1.7216257839072455,50.84971505776579,3.06037795386,349.1141676,5.717409012682,639.5427099462444,0,False,False
Lissajouswaveformsdifferentmediums/manganese nitrate in water/20 kHz/breakdown/breakdown/breakdown_51.csv,100,119994.81622405129,0.01000032746,6.0026443689999995,1,-1,28.562319081751234,48.27879983022809,1.6902969150384544,-59.39093011057288,96.12438945539655,11.172981768177552,1.7338446150564057,50.62677643491037,3.0287904749320007,344.3713068,5.780505103306,645.2877471516636,0,False,False
Lissajouswaveformsdifferentmediums/manganese nitrate in water/20 kHz/breakdown/breakdown/breakdown_56.csv,100,119994.81622405129,0.01000032746,6.00256532126,1,-1,28.635519915939987,48.627194226569095,1.6981425296036174,-59.50707418932859,96.3263190379852,11.297676858665016,1.7274678364904161,50.66493292541978,3.028774667396,347.53321639999996,5.780489293762001,644.7219891896649,0,False,False
Lissajouswaveformsdifferentmediums/manganese nitrate in water/20 kHz/breakdown/breakdown/breakdown_60.csv,100,119994.81622405129,0.01000032746,6.0026443689999995,1,-1,28.68429830800452,48.86554681029428,1.7035643084445984,-59.586872088799666,96.5804078196632,11.335636701921084,1.7250174921856951,50.738462778631856,3.0603621683,347.53321639999996,5.780457736176,643.2320929028132,0,False,False
Lissajouswaveformsdifferentmediums/manganese nitrate in water/20 kHz/breakdown/breakdown/breakdown_64.csv,100,119994.81622405129,0.01000032746,6.0026443689999995,1,-1,28.486672225710358,48.352516800131234,1.6973732985382253,-59.495721958826756,96.10536170130294,11.212362502113493,1.7328785570572673,50.6994458939657,3.0287904769320004,344.3713068,5.780568279976,645.336958851779,0,False,False
Lissajouswaveformsdifferentmediums/manganese nitrate in water/20 kHz/105% breakdown/105breakdown-0006/105breakdown-0006_01.csv,105,119994.81622405129,0.01000032746,6.633463268919999,1,-1,34.65888712899779,51.63851002655468,1.4899067542001563,-56.13116168152561,100.40721225821734,11.80028571593979,1.6339829366696546,47.27130104057326,3.5959761482120003,475.49827160000007,6.505201855938,755.5428610852733,0,False,False
Lissajouswaveformsdifferentmediums/manganese nitrate in water/20 kHz/105% breakdown/105breakdown-0006/105breakdown-0006_05.csv,105,119994.81622405129,0.01000032746,6.7911639378199995,1,-1,34.71612313387641,51.922874912334116,1.495641512507114,-56.23293981389367,100.74417386299544,11.654474286506812,1.6318272929615198,47.50967385746546,3.564420314356,480.2411372000001,6.600153948178,766.2694269974899,0,False,False
Lissajouswaveformsdifferentmediums/manganese nitrate in water/20 kHz/105% breakdown/105breakdown-0006/105breakdown-0006_09.csv,105,119994.81622405129,0.01000032746,6.7911639378199995,1,-1,34.178241431585164,52.22205771511551,1.5279328463885065,-56.79609431179236,100.74657541910013,11.61169930371017,1.6329627824566393,48.104559242779914,3.5329558494280002,478.6540276,6.600217059354,766.6266415708324,0,False,False
Lissajouswaveformsdifferentmediums/manganese nitrate in water/20 kHz/105% breakdown/105breakdown-0006/105breakdown-0006_14.csv,105,119994.81622405129,0.01000032746,6.63314738559,1,-1,33.99929527478358,51.6389956947482,1.5188254720399323,-56.638953176747656,100.19689893138566,11.73314271545834,1.6400401706502545,47.81050989151015,3.5644045048200006,464.43159640000005,6.442137324908001,747.9138501120228,0,False,False
Lissajouswaveformsdifferentmediums/manganese nitrate in water/20 kHz/105% breakdown/105breakdown-0006/105breakdown-0006_18.csv,105,119994.81622405129,0.01000032746,6.79108489008,1,-1,34.28638806905101,52.34740570625922,1.5267693290070175,-56.77609172762723,100.85077592443113,11.665794902142258,1.6304998272886135,48.0535704534783,3.5328768017480003,478.6601788000001,6.600059198430001,765.9420917200034,0,False,False
Lissajouswaveformsdifferentmediums/manganese nitrate in water/20 kHz/105% breakdown/105breakdown-0006/105breakdown-0006_22.csv,105,119994.81622405129,0.01000032746,6.63322643327,1,-1,33.91670124292034,51.661303997850034,1.523181857452415,-56.714283285797435,100.10791049747161,11.862219515503137,1.6397545796402664,47.78246782400336,3.5644642906280004,467.5935036,6.473566912896,749.9686909498647,0,False,False
Lissajouswaveformsdifferentmediums/manganese nitrate in water/20 kHz/105% breakdown/105breakdown-0006/105breakdown-0006_26.csv,105,119994.81622405129,0.01000032746,6.79084774681,1,-1,33.99291469602742,51.96329363063947,1.528650723108253,-56.808425038735514,100.43110677351159,11.789167626149126,1.6368825712606554,47.95885244246861,3.532892623284,473.9173180000001,6.537042123074001,758.752375694555,0,False,False
Lissajouswaveformsdifferentmediums/manganese nitrate in water/20 kHz/105% breakdown/105breakdown-0006/105breakdown-0006_30.csv,105,119994.81622405129,0.01000032746,6.791242985499999,1,-1,34.27552205300934,52.213458010617344,1.523345375450907,-56.71710495877223,100.77306265685814,11.692210148188472,1.6324349301158831,47.96850046100195,3.564464376188,478.6601788000001,6.600217061352001,764.5548613083354,0,False,False
Lissajouswaveformsdifferentmediums/manganese nitrate in water/20 kHz/105% breakdown/105breakdown-0006/105breakdown-0006_35.csv,105,119994.81622405129,0.01000032746,6.948012103550001,1,-1,34.74043002198319,52.373468054232866,1.50756533586636,-56.442841025255596,101.0148391673373,11.536852835733892,1.6256230632317847,47.82907325818837,3.5644170090919998,486.55880520000005,6.694932317974001,775.3828373733925,0,False,False
Lissajouswaveformsdifferentmediums/manganese nitrate in water/20 kHz/105% breakdown/105breakdown-0006/105breakdown-0006_39.csv,105,119994.81622405129,0.01000032746,6.79132203324,1,-1,34.82172439922064,51.84606089528391,1.4888998689692776,-56.11323610639077,100.65765688079699,11.595599004515055,1.6304000114698738,47.42601821446959,3.564511719284,484.9716908,6.631773125714001,769.4516208188294,0,False,False
Lissajouswaveformsdifferentmediums/manganese nitrate in water/20 kHz/105% breakdown/105breakdown-0006/105breakdown-0006_43.csv,105,119994.81622405129,0.01000032746,6.79092679454,1,-1,34.42711735424837,51.61385755935018,1.4992210073313308,-56.296194306565255,100.32040712046208,11.665373345826572,1.6360924656354023,47.52858589098949,3.596036043484,475.49827160000007,6.536963077336001,760.9667677324616,0,False,False
Lissajouswaveformsdifferentmediums/manganese nitrate in water/20 kHz/105% breakdown/105breakdown-0006/105breakdown-0006_47.csv,105,119994.81622405129,0.01000032746,6.79053247869,1,-1,34.61291669497939,51.15121325576796,1.477807077240256,-55.91464026832469,100.07674288311127,11.66458385461812,1.6396190937230235,47.1266031007996,3.5645749814279997,472.3363644000001,6.505312338232,756.6350063696723,0,False,False
Lissajouswaveformsdifferentmediums/manganese nitrate in water/20 kHz/105% breakdown/105breakdown-0006/105breakdown-0006_51.csv,105,119994.81622405129,0.01000032746,6.633305173389999,1,-1,34.54147339327838,51.34536881206249,1.4864846159704952,-56.07016918706207,100.16196971204646,11.798887322593627,1.6382163693723069,47.189996628219774,3.5645907669640002,470.75541080000005,6.4736932662400015,752.0920221706634,0,False,False
Lissajouswaveformsdifferentmediums/manganese nitrate in water/20 kHz/105% breakdown/105breakdown-0006/105breakdown-0006_56.csv,105,119994.81622405129,0.01000032746,6.79068995897,1,-1,34.550961119625605,51.44667818870861,1.4890085983595378,-56.115172620156294,100.22781269093662,11.765706782868346,1.6367941324710582,47.26530172620329,3.564574957428,473.9173180000001,6.505375578412001,756.9926205486802,0,False,False
Lissajouswaveformsdifferentmediums/manganese nitrate in water/20 kHz/105% breakdown/105breakdown-0006/105breakdown-0006_60.csv,105,119994.81622405129,0.01000032746,6.475671200061161,1,-1,34.341416974931704,50.474945867662974,1.4697979965272927,-55.769976245350534,99.43998741263569,11.873452688513819,1.6491394951072926,46.77076919564536,3.5644519334280003,462.8506428,6.410486695324002,740.0039668818706,0,False,False
Lissajouswaveformsdifferentmediums/manganese nitrate in water/20 kHz/105% breakdown/105breakdown-0006/105breakdown-0006_64.csv,105,119994.81622405129,0.01000032746,6.47576261,1,-1,34.250849303274855,50.85016132203722,1.48463942811413,-56.03720224902619,99.65178727067477,11.928657979357613,1.6457463854491523,47.015741125549226,3.5330190975719997,462.8506428,6.410534123976,742.5368612671441,0,False,False
Lissajouswaveformsdifferentmediums/manganese nitrate in water/20 kHz/115% breakdown/115breakdown-0007/115breakdown-0007_01.csv,115,119994.81622405129,0.01000032746,7.2665731976600005,-1,-1,0.7443477208538738,-57.35187691012299,-77.0498455269429,89.25642209408478,101.69603517016631,11.852855345173909,1.7941058487557973,81.95588183899457,-1.6380721960360003,459.68873560000003,7.138469441622001,829.5977786349754,0,True,False
Lissajouswaveformsdifferentmediums/manganese nitrate in water/20 kHz/115% breakdown/115breakdown-0007/115breakdown-0007_05.csv,115,119994.81622405129,0.01000032746,7.2666522454,1,-1,1.9393813476537092,57.8769469390324,29.842994524543997,-88.08081091295112,101.84652743973612,11.449254910941438,1.7781633366078005,79.60027172780138,1.7324971418919999,464.43159640000005,7.170041194518,833.4300642265006,0,False,False
Lissajouswaveformsdifferentmediums/manganese nitrate in water/20 kHz/115% breakdown/115breakdown-0007/115breakdown-0007_09.csv,115,119994.81622405129,0.01000032746,7.2666522454,1,-1,0.6744450014267481,57.286728478757034,84.9390659839874,-89.32547960268275,101.62203658797236,11.599270795410042,1.7940083415045684,80.71677780420453,1.732882079428,461.2696892,7.170088561612001,833.3707393374875,0,False,False
Lissajouswaveformsdifferentmediums/manganese nitrate in water/20 kHz/115% breakdown/115breakdown-0007/115breakdown-0007_14.csv,115,120094.811904238,0.01000032746,7.10800361876,1,-1,2.0674192486529104,55.85944168160265,27.018923093610333,-87.88038778839868,98.81558900043035,12.813854712428212,1.7937076372560272,78.12933915557682,-0.031559054128,7.874016,0.031464565936000014,6.907758978162356,0,False,False
Lissajouswaveformsdifferentmediums/manganese nitrate in water/20 kHz/115% breakdown/115breakdown-0007/115breakdown-0007_18.csv,115,119994.81622405129,0.01000032746,7.266494149980001,1,-1,1.0728789680398951,58.06735481489029,54.12293142531903,-88.94149744900703,102.1012942456273,11.611511053034937,1.777912467087497,80.36369519216476,1.543369563108,461.269694,7.106929307804001,830.8072798436701,0,True,False
Lissajouswaveformsdifferentmediums/manganese nitrate in water/20 kHz/115% breakdown/115breakdown-0007/115breakdown-0007_22.csv,115,119994.81622405129,0.01000032746,7.266730985520001,-1,-1,0.13029364393901657,-57.31106287754134,-439.86077252061165,89.869741326391,101.16007429701796,11.988979468070779,1.786775156827287,81.1969150250751,-1.6697387206440004,459.6887356,7.170056942496001,831.0518180834993,0,True,False
Lissajouswaveformsdifferentmediums/manganese nitrate in water/20 kHz/115% breakdown/115breakdown-0007/115breakdown-0007_26.csv,115,119994.81622405129,0.01000032746,7.266730985520001,-1,-1,0.3361590198012312,-57.18329635853216,-170.10787451826906,89.66318361406876,101.08788190374779,12.154342837176063,1.7900939853745905,81.2759242226116,-1.6696157006440004,458.107782,7.138611604506002,831.2160683190776,0,True,False
Lissajouswaveformsdifferentmediums/manganese nitrate in water/20 kHz/115% breakdown/115breakdown-0007/115breakdown-0007_30.csv,115,119994.81622405129,0.01000032746,7.266730985520001,1,-1,1.2684378678496362,57.95809958692998,45.692501821303615,-88.74625743467101,101.39445865139359,11.922092613268367,1.770167094017307,79.88216647431926,1.701234782644,461.2696892,7.169946398708001,832.3603056668817,0,True,False
Lissajouswaveformsdifferentmediums/manganese nitrate in water/20 kHz/115% breakdown/115breakdown-0007/115breakdown-0007_35.csv,115,119994.81622405129,0.01000032746,7.266415102180001,1,-1,1.9440205674654736,58.49041408366993,30.087343242426236,-88.09638573293408,102.26827432403135,11.580303594922105,1.7670960777059619,79.55505812168371,1.6380247674280004,464.4315964,7.106787144956001,830.5609113988417,0,True,False
Lissajouswaveformsdifferentmediums/manganese nitrate in water/20 kHz/115% breakdown/115breakdown-0007/115breakdown-0007_39.csv,115,119994.81622405129,0.01000032746,7.266573197720001,1,-1,3.187765943849688,58.63154588380485,18.392675910515184,-86.88792302295178,102.12066767272098,11.408764054771927,1.75815669718546,78.45930195346966,1.7641636665,466.0125500000001,7.169883283554001,833.4261633490403,0,False,False
Lissajouswaveformsdifferentmediums/manganese nitrate in water/20 kHz/115% breakdown/115breakdown-0007/115breakdown-0007_43.csv,115,119994.81622405129,0.01000032746,7.266415102180001,1,-1,2.836205937219175,58.49077395578497,20.622893841458364,-87.22391350960308,102.33073502666343,11.41654819538019,1.7664940944439518,78.80669017619778,1.76433070082,467.5935036,7.138295659620001,832.0548004036729,0,True,False
Lissajouswaveformsdifferentmediums/manganese nitrate in water/20 kHz/115% breakdown/115breakdown-0007/115breakdown-0007_47.csv,115,119994.81622405129,0.01000032746,7.266494149980001,1,-1,2.5261123863656536,58.54552562878057,23.176136558599705,-87.5293439219319,102.05264338792585,11.580891044592738,1.7611286383436222,78.96980827636412,1.7326992115720001,464.43159640000005,7.106850260086001,828.7981739352844,0,True,False
Lissajouswaveformsdifferentmediums/manganese nitrate in water/20 kHz/115% breakdown/115breakdown-0007/115breakdown-0007_51.csv,115,119994.81622405129,0.01000032746,7.266651937780001,1,-1,1.9983466367952416,58.08890297361269,29.06848186597404,-88.02971502595658,101.41185626208724,11.760957096188477,1.7652925455065807,79.28504094753725,1.795830189108,464.4315964,7.169914841126001,832.1485333914318,0,False,False
Lissajouswaveformsdifferentmediums/manganese nitrate in water/20 kHz/115% breakdown/115breakdown-0007/115breakdown-0007_56.csv,115,119994.81622405129,0.01000032746,7.266968128740001,1,-1,0.6698599476556041,57.07790872137867,85.20872000354946,-89.3276140134671,100.33834528299028,12.151780687111204,1.7803313779169914,80.20206308514412,1.6380721960360003,459.68873560000003,7.201707681600001,833.5515784651955,0,False,False
Lissajouswaveformsdifferentmediums/manganese nitrate in water/20 kHz/115% breakdown/115breakdown-0007/115breakdown-0007_60.csv,115,119994.81622405129,0.01000032746,7.266494149980001,1,-1,3.4954377208540093,58.3222923823678,16.685261486540927,-86.57018709253117,102.07422582684725,11.285135457889158,1.7657235761165628,78.22786932280076,1.8273386063559998,467.5935036,7.169883222018001,833.56177324549,0,False,False
Lissajouswaveformsdifferentmediums/manganese nitrate in water/20 kHz/115% breakdown/115breakdown-0007/115breakdown-0007_64.csv,115,119994.81622405129,0.01000032746,7.266336054500001,1,-1,3.760489955463579,58.65928588949867,15.598841263828712,-86.33194023222545,102.40461073348865,11.258145614902414,1.760600395290933,78.03577116305655,1.732743225892,467.5935036,7.138232544482002,832.0327134494662,0,False,False
Lissajouswaveformsdifferentmediums/manganese nitrate in water/20 kHz/40% breakdown/0_4breakdown-0002/0_4breakdown-0002_01.csv,40,119994.81622405129,0.01000032746,2.05309607578,1,-1,22.94343077709971,15.931019503140831,0.6943608241467486,-34.77459893737828,73.88746640540627,-0.02314384213065057,2.64525951485456,34.79840266310006,0.662217947,55.271899999999995,1.958002081188,152.26757520477176,0,False,False
Lissajouswaveformsdifferentmediums/manganese nitrate in water/20 kHz/40% breakdown/0_4breakdown-0002/0_4breakdown-0002_05.csv,40,119994.81622405129,0.01000032746,2.05309607578,1,-1,22.898415853040326,15.969888289651648,0.6974232799397454,-34.892816190787805,74.15950817833486,-0.014214457824294266,2.6564012791310314,34.907382305575624,0.6307060734519999,55.271899999999995,1.9264619118900002,152.02814583233254,0,False,False
Lissajouswaveformsdifferentmediums/manganese nitrate in water/20 kHz/40% breakdown/0_4breakdown-0002/0_4breakdown-0002_09.csv,40,119994.81622405129,0.01000032746,2.05301702805,1,-1,23.123189323225333,15.735176125493114,0.6804933309821769,-34.235026051755064,73.73166924152484,-0.11969412930608807,2.6361772699504797,34.358392877865924,0.5674678834519999,55.271899999999995,1.926398673706,150.57359397403846,0,False,False
Lissajouswaveformsdifferentmediums/manganese nitrate in water/20 kHz/40% breakdown/0_4breakdown-0002/0_4breakdown-0002_14.csv,40,119994.81622405129,0.01000032746,2.05309607578,1,-1,23.009284771989332,15.701843523145918,0.682413368287778,-34.31015009087068,74.00948844175221,-0.2714382792514341,2.6568599046348345,34.58886522066206,0.662325167452,55.271899999999995,1.958002021674,152.0057334086026,0,False,False
Lissajouswaveformsdifferentmediums/manganese nitrate in water/20 kHz/40% breakdown/0_4breakdown-0002/0_4breakdown-0002_18.csv,40,119994.81622405129,0.01000032746,2.05309607578,1,-1,22.896908769855965,16.141125081927346,0.7049477833085188,-35.18183807772647,73.95818511822597,0.098707001668268,2.6400139697067377,35.08041388957233,0.6623409809999999,55.271899999999995,1.92644604083,152.5625231346694,0,False,False
Lissajouswaveformsdifferentmediums/manganese nitrate in water/20 kHz/40% breakdown/0_4breakdown-0002/0_4breakdown-0002_22.csv,40,119994.81622405129,0.01000032746,2.05309607578,1,-1,22.90393037527735,15.899680002021782,0.6941900250964785,-34.76799573666246,74.02829519771218,-0.03020593770362165,2.6550846902657135,34.79900381203245,0.662202135452,55.271899999999995,1.958002019674,152.06349769221802,0,False,False
Lissajouswaveformsdifferentmediums/manganese nitrate in water/20 kHz/40% breakdown/0_4breakdown-0002/0_4breakdown-0002_26.csv,40,119994.81622405129,0.01000032746,2.05309607578,1,-1,22.96301494991198,15.767921079162114,0.6866659762908247,-34.476061476990374,74.19932378962348,0.13783559321379138,2.663733202709211,34.33489199126234,0.6623409809999999,55.271899999999995,1.958002081188,152.18115818099145,0,False,False
Lissajouswaveformsdifferentmediums/manganese nitrate in water/20 kHz/40% breakdown/0_4breakdown-0002/0_4breakdown-0002_30.csv,40,119994.81622405129,0.01000032746,2.05309607578,1,-1,22.996100970827687,16.19581864418742,0.7042854205907799,-35.15647825133143,73.99417332496068,0.17566535897518337,2.6307347765292257,34.97606540897152,0.662202131452,55.271899999999995,1.958017769706,152.14696711502106,0,False,False
Lissajouswaveformsdifferentmediums/manganese nitrate in water/20 kHz/40% breakdown/0_4breakdown-0002/0_4breakdown-0002_35.csv,40,119994.81622405129,0.01000032746,2.05309607578,1,-1,23.095466913927652,16.015932799938987,0.6934665083683859,-34.74001239612658,74.49449038646377,0.04044017350309326,2.650545531277034,34.69875811148415,0.693821231452,55.271899999999995,1.95800195816,152.23668977347256,0,False,False
Lissajouswaveformsdifferentmediums/manganese nitrate in water/20 kHz/40% breakdown/0_4breakdown-0002/0_4breakdown-0002_39.csv,40,119994.81622405129,0.01000032746,2.05309607578,1,-1,22.681586287791315,15.885278350903748,0.7003601136775087,-35.00586550281784,73.87380074065345,0.11055665735525949,2.667787661263643,34.892135731849294,0.662217947,55.271899999999995,1.958017767706,152.5384304275011,0,False,False
Lissajouswaveformsdifferentmediums/manganese nitrate in water/20 kHz/40% breakdown/0_4breakdown-0002/0_4breakdown-0002_43.csv,40,119994.81622405129,0.01000032746,2.05309607578,1,-1,22.89019700702186,15.832101333600846,0.6916542189979469,-34.6698354964136,74.10169508904674,-0.030511192607942595,2.6624706018892104,34.70112590807108,0.662340979,55.271899999999995,1.957986271642,152.1538872099994,0,False,False
Lissajouswaveformsdifferentmediums/manganese nitrate in water/20 kHz/40% breakdown/0_4breakdown-0002/0_4breakdown-0002_47.csv,40,119994.81622405129,0.01000032746,2.05309607578,1,-1,22.94734596045595,15.793217623406921,0.688237221446986,-34.53719576276492,73.91835993312503,-0.051131409998380305,2.653504637530202,34.58976305463281,0.693805423904,55.271899999999995,1.95801782922,152.31034815099986,0,False,False
Lissajouswaveformsdifferentmediums/manganese nitrate in water/20 kHz/40% breakdown/0_4breakdown-0002/0_4breakdown-0002_51.csv,40,119994.81622405129,0.01000032746,2.05309607578,1,-1,22.90054468986362,16.017087995620155,0.6994195209125195,-34.96969263305256,74.14842881148242,0.09820847577008311,2.6532739646290096,34.86903960374178,0.662309357904,55.271899999999995,1.9580020196740002,151.69498897583753,0,False,False
Lissajouswaveformsdifferentmediums/manganese nitrate in water/20 kHz/40% breakdown/0_4breakdown-0002/0_4breakdown-0002_56.csv,40,119994.81622405129,0.01000032746,2.05309607578,1,-1,23.054834771854487,15.961994787912351,0.6923491296237296,-34.696758448036476,74.1971828996441,0.11276662313825805,2.646008350587668,34.581260877275355,0.662217947,55.271899999999995,1.958017892734,152.53326398604756,0,False,False
Lissajouswaveformsdifferentmediums/manganese nitrate in water/20 kHz/40% breakdown/0_4breakdown-0002/0_4breakdown-0002_60.csv,40,119994.81622405129,0.01000032746,2.05309607578,1,-1,22.873337298997466,16.05318051981599,0.7018293968200083,-35.06230654562513,73.87915483954355,0.05480831833041571,2.6437844279581695,35.005929190538524,0.662217945,55.271899999999995,1.9264618503759998,152.53955828149634,0,False,False
Lissajouswaveformsdifferentmediums/manganese nitrate in water/20 kHz/40% breakdown/0_4breakdown-0002/0_4breakdown-0002_64.csv,40,119994.81622405129,0.01000032746,2.05309607578,1,-1,22.962365559138064,15.8873455193929,0.6918862727133267,-34.678827910492416,74.28232208147266,-0.149493310484437,2.660292464303252,34.831765955929995,0.662217947,55.271899999999995,1.9580178907339998,152.2889415384698,0,False,False
Lissajouswaveformsdifferentmediums/manganese nitrate in water/20 kHz/60% breakdown/0_6breakdown-0003/0_6breakdown-0003_01.csv,60,119994.81622405129,0.01000032746,3.15899140789,1,-1,23.691655947739072,17.71243065207649,0.747623158598452,-36.782641055824335,76.76187340967638,0.7582750911802009,2.595210962412714,36.03199249768838,0.819937737822,78.9616148,2.9060545109539997,226.89174091037916,0,False,False
Lissajouswaveformsdifferentmediums/manganese nitrate in water/20 kHz/60% breakdown/0_6breakdown-0003/0_6breakdown-0003_05.csv,60,119994.81622405129,0.01000032746,3.15899140789,1,-1,23.671187631578256,17.69337535563978,0.747464623702959,-36.77681397538488,76.71296161940914,0.5878109694804944,2.5959085757602174,36.194530770121446,0.7884574238519999,78.9616148,2.9060544494380003,226.81111968380344,0,False,False
Lissajouswaveformsdifferentmediums/manganese nitrate in water/20 kHz/60% breakdown/0_6breakdown-0003/0_6breakdown-0003_09.csv,60,119994.81622405129,0.01000032746,3.15899140789,1,-1,23.604845322361125,17.805903205639442,0.7543325517482513,-37.02843916848457,76.83858642780544,0.7176210481951687,2.598948163578561,36.318740698320966,0.819969237882,78.96776659999999,2.9060545109540006,226.90650257715805,0,False,False
Lissajouswaveformsdifferentmediums/manganese nitrate in water/20 kHz/60% breakdown/0_6breakdown-0003/0_6breakdown-0003_14.csv,60,119994.81622405129,0.01000032746,3.15899140789,1,-1,23.63124594250036,17.703828779576657,0.74917034940323,-36.83946282287037,76.61393076073664,0.4556030731625397,2.5947620870796704,36.387554673373586,0.8197988982740001,78.96776659999999,2.9060544494380003,227.0919381120003,0,False,False
Lissajouswaveformsdifferentmediums/manganese nitrate in water/20 kHz/60% breakdown/0_6breakdown-0003/0_6breakdown-0003_18.csv,60,119994.81622405129,0.01000032746,3.15899140789,1,-1,23.645348833275417,17.66800826994242,0.7472086114914379,-36.76740216523648,76.69443765836532,0.4937208831022286,2.5983972696642157,36.27820114372901,0.819814707822,78.9616148,2.9060545109539997,226.79641926076593,0,False,False
Lissajouswaveformsdifferentmediums/manganese nitrate in water/20 kHz/60% breakdown/0_6breakdown-0003/0_6breakdown-0003_22.csv,60,119994.81622405129,0.01000032746,3.15899140789,1,-1,23.571936154237605,17.572637751278897,0.7454897907535613,-36.70415307577481,76.79483123100279,0.6259147470693889,2.6121102466637973,36.08478822423649,0.8199376803039999,78.96776659999999,2.9060544494380003,227.04804454549966,0,False,False
Lissajouswaveformsdifferentmediums/manganese nitrate in water/20 kHz/60% breakdown/0_6breakdown-0003/0_6breakdown-0003_26.csv,60,119994.81622405129,0.01000032746,3.15899140789,1,-1,23.733283181375278,17.684900638934117,0.7451518824337108,-36.6917064788989,76.80698953414874,0.6138267254970714,2.595177268588346,36.0843983915843,0.851449549852,78.9616148,2.9060544494380003,226.84788037817194,0,False,False
Lissajouswaveformsdifferentmediums/manganese nitrate in water/20 kHz/60% breakdown/0_6breakdown-0003/0_6breakdown-0003_30.csv,60,119994.81622405129,0.01000032746,3.15899140789,1,-1,23.806117514107065,17.59955817308414,0.7392872089560579,-36.475042929931085,76.5583830372539,0.5925641817553239,2.5861023059602553,35.886866431963995,0.8199534263339999,78.96776659999999,2.9060387014080007,226.83854402732732,0,False,False
Lissajouswaveformsdifferentmediums/manganese nitrate in water/20 kHz/60% breakdown/0_6breakdown-0003/0_6breakdown-0003_35.csv,60,119994.81622405129,0.01000032746,3.15899140789,1,-1,23.585488067606242,17.691023305488557,0.7500808656059356,-36.87286281582069,76.68716909847687,0.6733284325456413,2.601239949608585,36.205649208395926,0.819921932274,78.96776659999999,2.9060544494380003,226.64945047157258,0,False,False
Lissajouswaveformsdifferentmediums/manganese nitrate in water/20 kHz/60% breakdown/0_6breakdown-0003/0_6breakdown-0003_39.csv,60,119994.81622405129,0.01000032746,3.15899140789,1,-1,23.86139867439049,17.687492845057303,0.7412596841626304,-36.548049496935114,76.90641821982065,0.5998640926796793,2.5893986289775155,35.95532201083182,0.788372226289,78.96776659999999,2.906054449439,226.93969133978078,0,False,False
Lissajouswaveformsdifferentmediums/manganese nitrate in water/20 kHz/60% breakdown/0_6breakdown-0003/0_6breakdown-0003_43.csv,60,119994.81622405129,0.01000032746,3.15899140789,1,-1,23.75610438154049,17.510523833238665,0.7370957608203259,-36.39376998336684,76.78234881074152,0.7184658881804756,2.601914403643884,35.68271572370759,0.8200291567260001,78.9616148,2.9060544494380003,226.61148408897097,0,False,False
Lissajouswaveformsdifferentmediums/manganese nitrate in water/20 kHz/60% breakdown/0_6breakdown-0003/0_6breakdown-0003_47.csv,60,119994.81622405129,0.01000032746,3.15899140789,1,-1,23.657745561402336,17.67947684169863,0.7473018422576466,-36.77082988752893,76.61767462132848,0.6263131501330578,2.5943782772318142,36.149637928153254,0.8198462018820001,78.96776659999999,2.906054449436,227.03164634152824,0,False,False
Lissajouswaveformsdifferentmediums/manganese nitrate in water/20 kHz/60% breakdown/0_6breakdown-0003/0_6breakdown-0003_51.csv,60,119994.81622405129,0.01000032746,3.15899140789,1,-1,23.803394380944212,17.760919803112714,0.7461507177871741,-36.72848617280166,77.10003741228763,0.6328381668816936,2.5961708205856984,36.104749617387,0.81995355137,78.9616148,2.9060701974700005,226.94023116266084,0,False,False
Lissajouswaveformsdifferentmediums/manganese nitrate in water/20 kHz/60% breakdown/0_6breakdown-0003/0_6breakdown-0003_56.csv,60,119994.81622405129,0.01000032746,3.15899140789,1,-1,23.72033661506245,17.773872395705986,0.7493094505420952,-36.84456728692915,77.12554273209928,0.7581674272806491,2.602245214632324,36.09756391901527,0.7884258067559999,78.9616148,2.9060545109539997,226.7712237049994,0,False,False
Lissajouswaveformsdifferentmediums/manganese nitrate in water/20 kHz/60% breakdown/0_6breakdown-0003/0_6breakdown-0003_60.csv,60,119994.81622405129,0.01000032746,3.15899140789,1,-1,23.701396156982188,17.725690056151088,0.7478753546309246,-36.79190890264666,76.78567140599061,0.5079380664298485,2.5945120321692703,36.289219521922206,0.788457366334,78.9616148,2.9060544494380003,226.89717040900115,0,False,False
Lissajouswaveformsdifferentmediums/manganese nitrate in water/20 kHz/60% breakdown/0_6breakdown-0003/0_6breakdown-0003_64.csv,60,119994.81622405129,0.01000032746,3.15899140789,1,-1,23.762566955209,17.650391798570173,0.7427813599364114,-36.604276709599475,76.95987750044866,0.6316335068699049,2.600096610102409,35.98059369293662,0.788457425852,78.96776659999999,2.90605444944,226.96990082001133,0,False,False
Lissajouswaveformsdifferentmediums/manganese nitrate in water/20 kHz/75% breakdown/0_75breakdown-0004/0_75breakdown-0004_01.csv,75,119994.81622405129,0.01000032746,3.63266272789,1,-1,23.140896982940042,17.14670227712825,0.7409696473636765,-36.53732309748481,75.26223483083254,0.5251447263041351,2.613272874478828,36.00708640326178,1.6095978640820001,88.44119180000001,3.632410390294001,281.36752434875655,0,False,False
Lissajouswaveformsdifferentmediums/manganese nitrate in water/20 kHz/75% breakdown/0_75breakdown-0004/0_75breakdown-0004_05.csv,75,119994.81622405129,0.01000032746,3.63266272789,1,-1,22.968487739356867,17.30409518863949,0.7533841750925835,-36.99379152666908,75.17611494004333,0.611421724236418,2.6143083980473323,36.375740373010046,1.6726655914380002,90.02214659999999,3.632410390294001,281.68579419499304,0,False,False
Lissajouswaveformsdifferentmediums/manganese nitrate in water/20 kHz/75% breakdown/0_75breakdown-0004/0_75breakdown-0004_09.csv,75,119994.81622405129,0.01000032746,3.63266272789,1,-1,23.12548652559677,17.175664477954186,0.7427158109276127,-36.60185630555894,75.3405708708356,0.6709321521715733,2.615620233416913,35.92513510624548,1.641201150534,88.44119180000001,3.632410390294001,281.4763374323204,0,False,False
Lissajouswaveformsdifferentmediums/manganese nitrate in water/20 kHz/75% breakdown/0_75breakdown-0004/0_75breakdown-0004_14.csv,75,119994.81622405129,0.01000032746,3.63266272789,1,-1,23.086430437294315,17.116773394016494,0.7414213921250334,-36.554028632652354,75.37989747319524,0.6125340654783786,2.6230064835957565,35.93652691791618,1.672665589438,88.44119180000001,3.632410390294001,281.19758424769,0,False,False
Lissajouswaveformsdifferentmediums/manganese nitrate in water/20 kHz/75% breakdown/0_75breakdown-0004/0_75breakdown-0004_18.csv,75,119994.81622405129,0.01000032746,3.63266272789,1,-1,23.0566832533523,17.158755937323093,0.744198796885858,-36.65657857436413,75.29925177310402,0.563031183686952,2.6200716891501115,36.088369939031,1.641185340986,88.44119180000001,3.6324104518080005,281.68270681198425,0,False,False
Lissajouswaveformsdifferentmediums/manganese nitrate in water/20 kHz/75% breakdown/0_75breakdown-0004/0_75breakdown-0004_22.csv,75,119994.81622405129,0.01000032746,3.63266272789,1,-1,23.122783029808428,17.114833497642895,0.7401718675290745,-36.50780353639301,75.19258616917577,0.6506551953974932,2.613957172682601,35.8502409562862,1.641201150534,88.44119180000001,3.632410390294001,281.84433576303985,0,False,False
Lissajouswaveformsdifferentmediums/manganese nitrate in water/20 kHz/75% breakdown/0_75breakdown-0004/0_75breakdown-0004_26.csv,75,119994.81622405129,0.01000032746,3.63266272789,1,-1,23.065722340598054,17.222831487583264,0.7466851127948116,-36.7481495200584,75.34739446821281,0.5963510501801119,2.617614514975328,36.14670153227024,1.641201150534,88.44119180000001,3.632410390294001,281.41900763939987,0,False,False
Lissajouswaveformsdifferentmediums/manganese nitrate in water/20 kHz/75% breakdown/0_75breakdown-0004/0_75breakdown-0004_30.csv,75,119994.81622405129,0.01000032746,3.63266272789,1,-1,23.079670884106392,17.218215992594974,0.7460338615336211,-36.724185042678606,75.29551235020554,0.6200350335955124,2.6150592951498965,36.09842165902168,1.64123276963,88.44119180000001,3.6324104518080005,281.8325213409584,0,False,False
Lissajouswaveformsdifferentmediums/manganese nitrate in water/20 kHz/75% breakdown/0_75breakdown-0004/0_75breakdown-0004_35.csv,75,119994.81622405129,0.01000032746,3.63266272789,1,-1,23.053593497802897,17.10278269352991,0.7418705762795669,-36.57063231829072,75.410790139154,0.7177115165513819,2.6273111453664284,35.84740697474297,1.6412011485340001,88.44119180000001,3.632410390294001,281.5007705683253,0,False,False
Lissajouswaveformsdifferentmediums/manganese nitrate in water/20 kHz/75% breakdown/0_75breakdown-0004/0_75breakdown-0004_39.csv,75,119994.81622405129,0.01000032746,3.63266272789,1,-1,23.060076672072398,17.31683960743456,0.7509445807006636,-36.904519056361416,75.34961339129786,0.8028051217287016,2.6131039395649043,36.09490045342699,1.483244518082,85.2792822,3.6323788327160007,280.070246284988,0,False,False
Lissajouswaveformsdifferentmediums/manganese nitrate in water/20 kHz/75% breakdown/0_75breakdown-0004/0_75breakdown-0004_43.csv,75,119994.81622405129,0.01000032746,3.63266272789,1,-1,23.143255752177975,17.262218728452513,0.745885493091351,-36.71872334865563,75.44220042636019,0.565879311005951,2.6131143981142313,36.148722607436866,1.641185340986,88.44119180000001,3.6324103287800007,281.6285619766677,0,False,False
Lissajouswaveformsdifferentmediums/manganese nitrate in water/20 kHz/75% breakdown/0_75breakdown-0004/0_75breakdown-0004_47.csv,75,119994.81622405129,0.01000032746,3.63266272789,1,-1,23.153867072306912,17.145394027097698,0.7404980763496036,-36.51987668318892,75.44239257870535,0.6120803774059291,2.618691020326105,35.90334340942616,1.6412169600820001,88.44119180000001,3.632410390294001,281.28556828247685,0,False,False
Lissajouswaveformsdifferentmediums/manganese nitrate in water/20 kHz/75% breakdown/0_75breakdown-0004/0_75breakdown-0004_51.csv,75,119994.81622405129,0.01000032746,3.63266272789,1,-1,23.08220063866711,17.221439299446324,0.7460917426823296,-36.72631553532852,75.189434025312,0.6483180039820379,2.6110315051996946,36.07108728669374,1.67285186363,88.44119180000001,3.6324103902940004,281.90601525883557,0,False,False
Lissajouswaveformsdifferentmediums/manganese nitrate in water/20 kHz/75% breakdown/0_75breakdown-0004/0_75breakdown-0004_56.csv,75,119994.81622405129,0.01000032746,3.63266272789,1,-1,23.04571324819321,17.154812347367944,0.7443819231202526,-36.66333055343432,75.34839593725789,0.6134844289907908,2.6228235719391715,36.04461229755745,1.6728360520820003,88.44119180000001,3.6324103287800007,282.15086337099143,0,False,False
Lissajouswaveformsdifferentmediums/manganese nitrate in water/20 kHz/75% breakdown/0_75breakdown-0004/0_75breakdown-0004_60.csv,75,119994.81622405129,0.01000032746,3.63266272789,1,-1,23.119783746669057,17.205979416960158,0.744210222962794,-36.656999895630335,75.27704836961372,0.6531939102668552,2.6121805352124072,35.99761248620655,1.6726972085340002,88.44119180000001,3.6324103902940004,281.6668397570417,0,False,False
Lissajouswaveformsdifferentmediums/manganese nitrate in water/20 kHz/75% breakdown/0_75breakdown-0004/0_75breakdown-0004_64.csv,75,119994.81622405129,0.01000032746,3.63266272789,1,-1,22.97882693892477,17.143067574414435,0.7460375422983448,-36.724320527997705,75.23177332692659,0.6219777810843513,2.624308847407419,36.09606481760318,1.672681400986,88.44119180000001,3.632410390294001,281.93389189983947,0,False,False
Lissajouswaveformsdifferentmediums/manganese nitrate in water/20 kHz/90% breakdown/0_9breakdown-0005/0_9breakdown-0005_01.csv,90,119994.81622405129,0.01000032746,4.57961081195,1,-1,23.211446337067343,17.107506838880937,0.7370289033458994,-36.39128780348387,76.02364366986315,0.7106031861783688,2.6367388036587838,35.680996495581724,1.70467303137,78.9616148,4.422114762402001,340.4673116281661,0,False,False
Lissajouswaveformsdifferentmediums/manganese nitrate in water/20 kHz/90% breakdown/0_9breakdown-0005/0_9breakdown-0005_05.csv,90,119994.81622405129,0.01000032746,4.4222883598400005,1,-1,23.21028856169283,17.11030970994767,0.7371864276684261,-36.39713586724549,75.98858843205166,0.7589362006090019,2.635484853878426,35.638188306784,1.67317698337,78.9616148,4.4220989528580015,340.4674526208065,0,False,False
Lissajouswaveformsdifferentmediums/manganese nitrate in water/20 kHz/90% breakdown/0_9breakdown-0005/0_9breakdown-0005_09.csv,90,119994.81622405129,0.01000032746,4.4222883598400005,1,-1,23.136326464367034,17.055051681572145,0.7371546951431185,-36.39595787340121,75.97738144224193,0.750733377714927,2.6435551755019238,35.645101589105366,1.7047802083040002,78.96776659999999,4.422114762402001,341.0064422429556,0,False,False
Lissajouswaveformsdifferentmediums/manganese nitrate in water/20 kHz/90% breakdown/0_9breakdown-0005/0_9breakdown-0005_14.csv,90,119994.81622405129,0.01000032746,4.4222883598400005,1,-1,23.20858135370327,17.09162165040106,0.7364354326497359,-36.36924740088133,76.03557882238128,0.6963311315769682,2.638217752111211,35.67332970905801,1.704657221822,78.9616148,4.422114762402,340.3963365356533,0,False,False
Lissajouswaveformsdifferentmediums/manganese nitrate in water/20 kHz/90% breakdown/0_9breakdown-0005/0_9breakdown-0005_18.csv,90,119994.81622405129,0.01000032746,4.4222883598400005,1,-1,23.217882119633995,17.08289244583048,0.7357644576627635,-36.34431358332081,76.04747812692246,0.7110888768146807,2.6384269371307245,35.633759593327625,1.6731927334,78.9616148,4.422098952856,340.6022377484874,0,False,False
Lissajouswaveformsdifferentmediums/manganese nitrate in water/20 kHz/90% breakdown/0_9breakdown-0005/0_9breakdown-0005_22.csv,90,119994.81622405129,0.01000032746,4.4222883598400005,1,-1,23.196104380823872,17.08720985526152,0.7366413590286932,-36.376896540602985,76.01673489922723,0.6918655903976761,2.6387207722370056,35.6852699144672,1.70479607937,78.9616148,4.422114762402001,340.231127427475,0,False,False
Lissajouswaveformsdifferentmediums/manganese nitrate in water/20 kHz/90% breakdown/0_9breakdown-0005/0_9breakdown-0005_26.csv,90,119994.81622405129,0.01000032746,4.4222883598400005,1,-1,23.2149572470134,17.108266001913762,0.736950140371882,-36.3883634114309,76.01668374002314,0.7422194166630572,2.636216308953016,35.64640528783107,1.736276317822,78.96161479999999,4.422114762402001,340.1150153526868,0,False,False
Lissajouswaveformsdifferentmediums/manganese nitrate in water/20 kHz/90% breakdown/0_9breakdown-0005/0_9breakdown-0005_30.csv,90,119994.81622405129,0.01000032746,4.4222883598400005,1,-1,23.21275948833923,17.08987678794665,0.7362277111659917,-36.36153005786282,76.06177659135295,0.6991044786418098,2.6389148451576983,35.66308156375976,1.736276317822,78.96161479999999,4.422114762400001,341.0156103120023,0,False,False
Lissajouswaveformsdifferentmediums/manganese nitrate in water/20 kHz/90% breakdown/0_9breakdown-0005/0_9breakdown-0005_35.csv,90,119994.81622405129,0.01000032746,4.4222883598400005,1,-1,23.20155952733745,17.133739486868887,0.738473612805247,-36.444889432477,76.03499426691769,0.7551453083182109,2.63646209942402,35.69019321662944,1.6731768623340002,78.96776659999999,4.422114762402001,340.3934971915931,0,False,False
Lissajouswaveformsdifferentmediums/manganese nitrate in water/20 kHz/90% breakdown/0_9breakdown-0005/0_9breakdown-0005_39.csv,90,119994.81622405129,0.01000032746,4.4222883598400005,1,-1,23.222957058342814,17.098990031452637,0.7362968457675311,-36.36409874131831,76.04305562165888,0.6950443018794484,2.6370176105658447,35.6695352807684,1.6731927334,78.955463,4.422114762404001,340.4805821413098,0,False,False
Lissajouswaveformsdifferentmediums/manganese nitrate in water/20 kHz/90% breakdown/0_9breakdown-0005/0_9breakdown-0005_43.csv,90,119994.81622405129,0.01000032746,4.4222883598400005,1,-1,23.169396958834557,17.061855356511206,0.736396177545116,-36.367789098472166,75.96663007448325,0.7315360288884137,2.6403532391048734,35.63602765279461,1.736383556274,78.9616148,4.422114762402001,340.5864079695394,0,False,False
Lissajouswaveformsdifferentmediums/manganese nitrate in water/20 kHz/90% breakdown/0_9breakdown-0005/0_9breakdown-0005_47.csv,90,119994.81622405129,0.01000032746,4.4222883598400005,1,-1,23.205035549093026,17.086922451193967,0.736345454633954,-36.36590469331763,76.04348337357757,0.7199449930880374,2.6390219447244463,35.64646438500074,1.7362763178219998,78.9616148,4.422098952858001,340.32625543803124,0,False,False
Lissajouswaveformsdifferentmediums/manganese nitrate in water/20 kHz/90% breakdown/0_9breakdown-0005/0_9breakdown-0005_51.csv,90,119994.81622405129,0.01000032746,4.57961081195,1,-1,23.20385634995629,17.066126420778463,0.7354866434005748,-36.33398516824689,75.96731008850125,0.7407798807379783,2.6376061839553318,35.592984679236935,1.7362921273699998,78.9616148,4.422114700890001,340.45495161123955,0,False,False
Lissajouswaveformsdifferentmediums/manganese nitrate in water/20 kHz/90% breakdown/0_9breakdown-0005/0_9breakdown-0005_56.csv,90,119994.81622405129,0.01000032746,4.4222883598400005,1,-1,23.23861081879026,17.096762574172452,0.7357050172873657,-36.342103974379825,76.03332138987719,0.7390919744053631,2.6356738941575757,35.60343349845675,1.704780269822,78.9616148,4.4221147008860004,340.7975088272084,0,False,False
Lissajouswaveformsdifferentmediums/manganese nitrate in water/20 kHz/90% breakdown/0_9breakdown-0005/0_9breakdown-0005_60.csv,90,119994.81622405129,0.01000032746,4.554911186968731,1,-1,23.2174780555656,17.06640357209116,0.735067070215237,-36.318381330384994,75.99543587235287,0.7140514555434487,2.6375469833881007,35.60437872626824,1.704672983852,78.9616148,4.422098952858001,340.3780171967478,0,False,False
Lissajouswaveformsdifferentmediums/manganese nitrate in water/20 kHz/90% breakdown/0_9breakdown-0005/0_9breakdown-0005_64.csv,90,119994.81622405129,0.01000032746,4.4222883598400005,1,-1,23.159842341599685,17.102580373821603,0.7384584109668987,-36.44432579880499,76.12268588397131,0.7591988146402501,2.644278355120378,35.686452916871474,1.6731611133039999,78.955463,4.422114731645001,340.12286350046463,0,False,False
Lissajouswaveformsdifferentmediums/manganese nitrate in water/Lissajousfigure20kHz-0003/Lissajousfigure20kHz-0003_01.csv,MAX,119994.81622405129,0.01000032746,8.216110134500001,-1,-1,2.458934390622677,-53.9895552707273,-21.956484677517363,87.39228692030122,102.62174203686763,12.943039331044188,1.925186623358683,83.11097688849077,2.627093179176,527.6205594,7.836270193848001,926.4243687529706,0,False,False
Lissajouswaveformsdifferentmediums/manganese nitrate in water/Lissajousfigure20kHz-0003/Lissajousfigure20kHz-0003_05.csv,MAX,119994.81622405129,0.01000032746,8.216110134500001,1,-1,2.496247116214852,55.75207340011444,22.334356658027225,-87.43634709968323,103.28595573095129,12.426584788787954,1.874155819911749,78.36974671658629,-2.532608336486,540.2558996,7.86777877006,932.2365036660606,0,False,False
Lissajouswaveformsdifferentmediums/manganese nitrate in water/Lissajousfigure20kHz-0003/Lissajousfigure20kHz-0003_09.csv,MAX,119994.81622405129,0.01000032746,8.21650506558,-1,-1,10.56723210000808,-50.64166826788991,-4.79233045972854,78.21340382036557,102.38699009313208,12.885999361709588,2.0065497099283944,87.69033229213025,3.163611150532,502.36220440000005,7.868142191584001,929.7627731600372,0,False,False
Lissajouswaveformsdifferentmediums/manganese nitrate in water/Lissajousfigure20kHz-0003/Lissajousfigure20kHz-0003_14.csv,MAX,119994.81622405129,0.01000032746,8.216110442059998,-1,-1,3.5306077681102472,-53.208418746999385,-15.070611702494247,86.2037432186342,103.3155508483432,12.637451384548164,1.9627861253992036,84.58102010617574,2.784851037224,522.8838452,7.836175459596001,926.6579204740307,0,False,False
Lissajouswaveformsdifferentmediums/manganese nitrate in water/Lissajousfigure20kHz-0003/Lissajousfigure20kHz-0003_18.csv,MAX,119994.81622405129,0.01000032746,8.2159523467,1,-1,12.377418976416063,54.80216402912097,4.427592225288732,-77.2729218541425,102.87149625957679,12.528589461122401,1.854757465333372,68.09695058863215,-2.153646570266,567.1321384,7.867478634698,928.56381556906,0,False,False
Lissajouswaveformsdifferentmediums/manganese nitrate in water/Lissajousfigure20kHz-0003/Lissajousfigure20kHz-0003_22.csv,MAX,119994.81622405129,0.01000032746,8.21571520342,1,-1,21.403040877145877,54.36967813125776,2.540278198941048,-68.51254008617602,103.26980998769265,12.458339093222794,1.7898703098390707,59.42176026967414,-1.7751642832480001,598.7143272,7.867257437618,930.970250340065,0,False,False
Lissajouswaveformsdifferentmediums/manganese nitrate in water/Lissajousfigure20kHz-0003/Lissajousfigure20kHz-0003_26.csv,MAX,119994.81622405129,0.01000032746,8.2159523467,1,-1,5.070853407615025,56.099557825890926,11.063139340933194,-84.83505584073997,103.5608903144594,12.419285054570103,1.8616361377920552,75.79735169067118,-2.3115083474679996,554.4845003999999,7.867336471852001,932.0963958800019,0,False,False
Lissajouswaveformsdifferentmediums/manganese nitrate in water/Lissajousfigure20kHz-0003/Lissajousfigure20kHz-0003_30.csv,MAX,119994.81622405129,0.01000032746,8.21603108682,1,-1,1.2318006486929405,53.36568355020426,43.32331177681259,-88.67771864936358,101.10550528259282,13.602778479678683,1.9239951930380406,78.55992829096448,-2.5955530433900003,533.9443876,7.867573416970001,930.3647197780418,0,False,False
Lissajouswaveformsdifferentmediums/manganese nitrate in water/Lissajousfigure20kHz-0003/Lissajousfigure20kHz-0003_35.csv,MAX,119994.81622405129,0.01000032746,8.21603139438,1,-1,2.847127384178251,56.83108184806145,19.96084971957244,-87.13198994985646,105.10164974379231,11.908154442648573,1.867792450556109,78.58570219923797,-2.374560241186,540.2682066,7.83598575857,935.4022532748245,0,False,False
Lissajouswaveformsdifferentmediums/manganese nitrate in water/Lissajousfigure20kHz-0003/Lissajousfigure20kHz-0003_39.csv,MAX,119994.81622405129,0.01000032746,8.21603139438,1,-1,3.325347754633584,55.82414339087478,16.787460292863706,-86.59101773676178,103.56749639816987,12.535838852433498,1.8756768264910681,77.47048691643153,-2.406147742114,541.8368532000001,7.867526001854,932.1039900380063,0,False,False
Lissajouswaveformsdifferentmediums/manganese nitrate in water/Lissajousfigure20kHz-0003/Lissajousfigure20kHz-0003_43.csv,MAX,119994.81622405129,0.01000032746,8.215952346580002,1,-1,2.3442189026359475,55.566060549219735,23.7034436019344,-87.58424030744115,103.54507784832948,12.410789542140144,1.8851827246400628,78.55126004606132,-2.4377984451860004,538.674946,7.867636668684002,930.5125395409979,0,False,False
Lissajouswaveformsdifferentmediums/manganese nitrate in water/Lissajousfigure20kHz-0003/Lissajousfigure20kHz-0003_47.csv,MAX,119994.81622405129,0.01000032746,8.21601898389424,1,-1,2.8605717579096224,54.60549750477884,19.08901510818316,-87.00123589998245,102.87528652070293,12.620824946457097,1.906137373294064,77.75920740714162,-2.500771376782,535.5191854,7.836127969404001,925.6649739089794,0,False,False
Lissajouswaveformsdifferentmediums/manganese nitrate in water/Lissajousfigure20kHz-0003/Lissajousfigure20kHz-0003_51.csv,MAX,119994.81622405129,0.01000032746,8.216110134500001,-1,-1,5.879774458470177,-54.17170953944147,-9.213229167558254,83.80539025552548,103.10061004185849,12.6746145933339,1.9170933382832167,86.93380690962306,2.816403768352,513.4104398000001,7.836238636264001,925.973214347872,0,False,False
Lissajouswaveformsdifferentmediums/manganese nitrate in water/Lissajousfigure20kHz-0003/Lissajousfigure20kHz-0003_56.csv,MAX,119994.81622405129,0.01000032746,8.215952346580002,-1,-1,2.3419583314706123,-54.50348304815549,-23.272610069851456,87.53957308577539,103.42479670180346,12.599602142072328,1.920421130977127,83.28185846007455,2.690145232102,522.8961614000001,7.836191159620001,927.9024757750932,0,False,False
Lissajouswaveformsdifferentmediums/manganese nitrate in water/Lissajousfigure20kHz-0003/Lissajousfigure20kHz-0003_60.csv,MAX,119994.81622405129,0.01000032746,8.05825191778,1,-1,1.139054554572951,55.087713888138985,48.362665042669725,-88.8154578311301,103.55195413522966,12.706235781370886,1.904089914827417,79.57171584158243,-2.469275449852,530.788627,7.836017364126001,926.2705407539713,0,False,False
Lissajouswaveformsdifferentmediums/manganese nitrate in water/Lissajousfigure20kHz-0003/Lissajousfigure20kHz-0003_64.csv,MAX,119994.81622405129,0.01000032746,8.21603139438,1,-1,0.48971331470521084,53.99409361225662,110.25653579535418,-89.48035544453118,103.0079354045356,12.65003179188045,1.9328254966045566,80.22903171090206,-2.6269545322220003,526.0519174,7.836143731,925.3480852459923,0,False,False
Lissajouswaveformsdifferentmediums/ionic liquid/Lissajousfigure4kHz-0008/Lissajousfigure4kHz-0008_01.csv,MAX,127994.47063898804,0.01000032746,7.26815268206,1,-1,29.925476938089634,56.700485961234826,1.8947228837334091,-62.175729377058786,99.37028888125711,-5.350290889306851,1.5533934225030932,66.0059587063723,-2.027554831666,571.8565462,7.015173891386001,951.958628020927,0,False,False
Lissajouswaveformsdifferentmediums/ionic liquid/Lissajousfigure4kHz-0008/Lissajousfigure4kHz-0008_05.csv,MAX,127994.47063898804,0.01000032746,7.26815268206,1,-1,26.63942256672806,57.344350634909595,2.15261237330764,-65.08268941555234,99.63173279720907,-4.10063726236837,1.5777655875794647,68.01241194191516,-2.1224438002960007,568.6946296000001,7.015208853346,951.9512191661581,0,False,False
Lissajouswaveformsdifferentmediums/ionic liquid/Lissajousfigure4kHz-0008/Lissajousfigure4kHz-0008_09.csv,MAX,127994.47063898804,0.01000032746,7.267903128414241,1,-1,31.415368189721793,57.506998300751484,1.8305371419955576,-61.35276106386391,99.9458311787809,-6.281241913729276,1.5298777360693947,65.82114683863341,-1.932915413416,573.4251930000001,6.983352726710001,952.6463796931295,0,False,False
Lissajouswaveformsdifferentmediums/ionic liquid/Lissajousfigure4kHz-0008/Lissajousfigure4kHz-0008_14.csv,MAX,127994.47063898804,0.01000032746,7.267586937404242,1,-1,35.82065132052578,57.13723153112572,1.5950919211339187,-57.91545001764136,100.12784370471567,-8.456433365746404,1.492920780279048,63.91052943408741,-1.99613784544,571.8503857999999,6.951765164268,949.3779054691673,0,False,False
Lissajouswaveformsdifferentmediums/ionic liquid/Lissajousfigure4kHz-0008/Lissajousfigure4kHz-0008_18.csv,MAX,127994.47063898804,0.01000032746,7.26767839569,1,-1,37.183553614954796,56.601376579418286,1.5222153634249167,-56.69759677747823,100.17712836328906,-9.411282803064084,1.4892892440379824,63.360566912937315,-1.9645187734420002,571.8503810000001,6.951749354726,949.3435908632006,0,False,False
Lissajouswaveformsdifferentmediums/ionic liquid/Lissajousfigure4kHz-0008/Lissajousfigure4kHz-0008_22.csv,MAX,127994.47063898804,0.01000032746,7.267665985134241,1,-1,37.474738678937015,56.87094770206789,1.5175809013454888,-56.61737679916867,100.24154140335207,-9.9453444810306,1.4829667685610923,63.65028242955637,-1.9327449128100003,571.8442344,6.95176526027,949.8206502671111,0,False,False
Lissajouswaveformsdifferentmediums/ionic liquid/Lissajousfigure4kHz-0008/Lissajousfigure4kHz-0008_26.csv,MAX,127994.47063898804,0.01000032746,7.11021510993,1,-1,37.372400334377836,57.18665754586091,1.530184227777751,-56.834738382441174,100.31433530245418,-10.223700734698511,1.4801418103747797,64.05724203167142,-1.8695982132980002,570.2632858000001,6.951536110376001,949.9444193973281,0,False,False
Lissajouswaveformsdifferentmediums/ionic liquid/Lissajousfigure4kHz-0008/Lissajousfigure4kHz-0008_30.csv,MAX,127994.47063898804,0.01000032746,7.2679155389,1,-1,29.53407903690044,56.84462671825335,1.924713028878625,-62.54550765299165,99.68446978303962,-5.899995318611197,1.5603404594943746,66.75464849211534,-1.995951607202,571.8442344,7.014643421614001,954.7522962622561,0,False,False
Lissajouswaveformsdifferentmediums/ionic liquid/Lissajousfigure4kHz-0008/Lissajousfigure4kHz-0008_35.csv,MAX,127994.47063898804,0.01000032746,7.26712536908,1,-1,37.22648930017465,55.78056390021505,1.4984105390768974,-56.281890550132026,99.65132785803871,-9.603714638938616,1.4965945494121498,63.115365998936255,-1.838058113418,571.8565414000001,6.951623158857999,949.4481001361105,0,False,False
Lissajouswaveformsdifferentmediums/ionic liquid/Lissajousfigure4kHz-0008/Lissajousfigure4kHz-0008_39.csv,MAX,127994.47063898804,0.01000032746,7.26744156009,1,-1,36.84065055415599,56.3036706057323,1.528302832843995,-56.80245045763482,99.81911198430814,-9.560241024150557,1.4939995293301582,63.59395515878964,-1.9328996774400002,573.4251834,6.951421052662001,949.2625006644354,0,False,False
Lissajouswaveformsdifferentmediums/ionic liquid/Lissajousfigure4kHz-0008/Lissajousfigure4kHz-0008_43.csv,MAX,127994.47063898804,0.01000032746,7.267520300210001,1,-1,36.039669143823055,56.83724276333877,1.5770744880181642,-57.621810220854194,100.15586671128936,-9.39212865144633,1.498276634982514,64.27274017647022,-1.9330068559520002,571.8442344,6.951357924034,950.2126401772134,0,False,False
Lissajouswaveformsdifferentmediums/ionic liquid/Lissajousfigure4kHz-0008/Lissajousfigure4kHz-0008_47.csv,MAX,127994.47063898804,0.01000032746,7.267520300210001,1,-1,34.38459390899635,57.91929785324283,1.6844549046161306,-59.303926636125624,101.08161627420425,-8.422151936842914,1.5087206346703628,65.21894002142369,-1.9960305354640004,571.8503858,6.95169875423,950.7265229512992,0,False,False
Lissajouswaveformsdifferentmediums/ionic liquid/Lissajousfigure4kHz-0008/Lissajousfigure4kHz-0008_51.csv,MAX,127994.47063898804,0.01000032746,7.26767839569,1,-1,35.530603124633004,57.15149435724449,1.6085146136351942,-58.131131038158316,100.29288366925608,-8.992507269579447,1.4995642442873116,64.4928194458071,-1.964502915858,570.2632762,6.951717858682,948.4170557011792,0,False,False
Lissajouswaveformsdifferentmediums/ionic liquid/Lissajousfigure4kHz-0008/Lissajousfigure4kHz-0008_56.csv,MAX,127994.47063898804,0.01000032746,7.2681523745,1,-1,28.992368389621824,56.797570734320956,1.959052464118535,-62.9579222420043,99.0028531412706,-5.0709742589486,1.5556619858215288,66.60217969378274,-2.090701606786,568.6884786,7.014940350632001,953.075804743546,0,False,False
Lissajouswaveformsdifferentmediums/ionic liquid/Lissajousfigure4kHz-0008/Lissajousfigure4kHz-0008_60.csv,MAX,127994.47063898804,0.01000032746,7.26759934789,1,-1,38.14214771903476,56.66808086920994,1.4857076556528002,-56.05629454101634,100.11474053012985,-9.427756824379784,1.4756331032013819,62.73494452025133,-1.96437990381,571.856537,6.920174368526001,949.615646317201,0,False,False
Lissajouswaveformsdifferentmediums/ionic liquid/Lissajousfigure4kHz-0008/Lissajousfigure4kHz-0008_64.csv,MAX,127994.47063898804,0.01000032746,7.26742914959482,1,-1,38.87398222604374,57.08905596908784,1.468567218998234,-55.747649692285314,100.36408855085287,-9.72152018827804,1.4636284217392062,62.61549357018262,-1.932883819856,571.8503904000002,6.9201744300420005,947.2956027987499,0,False,False
Lissajouswaveformsdifferentmediums/ionic liquid/Lissajousfigure10kHz-0007/Lissajousfigure10kHz-0007_01.csv,MAX,119994.81622405129,0.01000032746,7.26737915902,1,-1,4.215523973672296,59.47861725381578,14.109424504589354,-85.9459628316314,103.271446751284,17.89297179275002,1.7770778004990453,73.00379890059529,-2.1538768187299997,562.3831263999999,6.920256684052,890.2500621734349,0,False,False
Lissajouswaveformsdifferentmediums/ionic liquid/Lissajousfigure10kHz-0007/Lissajousfigure10kHz-0007_05.csv,MAX,119994.81622405129,0.01000032746,7.2676163022999996,1,-1,3.918705003818369,59.26254153671039,15.122991263431471,-86.21685357616532,103.29562267724887,17.68203876161306,1.7834827232831183,73.42510546522314,-2.2168971273299998,557.6464076000001,6.951733689178,889.2065149889565,0,False,False
Lissajouswaveformsdifferentmediums/ionic liquid/Lissajousfigure10kHz-0007/Lissajousfigure10kHz-0007_09.csv,MAX,119994.81622405129,0.01000032746,7.267853445459999,-1,-1,1.4394768911101035,-57.53620653792865,-39.97021896861267,88.56683723372139,100.5527835637704,20.119820632692875,1.8075766049492215,76.56995722827389,2.2798101816500003,552.9035422000001,7.0147099276419995,879.0783761500198,0,False,False
Lissajouswaveformsdifferentmediums/ionic liquid/Lissajousfigure10kHz-0007/Lissajousfigure10kHz-0007_14.csv,MAX,119994.81622405129,0.01000032746,7.26761630218,1,-1,3.4365906225369307,59.444843741969144,17.297621471738253,-86.69133257719488,103.26946863987506,17.695913510064617,1.7785660194196695,73.8867424011649,-2.216821502076,557.6464076,6.983245437214,889.6349431918384,0,False,False
Lissajouswaveformsdifferentmediums/ionic liquid/Lissajousfigure10kHz-0007/Lissajousfigure10kHz-0007_18.csv,MAX,119994.81622405129,0.01000032746,7.2678531377799995,1,-1,3.934692122293103,58.61696593919046,14.897472055584624,-86.15975407228137,102.51797462137226,17.624246042297216,1.7898089098496817,73.31491819816017,-2.3114608707220006,551.3225886,7.0148488092140004,881.5009169979435,0,False,False
Lissajouswaveformsdifferentmediums/ionic liquid/Lissajousfigure10kHz-0007/Lissajousfigure10kHz-0007_22.csv,MAX,119994.81622405129,0.01000032746,7.26769534998,1,-1,1.2259998893144726,58.850644867760394,48.002161648372734,-88.80656430606291,102.24961329784985,19.106748900892363,1.7896226795016779,74.88650865243707,-2.185464295658,557.6464030000001,6.983368509214,884.3026655771762,0,False,False
Lissajouswaveformsdifferentmediums/ionic liquid/Lissajousfigure10kHz-0007/Lissajousfigure10kHz-0007_26.csv,MAX,119994.81622405129,0.01000032746,7.26761630218,1,-1,6.931129820923931,60.08787992661446,8.669276363172296,-83.4200193179323,104.54850802315573,16.59233342650774,1.766344065738955,71.53293343040744,-2.153829414076,563.9702266,6.98333695164,894.7882444169397,0,False,False
Lissajouswaveformsdifferentmediums/ionic liquid/Lissajousfigure10kHz-0007/Lissajousfigure10kHz-0007_30.csv,MAX,119994.81622405129,0.01000032746,7.26777439778,1,-1,0.7822301404978391,58.740646077058265,75.09381579144167,-89.2370557755998,101.861259429832,19.60955897346998,1.7895628126496437,74.91329085048366,-2.1538610331019994,557.6464076,6.983292927390001,883.5615046884714,0,False,False
Lissajouswaveformsdifferentmediums/ionic liquid/Lissajousfigure10kHz-0007/Lissajousfigure10kHz-0007_35.csv,MAX,119994.81622405129,0.01000032746,7.267774397659999,1,-1,0.8210063252858798,58.818774753605986,71.64229183389654,-89.20030393420224,102.08636243986334,19.38199645189122,1.7896182173933246,75.0660142689839,-2.216837333658,556.065454,7.014817251562,885.7830427715938,0,False,False
Lissajouswaveformsdifferentmediums/ionic liquid/Lissajousfigure10kHz-0007/Lissajousfigure10kHz-0007_39.csv,MAX,119994.81622405129,0.01000032746,7.2676163022999996,1,-1,3.5006372749702233,59.50130699396847,16.997278586789484,-86.63300157667294,103.23100618994486,17.95383817964879,1.7774248062808333,73.64338773636763,-2.1854642955659997,559.2212099999999,6.983321080562,890.5584137461901,0,False,False
Lissajouswaveformsdifferentmediums/ionic liquid/Lissajousfigure10kHz-0007/Lissajousfigure10kHz-0007_43.csv,MAX,119994.81622405129,0.01000032746,7.26769534998,1,-1,3.547155812754983,58.92938475734572,16.61313679693614,-86.55533259414416,102.77986325486206,17.924862355725566,1.7869380417197613,73.53098252947834,-2.248488072684,556.0592982,6.9518757560880005,884.3096197402134,0,False,False
Lissajouswaveformsdifferentmediums/ionic liquid/Lissajousfigure10kHz-0007/Lissajousfigure10kHz-0007_47.csv,MAX,119994.81622405129,0.01000032746,7.26769534998,1,-1,3.5657433151190028,59.655381858189926,16.730139156468976,-86.5793655002446,103.43709575902942,17.808038487182554,1.7753730243062718,73.71652465626042,-2.216868891218,557.6464076,6.983494937588,889.7181972119873,0,False,False
Lissajouswaveformsdifferentmediums/ionic liquid/Lissajousfigure10kHz-0007/Lissajousfigure10kHz-0007_51.csv,MAX,119994.81622405129,0.01000032746,7.26769534998,1,-1,2.852214040796931,58.62713159181681,20.55495511670503,-87.21475234740761,102.47191100436571,18.061262881218877,1.792863918913373,74.05664974658998,-2.2483773578399995,554.4844958000001,6.983182322074001,885.5801984869961,0,False,False
Lissajouswaveformsdifferentmediums/ionic liquid/Lissajousfigure10kHz-0007/Lissajousfigure10kHz-0007_56.csv,MAX,119994.81622405129,0.01000032746,7.26769534998,1,-1,2.0641797770845067,59.252314152175245,28.705016302341903,-88.00478713375499,103.2127984847159,18.035497671140696,1.7870087069806533,74.95588664570315,-2.2484405344720004,552.9035376,6.983261246756,886.2438070437059,0,False,False
Lissajouswaveformsdifferentmediums/ionic liquid/Lissajousfigure10kHz-0007/Lissajousfigure10kHz-0007_60.csv,MAX,119994.81622405129,0.01000032746,7.2676950423,1,-1,4.055117186627896,59.21787330470126,14.603245869189026,-86.08261933476385,103.4390284804936,17.219728216247656,1.7846469236211917,73.63147545826561,-2.216837333658,554.4845003999999,6.983321080562002,890.8837895399321,0,False,False
Lissajouswaveformsdifferentmediums/ionic liquid/Lissajousfigure10kHz-0007/Lissajousfigure10kHz-0007_64.csv,MAX,119994.81622405129,0.01000032746,7.267853445459999,1,-1,3.960613700785675,58.92242441677585,14.877094528327083,-86.15450976317322,103.14902270207753,17.275372118586414,1.789223857018927,73.6303821006332,-2.248345738676,552.9035422,6.983166512508,886.8837819299765,0,False,False
Lissajouswaveformsdifferentmediums/ionic liquid/20 kHz/breakdown-0002/breakdown-0002_01.csv,100,119994.81622405129,0.01000032746,4.737705796779999,1,-1,36.7954676832955,27.59778255739071,0.750032117948038,-36.871075370323624,86.83891684804296,8.251596625663355,1.9029415222950978,29.687840154895525,2.5251813792760003,151.6486248,4.579310553580001,475.35554531183533,0,False,False
Lissajouswaveformsdifferentmediums/ionic liquid/20 kHz/breakdown-0002/breakdown-0002_05.csv,100,119994.81622405129,0.01000032746,4.737705796779999,1,-1,36.111341814577166,27.769524303671187,0.7689972985844958,-37.56018701671834,86.46437205380839,8.5082392536683,1.9141569469862065,30.12426458272904,2.4306017388480003,150.06151759999997,4.5793263631259995,471.0530284113397,0,False,False
Lissajouswaveformsdifferentmediums/ionic liquid/20 kHz/breakdown-0002/breakdown-0002_09.csv,100,119994.81622405129,0.01000032746,4.737705796779999,1,-1,36.37921978079164,27.926296546779497,0.7676441857481695,-37.51143719520876,86.71409776710392,8.425375788062258,1.906396299681211,30.16811235499796,2.525197180824,150.06151859999997,4.579342049642,471.95800002001357,0,False,False
Lissajouswaveformsdifferentmediums/ionic liquid/20 kHz/breakdown-0002/breakdown-0002_14.csv,100,119994.81622405129,0.01000032746,4.737705796779999,1,-1,36.39340826750654,27.929485156376792,0.7674325237989137,-37.50380569249959,86.6683346742358,8.44498743735613,1.904931116722541,30.13973135120665,2.5251971113,150.06767,4.57932630161,472.2141998084334,0,True,False
Lissajouswaveformsdifferentmediums/ionic liquid/20 kHz/breakdown-0002/breakdown-0002_18.csv,100,119994.81622405129,0.01000032746,4.737705796779999,1,-1,36.32420063523523,27.894159680137914,0.7679221894033919,-37.52145828745334,86.67882525439867,8.440061447903867,1.9083180716479635,30.162513308552747,2.4935307177040005,150.06767,4.57932630161,471.71838055118025,0,True,False
Lissajouswaveformsdifferentmediums/ionic liquid/20 kHz/breakdown-0002/breakdown-0002_22.csv,100,119994.81622405129,0.01000032746,4.737705796779999,1,-1,36.19780304668122,27.762814052897642,0.7669751121938065,-37.487308319596835,86.57412648781636,8.453029079662452,1.9136300245638058,30.10836607160101,2.5883438843960005,150.06767,4.579326240096,470.5691045317429,0,False,False
Lissajouswaveformsdifferentmediums/ionic liquid/20 kHz/breakdown-0002/breakdown-0002_26.csv,100,119994.81622405129,0.01000032746,4.73778484452,1,-1,36.078818158224315,27.99648773749812,0.7759812867128578,-37.81079364108982,86.50905960100262,8.579256489609907,1.9106582816625974,30.317336473740397,2.5886374070400007,150.06151759999997,4.579342049642,470.2922087099072,0,True,False
Lissajouswaveformsdifferentmediums/ionic liquid/20 kHz/breakdown-0002/breakdown-0002_30.csv,100,119994.81622405129,0.01000032746,4.73778484452,1,-1,36.15650769376501,27.96039583696646,0.7733157215786102,-37.71534489392412,86.52840905545762,8.561210684789065,1.9093663280448585,30.23912435175771,2.5568478263960004,150.06767,4.579357859188,471.9642946199708,0,True,False
Lissajouswaveformsdifferentmediums/ionic liquid/20 kHz/breakdown-0002/breakdown-0002_35.csv,100,119994.81622405129,0.01000032746,4.73778484452,1,-1,35.693675071969544,27.883159375622604,0.7811792795054443,-37.99621614421221,86.18908354715171,8.597168844411065,1.91947949015421,30.45973502833661,2.556832024848,148.4867152,4.579326240094001,469.12589436643,0,False,False
Lissajouswaveformsdifferentmediums/ionic liquid/20 kHz/breakdown-0002/breakdown-0002_39.csv,100,119994.81622405129,0.01000032746,4.73778484452,1,-1,35.66506331341768,27.85613101933848,0.781048130338202,-37.991549282813025,86.11926120615885,8.621814428149072,1.9197069909086277,30.427655964085716,2.556863707468,148.4805628,4.579310553580001,468.9750274588283,0,True,False
Lissajouswaveformsdifferentmediums/ionic liquid/20 kHz/breakdown-0002/breakdown-0002_43.csv,100,119994.81622405129,0.01000032746,4.73778484452,1,-1,35.34804001746844,27.94625831559338,0.7906027689734078,-38.32999410667713,85.95229390362638,8.703745944630276,1.9246005886989748,30.68041061615628,2.4937801010400005,146.89960799999997,4.547984944706001,466.79226472446766,0,True,False
Lissajouswaveformsdifferentmediums/ionic liquid/20 kHz/breakdown-0002/breakdown-0002_47.csv,100,119994.81622405129,0.01000032746,4.73778484452,1,-1,35.779052912308465,27.987186392687228,0.782222672614659,-38.03332348736873,86.28883933576607,8.651956393861015,1.9163172708221825,30.458037286563012,2.5569393883480003,148.4805628,4.579326240096,469.4966243067557,0,True,False
Lissajouswaveformsdifferentmediums/ionic liquid/20 kHz/breakdown-0002/breakdown-0002_51.csv,100,119994.81622405129,0.01000032746,4.737705796779999,1,-1,35.35425220032567,27.90050896161362,0.7891698232937484,-38.27943636607548,86.07186162372346,8.713556289148132,1.928273771932078,30.63184533882182,2.5568321478960003,146.89960799999997,4.579278872968,467.4950481456621,0,True,False
Lissajouswaveformsdifferentmediums/ionic liquid/20 kHz/breakdown-0002/breakdown-0002_56.csv,100,119994.81622405129,0.01000032746,4.579847340000001,1,-1,34.55062100319503,27.353118998152492,0.7916824127596156,-38.36803997865842,85.25620414066447,8.583404468429764,1.9518486989249242,30.762111225015133,2.5252287999200003,140.5819412,4.54786181119,460.9295552893667,0,True,False
Lissajouswaveformsdifferentmediums/ionic liquid/20 kHz/breakdown-0002/breakdown-0002_60.csv,100,119994.81622405129,0.01000032746,4.737705796779999,1,-1,35.706941033917346,27.73683178881334,0.7767910379796089,-37.83974050957956,86.16052943487547,8.503694699193359,1.921868809872189,30.381831262697858,2.5567248519200003,148.4744114,4.579310615094,468.81455055256185,0,False,False
Lissajouswaveformsdifferentmediums/ionic liquid/20 kHz/breakdown-0002/breakdown-0002_64.csv,100,119994.81622405129,0.01000032746,4.579768292270001,1,-1,33.24039096662415,26.4740300891486,0.796441597685494,-38.535274335310625,84.06909083784221,8.400890825200893,1.9956448396804614,30.985301945993058,2.493799356972,134.25812200000001,4.516305915864,452.54724511096583,0,False,False
Lissajouswaveformsdifferentmediums/ionic liquid/20 kHz/105% breakdown/105breakdown-0007/105breakdown-0007_01.csv,105,119994.81622405129,0.01000032746,5.369551702110001,1,-1,44.12541387964245,30.147100182756148,0.6832139923941815,-34.341435933645215,92.34311218405337,8.781885033802602,1.7416493926716106,27.15231190684227,3.1872719332200004,300.141482,5.2424120147640005,555.5081180351663,0,False,False
Lissajouswaveformsdifferentmediums/ionic liquid/20 kHz/105% breakdown/105breakdown-0007/105breakdown-0007_05.csv,105,119994.81622405129,0.01000032746,5.52717332326,1,-1,44.59550005288179,30.394852015520687,0.6815676913472922,-34.27707838687272,92.74529828797904,8.804815678801784,1.7320760818366376,27.10030906748068,3.250348662892,312.77682280000005,5.242475191436,560.280468384028,0,False,False
Lissajouswaveformsdifferentmediums/ionic liquid/20 kHz/105% breakdown/105breakdown-0007/105breakdown-0007_09.csv,105,119994.81622405129,0.01000032746,5.52717332326,1,-1,44.862720744255306,30.582217707994115,0.6816844186140937,-34.28164476366773,92.96848168413706,8.880487337884091,1.7259754179791689,27.06103883461782,3.250396091572,312.7768204,5.242459443404001,559.8734194039948,0,False,False
Lissajouswaveformsdifferentmediums/ionic liquid/20 kHz/105% breakdown/105breakdown-0007/105breakdown-0007_14.csv,105,119994.81622405129,0.01000032746,5.52716091276482,1,-1,44.347942491080595,30.264493253105865,0.682432860536715,-34.310912063035076,92.50472144227717,8.78845483388103,1.7365473285541397,27.128903737413566,3.2187363621480003,306.45915,5.242443647370001,557.7205163539858,0,False,False
Lissajouswaveformsdifferentmediums/ionic liquid/20 kHz/105% breakdown/105breakdown-0007/105breakdown-0007_18.csv,105,119994.81622405129,0.01000032746,5.52709427552,1,-1,44.33446053532655,30.28221010090065,0.6830400039890234,-34.33463900433533,92.50583246303776,8.815672587247267,1.736689073868425,27.130707014134032,3.250257234012,308.03395480000006,5.242443647374,557.7708903170383,0,False,False
Lissajouswaveformsdifferentmediums/ionic liquid/20 kHz/105% breakdown/105breakdown-0007/105breakdown-0007_22.csv,105,119994.81622405129,0.01000032746,5.52709427552,1,-1,44.38925369648949,30.179870052093555,0.6798913597071878,-34.211445468929156,92.50230361264552,8.768601473125482,1.7368780279284033,27.04530728967245,3.218855920276,308.03395480000006,5.2424910009820005,558.8732862523113,0,False,False
Lissajouswaveformsdifferentmediums/ionic liquid/20 kHz/105% breakdown/105breakdown-0007/105breakdown-0007_26.csv,105,119994.81622405129,0.01000032746,5.52717332326,1,-1,44.51062318752676,30.221900225996063,0.6789817365321715,-34.1757884106602,92.65927620270011,8.739715892440381,1.7356809083193856,27.044988535845164,3.250364410964,309.6149108,5.242522510562001,559.3863746293479,0,False,False
Lissajouswaveformsdifferentmediums/ionic liquid/20 kHz/105% breakdown/105breakdown-0007/105breakdown-0007_30.csv,105,119994.81622405129,0.01000032746,5.369630749840001,1,-1,44.1309240984812,29.873692529262186,0.6769333101341132,-34.09538003063005,92.29130408243414,8.607833344226353,1.7450236668794055,27.04337618919675,3.187189457132,301.71013320000003,5.24247525295,556.2721652020132,0,False,False
Lissajouswaveformsdifferentmediums/ionic liquid/20 kHz/105% breakdown/105breakdown-0007/105breakdown-0007_35.csv,105,119994.81622405129,0.01000032746,5.52709427552,1,-1,44.30070833475353,30.105276641461188,0.6795664848962212,-34.198713898684765,92.47090468545542,8.723559977080113,1.7398920018944046,27.066610097113596,3.218717185764,306.4529988000001,5.242459443406,557.6438860686349,0,False,False
Lissajouswaveformsdifferentmediums/ionic liquid/20 kHz/105% breakdown/105breakdown-0007/105breakdown-0007_39.csv,105,119994.81622405129,0.01000032746,5.52709427552,1,-1,44.3262723211287,30.043047545807266,0.6777706757779145,-34.12826824669576,92.46860810571933,8.691374137092774,1.7401987899911553,27.022034371893312,3.21882430118,306.4591572,5.242490952982002,558.2668838796247,0,False,False
Lissajouswaveformsdifferentmediums/ionic liquid/20 kHz/105% breakdown/105breakdown-0007/105breakdown-0007_43.csv,105,119994.81622405129,0.01000032746,5.36947234679,1,-1,43.45688163104688,29.508253997398437,0.6790237331782423,-34.17743533532354,91.73105612967548,8.54443247420579,1.7595888055254645,27.134527665524445,3.1556019802520003,284.32578280000007,5.24259822895,550.582629299238,0,False,False
Lissajouswaveformsdifferentmediums/ionic liquid/20 kHz/105% breakdown/105breakdown-0007/105breakdown-0007_47.csv,105,119994.81622405129,0.01000032746,5.369551702110001,1,-1,44.1593014461159,30.018048703454195,0.6797672907050589,-34.20658376314518,92.28276949845147,8.704836813546565,1.7417466625206568,27.07527031725857,3.218919219956,304.86589160000005,5.242459395404001,557.3721094240443,0,False,False
Lissajouswaveformsdifferentmediums/ionic liquid/20 kHz/105% breakdown/105breakdown-0007/105breakdown-0007_51.csv,105,119994.81622405129,0.01000032746,5.369551702110001,1,-1,44.0836506755202,29.852309874068546,0.6771741771977526,-34.10484290049811,92.28756818416447,8.642352531237936,1.7467357774297694,27.024561808772432,3.187252633836,298.55437720000003,5.242506701016001,555.2718719538301,0,False,False
Lissajouswaveformsdifferentmediums/ionic liquid/20 kHz/105% breakdown/105breakdown-0007/105breakdown-0007_56.csv,105,119994.81622405129,0.01000032746,5.369630749840001,1,-1,44.15641448654477,29.933413439014405,0.6778950190381884,-34.133149748668636,92.28662330795576,8.616435319573121,1.7431768740444593,27.073815344817888,3.187268443372,301.71628920000006,5.242506762522001,556.621990391993,0,False,False
Lissajouswaveformsdifferentmediums/ionic liquid/20 kHz/105% breakdown/105breakdown-0007/105breakdown-0007_60.csv,105,119994.81622405129,0.01000032746,5.369630442270001,1,-1,44.04657655226234,29.79526054070398,0.676448951835137,-34.07634478872944,92.2194676552989,8.599820346354978,1.7473932312441462,27.025406590195047,3.1873001239560006,295.4047676,5.242538368110001,554.9597936251489,0,False,False
Lissajouswaveformsdifferentmediums/ionic liquid/20 kHz/105% breakdown/105breakdown-0007/105breakdown-0007_64.csv,105,119994.81622405129,0.01000032746,5.369630442270001,1,-1,44.23195296683024,29.818087320902006,0.6741300196096414,-33.9850923231554,92.37300876786358,8.58623688454472,1.7447575813103864,26.95676379563099,3.250364410964,301.71013320000003,5.242522572078001,557.1235587839741,0,False,False
Lissajouswaveformsdifferentmediums/ionic liquid/20 kHz/115% breakdown/115breakdown-0008/115breakdown-0008_01.csv,115,119994.81622405129,0.01000032746,6.6314886135,1,-1,50.719546375347306,34.26050775713165,0.6754892384799459,-34.0386028475577,98.42704386001934,9.495355996961933,1.6212208889032036,26.74698987953252,4.1011776255240004,521.3090428,6.409175610268001,706.8103961901999,0,False,False
Lissajouswaveformsdifferentmediums/ionic liquid/20 kHz/115% breakdown/115breakdown-0008/115breakdown-0008_05.csv,115,119994.81622405129,0.01000032746,6.63164670892,1,-1,51.21657042269778,34.71027954297178,0.6777158106546927,-34.12611415729441,98.84709758251823,9.610645365477446,1.6108785194238733,26.777953506068286,4.132800002788,530.7824712,6.440889478006,715.3292573179974,0,False,False
Lissajouswaveformsdifferentmediums/ionic liquid/20 kHz/115% breakdown/115breakdown-0008/115breakdown-0008_09.csv,115,119994.81622405129,0.01000032746,6.47331428332,1,-1,48.65096569594619,33.132643275883694,0.6810274534518531,-34.25593778983625,96.61495772521178,9.368767842668936,1.6549122165642653,26.92700628065967,0.06291338384,9.448819199999999,0.06299212400000001,8.99423057866944,0,False,False
Lissajouswaveformsdifferentmediums/ionic liquid/20 kHz/115% breakdown/115breakdown-0008/115breakdown-0008_14.csv,115,119994.81622405129,0.01000032746,6.473708906690001,1,-1,47.955854655806384,32.95962356500062,0.6872909220690939,-34.50038772030928,96.07923967102246,9.404789338855055,1.6649812369925747,27.103018764977776,3.9752856304520003,456.5268092,6.1903697882860005,670.9883461693556,0,False,False
Lissajouswaveformsdifferentmediums/ionic liquid/20 kHz/115% breakdown/115breakdown-0008/115breakdown-0008_18.csv,115,119994.81622405129,0.01000032746,6.15972967789,1,-1,46.78872534854246,32.98903754646837,0.7050638225496354,-35.186279234311854,95.28947118173029,9.647893181928776,1.67941199098764,27.537760254679938,3.848983247636,439.1363148,6.1272547297880005,661.1655533253399,0,False,False
Lissajouswaveformsdifferentmediums/ionic liquid/20 kHz/115% breakdown/115breakdown-0008/115breakdown-0008_22.csv,115,119994.81622405129,0.01000032746,6.4733933310000005,1,-1,48.237532379554175,33.2460966571913,0.6892163636314635,-34.575247054020295,96.40087788451105,9.485484942554487,1.6594510071599873,27.13973012214663,3.9124393208520005,443.8791756,6.158671730052,664.0568891146596,0,False,False
Lissajouswaveformsdifferentmediums/ionic liquid/20 kHz/115% breakdown/115breakdown-0008/115breakdown-0008_26.csv,115,119994.81622405129,0.01000032746,6.1596509377299995,1,-1,46.34807251216848,33.01844700760804,0.7124017293046911,-35.46613739192715,95.01923670910188,9.746131224478345,1.6851208783828857,27.718969757721737,3.817490555924,431.24384919999994,6.127131596273999,654.8010379560036,0,False,False
Lissajouswaveformsdifferentmediums/ionic liquid/20 kHz/115% breakdown/115breakdown-0008/115breakdown-0008_30.csv,115,119994.81622405129,0.01000032746,6.4737879544600005,1,-1,49.05068277416675,33.354488864839794,0.6800005010818405,-34.21572176445871,96.97683595351589,9.353871682108561,1.6482192590637834,26.925327995047326,4.006936345620001,466.0125500000001,6.1903855362960005,674.9369977566769,0,False,False
Lissajouswaveformsdifferentmediums/ionic liquid/20 kHz/115% breakdown/115breakdown-0008/115breakdown-0008_35.csv,115,119994.81622405129,0.01000032746,6.159808418049999,1,-1,46.92382101291252,33.107083412751884,0.7055496056819726,-35.20486628751929,95.44592196160349,9.719405792062384,1.6771141753271368,27.512810663918287,3.880633866708,442.298222,6.127317783436,664.60596045532,0,False,False
Lissajouswaveformsdifferentmediums/ionic liquid/20 kHz/115% breakdown/115breakdown-0008/115breakdown-0008_39.csv,115,119994.81622405129,0.01000032746,6.31719327115,1,-1,47.3937127573994,33.05891177159999,0.6975379190236288,-34.89723491103242,95.74506583361239,9.532940811753061,1.6713172262939664,27.37433970875179,3.9436665825480004,450.20299,6.158734845202,666.7814894525197,0,False,False
Lissajouswaveformsdifferentmediums/ionic liquid/20 kHz/115% breakdown/115breakdown-0008/115breakdown-0008_43.csv,115,119994.81622405129,0.01000032746,6.31758820226,1,-1,47.40164080257645,33.234886922155916,0.7011336814389235,-35.03559105252761,95.80961481417557,9.659363406839594,1.6697049668817814,27.419169434312607,3.94376143986,454.9458556,6.158766525812,669.3483136339783,0,False,False
Lissajouswaveformsdifferentmediums/ionic liquid/20 kHz/115% breakdown/115breakdown-0008/115breakdown-0008_47.csv,115,119994.81622405129,0.01000032746,6.78895244667,1,-1,50.92840925087458,34.091528577099105,0.6694010097421933,-33.79839198784752,98.46514322208957,9.335624832953565,1.61931199366912,26.63089690248168,4.16432103524,532.3572735999999,6.472303244938001,719.1701047743701,0,False,False
Lissajouswaveformsdifferentmediums/ionic liquid/20 kHz/115% breakdown/115breakdown-0008/115breakdown-0008_51.csv,115,119994.81622405129,0.01000032746,6.94738033666,1,-1,54.075729639243136,35.22387499361518,0.651380484897849,-33.07943597136482,101.07487044428458,9.278983249455543,1.5777436121767086,26.137112739127787,4.290181220336001,597.133364,6.819744242904,773.504581156633,0,False,False
Lissajouswaveformsdifferentmediums/ionic liquid/20 kHz/115% breakdown/115breakdown-0008/115breakdown-0008_56.csv,115,119994.81622405129,0.01000032746,7.1053968889600005,1,-1,55.539844987108104,35.399143011270894,0.6373648147467416,-32.51200294676375,102.21336414512704,9.065221409437493,1.5626380890143232,25.80297279250817,4.321673941024001,617.6673168,6.914355458848001,792.6712175149224,0,False,False
Lissajouswaveformsdifferentmediums/ionic liquid/20 kHz/115% breakdown/115breakdown-0008/115breakdown-0008_60.csv,115,119994.81622405129,0.01000032746,6.94706445344,1,-1,52.80237447472991,34.90274480258716,0.6610071071574797,-33.46498691104477,100.10665258748084,9.396317591885719,1.5937910341872519,26.368453710300884,4.19552922796,576.5994064,6.725303406526,751.39858810879,0,False,False
Lissajouswaveformsdifferentmediums/ionic liquid/20 kHz/115% breakdown/115breakdown-0008/115breakdown-0008_64.csv,115,119994.81622405129,0.01000032746,6.78911023456,1,-1,51.10748723662235,34.37197117743315,0.6725427728092853,-33.9225192679884,98.70139405995069,9.44727486057764,1.6154010780081887,26.687386298624745,4.132686153658,533.9382317999999,6.472524407542001,717.7059471183726,0,False,False
Lissajouswaveformsdifferentmediums/ionic liquid/20 kHz/40% breakdown/0_4breakdown-0003/0_4breakdown-0003_01.csv,40,119994.81622405129,0.01000032746,1.89492186563,1,-1,26.849932152669712,9.095763295658768,0.33876298993755066,-18.714478044085165,72.98934133563228,0.058117945373934846,2.574694675576533,18.65396751844952,0.630535612808,63.17667399999999,1.8000771928579997,133.36246758466842,0,True,False
Lissajouswaveformsdifferentmediums/ionic liquid/20 kHz/40% breakdown/0_4breakdown-0003/0_4breakdown-0003_05.csv,40,119994.81622405129,0.01000032746,1.89492186563,1,-1,26.793292521235358,9.139677720066052,0.3411181254719735,-18.835439125540304,73.03816128726272,0.24107510788897216,2.5800342279737807,18.58460879930348,0.63064283726,61.5957192,1.8001245599859999,133.6998646490002,0,True,False
Lissajouswaveformsdifferentmediums/ionic liquid/20 kHz/40% breakdown/0_4breakdown-0003/0_4breakdown-0003_09.csv,40,119994.81622405129,0.01000032746,1.89492186563,1,-1,27.028214920285915,8.850918152208404,0.32746957867222615,-18.132047242937677,72.93437688753782,0.067727327513208,2.5644549849090716,18.061478607210574,0.6308132999039999,61.5957192,1.8001086889220002,133.72055069533118,0,True,False
Lissajouswaveformsdifferentmediums/ionic liquid/20 kHz/40% breakdown/0_4breakdown-0003/0_4breakdown-0003_14.csv,40,119994.81622405129,0.01000032746,1.89492186563,1,-1,26.875772244939245,8.677456613804232,0.3228728289077614,-17.89385835541569,72.72703854276352,-0.008617369214113149,2.5751460754304984,17.902862844439,0.63051980326,63.17667399999999,1.8001087504379998,133.31180176262117,0,True,False
Lissajouswaveformsdifferentmediums/ionic liquid/20 kHz/40% breakdown/0_4breakdown-0003/0_4breakdown-0003_18.csv,40,119994.81622405129,0.01000032746,1.89492186563,1,-1,26.935077540960144,8.849395161888976,0.3285453753913168,-18.187698403813776,73.10059298455063,0.12482998163054962,2.5783701119886846,18.057927436115705,0.630627027712,61.5957192,1.80000146247,133.5895450110037,0,True,False
Lissajouswaveformsdifferentmediums/ionic liquid/20 kHz/40% breakdown/0_4breakdown-0003/0_4breakdown-0003_22.csv,40,119994.81622405129,0.01000032746,1.89492186563,1,-1,27.012326153185654,9.046595498584827,0.3349061997579179,-18.51601726292914,73.11251831299137,0.10865543937836213,2.566531176609756,18.403079431126457,0.630535612808,63.17667399999999,1.800092879374,133.43780091200037,0,True,False
Lissajouswaveformsdifferentmediums/ionic liquid/20 kHz/40% breakdown/0_4breakdown-0003/0_4breakdown-0003_26.csv,40,119994.81622405129,0.01000032746,1.89492186563,1,-1,27.016449990814618,9.015711341905336,0.33371191792299165,-18.454468774439363,73.01333797602528,0.07725208577610104,2.563576354265026,18.374062858346065,0.6621388972600001,63.17667399999999,1.800092879374,133.6217342199783,0,True,False
Lissajouswaveformsdifferentmediums/ionic liquid/20 kHz/40% breakdown/0_4breakdown-0003/0_4breakdown-0003_30.csv,40,120094.811904238,0.01000032746,1.73682607805,1,-1,29.6398430714066,1.4863288317167573,0.050146312453003876,-2.8707673456266565,71.94423212716798,-10.90547174880037,2.4726652715945714,14.229367806481065,0.03141732184,7.874016,0.031496062000000005,7.846067229000512,0,False,False
Lissajouswaveformsdifferentmediums/ionic liquid/20 kHz/40% breakdown/0_4breakdown-0003/0_4breakdown-0003_35.csv,40,119994.81622405129,0.01000032746,1.89492186563,1,-1,26.83499896162228,8.941851175227626,0.3332160060082617,-18.428898485490176,72.98790871717544,0.13505658659261327,2.580400897810934,18.28827940423372,0.630627027712,63.17667399999999,1.8001086889220002,133.64366747597748,0,True,False
Lissajouswaveformsdifferentmediums/ionic liquid/20 kHz/40% breakdown/0_4breakdown-0003/0_4breakdown-0003_39.csv,40,119994.81622405129,0.01000032746,1.89492186563,1,-1,27.099322377575696,9.177759380834674,0.33867117608922725,-18.709758919733066,73.19717199853646,0.24046464661831732,2.5583581977192313,18.46010725673142,0.63064283726,63.17667399999999,1.800092879374,133.46858954000552,0,True,False
Lissajouswaveformsdifferentmediums/ionic liquid/20 kHz/40% breakdown/0_4breakdown-0003/0_4breakdown-0003_43.csv,40,119994.81622405129,0.01000032746,1.89492186563,1,-1,27.027234797598396,9.1188977330534,0.33739662238268237,-18.64422117307767,72.90501089229986,0.2966007272161758,2.5559441993587098,18.33505576442394,0.630535610808,63.17667399999999,1.8000928793760003,133.269055019626,0,True,False
Lissajouswaveformsdifferentmediums/ionic liquid/20 kHz/40% breakdown/0_4breakdown-0003/0_4breakdown-0003_47.csv,40,119994.81622405129,0.01000032746,1.89492186563,1,-1,26.82903801830085,8.860024378066733,0.33024010670912085,-18.27529513465725,72.91062351996112,0.05749345664890294,2.5805288338354124,18.21537017797266,0.63051980326,63.17667399999999,1.8001086889220002,133.26398688200425,0,True,False
Lissajouswaveformsdifferentmediums/ionic liquid/20 kHz/40% breakdown/0_4breakdown-0003/0_4breakdown-0003_51.csv,40,119994.81622405129,0.01000032746,1.89492186563,1,-1,27.045127837502147,8.890127292529883,0.3287145598255365,-18.19644711729551,72.95910264450573,0.11870888382892619,2.5627788911806033,18.07280018592283,0.5994244623560001,63.17667399999999,1.8000771313419999,133.32798367633615,0,True,False
Lissajouswaveformsdifferentmediums/ionic liquid/20 kHz/40% breakdown/0_4breakdown-0003/0_4breakdown-0003_56.csv,40,119994.81622405129,0.01000032746,1.89492186563,1,-1,26.877147562210443,9.088301297771846,0.3381423299007405,-18.682571719971126,72.78447566337181,0.01268148373956009,2.5653503653411125,18.669331000545185,0.630535612808,63.17667399999999,1.8001087504379998,133.26250545400472,0,True,False
Lissajouswaveformsdifferentmediums/ionic liquid/20 kHz/40% breakdown/0_4breakdown-0003/0_4breakdown-0003_60.csv,40,119994.81622405129,0.01000032746,1.89492186563,1,-1,27.032852857135165,9.104523556829248,0.3367947735647946,-18.613256411044475,73.11398705770318,0.35123691237544213,2.563219528229067,18.248188143267726,0.6307658712599999,63.17667399999999,1.80009294089,133.628812147994,0,True,False
Lissajouswaveformsdifferentmediums/ionic liquid/20 kHz/40% breakdown/0_4breakdown-0003/0_4breakdown-0003_64.csv,40,119994.81622405129,0.01000032746,1.89492186563,1,-1,26.920457796733693,8.879597446583796,0.32984570744042746,-18.25491743038109,73.03293874064653,0.2640331030846902,2.576410579616242,17.980180808421892,0.630567231904,63.17667399999999,1.8001086274059999,133.57653587632845,0,True,False
Lissajouswaveformsdifferentmediums/ionic liquid/20 kHz/60% breakdown/0_6breakdown-0004/0_6breakdown-0004_01.csv,60,119994.81622405129,0.01000032746,2.6849421111100003,1,-1,28.446944501050826,9.791237816805902,0.3441929524784011,-18.99310201904922,75.7834575523264,0.644706116982009,2.519152741795286,18.346630756426038,0.75669635351,88.43504,2.6218079137280004,200.72147497967947,0,False,False
Lissajouswaveformsdifferentmediums/ionic liquid/20 kHz/60% breakdown/0_6breakdown-0004/0_6breakdown-0004_05.csv,60,119994.81622405129,0.01000032746,2.8428794956300005,1,-1,28.33946994505199,9.67979428275285,0.3415658197390851,-18.858413296872644,75.46406408936338,0.6254231845032173,2.520071265064053,18.228622117083944,0.7567278515700001,88.43504,2.62183940979,201.2220319145197,0,False,False
Lissajouswaveformsdifferentmediums/ionic liquid/20 kHz/60% breakdown/0_6breakdown-0004/0_6breakdown-0004_09.csv,60,119994.81622405129,0.01000032746,2.8428794956300005,1,-1,28.204901366504757,9.814820305471562,0.3479827912863163,-19.187017121607493,75.5105726835289,0.4700284142279056,2.5285837836197036,18.713989217663027,0.75665206366,88.43504,2.621823661758,201.1108621237065,0,False,False
Lissajouswaveformsdifferentmediums/ionic liquid/20 kHz/60% breakdown/0_6breakdown-0004/0_6breakdown-0004_14.csv,60,119994.81622405129,0.01000032746,2.8428794956300005,1,-1,28.197534650304164,9.703106798784718,0.34411188492608347,-18.98894906947925,75.41630164440843,0.5897045156934962,2.529160242288252,18.394747313184155,0.7882239135700002,88.43504,2.621823723274,201.35065156859534,0,False,False
Lissajouswaveformsdifferentmediums/ionic liquid/20 kHz/60% breakdown/0_6breakdown-0004/0_6breakdown-0004_18.csv,60,119994.81622405129,0.01000032746,2.6849421111100003,1,-1,28.37498240468002,9.751842968513616,0.3436774983481646,-18.96669267277288,75.58498170326251,0.5968993534982416,2.5193044127257176,18.36658387466599,0.7882396576000001,88.43504,2.62179210418,201.61005803900267,0,False,False
Lissajouswaveformsdifferentmediums/ionic liquid/20 kHz/60% breakdown/0_6breakdown-0004/0_6breakdown-0004_22.csv,60,119994.81622405129,0.01000032746,2.8428794956300005,1,-1,28.261291673210497,9.544953284197026,0.3377394563053499,-18.661854727796154,75.2373653601103,0.4409721086357776,2.5223122894643653,18.216455896601758,0.7567278535699999,88.43504,2.6218078522120005,201.30947909287863,0,False,False
Lissajouswaveformsdifferentmediums/ionic liquid/20 kHz/60% breakdown/0_6breakdown-0004/0_6breakdown-0004_26.csv,60,119994.81622405129,0.01000032746,2.6849421111100003,1,-1,28.358664682637855,9.605634967878915,0.3387195791965414,-18.712246815618293,75.38920273882295,0.745873827113547,2.5181159961333153,17.960430805039493,0.7567278535699999,88.43504,2.6218079137280004,201.20897767100058,0,False,False
Lissajouswaveformsdifferentmediums/ionic liquid/20 kHz/60% breakdown/0_6breakdown-0004/0_6breakdown-0004_30.csv,60,119994.81622405129,0.01000032746,2.6849421111100003,1,-1,28.35694738580216,9.724054452685717,0.3429161228247856,-18.927668208263558,75.68270158391537,0.643333733052921,2.524778080177625,18.28171423155544,0.7882081655400002,88.43504,2.621807975242,201.28419743467262,0,False,False
Lissajouswaveformsdifferentmediums/ionic liquid/20 kHz/60% breakdown/0_6breakdown-0004/0_6breakdown-0004_35.csv,60,119994.81622405129,0.01000032746,2.6849421111100003,1,-1,28.322452970771785,9.725614243677674,0.3433888390145556,-18.951899525175037,75.40627864132306,0.722908656768325,2.518298374074737,18.223394098048402,0.7566363156300001,88.43504,2.62179210418,201.43121947002965,0,False,False
Lissajouswaveformsdifferentmediums/ionic liquid/20 kHz/60% breakdown/0_6breakdown-0004/0_6breakdown-0004_39.csv,60,119994.81622405129,0.01000032746,2.8428794956300005,1,-1,28.12698027306138,9.608182919511089,0.34160022960990694,-18.860178835973272,75.38498156854612,0.6638626072592079,2.5364417571856905,18.190981960339144,0.75663631163,88.43504,2.6218236002420006,200.8000892906622,0,False,False
Lissajouswaveformsdifferentmediums/ionic liquid/20 kHz/60% breakdown/0_6breakdown-0004/0_6breakdown-0004_43.csv,60,119994.81622405129,0.01000032746,2.818083326260361,1,-1,28.297375047729385,9.661897173269463,0.34144146433980793,-18.852032424862546,75.7359989517927,0.7324133104983537,2.533066347657989,18.117162736522744,0.7881166276000001,88.43504,2.621807913726,201.30054653799976,0,False,False
Lissajouswaveformsdifferentmediums/ionic liquid/20 kHz/60% breakdown/0_6breakdown-0004/0_6breakdown-0004_47.csv,60,119994.81622405129,0.01000032746,2.8428794956300005,1,-1,28.17189364434101,9.669553355466832,0.3432340572324001,-18.943966223121105,75.43290256643716,0.5269415034169298,2.5326752030704904,18.41311913532701,0.7566363156300001,88.43504,2.621915152178,201.64744367185287,0,False,False
Lissajouswaveformsdifferentmediums/ionic liquid/20 kHz/60% breakdown/0_6breakdown-0004/0_6breakdown-0004_51.csv,60,119994.81622405129,0.01000032746,2.8428794956300005,1,-1,28.209428093773994,9.781404263672064,0.34674238099250526,-19.123598938147353,75.42960914727837,0.559018830984311,2.5264744049120136,18.560414206431233,0.7882239135700001,88.43504,2.6218079137280004,201.32192512495155,0,False,False
Lissajouswaveformsdifferentmediums/ionic liquid/20 kHz/60% breakdown/0_6breakdown-0004/0_6breakdown-0004_56.csv,60,119994.81622405129,0.01000032746,2.8428794956300005,1,-1,28.2923871199223,9.801523708255422,0.3464367876315959,-19.107967450522878,75.26317566162845,0.5939462685517678,2.513761949847719,18.508274368488316,0.7882239115699999,88.43504,2.621807913726,201.21909310332745,0,False,False
Lissajouswaveformsdifferentmediums/ionic liquid/20 kHz/60% breakdown/0_6breakdown-0004/0_6breakdown-0004_60.csv,60,119994.81622405129,0.01000032746,2.8428794956300005,1,-1,28.298782543300916,9.633628734573755,0.3404255543443615,-18.79988631030234,75.37996709088617,0.5682680614374823,2.5217341155868516,18.227007035851813,0.75675934563,88.43504,2.6218078522120005,201.2412532219609,0,False,False
Lissajouswaveformsdifferentmediums/ionic liquid/20 kHz/60% breakdown/0_6breakdown-0004/0_6breakdown-0004_64.csv,60,119994.81622405129,0.01000032746,2.6849421111100003,1,-1,28.27184007689653,9.5989270881545,0.33952254476703303,-18.75350816924206,75.16336659418957,0.6738679933049393,2.5176291532030683,18.07222381475691,0.78820816554,88.43504,2.621807852212,201.09751543698923,0,False,False
Lissajouswaveformsdifferentmediums/ionic liquid/20 kHz/75% breakdown/0_75breakdown-0005/0_75breakdown-0005_01.csv,75,119994.81622405129,0.01000032746,3.31732403111,1,-1,27.789777286963375,9.452490893982722,0.34014273653128685,-18.78536366797337,74.57434619182345,0.5688334596602371,2.5407004506904496,18.20571993820485,0.9459154086440001,107.3818904,3.285487275888,249.44426496599016,0,False,False
Lissajouswaveformsdifferentmediums/ionic liquid/20 kHz/75% breakdown/0_75breakdown-0005/0_75breakdown-0005_05.csv,75,119994.81622405129,0.01000032746,3.31732403111,1,-1,27.86096106276968,9.382688810725876,0.33676831138692725,-18.61189468892042,74.66745041283016,0.35323344749267566,2.539894364814416,18.252389570947543,0.945899597096,107.3818904,3.28557858176,249.49687269266917,0,False,False
Lissajouswaveformsdifferentmediums/ionic liquid/20 kHz/75% breakdown/0_75breakdown-0005/0_75breakdown-0005_09.csv,75,119994.81622405129,0.01000032746,3.31732403111,1,-1,27.87790465287243,9.395910385240551,0.33703789801406153,-18.625766376882538,74.55047989485861,0.37168005065212306,2.534173018958308,18.246894161637556,0.9460068215480001,107.3818904,3.2855786432759997,249.45336432899705,0,False,False
Lissajouswaveformsdifferentmediums/ionic liquid/20 kHz/75% breakdown/0_75breakdown-0005/0_75breakdown-0005_14.csv,75,119994.81622405129,0.01000032746,3.31732403111,1,-1,27.87702903362907,9.233787123100068,0.3312328265670282,-18.326565498852787,74.68361808417508,0.28811881373974596,2.5431898572049247,18.033393318112246,0.9460068215480001,107.3818904,3.2855786432759997,250.0376239681894,0,False,False
Lissajouswaveformsdifferentmediums/ionic liquid/20 kHz/75% breakdown/0_75breakdown-0005/0_75breakdown-0005_18.csv,75,119994.81622405129,0.01000032746,3.31732403111,1,-1,27.86553321214623,9.286960665322677,0.33327769451311307,-18.43207969241576,74.57681481360149,0.27837250911036854,2.539044418771535,18.148418944162046,0.945991012,107.3818904,3.2540069759179997,249.58374374549362,0,False,False
Lissajouswaveformsdifferentmediums/ionic liquid/20 kHz/75% breakdown/0_75breakdown-0005/0_75breakdown-0005_22.csv,75,119994.81622405129,0.01000032746,3.31732403111,1,-1,27.799465619830396,9.465909650881244,0.34050689248245325,-18.804062544720928,74.54151311117383,0.333939466859228,2.5383297430666616,18.46361930607162,0.945931216192,107.3818904,3.2855943913079995,249.66130172966666,0,False,False
Lissajouswaveformsdifferentmediums/ionic liquid/20 kHz/75% breakdown/0_75breakdown-0005/0_75breakdown-0005_26.csv,75,119994.81622405129,0.01000032746,3.31732403111,1,-1,27.791359053608428,9.463353551227128,0.340514241601956,-18.804439868520586,74.66078471721197,0.4433740359084557,2.543161135817465,18.353156836021043,0.9459154066440001,107.3818904,3.285594452822,249.3788002614994,0,False,False
Lissajouswaveformsdifferentmediums/ionic liquid/20 kHz/75% breakdown/0_75breakdown-0005/0_75breakdown-0005_30.csv,75,119994.81622405129,0.01000032746,3.31732403111,1,-1,27.857287022300877,9.467641450726576,0.3398622932357824,-18.770960483553687,74.53687558868926,0.46576996824283534,2.5334436704443806,18.296094966796346,0.945867978,107.3818904,3.2855787047919995,249.38945604299806,0,False,False
Lissajouswaveformsdifferentmediums/ionic liquid/20 kHz/75% breakdown/0_75breakdown-0005/0_75breakdown-0005_35.csv,75,119994.81622405129,0.01000032746,3.31732403111,1,-1,27.936245922393304,9.326298961764632,0.3338422416409501,-18.46118728356337,74.5964434316082,0.4131649021066612,2.5328921884163074,18.040288407059364,0.9459154086440001,107.3818904,3.285578704794,249.5083894972501,0,False,False
Lissajouswaveformsdifferentmediums/ionic liquid/20 kHz/75% breakdown/0_75breakdown-0005/0_75breakdown-0005_39.csv,75,119994.81622405129,0.01000032746,3.31732403111,1,-1,27.793560749588682,9.452523405696283,0.3400976035730208,-18.783045867156485,74.53383054393144,0.3287520011906606,2.538922888404683,18.447856457884257,0.977502881548,107.3818904,3.28548721437,249.44331100217946,0,False,False
Lissajouswaveformsdifferentmediums/ionic liquid/20 kHz/75% breakdown/0_75breakdown-0005/0_75breakdown-0005_43.csv,75,119994.81622405129,0.01000032746,3.31732403111,1,-1,27.76847755734185,9.378662725364132,0.33774493779852394,-18.66213663690692,74.48637349172564,0.38687817340035485,2.541432069346926,18.267433291515204,0.9460068215480001,107.3818904,3.2540384719819997,249.3065653823334,0,False,False
Lissajouswaveformsdifferentmediums/ionic liquid/20 kHz/75% breakdown/0_75breakdown-0005/0_75breakdown-0005_47.csv,75,119994.81622405129,0.01000032746,3.31732403111,1,-1,27.928993238961986,9.42352242431581,0.33741002920111146,-18.644910817389334,74.72605273010747,0.47553410989988204,2.535243907953971,18.161318271189003,0.9458837895480001,107.3818904,3.2855029624039997,249.60431209133216,0,False,False
Lissajouswaveformsdifferentmediums/ionic liquid/20 kHz/75% breakdown/0_75breakdown-0005/0_75breakdown-0005_51.csv,75,119994.81622405129,0.01000032746,3.31732403111,1,-1,27.849125849975227,9.358722551773225,0.3360508549600148,-18.57496666146282,74.6225947491327,0.30007453807407125,2.5399840892296672,18.26937960075651,0.9460542501920002,107.3818904,3.28551877195,249.44125009266415,0,False,False
Lissajouswaveformsdifferentmediums/ionic liquid/20 kHz/75% breakdown/0_75breakdown-0005/0_75breakdown-0005_56.csv,75,119994.81622405129,0.01000032746,3.31732403111,1,-1,27.92532312526048,9.485786307846157,0.3396840303439703,-18.761803865350515,74.61644227647814,0.4143363615813086,2.530088210174486,18.339824769998273,0.9144509657400002,107.3818904,3.2855029624039997,249.41520745256102,0,False,False
Lissajouswaveformsdifferentmediums/ionic liquid/20 kHz/75% breakdown/0_75breakdown-0005/0_75breakdown-0005_60.csv,75,119994.81622405129,0.01000032746,3.31732403111,1,-1,27.842144243502872,9.410140590256663,0.33798189205389867,-18.67432212196575,74.66689012396125,0.3655854515703323,2.540661316984913,18.30224324524829,0.9460226310959999,107.3818904,3.285578643276,249.4777117451803,0,False,False
Lissajouswaveformsdifferentmediums/ionic liquid/20 kHz/75% breakdown/0_75breakdown-0005/0_75breakdown-0005_64.csv,75,119994.81622405129,0.01000032746,3.31732403111,1,-1,27.7291398101285,9.469008074004075,0.34148221469695106,-18.854123443534466,74.57824219913782,0.44150015901471773,2.545296358881588,18.40425029153141,0.9773798495480001,107.3818904,3.285562895246,249.0150984604336,0,False,False
Lissajouswaveformsdifferentmediums/ionic liquid/20 kHz/90% breakdown/0_9breakdown-0006/0_9breakdown-0006_01.csv,90,119994.81622405129,0.01000032746,4.1067915,1,-1,35.88929564980349,19.544295820747966,0.5445717300070495,-28.571461928405355,83.74580801562695,4.386459425444846,2.0542231057076275,24.59740492797846,-0.6013605065239999,115.3112708,4.011602631636,390.04210301767677,0,False,False
Lissajouswaveformsdifferentmediums/ionic liquid/20 kHz/90% breakdown/0_9breakdown-0006/0_9breakdown-0006_05.csv,90,119994.81622405129,0.01000032746,4.106949595480001,1,-1,35.587980896284506,19.895929904948954,0.5590631838016455,-29.207948557604638,83.4089490662604,4.604191645572524,2.051218792566514,25.02052567120319,-0.6962719033960002,124.79084720000002,4.011570889506001,387.4209923827011,0,False,False
Lissajouswaveformsdifferentmediums/ionic liquid/20 kHz/90% breakdown/0_9breakdown-0006/0_9breakdown-0006_09.csv,90,119994.81622405129,0.01000032746,4.106712452260001,1,-1,35.948095085283626,20.22590520800071,0.5626419191341451,-29.363930112003594,83.72034809251029,4.7263460606643655,2.035391273821042,25.081748434074626,1.262062001284,110.56840580000001,4.043174322990001,394.5586896814571,0,False,False
Lissajouswaveformsdifferentmediums/ionic liquid/20 kHz/90% breakdown/0_9breakdown-0006/0_9breakdown-0006_14.csv,90,119994.81622405129,0.01000032746,4.1067915,1,-1,35.902134476019924,20.464983020093307,0.5700213460501202,-29.684063288300866,83.98498418052297,4.9064727469398335,2.0383826820176933,25.253274070615845,-0.69670734282,118.4485716,4.0115710125340005,392.4934730321919,0,False,False
Lissajouswaveformsdifferentmediums/ionic liquid/20 kHz/90% breakdown/0_9breakdown-0006/0_9breakdown-0006_18.csv,90,119994.81622405129,0.01000032746,4.1067915,1,-1,36.08741018854611,20.596459449246442,0.5707380868185331,-29.715048874838583,84.18402607665033,4.731051992653996,2.031644095268127,25.452141387938127,-0.7279822932320003,118.460877,4.0114478790220005,392.60118314301513,0,False,False
Lissajouswaveformsdifferentmediums/ionic liquid/20 kHz/90% breakdown/0_9breakdown-0006/0_9breakdown-0006_22.csv,90,119994.81622405129,0.01000032746,4.10687054774,1,-1,35.912607290456,20.250933972727655,0.5638948408546618,-29.418426955694304,83.9499812143307,4.536728750361115,2.0414203735857632,25.318648420369982,-0.759383557468,121.6289364,4.011570951024001,390.6015726383298,0,False,False
Lissajouswaveformsdifferentmediums/ionic liquid/20 kHz/90% breakdown/0_9breakdown-0006/0_9breakdown-0006_26.csv,90,119994.81622405129,0.01000032746,4.10687054774,1,-1,36.04885097599789,20.364479712201085,0.5649134205625639,-29.462687870109765,83.94344476581573,4.577933637861215,2.0327558232507466,25.325480741935223,-0.5383402158139999,120.03568059999998,4.011697365888001,390.52377498330475,0,False,False
Lissajouswaveformsdifferentmediums/ionic liquid/20 kHz/90% breakdown/0_9breakdown-0006/0_9breakdown-0006_30.csv,90,119994.81622405129,0.01000032746,4.26403459678,1,-1,36.23364764737372,21.53496018319234,0.5943359717125589,-30.72453889124863,84.4083007768532,5.322861404427429,2.00955673788654,25.943408412478334,-0.5070144598940001,116.89837919999998,4.043111084798001,395.62024771326287,0,False,False
Lissajouswaveformsdifferentmediums/ionic liquid/20 kHz/90% breakdown/0_9breakdown-0006/0_9breakdown-0006_35.csv,90,119994.81622405129,0.01000032746,4.106712452260001,1,-1,35.754461359120086,20.450906106315884,0.5719819381672592,-29.768776728042745,83.67189586798305,4.83495563420306,2.0373188047932564,25.386044299731623,1.5463686643760002,108.9874514,4.043142703896001,394.52116064400514,0,False,False
Lissajouswaveformsdifferentmediums/ionic liquid/20 kHz/90% breakdown/0_9breakdown-0006/0_9breakdown-0006_39.csv,90,119996.06412920872,0.01000032746,4.26403459679,1,-1,35.96369979637869,22.284827731671424,0.6196478075905684,-31.784334435441345,84.56408737903982,5.653148418805085,2.0065951801306485,26.71739225511587,0.031401573808,108.9874514,4.011586822084,393.1337204700749,3,False,False
Lissajouswaveformsdifferentmediums/ionic liquid/20 kHz/90% breakdown/0_9breakdown-0006/0_9breakdown-0006_43.csv,90,119994.81622405129,0.01000032746,4.10687054773,1,-1,35.87212577144755,21.421316652355095,0.5971577148462557,-30.84386302566921,84.2250615285898,5.330123166565618,2.0229412647911436,26.045872811947305,-0.6644913945280001,120.0541352,4.011523706928,392.0563690481418,0,False,False
Lissajouswaveformsdifferentmediums/ionic liquid/20 kHz/90% breakdown/0_9breakdown-0006/0_9breakdown-0006_47.csv,90,119994.81622405129,0.01000032746,4.10687054774,1,-1,35.76362474746418,20.305839589471322,0.5677791256578687,-29.587005902235223,83.81311411758472,4.499008222876296,2.043108284054167,25.5145829335234,-0.8857651436979999,113.72416419999999,3.9800465652740002,387.32319177054546,0,False,False
Lissajouswaveformsdifferentmediums/ionic liquid/20 kHz/90% breakdown/0_9breakdown-0006/0_9breakdown-0006_51.csv,90,119994.81622405129,0.01000032746,4.10687054774,1,-1,35.56649086868582,20.121349679979755,0.5657389635167919,-29.498532332612385,83.67057966346312,4.573905944780492,2.0529264898229815,25.351519114054213,-0.7915838072040001,115.2989664,3.9800783689200006,388.93587304651317,0,False,False
Lissajouswaveformsdifferentmediums/ionic liquid/20 kHz/90% breakdown/0_9breakdown-0006/0_9breakdown-0006_56.csv,90,119994.81622405129,0.01000032746,4.106949595480001,1,-1,35.47851988594851,20.335100470106298,0.5731665395139593,-29.819891766860867,83.72006124445146,4.6452729300612665,2.05282964656312,25.610883631452907,-0.7280929600580001,131.090058,4.0116025701160005,387.28399304086315,0,False,False
Lissajouswaveformsdifferentmediums/ionic liquid/20 kHz/90% breakdown/0_9breakdown-0006/0_9breakdown-0006_60.csv,90,119994.81622405129,0.01000032746,4.10694959547,1,-1,35.575272222744545,20.359654141426343,0.5722979156406761,-29.782416126975992,83.64855364077009,4.730287685580254,2.04647780468783,25.493011872723798,-0.7909993976380001,112.155513,3.9800467498220007,389.60700528425593,0,False,False
Lissajouswaveformsdifferentmediums/ionic liquid/20 kHz/90% breakdown/0_9breakdown-0006/0_9breakdown-0006_64.csv,90,119994.81622405129,0.01000032746,4.1067915,1,-1,35.63297734384238,20.10074687866454,0.5641051738310071,-29.42756983433145,83.69098110251062,4.545863265433027,2.0509620332035525,25.306895399787777,-0.60140786964,116.886072,4.011571074054,388.72576441700403,0,False,False
Lissajouswaveformsdifferentmediums/ionic liquid/Lissajousfigure20kHz-0006/Lissajousfigure20kHz-0006_01.csv,MAX,119994.81622405129,0.01000032746,7.58412314558,1,-1,16.12288995010423,62.443834651483556,3.8729926734431306,-75.52252121469722,109.22787981212609,12.428749784845806,1.7128533955200913,66.94011710864248,-1.7118121289920005,571.8565364000001,7.235917283802,917.2731226298569,0,False,False
Lissajouswaveformsdifferentmediums/ionic liquid/Lissajousfigure20kHz-0006/Lissajousfigure20kHz-0006_05.csv,MAX,119994.81622405129,0.01000032746,7.5840440979,1,-1,14.681882529081495,62.0874056168326,4.228845006343803,-76.69559364293961,108.61560217821034,12.973618202492444,1.723678803637703,67.69326893535137,-1.7117805713860004,570.2817386,7.267176359618001,920.2160515784636,0,False,False
Lissajouswaveformsdifferentmediums/ionic liquid/Lissajousfigure20kHz-0006/Lissajousfigure20kHz-0006_09.csv,MAX,119994.81622405129,0.01000032746,7.58436028886,1,-1,14.346083075011325,61.36826797605143,4.277701980057924,-76.84223222882883,107.9250926963784,12.952754632796864,1.734037476335773,67.79758960974848,-1.8063601543140002,565.545029,7.361898180934,920.5969617519363,0,False,False
Lissajouswaveformsdifferentmediums/ionic liquid/Lissajousfigure20kHz-0006/Lissajousfigure20kHz-0006_14.csv,MAX,119994.81622405129,0.01000032746,7.58420219326,1,-1,14.511970459704626,61.77848850018607,4.257070993337972,-76.78069977627224,108.30543638667353,12.96428290617387,1.728046639364712,67.75940723372415,-1.8063128031720002,567.1198270000001,7.298985023146001,919.8501738984783,0,False,False
Lissajouswaveformsdifferentmediums/ionic liquid/Lissajousfigure20kHz-0006/Lissajousfigure20kHz-0006_18.csv,MAX,119994.81622405129,0.01000032746,7.584439028979999,1,-1,15.310802481241083,62.16516694993324,4.060216113825418,-76.16386918658064,108.94226204615411,12.362016887491414,1.7207789532235716,67.60481455565031,-1.7749114634120005,565.5450244000001,7.298723117594,917.3735910451776,0,False,False
Lissajouswaveformsdifferentmediums/ionic liquid/Lissajousfigure20kHz-0006/Lissajousfigure20kHz-0006_22.csv,MAX,119994.81622405129,0.01000032746,7.742060957660001,1,-1,13.832058161286925,61.247938264991106,4.427969977484005,-77.27397224718659,107.56456415284758,13.241926843426075,1.7357591414237428,68.00041158624768,-1.9327135638720003,563.9640708,7.362008724770002,919.5412325969269,0,False,False
Lissajouswaveformsdifferentmediums/ionic liquid/Lissajousfigure20kHz-0006/Lissajousfigure20kHz-0006_26.csv,MAX,119994.81622405129,0.01000032746,7.58443933654,1,-1,14.196686640613793,61.05985444527529,4.30099332266697,-76.91102641879893,107.45154687826742,13.346478133327903,1.7371590697240602,67.55587755868737,-1.838042478504,568.7007804000001,7.330651448750001,921.8109490849736,0,False,False
Lissajouswaveformsdifferentmediums/ionic liquid/Lissajousfigure20kHz-0006/Lissajousfigure20kHz-0006_30.csv,MAX,119994.81622405129,0.01000032746,7.741981909980001,1,-1,14.217089982068867,61.022648547037576,4.292203863378628,-76.88514873464372,107.38361012275548,13.249641041733732,1.7366334375390091,67.59091626198108,-1.9012016702899999,567.125978,7.362005456918,920.0811191801567,0,False,False
Lissajouswaveformsdifferentmediums/ionic liquid/Lissajousfigure20kHz-0006/Lissajousfigure20kHz-0006_35.csv,MAX,119994.81622405129,0.01000032746,7.8996823389,1,-1,9.99208182092478,58.30841955105767,5.835462578874394,-80.27590307223501,104.2138436447951,14.473791903166006,1.7912470129588598,69.8384250505575,-2.1851866205399997,554.4845004,7.456711297638002,917.2042509412521,0,False,False
Lissajouswaveformsdifferentmediums/ionic liquid/Lissajousfigure20kHz-0006/Lissajousfigure20kHz-0006_39.csv,MAX,119994.81622405129,0.01000032746,7.74166547902,1,-1,11.134098899694806,59.20433840255778,5.317389304327143,-79.34922947008425,105.28589576675694,14.241342946257886,1.7756139827242867,69.17819193583131,-1.964439896244,562.3892684,7.330619891178001,918.535019850645,0,False,False
Lissajouswaveformsdifferentmediums/ionic liquid/Lissajousfigure20kHz-0006/Lissajousfigure20kHz-0006_43.csv,MAX,119994.81622405129,0.01000032746,7.74198166998,1,-1,11.887901054260311,59.51600452504273,5.006435051351118,-78.70423081706947,105.69544822286001,13.826593690251846,1.767534793562727,68.8610167352576,-1.99588853124,560.8083148000001,7.393580320082001,918.8854509271853,0,False,False
Lissajouswaveformsdifferentmediums/ionic liquid/Lissajousfigure20kHz-0006/Lissajousfigure20kHz-0006_47.csv,MAX,119994.81622405129,0.01000032746,7.7421396979,1,-1,12.148152434338023,60.302486365601254,4.9639224311303485,-78.61000857414192,106.47514683123126,13.702638621085134,1.7559449536062206,68.92342310582288,-1.9642096618259999,562.3892684,7.362008724758001,922.1510466328117,0,False,False
Lissajouswaveformsdifferentmediums/ionic liquid/Lissajousfigure20kHz-0006/Lissajousfigure20kHz-0006_51.csv,MAX,119994.81622405129,0.01000032746,7.741665479020001,1,-1,11.719399018140523,59.91945142847831,5.112843357899894,-78.93345543820904,106.35948440909162,13.523536356625863,1.766632812605086,69.36092046971268,-1.93280503022,562.3831126000001,7.330449390546001,925.2593365383342,0,False,False
Lissajouswaveformsdifferentmediums/ionic liquid/Lissajousfigure20kHz-0006/Lissajousfigure20kHz-0006_56.csv,MAX,119994.81622405129,0.01000032746,7.5839650501,1,-1,15.012157648992634,62.69288696115368,4.176140993653939,-76.53376789153938,109.46023305772944,12.50079057261685,1.7173428590678859,67.92041165244413,-1.6485896630180001,570.2755827999999,7.204266592694001,920.986196556839,0,False,False
Lissajouswaveformsdifferentmediums/ionic liquid/Lissajousfigure20kHz-0006/Lissajousfigure20kHz-0006_60.csv,MAX,119994.81622405129,0.01000032746,7.741744526700001,1,-1,11.82626715300825,60.58053997943686,5.122541136239001,-78.95389039264244,106.68867047548177,13.70777679594201,1.753396004292975,69.28276849291385,-1.901170148638,562.3892684,7.361961296106001,924.9809546214655,0,False,False
Lissajouswaveformsdifferentmediums/ionic liquid/Lissajousfigure20kHz-0006/Lissajousfigure20kHz-0006_64.csv,MAX,119994.81622405129,0.01000032746,7.742060957660001,1,-1,11.830138771236175,60.54367694708073,5.117748668704273,-78.94380112932548,106.4786818339477,13.762669667032476,1.7512467500122977,69.21590486440618,-2.0276623642660003,557.6464030000001,7.361945609600001,918.3397770321976,0,False,False
Lissajouswaveformsdifferentmediums/argon/4 kHz/breakdown/breakdown-0013/breakdown-0013_01.csv,100,127994.47063898804,0.01000032746,4.10704474237,-1,-1,6.562543714482946,-28.023118044526072,-4.270160971679558,76.81980633577456,76.38835440544383,1.9588720230112968,2.655447445574019,78.6461535202356,1.6437840142800002,91.59079779999999,3.9488545896360003,353.0603778947911,0,False,False
Lissajouswaveformsdifferentmediums/argon/4 kHz/breakdown/breakdown-0013/breakdown-0013_05.csv,100,127994.47063898804,0.01000032746,4.10704474237,-1,-1,6.635796961644092,-27.970807977712315,-4.215139212273643,76.65387906616347,76.62020540630971,1.8030047260075859,2.666453542584077,78.32990683532284,1.580451040028,110.54379999999999,3.886057855644,361.07140856881847,0,False,False
Lissajouswaveformsdifferentmediums/argon/4 kHz/breakdown/breakdown-0013/breakdown-0013_09.csv,100,127994.47063898804,0.01000032746,4.107032331874819,-1,-1,6.673414231602527,-27.99107619681473,-4.194416115256353,76.5903168354556,76.39185632286683,1.9450496552395349,2.656074908387667,78.40370234478166,1.6441629752880003,104.21998080000002,3.8856795127920005,356.8737430085227,0,False,False
Lissajouswaveformsdifferentmediums/argon/4 kHz/breakdown/breakdown-0013/breakdown-0013_14.csv,100,127994.47063898804,0.01000032746,4.10704474237,-1,-1,6.714425367801169,-27.841166053389646,-4.146470401905298,76.44095420655064,76.56203380236899,1.8716338419069716,2.67454811387407,78.18206045388737,1.61235415423,101.064223,3.9175538796440006,356.46878999375974,0,False,False
Lissajouswaveformsdifferentmediums/argon/4 kHz/breakdown/breakdown-0013/breakdown-0013_18.csv,100,127994.47063898804,0.01000032746,4.10704474237,-1,-1,6.803158696587883,-27.86158349742284,-4.095389324285025,76.27819043066887,76.50116795384464,1.8999354491521245,2.6686627212485092,78.04701325882584,1.5805143282200005,96.32751040000001,3.9177716858960006,356.9801098809159,0,False,False
Lissajouswaveformsdifferentmediums/argon/4 kHz/breakdown/breakdown-0013/breakdown-0013_22.csv,100,127994.47063898804,0.01000032746,4.10696569463,-1,-1,6.84182057980104,-27.770286835350102,-4.058903110867263,76.15956544371139,76.34421405253367,1.9211603374271549,2.670620384463093,77.9518103634241,1.5494005345760002,121.61048360000002,3.9175380325780003,366.5594386092978,0,False,False
Lissajouswaveformsdifferentmediums/argon/4 kHz/breakdown/breakdown-0013/breakdown-0013_26.csv,100,127994.47063898804,0.01000032746,4.10704474237,-1,-1,6.707134227208812,-27.848553714479458,-4.152079378627359,76.45859596746429,76.33216217038175,1.9838680120985037,2.6661687881953986,78.30959265534898,1.5493531179320006,120.0295288,3.9488229705400006,365.7880220360451,0,False,False
Lissajouswaveformsdifferentmediums/argon/4 kHz/breakdown/breakdown-0013/breakdown-0013_30.csv,100,127994.47063898804,0.01000032746,4.10696569463,-1,-1,6.725600659298997,-27.945616732116214,-4.1551109183798856,76.46811224499686,76.50949164880737,1.810691941428758,2.662949936361479,78.15371599581229,1.612120920012,110.54379999999999,3.886042046096,364.2054067845032,0,False,False
Lissajouswaveformsdifferentmediums/argon/4 kHz/breakdown/breakdown-0013/breakdown-0013_35.csv,100,127994.47063898804,0.01000032746,4.10704474237,-1,-1,6.647224427065959,-27.81024217421558,-4.183737510197296,76.55733064563103,76.4974273099481,1.8439878114223511,2.6765334495649213,78.27418226609007,1.67535874043,107.38189039999999,3.8859664267400005,360.4731458250439,0,False,False
Lissajouswaveformsdifferentmediums/argon/4 kHz/breakdown/breakdown-0013/breakdown-0013_39.csv,100,127994.47063898804,0.01000032746,4.10704474237,-1,-1,6.730601964027561,-27.953421907228115,-4.153183037212457,76.46206197167757,76.3818735467963,1.912940802811609,2.65783606721007,78.24576457444431,1.643597877124,118.44857400000001,3.917613713452,364.7800726877681,0,False,False
Lissajouswaveformsdifferentmediums/argon/4 kHz/breakdown/breakdown-0013/breakdown-0013_43.csv,100,127994.47063898804,0.01000032746,4.10704474237,-1,-1,6.72371375507965,-27.932180528635357,-4.154278654044883,76.4655009992839,76.48776038050245,1.891840830719907,2.6635512544762188,78.22710111027217,1.58054575028,121.61048360000002,3.9172512551840004,369.32079268690364,0,False,False
Lissajouswaveformsdifferentmediums/argon/4 kHz/breakdown/breakdown-0013/breakdown-0013_47.csv,100,127994.47063898804,0.01000032746,4.10704474237,-1,-1,6.763690530323271,-27.825535105167212,-4.113957458641634,76.33779710940708,76.34794416187901,1.8963740271122533,2.6674443484813803,78.10684736291302,1.6126229030280006,120.0295288,3.8860894747400003,366.07427469181573,0,False,False
Lissajouswaveformsdifferentmediums/argon/4 kHz/breakdown/breakdown-0013/breakdown-0013_51.csv,100,127994.47063898804,0.01000032746,4.10704474237,-1,-1,6.72855322975318,-27.83861220914305,-4.137384554831595,76.41228083342736,76.4659848309453,1.8718689569204765,2.6711185302171816,78.15579159427483,1.5486333026720003,90.00984299999999,3.9492011903560007,353.385991381402,0,False,False
Lissajouswaveformsdifferentmediums/argon/4 kHz/breakdown/breakdown-0013/breakdown-0013_56.csv,100,127994.47063898804,0.01000032746,4.10704474237,-1,-1,6.851519003266672,-27.88578716472459,-4.070015299005839,76.19590612554448,76.51796734546625,1.9311073049236651,2.6660354325431124,77.99333632939272,1.5809880234800004,108.9628452,3.885663764762,363.24631383218104,0,False,False
Lissajouswaveformsdifferentmediums/argon/4 kHz/breakdown/breakdown-0013/breakdown-0013_60.csv,100,127994.47063898804,0.01000032746,4.10704474237,-1,-1,6.796513763868583,-27.758518948049364,-4.084229049254391,76.2421180936182,76.49293743542687,1.8618327120557128,2.6778203625191064,77.97567587197778,1.5809880234800004,113.70570959999999,3.8856920169920004,363.2055008518515,0,False,False
Lissajouswaveformsdifferentmediums/argon/4 kHz/breakdown/breakdown-0013/breakdown-0013_64.csv,100,127994.47063898804,0.01000032746,4.10696569463,-1,-1,6.869183999414889,-27.649319557629994,-4.025124317529584,76.04793632515653,76.25692355019189,1.8842496791325996,2.677899508279908,77.8077801216746,1.5806403739780004,118.44857400000001,3.9176927611920007,360.5910572011722,0,False,False
Lissajouswaveformsdifferentmediums/argon/4 kHz/breakdown/105% breakdown/105breakdown-0018/105breakdown-0018_01.csv,105,127994.47063898804,0.01000032746,4.4231566546300005,-1,-1,2.4100213503548593,-30.706939039391337,-12.741355604534352,85.51236382554016,76.82339591888606,2.357031044238974,2.4959696892902463,87.69716937379741,1.6122187135479997,116.8676192,4.265045464118,400.41948040452786,0,False,False
Lissajouswaveformsdifferentmediums/argon/4 kHz/breakdown/105% breakdown/105breakdown-0018/105breakdown-0018_05.csv,105,127994.47063898804,0.01000032746,4.4232357023699995,-1,-1,2.754379959790728,-30.498049553365455,-11.07256442414816,84.83942854676498,76.6523145417831,2.2101179469481655,2.5047718449396044,86.89274438257411,1.6437745833560005,113.7057096,4.327936126616,402.74240218871176,0,False,False
Lissajouswaveformsdifferentmediums/argon/4 kHz/breakdown/105% breakdown/105breakdown-0018/105breakdown-0018_09.csv,105,127994.47063898804,0.01000032746,4.423314750109999,-1,-1,3.594008653882258,-30.11998027648169,-8.38060872333905,83.1954640361192,76.7881600175408,2.189465119190168,2.5330422222393048,85.22601292562996,1.6438378335480002,113.7057096,4.29633625503,401.7849434785627,0,False,False
Lissajouswaveformsdifferentmediums/argon/4 kHz/breakdown/105% breakdown/105breakdown-0018/105breakdown-0018_14.csv,105,127994.47063898804,0.01000032746,4.4232357023699995,-1,-1,3.7852240016260503,-29.586820027719376,-7.816398716432507,82.70940278569043,76.55418214646657,2.4675460804632365,2.5685838954319404,85.0045762769393,1.675270607356,113.7057096,4.296490898126,394.6554623380033,0,False,False
Lissajouswaveformsdifferentmediums/argon/4 kHz/breakdown/105% breakdown/105breakdown-0018/105breakdown-0018_18.csv,105,127994.47063898804,0.01000032746,4.4232357023699995,-1,-1,2.860789283610593,-30.752973414123762,-10.749821243496317,84.68536646164068,76.76743209182261,2.4220423467775865,2.4874412436258453,86.9320071227834,1.6122853921240003,131.0962124,4.2650296785699995,403.99134006086695,0,False,False
Lissajouswaveformsdifferentmediums/argon/4 kHz/breakdown/105% breakdown/105breakdown-0018/105breakdown-0018_22.csv,105,127994.47063898804,0.01000032746,4.4232232918748196,-1,-1,3.4088586943321406,-30.163071608424353,-8.848437061523274,83.55211549112177,76.75822017789976,2.3246443935032226,2.5304698444391334,85.70875727416549,1.6751600140380005,113.7057096,4.265061236148,401.9198033798408,0,False,False
Lissajouswaveformsdifferentmediums/argon/4 kHz/breakdown/105% breakdown/105breakdown-0018/105breakdown-0018_26.csv,105,127994.47063898804,0.01000032746,4.423314750109999,-1,-1,2.8977612413039044,-30.55998283867698,-10.546066529941548,84.58329036426848,76.72026023250675,2.2413110090772386,2.500918991158073,86.66371836430275,1.6437904049040002,124.77239319999998,4.296601311444,405.27867448828397,0,False,False
Lissajouswaveformsdifferentmediums/argon/4 kHz/breakdown/105% breakdown/105breakdown-0018/105breakdown-0018_30.csv,105,127994.47063898804,0.01000032746,4.42339379785,-1,-1,3.408832072651928,-30.472436572151153,-8.93926011099892,83.61708270594063,76.9171233884755,2.2416607795711423,2.5101536929094053,85.69251423010715,1.6437622141919999,131.0962124,4.2650454265999995,405.39416441795566,0,False,False
Lissajouswaveformsdifferentmediums/argon/4 kHz/breakdown/105% breakdown/105breakdown-0018/105breakdown-0018_35.csv,105,127994.47063898804,0.01000032746,4.4232357023699995,-1,-1,3.3050913458485467,-30.126217401055314,-9.11509372922361,83.73922432824482,76.71327263719814,2.3077258886447067,2.5329789129046416,85.88143822561378,1.6121870944520007,115.28666439999999,4.265045488117999,402.11077908265037,0,False,False
Lissajouswaveformsdifferentmediums/argon/4 kHz/breakdown/105% breakdown/105breakdown-0018/105breakdown-0018_39.csv,105,127994.47063898804,0.01000032746,4.4231566546300005,-1,-1,2.7914318238051306,-30.277821432064925,-10.846699236520067,84.73256625072798,76.46062031372185,2.337411899353257,2.5164531093281055,86.90947358247243,1.643604094712,120.0295288,4.327967697714,399.6737748789575,0,False,False
Lissajouswaveformsdifferentmediums/argon/4 kHz/breakdown/105% breakdown/105breakdown-0018/105breakdown-0018_43.csv,105,127994.47063898804,0.01000032746,4.423314750109999,-1,-1,3.1477415729036906,-30.42062157861678,-9.664269087552423,84.09240401099431,76.80686789168853,2.272806469477979,2.513119615528128,86.19966378383373,1.5811178547240001,123.1914384,4.264998120992001,404.44817627783493,0,False,False
Lissajouswaveformsdifferentmediums/argon/4 kHz/breakdown/105% breakdown/105breakdown-0018/105breakdown-0018_47.csv,105,127994.47063898804,0.01000032746,4.4232357023699995,-1,-1,3.2431727605101806,-30.327807466723154,-9.351277192508338,83.89614260316712,76.84175131993348,2.1988651181946195,2.520936337512818,85.93398084486256,1.6441855560800003,116.8676192,4.32792031707,402.9441378339729,0,False,False
Lissajouswaveformsdifferentmediums/argon/4 kHz/breakdown/105% breakdown/105breakdown-0018/105breakdown-0018_51.csv,105,127994.47063898804,0.01000032746,4.423314750109999,-1,-1,3.2371474705609264,-30.23243738162627,-9.339221538890119,83.88832295491059,76.81883370889408,2.273641133263539,2.5282092146053854,85.99602783305002,1.6442487327480004,116.8676192,4.328062541482,401.93116848996027,0,False,False
Lissajouswaveformsdifferentmediums/argon/4 kHz/breakdown/105% breakdown/105breakdown-0018/105breakdown-0018_56.csv,105,127994.47063898804,0.01000032746,4.4231566546300005,-1,-1,2.6703328458776325,-30.376759856681247,-11.375645513096181,84.97620837453144,76.57855427394597,2.2617866469484116,2.5129671781161624,87.07950673752154,1.6754252744520002,112.1247548,4.296348673712,401.06891893449426,0,False,False
Lissajouswaveformsdifferentmediums/argon/4 kHz/breakdown/105% breakdown/105breakdown-0018/105breakdown-0018_60.csv,105,127994.47063898804,0.01000032746,4.4231566546300005,-1,-1,2.6812987591667086,-30.519419002612356,-11.382326903435837,84.97914224643921,76.69271999735126,2.252581933735965,2.504942121329483,87.07077303821293,1.612373392644,115.28666439999999,4.296395958356001,399.03939118938666,0,False,False
Lissajouswaveformsdifferentmediums/argon/4 kHz/breakdown/105% breakdown/105breakdown-0018/105breakdown-0018_64.csv,105,127994.47063898804,0.01000032746,4.423314750109999,-1,-1,3.0565872864529906,-30.570138167840923,-10.001395446264507,84.29019836880178,76.88983973912568,2.2573378980065657,2.5043824616031296,86.38087259139974,1.6441856316039998,108.9628452,4.296288887904001,404.6521619032322,0,False,False
Lissajouswaveformsdifferentmediums/argon/4 kHz/breakdown/115% breakdown/115breakdown-0019/115breakdown-0019_01.csv,115,127994.47063898804,0.01000032746,5.212956403600002,-1,-1,17.53789678477113,-19.247745873096484,-1.097494534795648,47.66127399707483,78.20918830720052,2.4188132956587083,3.0057073343211074,49.863602829062444,3.4765418354100004,208.5014782,5.118326404310001,502.8407040642712,0,False,False
Lissajouswaveformsdifferentmediums/argon/4 kHz/breakdown/115% breakdown/115breakdown-0019/115breakdown-0019_05.csv,115,127994.47063898804,0.01000032746,5.212956403600002,-1,-1,17.53132358654603,-19.520367464477776,-1.1134565720672789,48.072856576338246,78.30222217568476,2.429556742904908,2.9866144211758003,50.28233194217151,3.4764153965460003,211.6633874,5.118326404310001,502.83053938796917,0,False,False
Lissajouswaveformsdifferentmediums/argon/4 kHz/breakdown/115% breakdown/115breakdown-0019/115breakdown-0019_09.csv,115,127994.47063898804,0.01000032746,5.213035451330001,-1,-1,17.564741315963758,-19.597725082789278,-1.1157423118425227,48.131261521733066,78.41968445960983,2.4826163695291936,2.982104896660717,50.385562496632986,3.4448911423279998,214.8252956,5.149822452304001,504.80214963337386,0,False,False
Lissajouswaveformsdifferentmediums/argon/4 kHz/breakdown/115% breakdown/115breakdown-0019/115breakdown-0019_14.csv,115,127994.47063898804,0.01000032746,5.213035451330001,-1,-1,17.64263321394793,-19.926032244033305,-1.1294250695117418,48.478121514492315,78.57545022445623,2.4997429396492894,2.954710631914983,50.743462825759536,3.476541833396,214.825298,5.118358023416001,505.9886766109514,0,False,False
Lissajouswaveformsdifferentmediums/argon/4 kHz/breakdown/115% breakdown/115breakdown-0019/115breakdown-0019_18.csv,115,127994.47063898804,0.01000032746,4.896578349214881,-1,-1,12.805543366642404,-18.25639993358992,-1.4256638247109947,54.9531191203705,74.11753089632128,1.1292782235475598,3.3242923751491693,56.03849361697684,9.448819199999944e-05,9.448819199999999,0.03147243995200001,18.502601609157097,0,False,False
Lissajouswaveformsdifferentmediums/argon/4 kHz/breakdown/115% breakdown/115breakdown-0019/115breakdown-0019_22.csv,115,127994.47063898804,0.01000032746,5.213035451330001,-1,-1,17.575895842208084,-19.76626038689891,-1.1246232092153572,48.356930153568435,78.46850414023243,2.463199286745134,2.9689011356775605,50.59222757031475,3.50806607613,214.825298,5.118405329018001,505.03310893382974,0,False,False
Lissajouswaveformsdifferentmediums/argon/4 kHz/breakdown/115% breakdown/115breakdown-0019/115breakdown-0019_26.csv,115,127994.47063898804,0.01000032746,5.213035451330001,-1,-1,17.560147206631108,-19.504388390846035,-1.1107189570415867,48.00273045691979,78.32594738590817,2.4244048656255646,2.9866672858566248,50.20685807547798,3.476526047874,214.8252956,5.1497908947380004,504.85652633553485,0,False,False
Lissajouswaveformsdifferentmediums/argon/4 kHz/breakdown/115% breakdown/115breakdown-0019/115breakdown-0019_30.csv,115,127994.47063898804,0.01000032746,5.2131144991300005,-1,-1,17.64623893265275,-19.765586779832912,-1.1201019580018552,48.242291436671636,78.50906803077305,2.5354253256801105,2.9653780222115675,50.541875427359855,3.4134617389000006,216.40625160000002,5.1183737099240005,505.4443571160079,0,False,False
Lissajouswaveformsdifferentmediums/argon/4 kHz/breakdown/115% breakdown/115breakdown-0019/115breakdown-0019_35.csv,115,127994.47063898804,0.01000032746,5.213035451330001,-1,-1,17.548345885434998,-19.63743846354369,-1.1190478345792478,48.21548947468972,78.42524810533581,2.4604273791521845,2.9801621011150066,50.4495042571985,3.476478571222,211.6633874,5.118357900364001,505.0923920549879,0,False,False
Lissajouswaveformsdifferentmediums/argon/4 kHz/breakdown/115% breakdown/115breakdown-0019/115breakdown-0019_39.csv,115,127994.47063898804,0.01000032746,5.2131144991300005,-1,-1,17.58353618297494,-20.049579930839574,-1.1402473155685462,48.74914954161287,78.55014776210669,2.459789479386947,2.9477482026372024,50.979037995945674,3.44506504734,217.9872052,5.118357961898,506.1369400174445,0,False,False
Lissajouswaveformsdifferentmediums/argon/4 kHz/breakdown/115% breakdown/115breakdown-0019/115breakdown-0019_43.csv,115,127994.47063898804,0.01000032746,5.213035451330001,-1,-1,17.562547315934204,-20.096289824671878,-1.1442696474012546,48.84914405922204,78.62832351217425,2.4631024210601695,2.948326442301479,51.07981498478904,3.4449701660759997,219.5681588,5.118342152334002,506.03633440530143,0,False,False
Lissajouswaveformsdifferentmediums/argon/4 kHz/breakdown/115% breakdown/115breakdown-0019/115breakdown-0019_47.csv,115,127994.47063898804,0.01000032746,5.2131144991300005,-1,-1,17.564629871315894,-20.043875790816042,-1.1411499096573,48.77162259212384,78.58255012618841,2.496424263352282,2.9508829833625,51.03375535851217,3.413319452956,217.9872052,5.1183737714280015,506.3620507814006,0,False,False
Lissajouswaveformsdifferentmediums/argon/4 kHz/breakdown/115% breakdown/115breakdown-0019/115breakdown-0019_51.csv,115,127994.47063898804,0.01000032746,5.213035451330001,-1,-1,17.58455983868592,-19.68165690844731,-1.1192578653659437,48.22083192134871,78.4480983020271,2.4626589263858465,2.9745835811683246,50.45622019677441,3.4134266774199995,211.6633874,5.118342213856001,503.55352408867833,0,False,False
Lissajouswaveformsdifferentmediums/argon/4 kHz/breakdown/115% breakdown/115breakdown-0019/115breakdown-0019_56.csv,115,127994.47063898804,0.01000032746,5.213035451330001,-1,-1,17.518857663634265,-20.02762808650798,-1.1432039960049127,48.822690944800804,78.682499095734,2.4937322353345013,2.9593308434095915,51.079519381076324,3.4448595012360004,216.4062516,5.118326342792001,506.10176061524356,0,False,False
Lissajouswaveformsdifferentmediums/argon/4 kHz/breakdown/115% breakdown/115breakdown-0019/115breakdown-0019_60.csv,115,127994.47063898804,0.01000032746,5.2131144991300005,-1,-1,17.519869718640628,-20.247871423109103,-1.1557090177198042,49.13135654392117,78.69963637312767,2.4776033712033483,2.9415025995576265,51.37311553706138,3.4449543324920002,221.1491148,5.118342152332001,507.3688422928689,0,False,False
Lissajouswaveformsdifferentmediums/argon/4 kHz/breakdown/115% breakdown/115breakdown-0019/115breakdown-0019_64.csv,115,127994.47063898804,0.01000032746,5.213035451330001,-1,-1,17.394470759264458,-19.998545979233874,-1.1497070681832884,48.983685459471815,78.4890115575087,2.468063139327062,2.963565265219196,51.222807632009676,3.44492273942,214.8252956,5.118326404310001,504.9925618149817,0,False,False
Lissajouswaveformsdifferentmediums/argon/4 kHz/breakdown/40% breakdown/0_4breakdown-0014/0_4breakdown-0014_01.csv,40,127994.47063898804,0.01000032746,1.57865156032,-1,-1,4.959400960644845,-25.271498147664335,-5.09567553585714,78.89709609157198,71.03813365200794,2.773062222266178,2.7616320015563818,81.67603432613348,-0.315184600858,25.2337596,1.578604316224,121.16339143521829,0,False,False
Lissajouswaveformsdifferentmediums/argon/4 kHz/breakdown/40% breakdown/0_4breakdown-0014/0_4breakdown-0014_05.csv,40,127994.47063898804,0.01000032746,1.57865156032,-1,-1,4.884123001831877,-25.567218847924398,-5.234761458369284,79.1850480778457,71.58725327444209,2.5973853782973597,2.7530279766619334,81.76824697388213,-0.37794647040400003,25.233759599999996,1.5785886297060001,119.95434236904369,0,False,False
Lissajouswaveformsdifferentmediums/argon/4 kHz/breakdown/40% breakdown/0_4breakdown-0014/0_4breakdown-0014_09.csv,40,127994.47063898804,0.01000032746,1.57865156032,-1,-1,4.403965275724464,-25.38348479500183,-5.763779504557101,80.1573174669057,71.32650664324596,2.6247973215399973,2.7714939958040445,82.77727066385143,-0.377978089496,25.2337596,1.578604316224,120.18138060229177,0,False,False
Lissajouswaveformsdifferentmediums/argon/4 kHz/breakdown/40% breakdown/0_4breakdown-0014/0_4breakdown-0014_14.csv,40,127994.47063898804,0.01000032746,1.57865156032,-1,-1,4.876960559237448,-25.799726778208495,-5.2901241387612306,79.29560100271458,71.04176844885099,2.714916926310358,2.7087227709974515,82.0162202277161,-0.378069502404,25.233759599999996,1.578604316224,120.22780099855457,0,False,False
Lissajouswaveformsdifferentmediums/argon/4 kHz/breakdown/40% breakdown/0_4breakdown-0014/0_4breakdown-0014_18.csv,40,127994.47063898804,0.01000032746,1.57865156032,-1,-1,4.843167393266943,-25.62530090517191,-5.291021107549711,79.29737376038868,71.18575855006796,2.6946956118645518,2.7326460083728104,81.99230519541891,-0.346573440404,25.233759599999996,1.5786043162240002,119.60566514769872,0,False,False
Lissajouswaveformsdifferentmediums/argon/4 kHz/breakdown/40% breakdown/0_4breakdown-0014/0_4breakdown-0014_22.csv,40,127994.47063898804,0.01000032746,1.57865156032,-1,-1,4.4368211931533885,-25.058927024267902,-5.6479461157770325,79.95952186401841,71.70088566582812,2.5273556383367,2.820174938031298,82.46918552606263,-0.37805369285800006,25.233759599999996,1.5785885681920004,120.39944351332387,0,False,False
Lissajouswaveformsdifferentmediums/argon/4 kHz/breakdown/40% breakdown/0_4breakdown-0014/0_4breakdown-0014_26.csv,40,127994.47063898804,0.01000032746,1.57865156032,-1,-1,4.734831273764768,-25.582654142540814,-5.403076194983288,79.5143637027257,71.36599201072283,2.4172322513012388,2.7454708433611668,81.92605678454728,-0.34680369685800005,25.233759599999996,1.5786200642560002,120.16542559271578,0,False,False
Lissajouswaveformsdifferentmediums/argon/4 kHz/breakdown/40% breakdown/0_4breakdown-0014/0_4breakdown-0014_30.csv,40,127994.47063898804,0.01000032746,1.57865156032,-1,-1,4.461432539362951,-25.88980789587635,-5.8030257473249085,80.22259512658184,70.9101130374841,2.377353756964833,2.7014814733159414,82.60977854188818,-0.31495434640400005,25.233759599999996,1.578604316224,120.04171662964738,0,False,False
Lissajouswaveformsdifferentmediums/argon/4 kHz/breakdown/40% breakdown/0_4breakdown-0014/0_4breakdown-0014_35.csv,40,127994.47063898804,0.01000032746,1.57865156032,-1,-1,4.617443164292903,-25.465032210945097,-5.514963867420925,79.72251718945418,71.18574231655116,2.829622757597333,2.7539368519787493,82.55217412929923,-0.315323444404,25.233759599999996,1.5785885681920002,120.34253831388611,0,False,False
Lissajouswaveformsdifferentmediums/argon/4 kHz/breakdown/40% breakdown/0_4breakdown-0014/0_4breakdown-0014_39.csv,40,127994.47063898804,0.01000032746,1.57865156032,-1,-1,4.519347291064858,-25.468761549964004,-5.635495550500833,79.93779213276049,71.07962749400362,2.9759939767077337,2.7516495738774767,82.91799996204679,-0.37808531195,25.233759599999996,1.578604316224,119.99684517276566,0,False,False
Lissajouswaveformsdifferentmediums/argon/4 kHz/breakdown/40% breakdown/0_4breakdown-0014/0_4breakdown-0014_43.csv,40,127994.47063898804,0.01000032746,1.57865156032,-1,-1,4.876162371722536,-24.86184192163331,-5.09864931196922,78.90341106969187,71.03364846248559,3.04144354299398,2.807689616990306,81.95100674345696,-0.41019653994999994,25.2337596,1.5785886297060001,120.47536430328003,0,False,False
Lissajouswaveformsdifferentmediums/argon/4 kHz/breakdown/40% breakdown/0_4breakdown-0014/0_4breakdown-0014_47.csv,40,127994.47063898804,0.01000032746,1.57865156032,-1,-1,4.496080523244784,-25.378469212420736,-5.644576221714399,79.95364962661097,71.00235052018846,3.0262015201077657,2.7587078930669855,82.98733519035997,-0.346803696858,25.233759599999996,1.5785885681920002,119.92269943947609,0,False,False
Lissajouswaveformsdifferentmediums/argon/4 kHz/breakdown/40% breakdown/0_4breakdown-0014/0_4breakdown-0014_51.csv,40,127994.47063898804,0.01000032746,1.57865156032,-1,-1,4.5683092605297535,-25.642034118159575,-5.6130250068022,79.89833821903535,71.16954385245472,2.7252466307156293,2.735573179301928,82.62439754135184,-0.34629575731199996,23.652805,1.578604316224,120.00363010597354,0,False,False
Lissajouswaveformsdifferentmediums/argon/4 kHz/breakdown/40% breakdown/0_4breakdown-0014/0_4breakdown-0014_56.csv,40,127994.47063898804,0.01000032746,1.57865156032,-1,-1,4.7103865143015256,-25.707404779211185,-5.457599859620688,79.61682992461672,71.02137315227688,2.6238373652808096,2.7203069990563407,82.24706265829357,-0.37796227995000004,23.6589564,1.578604316224,120.97577961932849,0,False,False
Lissajouswaveformsdifferentmediums/argon/4 kHz/breakdown/40% breakdown/0_4breakdown-0014/0_4breakdown-0014_60.csv,40,140493.93066232672,0.01000032746,0.47313483015999996,1,-1,23.259512254025054,0.15853189772488638,0.006815787708422495,-0.39050982278499013,11.476009002393415,3.440076975474432,0.5210490943725506,18.365859391051828,-0.031590550192,9.448819199999999,-0.031448817904000004,13.337678944685903,0,False,False
Lissajouswaveformsdifferentmediums/argon/4 kHz/breakdown/40% breakdown/0_4breakdown-0014/0_4breakdown-0014_64.csv,40,127994.47063898804,0.01000032746,1.57865156032,-1,-1,4.7169434634627105,-25.600123046535757,-5.427269426660182,79.56007574758303,71.27023788838663,2.7812943082914097,2.7411142910341706,82.33818783423422,-0.34645040840400004,23.652805,1.5786043777380003,119.8118901696087,0,False,False
Lissajouswaveformsdifferentmediums/argon/4 kHz/breakdown/60% breakdown/0_6breakdown-0015/0_6breakdown-0015_01.csv,60,127994.47063898804,0.01000032746,2.5272244203200005,-1,-1,4.112916665162146,-25.72431781290069,-6.25451957993575,80.91618224672509,74.0975682077511,1.823059251869228,2.845653758660024,82.66850034718018,-0.536038500028,36.300442399999994,2.495589576288,182.2358530699058,0,False,False
Lissajouswaveformsdifferentmediums/argon/4 kHz/breakdown/60% breakdown/0_6breakdown-0015/0_6breakdown-0015_05.csv,60,127994.47063898804,0.01000032746,2.5272244203200005,-1,-1,4.026340194986744,-26.097657693898945,-6.481731902930986,81.22957030674493,73.86188950991476,1.7191163503701414,2.7982895288143657,82.88730567922516,-0.535962896672,36.300442399999994,2.46400209938,182.58814416722655,0,False,False
Lissajouswaveformsdifferentmediums/argon/4 kHz/breakdown/60% breakdown/0_6breakdown-0015/0_6breakdown-0015_09.csv,60,127994.47063898804,0.01000032746,2.5272244203200005,-1,-1,4.157761244906582,-26.054549823870463,-6.266485324473186,80.93323924804423,73.67236710078362,1.3965960820883465,2.7930656764139883,82.28356121787937,-0.536161534028,36.300442399999994,2.4640179704400005,182.82924664684455,0,False,False
Lissajouswaveformsdifferentmediums/argon/4 kHz/breakdown/60% breakdown/0_6breakdown-0015/0_6breakdown-0015_14.csv,60,127994.47063898804,0.01000032746,2.5272244203200005,-1,-1,4.104813562493675,-25.842725538788546,-6.2957123741057535,80.97463613193833,73.88587601197496,1.5427765779565221,2.824612522447501,82.46192594859,-0.53589965648,36.300442399999994,2.495573828256,182.77637911515265,0,False,False
Lissajouswaveformsdifferentmediums/argon/4 kHz/breakdown/60% breakdown/0_6breakdown-0015/0_6breakdown-0015_18.csv,60,127994.47063898804,0.01000032746,2.5272244203200005,-1,-1,4.034299223815008,-25.813529542764122,-6.39851634960129,81.11731448753685,74.1615982800348,1.722055581268842,2.8397001072363612,82.77117545224834,-0.5044352175760001,34.7194878,2.4955896378020004,182.43098147277206,0,False,False
Lissajouswaveformsdifferentmediums/argon/4 kHz/breakdown/60% breakdown/0_6breakdown-0015/0_6breakdown-0015_22.csv,60,127994.47063898804,0.01000032746,2.5272244203200005,-1,-1,4.310491504327176,-25.831646073727654,-5.992737962201298,80.52641901681008,73.58073433786883,1.2559135582684888,2.8102566555778914,81.74227458955696,-0.504820127124,36.300442399999994,2.4639863513480003,182.8138652235371,0,False,False
Lissajouswaveformsdifferentmediums/argon/4 kHz/breakdown/60% breakdown/0_6breakdown-0015/0_6breakdown-0015_26.csv,60,127994.47063898804,0.01000032746,2.5272244203200005,-1,-1,4.24383428293438,-25.92109699495654,-6.107942786360054,80.70195492577236,73.95550854360778,1.3713125406848714,2.8163630904540446,82.02276549434993,-0.567673405574,36.300442399999994,2.4955580802240003,182.10270407329256,0,False,False
Lissajouswaveformsdifferentmediums/argon/4 kHz/breakdown/60% breakdown/0_6breakdown-0015/0_6breakdown-0015_30.csv,60,127994.47063898804,0.01000032746,2.5272244203200005,-1,-1,3.9976871724313723,-25.74425739566421,-6.439787878651517,81.17334289039749,73.85513806324852,1.362216303663053,2.8355710240516347,82.48717776472233,-0.4729075344800001,36.300442399999994,2.4640178474120003,182.39076808045172,0,False,False
Lissajouswaveformsdifferentmediums/argon/4 kHz/breakdown/60% breakdown/0_6breakdown-0015/0_6breakdown-0015_35.csv,60,127994.47063898804,0.01000032746,2.5272244203200005,-1,-1,4.269449884891616,-25.673884477363412,-6.013394036598504,80.55837396771355,73.70534429706734,1.5114769494057432,2.8328595936857752,82.01907051144656,-0.599324120672,34.719487799999996,2.463986289834,182.8589104628298,0,False,False
Lissajouswaveformsdifferentmediums/argon/4 kHz/breakdown/60% breakdown/0_6breakdown-0015/0_6breakdown-0015_39.csv,60,127994.47063898804,0.01000032746,2.5273034680500004,-1,-1,3.891381436167964,-26.063631203068287,-6.697783712699835,81.50828808699912,74.04689115654654,1.1761105030450896,2.8104071078677233,82.63974076794935,-0.599169465576,36.300442399999994,2.4640020993800005,183.13097475809673,0,False,False
Lissajouswaveformsdifferentmediums/argon/4 kHz/breakdown/60% breakdown/0_6breakdown-0015/0_6breakdown-0015_43.csv,60,127994.47063898804,0.01000032746,2.5272910575563903,-1,-1,4.172573753848332,-26.076939617476356,-6.249605436794448,80.90915875598115,73.81483435516795,1.821611124365698,2.796415589226232,82.66678818651687,-0.567689217124,36.300442399999994,2.4640020993800005,182.30753863294586,0,False,False
Lissajouswaveformsdifferentmediums/argon/4 kHz/breakdown/60% breakdown/0_6breakdown-0015/0_6breakdown-0015_47.csv,60,127994.47063898804,0.01000032746,2.5272244203200005,-1,-1,3.874209903109829,-26.24346968156106,-6.773889473695119,81.60232583996786,73.4372746898048,1.5316871250148827,2.7692347418443064,83.08794579257471,-0.5991694675760001,36.300442399999994,2.4955580802240003,182.7517088846041,0,False,False
Lissajouswaveformsdifferentmediums/argon/4 kHz/breakdown/60% breakdown/0_6breakdown-0015/0_6breakdown-0015_51.csv,60,127994.47063898804,0.01000032746,2.5272244203200005,-1,-1,4.014167473692157,-25.777549879433632,-6.421642855803402,81.14879662021633,74.14402859264167,1.5542246649006703,2.8430145839042646,82.6419033285467,-0.567534560028,34.7194876,2.46400209938,183.83216954618055,0,False,False
Lissajouswaveformsdifferentmediums/argon/4 kHz/breakdown/60% breakdown/0_6breakdown-0015/0_6breakdown-0015_56.csv,60,127994.47063898804,0.01000032746,2.5272244203200005,-1,-1,3.9291167951130803,-25.89064461179805,-6.589431152568452,81.37074095951237,73.6780840294722,1.2994791293258308,2.8142040080628092,82.62709756450391,-0.5676892151220001,36.300442399999994,2.464017908926,182.25349031394958,0,False,False
Lissajouswaveformsdifferentmediums/argon/4 kHz/breakdown/60% breakdown/0_6breakdown-0015/0_6breakdown-0015_60.csv,60,127994.47063898804,0.01000032746,2.5273034680500004,-1,-1,4.120201724325701,-26.14332996752141,-6.345157765740206,81.0438229084095,74.07088923727636,1.8420262622989643,2.8000552543511223,82.81499779691455,-0.599153656028,34.7194876,2.464017908926,182.82113458762782,0,False,False
Lissajouswaveformsdifferentmediums/argon/4 kHz/breakdown/60% breakdown/0_6breakdown-0015/0_6breakdown-0015_64.csv,60,127994.47063898804,0.01000032746,2.5272244203200005,-1,-1,3.7910380212542445,-26.112802747039154,-6.888035044924153,81.73955230415368,74.3083935363089,1.5517611828415963,2.8170950340957748,83.22699754087381,-0.504312179576,36.300442399999994,2.4639863513480003,182.26739134860236,0,False,False
Lissajouswaveformsdifferentmediums/argon/4 kHz/breakdown/75% breakdown/0_75breakdown-0016/0_75breakdown-0016_01.csv,75,127994.47063898804,0.01000032746,3.15845490805,-1,-1,3.6932739281520397,-25.751414152226463,-6.972516702846192,81.83828246584586,75.47989876980532,0.8586764280341437,2.901699328902937,82.6487223804034,-0.8204240878360001,42.624261600000004,3.0639510160180006,230.44957876621055,0,False,False
Lissajouswaveformsdifferentmediums/argon/4 kHz/breakdown/75% breakdown/0_75breakdown-0016/0_75breakdown-0016_05.csv,75,127994.47063898804,0.01000032746,3.15845490805,-1,-1,3.6988967114076945,-25.780314087925383,-6.969730733063409,81.83506401082556,75.14425284404332,0.8072503017965472,2.8855031095987322,82.60037539157665,-0.7888049918360001,44.2052164,3.0954154449260005,229.12992279950402,0,False,False
Lissajouswaveformsdifferentmediums/argon/4 kHz/breakdown/75% breakdown/0_75breakdown-0016/0_75breakdown-0016_09.csv,75,127994.47063898804,0.01000032746,3.15845490805,-1,-1,3.8406496249228557,-25.487555317790424,-6.636261520029278,81.4307282189359,74.86049754165438,0.7804570752089532,2.9045942814506014,82.1734455219082,-0.6940391207400001,44.2052164,3.0639825735960002,229.33512943849362,0,False,False
Lissajouswaveformsdifferentmediums/argon/4 kHz/breakdown/75% breakdown/0_75breakdown-0016/0_75breakdown-0016_14.csv,75,127994.47063898804,0.01000032746,3.15845490805,-1,-1,3.5391307732447,-26.015360931114536,-7.350776955682672,82.25303693588967,75.4896875453545,0.6398226588107085,2.875410825709617,82.8568568964769,-0.7888049918360001,42.624261600000004,3.095415383412001,230.17051971782774,0,False,False
Lissajouswaveformsdifferentmediums/argon/4 kHz/breakdown/75% breakdown/0_75breakdown-0016/0_75breakdown-0016_18.csv,75,127994.47063898804,0.01000032746,3.15845490805,-1,-1,3.9785454124780397,-25.750684972179176,-6.4723868405313345,81.21710455003063,75.1203105063537,0.9947697464111148,2.883399579125733,82.16046464978646,-0.694070737836,44.2052164,3.0954153834120004,230.98610335756857,0,False,False
Lissajouswaveformsdifferentmediums/argon/4 kHz/breakdown/75% breakdown/0_75breakdown-0016/0_75breakdown-0016_22.csv,75,127994.47063898804,0.01000032746,3.15845490805,-1,-1,3.629592421931352,-25.809324464375674,-7.11080514396771,81.99493117607568,75.45852450613648,0.9463296549574345,2.895555173641171,82.8883405322602,-0.694102358932,44.2052164,3.0639352679860004,230.48894527607126,0,False,False
Lissajouswaveformsdifferentmediums/argon/4 kHz/breakdown/75% breakdown/0_75breakdown-0016/0_75breakdown-0016_26.csv,75,127994.47063898804,0.01000032746,3.15845490805,-1,-1,3.7523011611584502,-25.887094692797024,-6.898991733596588,81.75249058897431,75.14825056069611,0.7360152352390826,2.8731132252492038,82.45023764876223,-0.6623286078360001,44.2052164,3.0954154449260005,229.4731564792761,0,False,False
Lissajouswaveformsdifferentmediums/argon/4 kHz/breakdown/75% breakdown/0_75breakdown-0016/0_75breakdown-0016_30.csv,75,127994.47063898804,0.01000032746,3.15845490805,-1,-1,3.5032603905802024,-25.736744240320284,-7.346511926296698,82.24859408566861,75.0587219494239,0.6380143038256877,2.8899161841236207,82.85416447864671,-0.7256898358360001,42.624261600000004,3.0954154449260005,229.65368587735796,0,False,False
Lissajouswaveformsdifferentmediums/argon/4 kHz/breakdown/75% breakdown/0_75breakdown-0016/0_75breakdown-0016_35.csv,75,127994.47063898804,0.01000032746,3.15845490805,-1,-1,3.6880526235770614,-25.801771429159334,-6.996042102060372,81.8653597144061,75.62927621246894,0.7621972909193744,2.901901329344629,82.5833296844979,-0.820455706932,42.624261600000004,3.0639667640500003,229.37453167613162,0,False,False
Lissajouswaveformsdifferentmediums/argon/4 kHz/breakdown/75% breakdown/0_75breakdown-0016/0_75breakdown-0016_39.csv,75,127994.47063898804,0.01000032746,3.15845490805,-1,-1,3.88353122646292,-25.568267549186444,-6.583767725352825,81.36342986297043,75.26375692275049,0.9930043582788017,2.910652202543651,82.30332165865622,-0.757170086288,44.2052164,3.0953838258340003,229.27137651681292,0,False,False
Lissajouswaveformsdifferentmediums/argon/4 kHz/breakdown/75% breakdown/0_75breakdown-0016/0_75breakdown-0016_43.csv,75,127994.47063898804,0.01000032746,3.15845490805,-1,-1,4.157387649383339,-25.695784035164674,-6.180752482625983,80.80960659716422,75.62098310343518,0.704051531300891,2.9053498859120843,81.47288259715046,-0.6310786178359999,44.2052164,3.0954154449260005,230.30428724401153,0,False,False
Lissajouswaveformsdifferentmediums/argon/4 kHz/breakdown/75% breakdown/0_75breakdown-0016/0_75breakdown-0016_47.csv,75,127994.47063898804,0.01000032746,3.15837616789,-1,-1,3.791752639609017,-25.346178431460544,-6.684554832689216,81.49172853316918,75.59553451753189,0.8300697615539412,2.949972817225487,82.27397393982639,-0.694102358932,42.624261600000004,3.0639352064720002,230.9913593391047,0,False,False
Lissajouswaveformsdifferentmediums/argon/4 kHz/breakdown/75% breakdown/0_75breakdown-0016/0_75breakdown-0016_51.csv,75,127994.47063898804,0.01000032746,3.15837616789,-1,-1,3.880163499377472,-25.82900825201779,-6.656680383742015,81.45662533931542,75.59716559707812,0.9502833744842907,2.89470840697521,82.35212166746729,-0.725582611384,44.2052164,3.0953838258340003,230.1458481090223,0,False,False
Lissajouswaveformsdifferentmediums/argon/4 kHz/breakdown/75% breakdown/0_75breakdown-0016/0_75breakdown-0016_56.csv,75,127994.47063898804,0.01000032746,3.15845490805,-1,-1,4.065685647021776,-25.64885608842231,-6.308617614647799,80.99279590298232,75.16520302909149,0.7305705327860617,2.894621771815169,81.68522566741217,-0.72553518074,44.2052164,3.09539963538,230.88392113983667,0,False,False
Lissajouswaveformsdifferentmediums/argon/4 kHz/breakdown/75% breakdown/0_75breakdown-0016/0_75breakdown-0016_60.csv,75,127994.47063898804,0.01000032746,3.15845490805,-1,-1,3.7016841387986146,-25.66938126768235,-6.934514211688892,81.79416216006432,75.37612114166255,0.7562069655132101,2.9065835809815255,82.50888213010097,-0.725689835836,44.2052164,3.0639510160180006,229.92235999232966,0,False,False
Lissajouswaveformsdifferentmediums/argon/4 kHz/breakdown/75% breakdown/0_75breakdown-0016/0_75breakdown-0016_64.csv,75,127994.47063898804,0.01000032746,3.15845490805,-1,-1,3.7559683711515173,-25.641208052240028,-6.826790195887315,81.66648196215006,75.34115332085585,0.6817319805895254,2.907443256543083,82.3111180780792,-0.6623286078360001,42.6242618,3.095431192958,229.91306333132695,0,False,False
Lissajouswaveformsdifferentmediums/argon/4 kHz/breakdown/90% breakdown/0_9breakdown-0017/0_9breakdown-0017_01.csv,90,127994.47063898804,0.01000032746,3.7907577803200003,-1,-1,3.4470721157910624,-25.45093014506269,-7.383347168303149,82.28679888269956,75.01113764391856,-0.032917111232163516,2.9206190190784933,82.25553467154086,0.6641529879039999,52.1099904,3.7275670784720005,277.67594299575075,0,False,False
Lissajouswaveformsdifferentmediums/argon/4 kHz/breakdown/90% breakdown/0_9breakdown-0017/0_9breakdown-0017_05.csv,90,127994.47063898804,0.01000032746,3.47480396352,-1,-1,3.8513928299038813,-26.37728688533125,-6.848765641491196,81.69284774429065,75.959171688742,0.6158938755252489,2.849649029214825,82.2704947227484,-0.031401573808,9.454970600000001,0.063007872032,34.54788893610021,0,False,False
Lissajouswaveformsdifferentmediums/argon/4 kHz/breakdown/90% breakdown/0_9breakdown-0017/0_9breakdown-0017_09.csv,90,127994.47063898804,0.01000032746,3.7907577803200003,-1,-1,3.4734408690466347,-25.354069943616572,-7.299410267656457,82.19918968343801,75.08994015391951,-0.2113905242179187,2.934262936253877,81.99862542635671,0.6639227354520001,53.690945199999994,3.7591545553800003,277.68007117220503,0,False,False
Lissajouswaveformsdifferentmediums/argon/4 kHz/breakdown/90% breakdown/0_9breakdown-0017/0_9breakdown-0017_14.csv,90,127994.47063898804,0.01000032746,3.7907577803200003,-1,-1,3.4282517822084615,-25.588475223062357,-7.464001143631987,82.36915828194772,75.31350245554675,-0.031187559826654117,2.9171941945958926,82.33965569708508,-0.820297609452,53.690945199999994,3.7275512689260006,276.81543398698614,0,False,False
Lissajouswaveformsdifferentmediums/argon/4 kHz/breakdown/90% breakdown/0_9breakdown-0017/0_9breakdown-0017_18.csv,90,127994.47063898804,0.01000032746,3.7908244175563905,-1,-1,3.5225677246190807,-25.618307268010216,-7.272623061003178,82.17081269587683,75.27651403050895,-0.1718681832388718,2.9110092837481427,82.00815059553477,-0.7886943249999999,53.69094519999999,3.759122997802,276.3391330193711,0,False,False
Lissajouswaveformsdifferentmediums/argon/4 kHz/breakdown/90% breakdown/0_9breakdown-0017/0_9breakdown-0017_22.csv,90,127994.47063898804,0.01000032746,3.7907577803200003,-1,-1,3.5049114763263107,-25.458563913286625,-7.263682431138356,82.16129573156718,75.30767978940536,-0.3351216590752889,2.9304536739475235,81.84425843707561,-0.883567418548,53.690945199999994,3.7591230593160003,276.1197110689838,0,False,False
Lissajouswaveformsdifferentmediums/argon/4 kHz/breakdown/90% breakdown/0_9breakdown-0017/0_9breakdown-0017_26.csv,90,127994.47063898804,0.01000032746,3.7907577803200003,-1,-1,3.5925363060047886,-25.528045830700034,-7.1058560460560605,81.98942813979849,75.17757925777819,-0.02217874503503121,2.9161663978566734,81.9684097149044,-0.7570752270000001,53.690945199999994,3.759122997802,277.21113821603717,0,False,False
Lissajouswaveformsdifferentmediums/argon/4 kHz/breakdown/90% breakdown/0_9breakdown-0017/0_9breakdown-0017_30.csv,90,127994.47063898804,0.01000032746,3.7907577803200003,-1,-1,3.4745240688796244,-25.579343040422135,-7.36197031113683,82.26467293396973,74.9411760911256,-0.16304631561226515,2.903104779367932,82.1096696208794,-0.757075229,52.1099904,3.7591544938660006,276.49495486510153,0,False,False
Lissajouswaveformsdifferentmediums/argon/4 kHz/breakdown/90% breakdown/0_9breakdown-0017/0_9breakdown-0017_35.csv,90,127994.47063898804,0.01000032746,3.7907577803200003,-1,-1,3.5301947788913965,-25.375538685702193,-7.188141242923426,82.07995772822636,74.81193910244835,0.03736062516202626,2.920069893347754,82.115536808949,-0.7253647180959999,53.690945199999994,3.759138807348,276.5123915193919,0,False,False
Lissajouswaveformsdifferentmediums/argon/4 kHz/breakdown/90% breakdown/0_9breakdown-0017/0_9breakdown-0017_39.csv,90,127994.47063898804,0.01000032746,3.7907577803200003,-1,-1,3.681600008415267,-25.307202244588233,-6.873968434034646,81.72288242835756,74.91898016503447,-0.022424222221056615,2.9295447479527605,81.70155801624082,-0.756968004548,53.690945199999994,3.759122997802,276.4070617613412,0,False,False
Lissajouswaveformsdifferentmediums/argon/4 kHz/breakdown/90% breakdown/0_9breakdown-0017/0_9breakdown-0017_43.csv,90,127994.47063898804,0.01000032746,3.7907577803200003,-1,-1,3.559353954728802,-25.597050094118536,-7.191487674360515,82.08359644372865,74.82934854467923,-0.17748190762206412,2.8955114890896483,81.91461756655053,0.7272365228079998,53.690945199999994,3.759138807348,276.13762407081725,0,False,False
Lissajouswaveformsdifferentmediums/argon/4 kHz/breakdown/90% breakdown/0_9breakdown-0017/0_9breakdown-0017_47.csv,90,127994.47063898804,0.01000032746,3.7908368280499998,-1,-1,3.48998166952065,-25.5567053014262,-7.3228766570961445,82.22388130496898,75.04714190020715,-0.12139351476311215,2.909497998849767,82.10863890379522,-0.757075229,53.690945199999994,3.7591387458340004,276.43644969143816,0,False,False
Lissajouswaveformsdifferentmediums/argon/4 kHz/breakdown/90% breakdown/0_9breakdown-0017/0_9breakdown-0017_51.csv,90,127994.47063898804,0.01000032746,3.7908368280499998,-1,-1,3.5236490900284037,-25.38229595523583,-7.203411947876804,82.0965352411975,75.11907534342458,-0.1052931790624678,2.9313992578400976,81.99667304324129,-0.7887259420959999,53.690945199999994,3.759138807348,277.1068794272121,0,False,False
Lissajouswaveformsdifferentmediums/argon/4 kHz/breakdown/90% breakdown/0_9breakdown-0017/0_9breakdown-0017_56.csv,90,127994.47063898804,0.01000032746,3.7907577803200003,-1,-1,3.5556816588595046,-25.36236235309084,-7.132911432016638,82.01942032390895,74.97856719695442,-0.05034960990870257,2.9276625911347542,81.97157820262385,-0.7886943249999999,53.690945199999994,3.759138807348,277.21500188878105,0,False,False
Lissajouswaveformsdifferentmediums/argon/4 kHz/breakdown/90% breakdown/0_9breakdown-0017/0_9breakdown-0017_60.csv,90,127994.47063898804,0.01000032746,3.7907577803200003,-1,-1,3.5020513319066735,-25.596898725794514,-7.309115800954984,82.20942083751633,74.77344219786384,-0.07807402661832955,2.894231726387826,82.135031529981,0.569418737904,53.690945199999994,3.7275670169580004,276.96402147837944,0,False,False
Lissajouswaveformsdifferentmediums/argon/4 kHz/breakdown/90% breakdown/0_9breakdown-0017/0_9breakdown-0017_64.csv,90,127994.47063898804,0.01000032746,3.7907577803200003,-1,-1,3.5046318762816933,-25.62505877757961,-7.311769019451768,82.21221310525314,74.99190160548943,-0.19627320320758532,2.899529965316114,82.02574838832888,-0.8203134190000001,53.690945199999994,3.7591546168940004,275.6883286136334,0,False,False
Lissajouswaveformsdifferentmediums/argon/Lissajousfigure4kHz-0004/Lissajousfigure4kHz-0004_01.csv,MAX,127994.47063898804,0.01000032746,10.110619942289999,-1,-1,1.2826658957532886,-27.53362737048629,-21.46593860618415,87.33277977554087,80.86174557523948,2.2360977207860135,2.9353881419503685,89.30215352304475,5.942660299564,372.80388839999995,9.857477774766002,931.3546862425503,0,False,False
Lissajouswaveformsdifferentmediums/argon/Lissajousfigure4kHz-0004/Lissajousfigure4kHz-0004_05.csv,MAX,127994.47063898804,0.01000032746,10.110844367446392,1,-1,0.104805003070994,28.408079697370926,271.05652273229305,-89.78862150597762,80.91837368798653,2.2796601653550765,2.8501559594692387,87.78231646634339,-5.8477714799800005,379.1092516,9.888844017032001,932.7155687687928,0,False,False
Lissajouswaveformsdifferentmediums/argon/Lissajousfigure4kHz-0004/Lissajousfigure4kHz-0004_09.csv,MAX,127994.47063898804,0.01000032746,10.110528484056392,-1,-1,1.6318401868637802,-27.191146925227333,-16.66287369566855,86.56558991068931,80.8590731031452,2.26133184825614,2.970181478207862,88.55723580711819,6.068704424396,369.63582519999994,9.826247007664001,927.6871513749351,0,False,False
Lissajouswaveformsdifferentmediums/argon/Lissajousfigure4kHz-0004/Lissajousfigure4kHz-0004_14.csv,MAX,127994.47063898804,0.01000032746,10.110844367446392,-1,-1,2.744853870504093,-26.54154584068762,-9.669566065392493,84.09561731708885,80.89689300097574,2.2743501658101444,3.0336170531371858,86.09778395272437,6.353058600132001,366.4800668,9.857493584298002,930.8270487297935,0,False,False
Lissajouswaveformsdifferentmediums/argon/Lissajousfigure4kHz-0004/Lissajousfigure4kHz-0004_18.csv,MAX,127994.47063898804,0.01000032746,9.95307760885,-1,-1,0.6776289880975619,-27.900140047041017,-41.173179626465576,88.60869337890637,80.88497695403069,2.3280624314436134,2.9000894338378607,89.34159394366361,5.910731775396001,375.9658004,9.763214264780004,925.53153710531,0,False,False
Lissajouswaveformsdifferentmediums/argon/Lissajousfigure4kHz-0004/Lissajousfigure4kHz-0004_22.csv,MAX,127994.47063898804,0.01000032746,9.95291951343,-1,-1,1.4860373438918693,-27.64726426518575,-18.604690103398568,86.92331891341372,80.99432466511946,2.276080514105313,2.9271229183384313,88.92459921145343,6.0056965688599995,377.54060039999996,9.763075492702002,926.9774018510462,0,False,False
Lissajouswaveformsdifferentmediums/argon/Lissajousfigure4kHz-0004/Lissajousfigure4kHz-0004_26.csv,MAX,127994.47063898804,0.01000032746,9.95252458226,-1,-1,0.9211406755396763,-28.110182707915005,-30.516709829848587,88.12315007384287,81.04958984425697,2.2892201361544,2.8835121520583127,89.86539723460936,5.91101306085,382.27731239999997,9.730953996612001,922.5950959757857,0,False,False
Lissajouswaveformsdifferentmediums/argon/Lissajousfigure4kHz-0004/Lissajousfigure4kHz-0004_30.csv,MAX,127994.47063898804,0.01000032746,9.95284046563,-1,-1,1.3829576594236637,-27.66428123172668,-20.003708026213573,87.13812448702679,80.99242787030396,2.257645832868539,2.9257940802272504,89.12325526910104,6.005497768028001,375.97194920000004,9.731061334094003,922.6766067007394,0,False,False
Lissajouswaveformsdifferentmediums/argon/Lissajousfigure4kHz-0004/Lissajousfigure4kHz-0004_35.csv,MAX,127994.47063898804,0.01000032746,9.952986150614823,-1,-1,0.6207136239142124,-28.07182517428274,-45.22508302180023,88.7333037185271,80.89575886265087,2.2629553180397752,2.8827802185300655,89.27452480204863,5.595191161316,382.27116359999997,9.763274050564,926.2850048656579,0,False,False
Lissajouswaveformsdifferentmediums/argon/Lissajousfigure4kHz-0004/Lissajousfigure4kHz-0004_39.csv,MAX,127994.47063898804,0.01000032746,9.479710121795401,-1,-1,0.4045092429561357,-28.123519030314156,-69.5250343967142,89.17595396547281,80.70523190681021,2.032607415793103,2.8707804065619404,89.03029794047188,0.06308661219200001,11.0236224,5.2131991335470005,516.4247617735226,0,False,False
Lissajouswaveformsdifferentmediums/argon/Lissajousfigure4kHz-0004/Lissajousfigure4kHz-0004_43.csv,MAX,127994.47063898804,0.01000032746,9.952129651180002,-1,-1,0.7408306734929581,-28.154581569647934,-38.00407107456999,88.49272564636098,81.06408773402042,2.3555488462600573,2.880132274329112,89.43796089143211,5.75310389102,382.2896172,9.636203995038002,919.6839733367638,0,False,False
Lissajouswaveformsdifferentmediums/argon/Lissajousfigure4kHz-0004/Lissajousfigure4kHz-0004_47.csv,MAX,127994.47063898804,0.01000032746,9.79503616797964,-1,-1,0.7453327536197533,-28.156040242701124,-37.77646977938327,88.48364862273507,81.06221212130491,2.3461809556066737,2.879889570189638,89.4552127028515,5.911120191828,383.87057319999997,9.605535282342002,918.6107731385233,0,False,False
Lissajouswaveformsdifferentmediums/argon/Lissajousfigure4kHz-0004/Lissajousfigure4kHz-0004_51.csv,MAX,127994.47063898804,0.01000032746,9.795048886094241,-1,-1,1.538100409284663,-28.843112823667376,-18.75242516649591,86.9475115540203,81.75956930833111,2.2153464851585962,2.832214879286165,88.87721409149015,5.97406494466,383.86441959999996,9.636984024746003,929.2394802882535,0,False,False
Lissajouswaveformsdifferentmediums/argon/Lissajousfigure4kHz-0004/Lissajousfigure4kHz-0004_56.csv,MAX,127994.47063898804,0.01000032746,9.637581056590001,-1,-1,0.8817400313546647,-29.65900022571443,-33.6368988262308,88.29714062316388,82.0368658224307,2.2072394441273175,2.766327722874741,89.78670722926881,5.56363521802,399.6616628,9.542606392080001,929.0507136415514,0,False,False
Lissajouswaveformsdifferentmediums/argon/Lissajousfigure4kHz-0004/Lissajousfigure4kHz-0004_60.csv,MAX,127994.47063898804,0.01000032746,9.79442922229,-1,-1,0.9214666567859839,-29.134659589935048,-31.61770355484685,88.18846153232901,81.68698291124544,2.275591496672453,2.8040528542018137,89.82764023458196,5.595020783708001,393.33784599999996,9.574102534038,924.8703319868166,0,False,False
Lissajouswaveformsdifferentmediums/argon/Lissajousfigure4kHz-0004/Lissajousfigure4kHz-0004_64.csv,MAX,127994.47063898804,0.01000032746,9.79435017455,-1,-1,1.977775338435854,-28.572636530171533,-14.44685651342408,86.040347285675,81.7205078531291,2.194428256339027,2.8548597097441535,87.95275533978077,5.847727479732001,388.6011316,9.605566868942002,925.0208760343952,0,False,False
Lissajouswaveformsdifferentmediums/argon/10 kHz/breakdown/breakdown-0007/breakdown-0007_01.csv,100,129994.38424272223,0.01000032746,4.10680747915,-1,-1,14.347402315192367,-23.473954019680075,-1.6361117855337246,58.56651028533593,77.88479265690498,1.2383946863291901,2.831542054785672,59.68175386637478,2.11743026388,94.765011,3.6647747946,311.77954727075,0,False,False
Lissajouswaveformsdifferentmediums/argon/10 kHz/breakdown/breakdown-0007/breakdown-0007_05.csv,100,129994.38424272223,0.01000032746,4.106728739,-1,-1,14.277353679315171,-23.293308465015265,-1.631486407650059,58.49428536115674,77.73639905830076,1.145579496912186,2.84579202109863,59.527931453348316,2.085842713458,93.1840562,3.6647398461560003,312.5351224988485,0,False,False
Lissajouswaveformsdifferentmediums/argon/10 kHz/breakdown/breakdown-0007/breakdown-0007_09.csv,100,129994.38424272223,0.01000032746,4.10672843142,-1,-1,14.458202802285545,-23.28762397719332,-1.6106859404069245,58.165777198747215,77.90129039738808,1.2037972562212638,2.8424990858297905,59.249641872168894,2.1173670512059997,94.765011,3.6647115564080006,313.331752193646,0,False,False
Lissajouswaveformsdifferentmediums/argon/10 kHz/breakdown/breakdown-0007/breakdown-0007_14.csv,100,129994.38424272223,0.01000032746,4.1066496912699995,-1,-1,14.56085965873581,-23.336388322741705,-1.6026792970798949,58.037686385132375,77.91088172843651,1.153803574022758,2.8329225566734726,59.07642039059897,2.148661071466,94.765011,3.6650084239179996,310.6888030353721,0,False,False
Lissajouswaveformsdifferentmediums/argon/10 kHz/breakdown/breakdown-0007/breakdown-0007_18.csv,100,129994.38424272223,0.01000032746,3.94894914237,-1,-1,14.627993241437784,-23.51750631383357,-1.6077055769491209,58.11820461450504,78.06147632274958,1.2074827869797053,2.819047708650002,59.20315642264026,2.148720877274,97.9269206,3.6332629370519998,314.585043182081,0,False,False
Lissajouswaveformsdifferentmediums/argon/10 kHz/breakdown/breakdown-0007/breakdown-0007_22.csv,100,129994.38424272223,0.01000032746,3.9491611570096414,-1,-1,14.3263218708279,-23.401228246688973,-1.6334428653554078,58.52487160916824,77.73300151643402,1.1721518746765722,2.833492334404761,59.58253455066222,2.1174144183319994,94.765011,3.6962990708300003,311.9456456386309,0,False,False
Lissajouswaveformsdifferentmediums/argon/10 kHz/breakdown/breakdown-0007/breakdown-0007_26.csv,100,129994.38424272223,0.01000032746,3.94855433126,-1,-1,10.977359712364835,-20.07887752947297,-1.8291172062856094,61.33405100747064,74.3400465119041,0.5535004750677499,3.2487374627200896,61.85632850358505,1.2011098625480001,60.0147644,3.948396235786,296.60354271973245,0,False,False
Lissajouswaveformsdifferentmediums/argon/10 kHz/breakdown/breakdown-0007/breakdown-0007_30.csv,100,129994.38424272223,0.01000032746,3.94855433126,-1,-1,10.810592529671144,-20.088113393972353,-1.8581880076265744,61.71269823961356,74.18786719510675,0.5482685345104731,3.25223196012264,62.231100346629376,1.264256609644,60.0147644,3.948380426236,296.1942482529256,0,False,False
Lissajouswaveformsdifferentmediums/argon/10 kHz/breakdown/breakdown-0007/breakdown-0007_35.csv,100,129994.38424272223,0.01000032746,4.106728739,-1,-1,14.009617148191813,-22.723313083567668,-1.621979590391627,58.344898699415694,77.2677558946241,1.2558223283008791,2.8950480019908893,59.48486171895007,2.0856531519179997,85.2792822,3.696485209986,306.513425820125,0,False,False
Lissajouswaveformsdifferentmediums/argon/10 kHz/breakdown/breakdown-0007/breakdown-0007_39.csv,100,129994.38424272223,0.01000032746,4.1066496912699995,-1,-1,14.35598682718519,-23.085344552231344,-1.6080639269266968,58.12393132617651,77.59036978357004,1.1596407284927013,2.8546325899338947,59.17223074963462,2.085776109918,90.02214660000001,3.6961601757660003,307.9713390755183,0,False,False
Lissajouswaveformsdifferentmediums/argon/10 kHz/breakdown/breakdown-0007/breakdown-0007_43.csv,100,129994.38424272223,0.01000032746,4.106728739,-1,-1,14.558473216437646,-23.37067360367061,-1.6052970154372581,58.07966611594153,77.88083141621583,1.2643956653090862,2.829061299437311,59.218376829270454,2.0542361216579996,91.6031014,3.6649452097260005,310.44260688566555,0,False,False
Lissajouswaveformsdifferentmediums/argon/10 kHz/breakdown/breakdown-0007/breakdown-0007_47.csv,100,129994.38424272223,0.01000032746,3.94887040222,-1,-1,14.394664163158934,-23.42136112102413,-1.6270863186212934,58.42530146884969,77.76634551365126,1.1223021702759273,2.8292130324354554,59.43755918546947,2.085823538562,94.765011,3.664806475214001,311.65706719224943,0,False,False
Lissajouswaveformsdifferentmediums/argon/10 kHz/breakdown/breakdown-0007/breakdown-0007_51.csv,100,129994.38424272223,0.01000032746,4.10671632850482,-1,-1,14.411032461251827,-23.081174922066072,-1.601632289992157,58.020868129353374,77.57661787075301,1.3056120640167432,2.8515723144677154,59.201297571027965,2.1173354821099997,91.6031014,3.664853780822,311.7300495079109,0,False,False
Lissajouswaveformsdifferentmediums/argon/10 kHz/breakdown/breakdown-0007/breakdown-0007_56.csv,100,129994.38424272223,0.01000032746,3.9490278825200003,-1,-1,14.442683941697945,-23.106530059784227,-1.5998778449393751,57.99265068132948,77.60769186029114,1.1089310013361253,2.8485388826131106,58.994895064935406,2.14883155811,93.1840562,3.6648978186,311.5082999735939,0,False,False
Lissajouswaveformsdifferentmediums/argon/10 kHz/breakdown/breakdown-0007/breakdown-0007_60.csv,100,129994.38424272223,0.01000032746,4.10663732905488,-1,-1,14.485338027094365,-23.25050009737695,-1.605105801044313,58.07660299495641,77.78555832421058,1.3045413669363517,2.840148021944829,59.25289740125223,2.117509188584,94.765011,3.664711556408,311.9986228842672,0,False,False
Lissajouswaveformsdifferentmediums/argon/10 kHz/breakdown/breakdown-0007/breakdown-0007_64.csv,100,129994.38424272223,0.01000032746,3.94887040222,-1,-1,14.47656024145883,-23.312134991597933,-1.6103366133092347,58.16020781090416,77.87412819855821,1.0339828084862126,2.83821612106185,59.091530196535444,2.148989365518,93.1840562,3.664790604148,309.3282839287198,0,False,False
Lissajouswaveformsdifferentmediums/argon/10 kHz/105% breakdown/105breakdown-0012/105breakdown-0012_01.csv,105,129994.38424272223,0.01000032746,4.2650611746300005,-1,-1,7.998105155953716,-31.593205548333867,-3.9500862932286123,75.79353167692685,78.8601900466888,1.5539885045960857,2.420479483532493,77.1755821824525,1.991566584748,110.5438,4.10664977678,354.1564813140545,0,False,False
Lissajouswaveformsdifferentmediums/argon/10 kHz/105% breakdown/105breakdown-0012/105breakdown-0012_05.csv,105,129994.38424272223,0.01000032746,4.2650611746300005,-1,-1,8.085849308925829,-31.730430603050337,-3.9241926717609816,75.70362179098206,78.9751501143328,1.6180640745221793,2.4126199167516056,77.14054104561657,1.9909976875860003,116.8676192,4.07540987434,354.6475255558983,0,False,False
Lissajouswaveformsdifferentmediums/argon/10 kHz/105% breakdown/105breakdown-0012/105breakdown-0012_09.csv,105,129994.38424272223,0.01000032746,4.2650611746300005,-1,-1,8.123190615191973,-31.68607108997764,-3.9006927931394864,75.62105374375237,78.87853138164743,1.5795235639291079,2.412119186056272,77.0254784953166,1.9912312169039996,112.1247548,4.043395689712,353.85901128574534,0,False,False
Lissajouswaveformsdifferentmediums/argon/10 kHz/105% breakdown/105breakdown-0012/105breakdown-0012_14.csv,105,129994.38424272223,0.01000032746,4.581015419,-1,-1,7.373949596055185,-29.890611407076754,-4.053541595004559,76.14196426296552,77.44266335303675,1.3948014773578228,2.516066067298646,77.40518694371801,1.643695497616,93.159449,4.233062933072,342.5911659842033,0,False,False
Lissajouswaveformsdifferentmediums/argon/10 kHz/105% breakdown/105breakdown-0012/105breakdown-0012_18.csv,105,129994.38424272223,0.01000032746,4.2650611746300005,-1,-1,7.982250867059102,-31.646195293974966,-3.96457037257141,75.84334300511287,78.76055081332868,1.6117482057915145,2.413958713403541,77.27855407702609,1.991689509224,110.5438,4.075141224578,353.30394830464405,0,False,False
Lissajouswaveformsdifferentmediums/argon/10 kHz/105% breakdown/105breakdown-0012/105breakdown-0012_22.csv,105,129994.38424272223,0.01000032746,4.26498212689,-1,-1,7.926456001648918,-31.69949246275925,-3.999201213778881,75.96106384485614,78.85293476104842,1.5101729569677083,2.413878108897972,77.30428470193505,1.9912629339999999,121.6104836,4.043806563888,356.06007658754714,0,False,False
Lissajouswaveformsdifferentmediums/argon/10 kHz/105% breakdown/105breakdown-0012/105breakdown-0012_26.csv,105,129994.38424272223,0.01000032746,4.2650611746300005,-1,-1,7.967813463366056,-31.792487648949816,-3.990114451740549,75.93036119948604,78.97632041348619,1.453800696427198,2.410209655871018,77.22143965794305,2.023090960508,121.61048360000002,4.075157044608001,354.03037292391366,0,False,False
Lissajouswaveformsdifferentmediums/argon/10 kHz/105% breakdown/105breakdown-0012/105breakdown-0012_30.csv,105,129994.38424272223,0.01000032746,4.26498212689,-1,-1,7.980028530780317,-31.72278397446845,-3.975271999606056,75.87992707402134,78.86135439704039,1.500695247841127,2.4114982883370284,77.21457859989661,1.9915508132,110.5438,4.106649677744,352.52597787252193,0,False,False
Lissajouswaveformsdifferentmediums/argon/10 kHz/105% breakdown/105breakdown-0012/105breakdown-0012_35.csv,105,129994.38424272223,0.01000032746,4.265048764134821,-1,-1,7.995169963050435,-31.612965232220915,-3.954007904562353,75.80705211757146,78.7788057278085,1.6109121758029095,2.4166684619989454,77.24118678109815,1.991487622532,121.6104836,4.043838182984,359.97350969326135,0,False,False
Lissajouswaveformsdifferentmediums/argon/10 kHz/105% breakdown/105breakdown-0012/105breakdown-0012_39.csv,105,129994.38424272223,0.01000032746,4.26498212689,-1,-1,7.870349090262742,-31.710069602521934,-4.029055031593692,76.0610168543085,78.79723690171272,1.5235587453620105,2.4124294242797366,77.41709677014012,1.9915508352000002,115.28666439999999,4.075156983090001,355.1687156563145,0,False,False
Lissajouswaveformsdifferentmediums/argon/10 kHz/105% breakdown/105breakdown-0012/105breakdown-0012_43.csv,105,129994.38424272223,0.01000032746,4.26498212689,-1,-1,7.9446299259141675,-31.64492543602948,-3.983184330941404,75.90685689844702,78.84403457562388,1.6212566431626478,2.4172959752989596,77.3490033776248,1.991120699586,132.67716719999999,4.075014871232,368.5169197606266,0,False,False
Lissajouswaveformsdifferentmediums/argon/10 kHz/105% breakdown/105breakdown-0012/105breakdown-0012_47.csv,105,129994.38424272223,0.01000032746,4.2650611746300005,-1,-1,7.942171789682619,-31.643602007887296,-3.9842505105460355,75.91047797587697,78.8428636835964,1.5444112403455617,2.417328687187716,77.28431587788938,2.022616697586,115.28666439999999,4.0752202108,356.6884009497685,0,False,False
Lissajouswaveformsdifferentmediums/argon/10 kHz/105% breakdown/105breakdown-0012/105breakdown-0012_51.csv,105,129994.38424272223,0.01000032746,4.2650611746300005,-1,-1,8.02935420007806,-31.72491408098793,-3.951116526990365,75.79708603071754,78.90240647389217,1.6706802757662191,2.4118673593165116,77.28207767210648,1.9601179023440003,115.28666439999998,4.043806563888,356.9893440368766,0,False,False
Lissajouswaveformsdifferentmediums/argon/10 kHz/105% breakdown/105breakdown-0012/105breakdown-0012_56.csv,105,129994.38424272223,0.01000032746,4.26498212689,-1,-1,7.8472515645379,-31.657846350151544,-4.034259140259355,76.07829801214199,78.69016978078876,1.4755344229606555,2.413265993777136,77.39343428380883,1.9602566743660002,112.1247548,4.0437117066,351.79167788745013,0,False,False
Lissajouswaveformsdifferentmediums/argon/10 kHz/105% breakdown/105breakdown-0012/105breakdown-0012_60.csv,105,129994.38424272223,0.01000032746,4.2650611746300005,-1,-1,7.9089624384879595,-31.571924638249776,-3.991917382817374,75.93646346061766,78.75215705204003,1.5876785695776487,2.4203457768102195,77.35040067015044,1.9916738232,112.1247548,4.075093795936,354.3550906946396,0,False,False
Lissajouswaveformsdifferentmediums/argon/10 kHz/105% breakdown/105breakdown-0012/105breakdown-0012_64.csv,105,129994.38424272223,0.01000032746,4.26498212689,-1,-1,7.990887347111773,-31.685486348592104,-3.9652024828061814,75.84550906648859,78.78455677182785,1.655308247576295,2.411764130066653,77.31904316805941,2.0226324836160003,116.8676192,4.0435695197040005,355.0593306875327,0,False,False
Lissajouswaveformsdifferentmediums/argon/10 kHz/115% breakdown/115breakdown-0013/115breakdown-0013_01.csv,115,129994.38424272223,0.01000032746,4.89730182344,-1,-1,17.853227326400503,-23.10011461867675,-1.2938901295743541,52.300885330821714,81.65730089960249,0.970436264290954,2.7972496932134767,53.13448882167191,3.4132653301380005,191.1109746,4.834088516824,456.53440845675965,0,False,False
Lissajouswaveformsdifferentmediums/argon/10 kHz/115% breakdown/115breakdown-0013/115breakdown-0013_05.csv,115,129994.38424272223,0.01000032746,4.89738087124,-1,-1,17.92191392724759,-22.7443663205495,-1.2690813276348845,51.762895171291,81.75402836214674,0.934956256040534,2.8235786150849616,52.56507534774309,3.508122638138001,192.6980804,4.834088578348,457.8465268178584,0,False,False
Lissajouswaveformsdifferentmediums/argon/10 kHz/115% breakdown/115breakdown-0013/115breakdown-0013_09.csv,115,129994.38424272223,0.01000032746,4.89730182344,-1,-1,17.901590492781747,-22.814589351002546,-1.274444824341268,51.88030494128964,81.77420128237615,0.9271689812681673,2.8201179419073594,52.67560838355453,3.3817251192820006,191.1109746,4.834056959252001,456.8701843423852,0,False,False
Lissajouswaveformsdifferentmediums/argon/10 kHz/115% breakdown/115breakdown-0013/115breakdown-0013_14.csv,115,129994.38424272223,0.01000032746,4.89730182344,-1,-1,18.17063754238967,-20.665240218489963,-1.1372875701406027,48.675315671682064,81.50385652247365,0.7357273836977374,2.9620503144242267,49.30851326245141,3.0658323259060003,183.23388699999998,4.771112291895999,451.2053323248659,0,False,False
Lissajouswaveformsdifferentmediums/argon/10 kHz/115% breakdown/115breakdown-0013/115breakdown-0013_18.csv,115,129994.38424272223,0.01000032746,4.89738087124,-1,-1,18.538073113158543,-21.331894804225325,-1.1507072323004106,49.00835432101401,81.64633210691449,1.001550169624743,2.889289918967052,49.868796224719176,3.5712093828180005,191.123277,4.83408857835,457.1193911587854,0,False,False
Lissajouswaveformsdifferentmediums/argon/10 kHz/115% breakdown/115breakdown-0013/115breakdown-0013_22.csv,115,129994.38424272223,0.01000032746,4.89738087124,-1,-1,18.608965900536425,-21.11231078764983,-1.134523589354379,48.60616937248414,81.64506341229352,0.9780572692115813,2.9014003757857108,49.446444270856546,3.476459371282,192.6980794,4.834088578348001,456.9914022226246,0,False,False
Lissajouswaveformsdifferentmediums/argon/10 kHz/115% breakdown/115breakdown-0013/115breakdown-0013_26.csv,115,129994.38424272223,0.01000032746,4.89730182344,-1,-1,18.719660657782025,-20.696063393276777,-1.1055789830609528,47.870549154822285,81.71874005714363,0.9660048847126123,2.9286491659120166,48.69972284468798,3.4765350381860007,192.6919292,4.834072768802,456.18562134117326,0,False,False
Lissajouswaveformsdifferentmediums/argon/10 kHz/115% breakdown/115breakdown-0013/115breakdown-0013_30.csv,115,129994.38424272223,0.01000032746,4.89738087124,-1,-1,18.97015540786491,-19.99093587061163,-1.0538098102413809,46.500805892430726,81.5117659161865,1.139644918843336,2.9581405026071397,47.48148069454231,3.4134988943540003,189.54232340000001,4.834120197444,455.8391233987494,0,False,False
Lissajouswaveformsdifferentmediums/argon/10 kHz/115% breakdown/115breakdown-0013/115breakdown-0013_35.csv,115,129994.38424272223,0.01000032746,4.89738087124,-1,-1,18.835054838980817,-20.270603198831623,-1.0762168399361285,47.10235422635538,81.60610686019564,1.0666923378944724,2.949587185912768,48.01920280766083,3.413467275282,189.54232340000001,4.834151755014,456.61430243513354,0,False,False
Lissajouswaveformsdifferentmediums/argon/10 kHz/115% breakdown/115breakdown-0013/115breakdown-0013_39.csv,115,129994.38424272223,0.01000032746,4.89738087124,-1,-1,18.786326263477385,-20.5354475522841,-1.0931060849404706,47.54696666347748,81.50660277660575,1.1038226043433053,2.9289040204237518,48.49688193661265,3.4133726401140008,189.5484746,4.834120135918001,456.0872094534847,0,False,False
Lissajouswaveformsdifferentmediums/argon/10 kHz/115% breakdown/115breakdown-0013/115breakdown-0013_43.csv,115,129994.38424272223,0.01000032746,4.89738087124,-1,-1,18.762499522170515,-20.66218723447019,-1.1012491811154972,47.75867675154877,81.724881119137,0.8909786146710745,2.9284386923117536,48.523401888326134,3.4766298358900003,194.27288180000002,4.834104387896,456.1864778087333,0,False,False
Lissajouswaveformsdifferentmediums/argon/10 kHz/115% breakdown/115breakdown-0013/115breakdown-0013_47.csv,115,129994.38424272223,0.01000032746,4.89738087124,-1,-1,18.909660417282396,-20.03028816406247,-1.0592621825062434,46.64842343377847,81.71853927954479,0.9149248165744797,2.9668886769836833,47.43375994135209,3.5396535730019996,194.27903500000002,4.8341043263720005,456.34186249393986,0,False,False
Lissajouswaveformsdifferentmediums/argon/10 kHz/115% breakdown/115breakdown-0013/115breakdown-0013_51.csv,115,129994.38424272223,0.01000032746,4.89738087124,-1,-1,19.170201762592992,-19.270297236756672,-1.0052214095293976,45.14919252885476,81.66224793071171,1.0042106002794382,3.0046580609903626,46.01175157195706,3.5081541836980006,194.27288180000002,4.8340603261220005,456.03802504324227,0,False,False
Lissajouswaveformsdifferentmediums/argon/10 kHz/115% breakdown/115breakdown-0013/115breakdown-0013_56.csv,115,129994.38424272223,0.01000032746,4.89738087124,-1,-1,18.958308791366672,-20.233128579185944,-1.0672433286032248,46.863061259410884,81.83263286404124,0.8505882558284843,2.951588830449695,47.59216208136746,3.5082331203840003,194.27288280000002,4.834028707016,455.7001367762445,0,False,False
Lissajouswaveformsdifferentmediums/argon/10 kHz/115% breakdown/115breakdown-0013/115breakdown-0013_60.csv,115,129994.38424272223,0.01000032746,4.89738087124,-1,-1,19.115673697542576,-19.349339972931382,-1.012223805401054,45.348054645873056,81.69989911885068,0.9606010260594686,3.004053110919016,46.17278067805984,3.508125945412,194.27288180000002,4.834151755014,456.4930862751466,0,False,False
Lissajouswaveformsdifferentmediums/argon/10 kHz/115% breakdown/115breakdown-0013/115breakdown-0013_64.csv,115,129994.38424272223,0.01000032746,4.89738087124,-1,-1,19.066634754506758,-19.660044983137382,-1.0311229661799843,45.877876472216755,81.83370550559818,0.899537336523608,2.988307587669475,46.64892006454437,3.5398680719,195.8538354,4.834012897478,455.3949644299111,0,False,False
Lissajouswaveformsdifferentmediums/argon/10 kHz/40% breakdown/0_4breakdown-0008/0_4breakdown-0008_01.csv,40,129994.38424272223,0.01000032746,1.57926673032,-1,-1,12.524510209681461,-20.667434258037293,-1.650159081036266,58.78404559812987,76.50748778416958,2.07540399075055,3.167631136397969,60.686250404276166,0.631911845142,26.814714199999997,1.515965611706,111.72011773462813,0,True,False
Lissajouswaveformsdifferentmediums/argon/10 kHz/40% breakdown/0_4breakdown-0008/0_4breakdown-0008_05.csv,40,129994.38424272223,0.01000032746,1.5793457780500002,-1,-1,12.21105457444807,-20.87407668783927,-1.7094409463633704,59.672939068726976,76.512485146098,1.743726617096966,3.165074276362352,61.27121439040653,0.66337629605,26.814714199999997,1.5159813577380004,112.21597912097234,0,False,False
Lissajouswaveformsdifferentmediums/argon/10 kHz/40% breakdown/0_4breakdown-0008/0_4breakdown-0008_09.csv,40,129994.38424272223,0.01000032746,1.5793457780500002,-1,-1,12.620366965319947,-20.968136402585692,-1.6614521955031054,58.95697573013141,76.78908707263741,1.746287828137606,3.138899560831299,60.55183478625426,0.6319276606880001,26.814714199999997,1.5159813597380003,112.62636250666452,0,True,False
Lissajouswaveformsdifferentmediums/argon/10 kHz/40% breakdown/0_4breakdown-0008/0_4breakdown-0008_14.csv,40,129994.38424272223,0.01000032746,1.57926673032,-1,-1,12.318833898698708,-20.986608487819858,-1.7036197306010243,59.58768584378032,76.98198351180676,1.7279502797068664,3.1646229986771828,61.16185364115847,0.6320506926880001,26.814714199999997,1.5159812982240002,111.94871799462611,0,False,False
Lissajouswaveformsdifferentmediums/argon/10 kHz/40% breakdown/0_4breakdown-0008/0_4breakdown-0008_18.csv,40,129994.38424272223,0.01000032746,1.5793457780500002,-1,-1,12.579313065591,-20.860214550469397,-1.6582952059226252,58.908807007858925,76.17512329661314,1.6015572454736633,3.128151231942106,60.38333010672426,0.632019069596,26.814714199999997,1.515981421252,112.20384735192704,0,True,False
Lissajouswaveformsdifferentmediums/argon/10 kHz/40% breakdown/0_4breakdown-0008/0_4breakdown-0008_22.csv,40,129994.38424272223,0.01000032746,1.5793457780500002,-1,-1,12.497148776406624,-20.830105517219103,-1.666788632343425,59.03809316447645,76.66677887114437,1.8713974872947146,3.157537784875899,60.74987240794866,0.6635151335960001,26.814714199999997,1.5159655501920002,112.24927792360027,0,True,False
Lissajouswaveformsdifferentmediums/argon/10 kHz/40% breakdown/0_4breakdown-0008/0_4breakdown-0008_26.csv,40,129994.38424272223,0.01000032746,1.5793457780500002,-1,-1,12.674079625525943,-20.58627811025342,-1.6242818980553106,58.38119271624182,76.71093257287247,1.7496494799338767,3.1743977156985186,59.98074748195259,0.632050690688,26.814714199999997,1.5159814212520002,112.05214526999971,0,True,False
Lissajouswaveformsdifferentmediums/argon/10 kHz/40% breakdown/0_4breakdown-0008/0_4breakdown-0008_30.csv,40,129994.38424272223,0.01000032746,1.5793457780500002,-1,-1,12.402423869277584,-20.888384365130822,-1.6842179065395486,59.30038766608342,76.50608800344433,2.0610468227774255,3.151032129090033,61.189477561477446,0.6318046226880001,26.814714199999997,1.5159813597380003,112.20451673114027,0,False,False
Lissajouswaveformsdifferentmediums/argon/10 kHz/40% breakdown/0_4breakdown-0008/0_4breakdown-0008_35.csv,40,129994.38424272223,0.01000032746,1.57926673032,-1,-1,12.249407924005906,-20.78829448973185,-1.69708565660482,59.49147500726184,76.3922123747187,1.720372515234131,3.1672151242355655,61.070836569904316,0.632019073596,26.814714199999997,1.5159812982240002,112.24371181295398,0,False,False
Lissajouswaveformsdifferentmediums/argon/10 kHz/40% breakdown/0_4breakdown-0008/0_4breakdown-0008_39.csv,40,129994.38424272223,0.01000032746,1.5793457780500002,-1,-1,12.24948588382904,-20.84300459169958,-1.7015411740026687,59.55713974057101,76.8658537664085,1.7813036424568194,3.1807027626790663,61.182337359191564,0.663530943142,26.814714199999997,1.5159812982240002,112.40208743075519,0,True,False
Lissajouswaveformsdifferentmediums/argon/10 kHz/40% breakdown/0_4breakdown-0008/0_4breakdown-0008_43.csv,40,129994.38424272223,0.01000032746,1.5793457780500002,-1,-1,12.282368662548615,-21.005485393933093,-1.7102145336170371,59.68423591151923,76.40123583086977,1.529815024032103,3.1407841194261703,61.08856771491534,0.663269071596,26.814714199999997,1.5159813597380003,112.45817209825819,0,False,False
Lissajouswaveformsdifferentmediums/argon/10 kHz/40% breakdown/0_4breakdown-0008/0_4breakdown-0008_47.csv,40,129994.38424272223,0.01000032746,1.57926673032,-1,-1,12.550323955333862,-20.983337951818704,-1.6719359616929113,59.115974985774585,77.01596907954418,2.1956245403911794,3.1518328691299335,61.11500444458747,0.632050688688,26.814714199999997,1.5159655501920002,112.56817646185334,0,True,False
Lissajouswaveformsdifferentmediums/argon/10 kHz/40% breakdown/0_4breakdown-0008/0_4breakdown-0008_51.csv,40,129994.38424272223,0.01000032746,1.5793457780500002,-1,-1,12.492012988271163,-20.73389567010723,-1.6597721832001318,58.931359170408044,76.37234265628788,1.9562859231251233,3.1566121028592242,60.72763105262274,0.632019073596,26.814714199999997,1.5159814212520002,112.05718444266303,0,False,False
Lissajouswaveformsdifferentmediums/argon/10 kHz/40% breakdown/0_4breakdown-0008/0_4breakdown-0008_56.csv,40,129994.38424272223,0.01000032746,1.57926673032,-1,-1,12.563968163830415,-21.17353652085942,-1.6852586893537767,59.31592365735131,76.8527172533462,2.149245701494355,3.123314571096279,61.276913699702675,0.631911853142,26.814714199999997,1.515965611706,112.25544171075323,0,False,False
Lissajouswaveformsdifferentmediums/argon/10 kHz/40% breakdown/0_4breakdown-0008/0_4breakdown-0008_60.csv,40,129994.38424272223,0.01000032746,1.57926673032,-1,-1,12.316087342204932,-20.723349336772657,-1.6826244212930843,59.27657384023914,76.66349230114939,1.7241571201228685,3.1813509854326787,60.85380988395946,0.568919725142,26.814714199999997,1.500171812738,110.71309199086551,0,True,False
Lissajouswaveformsdifferentmediums/argon/10 kHz/40% breakdown/0_4breakdown-0008/0_4breakdown-0008_64.csv,40,129994.38424272223,0.01000032746,1.57926673032,-1,-1,12.287220997626905,-20.79518742607957,-1.6924239769184466,59.42249736181397,76.62890945094489,1.4288836972030066,3.1733411621711345,60.73031435349512,0.6320506946880001,26.814714199999997,1.515965611706,112.28636666409253,0,True,False
Lissajouswaveformsdifferentmediums/argon/10 kHz/60% breakdown/0_6breakdown-0009/0_6breakdown-0009_01.csv,60,129994.38424272223,0.01000032746,2.2111125080500003,-1,-1,12.35820686427158,-19.330314941741303,-1.5641682611436587,57.40851069098337,73.66646487624469,0.7766467817119885,3.211098993920449,58.148027028752466,0.8217212704240001,34.7194876,2.211080950472,169.90951441650458,0,False,False
Lissajouswaveformsdifferentmediums/argon/10 kHz/60% breakdown/0_6breakdown-0009/0_6breakdown-0009_05.csv,60,129994.38424272223,0.01000032746,2.2111125080500003,-1,-1,12.136325393413331,-19.39486597610352,-1.5980838802022865,57.96375156911488,73.32370528640175,0.9990004434044016,3.2052854157116935,58.919402252867314,0.8534634004239999,34.7194876,2.211065202440001,170.00592243893956,0,False,False
Lissajouswaveformsdifferentmediums/argon/10 kHz/60% breakdown/0_6breakdown-0009/0_6breakdown-0009_09.csv,60,129994.38424272223,0.01000032746,2.2111125080500003,-1,-1,12.414976941500987,-19.385053131555512,-1.5614248196269171,57.3628475690035,73.62777676179607,0.7246615621295484,3.198684189402704,58.053231529147894,0.852816615328,34.7194876,2.211065202440001,169.5446412746673,0,False,False
Lissajouswaveformsdifferentmediums/argon/10 kHz/60% breakdown/0_6breakdown-0009/0_6breakdown-0009_14.csv,60,129994.38424272223,0.01000032746,2.2111125080500003,-1,-1,12.193538592215141,-19.330913658954074,-1.5853407534459052,57.757122825554084,73.76135433478139,0.9011055086247656,3.2276746539823615,58.61402758128176,0.8530942984240001,34.7194876,2.2110651409260003,169.88005879500966,0,False,False
Lissajouswaveformsdifferentmediums/argon/10 kHz/60% breakdown/0_6breakdown-0009/0_6breakdown-0009_18.csv,60,129994.38424272223,0.01000032746,2.2111125080500003,-1,-1,11.985884589479669,-19.38865908846639,-1.617624376717621,58.27603771678273,73.60197432541929,0.6676914875560002,3.2291587543328824,58.91237400639386,0.7900863668760001,34.7194876,2.2110651409260003,169.56983222786005,0,False,False
Lissajouswaveformsdifferentmediums/argon/10 kHz/60% breakdown/0_6breakdown-0009/0_6breakdown-0009_22.csv,60,129994.38424272223,0.01000032746,2.2111125080500003,-1,-1,12.160238942827334,-19.324854787181977,-1.589183804532119,57.81968765327697,73.42528684177935,0.7165028596761536,3.216057894347786,58.50418187632792,0.821828496876,34.7194876,2.2110808889580005,170.38645539252425,0,False,False
Lissajouswaveformsdifferentmediums/argon/10 kHz/60% breakdown/0_6breakdown-0009/0_6breakdown-0009_26.csv,60,129994.38424272223,0.01000032746,2.2111125080500003,-1,-1,12.078904939187334,-19.55761295391357,-1.6191544723945315,58.3002608636332,73.76079572221222,1.0993551562950072,3.2093450510756045,59.34566063505781,0.7902252104240002,34.7194876,2.2110652024400004,170.12913500049515,0,False,False
Lissajouswaveformsdifferentmediums/argon/10 kHz/60% breakdown/0_6breakdown-0009/0_6breakdown-0009_30.csv,60,129994.38424272223,0.01000032746,2.2111125080500003,-1,-1,12.075032263334883,-19.40067203157635,-1.6066766206898953,58.10175085694116,73.90354879024984,0.809680681004995,3.234365183264254,58.87024508863135,0.821844308424,34.7194876,2.211065202440001,169.70447489590285,0,False,False
Lissajouswaveformsdifferentmediums/argon/10 kHz/60% breakdown/0_6breakdown-0009/0_6breakdown-0009_35.csv,60,129994.38424272223,0.01000032746,2.2111125080500003,-1,-1,12.025029490310898,-19.4923656621565,-1.6209827741264478,58.32916152644399,73.87191997128778,0.47777100290012015,3.2255074067855802,58.78284138340979,0.821812689328,34.7194876,2.2110652024400004,170.5824221564305,0,False,False
Lissajouswaveformsdifferentmediums/argon/10 kHz/60% breakdown/0_6breakdown-0009/0_6breakdown-0009_39.csv,60,129994.38424272223,0.01000032746,2.2111125080500003,-1,-1,12.177165201485188,-19.454323418975278,-1.5976069222254232,57.956060369033715,73.63638020563022,0.7699047120014201,3.2086627191548125,58.689457149573286,0.821844304424,34.7194876,2.211065202440001,169.98045863282834,0,False,False
Lissajouswaveformsdifferentmediums/argon/10 kHz/60% breakdown/0_6breakdown-0009/0_6breakdown-0009_43.csv,60,129994.38424272223,0.01000032746,2.2111125080500003,-1,-1,12.149260467572866,-19.44043573018335,-1.6001332576637965,57.99676135497061,73.88297966389938,0.8599023473254321,3.2232028408759272,58.81314352974212,0.7269712128760001,34.7194876,2.211065202440001,170.17569147056582,0,False,False
Lissajouswaveformsdifferentmediums/argon/10 kHz/60% breakdown/0_6breakdown-0009/0_6breakdown-0009_47.csv,60,129994.38424272223,0.01000032746,2.2111125080500003,-1,-1,12.230545019786026,-19.275758763127833,-1.576034324876314,57.60471179767062,73.73119911291604,0.5567424268551388,3.229923151004717,58.13438600085348,0.8218126873280002,34.7194876,2.2110652024400004,169.4263231960255,0,False,False
Lissajouswaveformsdifferentmediums/argon/10 kHz/60% breakdown/0_6breakdown-0009/0_6breakdown-0009_51.csv,60,129994.38424272223,0.01000032746,2.2111125080500003,-1,-1,12.23426109832491,-19.381892970084458,-1.5842307773485549,57.739012013220226,73.70619800397881,0.701713509336235,3.2159950745458294,58.40682419034104,0.8218284988760002,34.7194876,2.211080950472,169.73187636729156,0,False,False
Lissajouswaveformsdifferentmediums/argon/10 kHz/60% breakdown/0_6breakdown-0009/0_6breakdown-0009_56.csv,60,129994.38424272223,0.01000032746,2.2111125080500003,-1,-1,12.095542243690018,-19.470128804596573,-1.6096945810555718,58.14996722049888,73.8223619882507,0.7139568234753471,3.2209077085297926,58.82836105086358,0.600494830876,33.1385328,2.2110493928940005,167.86952056741205,0,False,False
Lissajouswaveformsdifferentmediums/argon/10 kHz/60% breakdown/0_6breakdown-0009/0_6breakdown-0009_60.csv,60,129994.38424272223,0.01000032746,2.2111125080500003,-1,-1,12.064553597605784,-19.42621419328962,-1.6101892238387305,58.15785742961676,73.65891804237604,0.5042971045828277,3.2212044715247203,58.63810938435512,0.8218126853280001,34.7194876,2.2110652024400004,169.9287213904122,0,False,False
Lissajouswaveformsdifferentmediums/argon/10 kHz/60% breakdown/0_6breakdown-0009/0_6breakdown-0009_64.csv,60,129994.38424272223,0.01000032746,2.2111125080500003,-1,-1,12.126537501644146,-19.265690928323295,-1.5887215065068,57.81217291560374,73.77702036726811,0.4583370555874341,3.24098252634372,58.24795930006397,0.7900705553280001,34.7194876,2.211065202440001,169.94747498299625,0,False,False
Lissajouswaveformsdifferentmediums/argon/10 kHz/75% breakdown/0_75breakdown-0010/0_75breakdown-0010_01.csv,75,129994.38424272223,0.01000032746,2.8430372835200006,-1,-1,11.74099285680517,-19.230302154428877,-1.6378769997532914,58.593995663619076,73.70431920329452,0.5232733643855373,3.271333531309102,59.092011238887636,1.264344612164,44.2052164,2.8428635015340005,212.94433922122286,0,False,False
Lissajouswaveformsdifferentmediums/argon/10 kHz/75% breakdown/0_75breakdown-0010/0_75breakdown-0010_05.csv,75,129994.38424272223,0.01000032746,2.8430372835200006,-1,-1,11.815706018183437,-19.096034632268736,-1.616156884986936,58.25277449317965,73.79968776361967,0.6658165833883255,3.2866214752343357,58.88562421666708,1.2642215521640001,44.2052164,2.8428791880500004,213.0034592448513,0,False,False
Lissajouswaveformsdifferentmediums/argon/10 kHz/75% breakdown/0_75breakdown-0010/0_75breakdown-0010_09.csv,75,129994.38424272223,0.01000032746,2.8430372835200006,-1,-1,11.62085679282762,-19.28404929480009,-1.6594343806647878,58.926203816002534,73.98118401506333,0.5926399954506036,3.286040676320244,59.48812308928211,1.2326781035199998,44.2052164,2.8428635015340005,213.42228452430953,0,False,False
Lissajouswaveformsdifferentmediums/argon/10 kHz/75% breakdown/0_75breakdown-0010/0_75breakdown-0010_14.csv,75,129994.38424272223,0.01000032746,2.8430372835200006,-1,-1,11.671985522872008,-19.208058917755615,-1.6456547928470424,58.714587874409666,73.48550311081581,0.4875287251839799,3.2695717469039884,59.17996727898543,1.200876125712,44.2052164,2.8428635015340005,212.73814756976017,0,False,False
Lissajouswaveformsdifferentmediums/argon/10 kHz/75% breakdown/0_75breakdown-0010/0_75breakdown-0010_18.csv,75,129994.38424272223,0.01000032746,2.8430372835200006,-1,-1,11.734204985408212,-19.252872200015045,-1.640747901025804,58.63860515124928,73.79471880199065,0.49363838795505116,3.2730464826381276,59.107841996501094,1.263852488164,44.2052164,2.8428791880500004,213.84706139527387,0,False,False
Lissajouswaveformsdifferentmediums/argon/10 kHz/75% breakdown/0_75breakdown-0010/0_75breakdown-0010_22.csv,75,129994.38424272223,0.01000032746,2.8430372835200006,-1,-1,11.681456923666328,-19.229477084305646,-1.646154003731095,58.722299566810825,73.81093336615295,0.6918122753198606,3.2807692285270935,59.37975554329839,1.20113805326,44.2052164,2.842879188052,213.61125109735337,0,False,False
Lissajouswaveformsdifferentmediums/argon/10 kHz/75% breakdown/0_75breakdown-0010/0_75breakdown-0010_26.csv,75,129994.38424272223,0.01000032746,2.8429582357900003,-1,-1,11.870371485563279,-19.132884582045936,-1.6118185185118519,58.18382211965087,73.77422699801834,0.6173688321311684,3.276687685891167,58.770828754491845,1.2010906006159998,44.2052164,2.8428791880500004,213.14816067532038,0,False,False
Lissajouswaveformsdifferentmediums/argon/10 kHz/75% breakdown/0_75breakdown-0010/0_75breakdown-0010_30.csv,75,129994.38424272223,0.01000032746,2.8429582357900003,-1,-1,11.701904009908686,-19.08563644493034,-1.6309855583133666,58.48644676633141,73.99463352289237,0.7631130687295566,3.3054531756538377,59.209855524313326,1.2326024961640003,44.2052164,2.8428635015320007,213.10567794596207,0,False,False
Lissajouswaveformsdifferentmediums/argon/10 kHz/75% breakdown/0_75breakdown-0010/0_75breakdown-0010_35.csv,75,129994.38424272223,0.01000032746,2.8430372835200006,-1,-1,11.860562869423696,-19.12248550022301,-1.6122747048978943,58.191085185865454,73.84799437576096,0.5329238472995047,3.2819616806973695,58.69729821860159,1.263868297712,44.2052164,2.8428791880500004,213.28738229826158,0,False,False
Lissajouswaveformsdifferentmediums/argon/10 kHz/75% breakdown/0_75breakdown-0010/0_75breakdown-0010_39.csv,75,129994.38424272223,0.01000032746,2.8430372835200006,-1,-1,11.770311537575733,-19.142765647948266,-1.6263601508623278,58.41389067850517,73.77510655929295,0.5897875077363827,3.2831528528308462,58.974667466998966,1.232725530164,44.2052164,2.8428792495640005,213.53632410654674,0,False,False
Lissajouswaveformsdifferentmediums/argon/10 kHz/75% breakdown/0_75breakdown-0010/0_75breakdown-0010_43.csv,75,129994.38424272223,0.01000032746,2.8430372835200006,-1,-1,11.6711015620456,-19.223290691201072,-1.6470845180300013,58.736664817301715,73.76754169276032,0.5901728145722858,3.2803365702843905,59.29786547816158,1.2640827466159998,44.2052164,2.842879188052,213.06012518216022,0,False,False
Lissajouswaveformsdifferentmediums/argon/10 kHz/75% breakdown/0_75breakdown-0010/0_75breakdown-0010_47.csv,75,129994.38424272223,0.01000032746,2.8429582357900003,-1,-1,11.749633379611712,-19.23394607366343,-1.6369826574366741,58.58007564572726,73.76704945797108,0.5992296552727864,3.273050056273434,59.14989177667525,1.2010906126160001,44.2052164,2.8428635015340005,213.3286428865766,0,False,False
Lissajouswaveformsdifferentmediums/argon/10 kHz/75% breakdown/0_75breakdown-0010/0_75breakdown-0010_51.csv,75,129994.38424272223,0.01000032746,2.8430372835200006,-1,-1,11.778199908653688,-19.220685180282707,-1.631886479203063,58.5005442098853,73.50340383585967,0.38956377749457716,3.2607390379174124,58.872321788878054,1.23263411326,44.2052164,2.842863440020001,212.84946480635966,0,False,False
Lissajouswaveformsdifferentmediums/argon/10 kHz/75% breakdown/0_75breakdown-0010/0_75breakdown-0010_56.csv,75,129994.38424272223,0.01000032746,2.8430372835200006,-1,-1,11.639351960951018,-19.061009599606816,-1.6376349528354148,58.59022941008693,73.61400592002259,0.5839554527840549,3.296242773342396,59.14667638367649,1.2012294701639998,44.2052164,2.8428635015340005,213.2280319866677,0,False,False
Lissajouswaveformsdifferentmediums/argon/10 kHz/75% breakdown/0_75breakdown-0010/0_75breakdown-0010_60.csv,75,129994.38424272223,0.01000032746,2.8430372835200006,-1,-1,11.647750691337299,-19.134468671239695,-1.6427608366884467,58.669815322657776,73.73921164622725,0.6566198968068437,3.2920001049389778,59.294436228547966,1.263836678616,44.2052164,2.8428791880500004,212.92913288243716,0,False,False
Lissajouswaveformsdifferentmediums/argon/10 kHz/75% breakdown/0_75breakdown-0010/0_75breakdown-0010_64.csv,75,129994.38424272223,0.01000032746,2.8430372835200006,-1,-1,11.643985421144524,-19.23815570920655,-1.6521968220839258,58.81537726917204,73.77873926091398,0.8693285670931796,3.2812147029415444,59.64187329550683,1.232340616616,44.2052164,2.8428791880500004,214.00817429769708,0,False,False
Lissajouswaveformsdifferentmediums/argon/10 kHz/90% breakdown/0_9breakdown-0011/0_9breakdown-0011_01.csv,90,129994.38424272223,0.01000032746,3.4748039635200003,-1,-1,11.210862431793155,-19.20543526770699,-1.7131095296684606,59.72644459042734,74.10207952452366,0.4974740820295621,3.332328338488622,60.197366023335775,1.04291953926,47.367126,3.4431814391460005,255.33659941912134,0,False,False
Lissajouswaveformsdifferentmediums/argon/10 kHz/90% breakdown/0_9breakdown-0011/0_9breakdown-0011_05.csv,90,129994.38424272223,0.01000032746,3.4748039635200003,-1,-1,11.218900598387691,-19.14737138552747,-1.7067065723248507,59.6329473641282,74.08021475710505,0.48539330287162974,3.3382545926834664,60.09256893656877,1.1063123603560003,47.367126,3.4431814391440003,255.45410707748815,0,False,False
Lissajouswaveformsdifferentmediums/argon/10 kHz/90% breakdown/0_9breakdown-0011/0_9breakdown-0011_09.csv,90,129994.38424272223,0.01000032746,3.4748039635200003,-1,-1,11.42282884322912,-19.2644822333552,-1.6864896163417715,59.334279663302134,74.22581365668542,0.40304775995520226,3.3142498076920215,59.71518172169189,1.074570220356,47.367126,3.4431972486920004,255.36787940237502,0,False,False
Lissajouswaveformsdifferentmediums/argon/10 kHz/90% breakdown/0_9breakdown-0011/0_9breakdown-0011_14.csv,90,129994.38424272223,0.01000032746,3.4748039635200003,-1,-1,11.363403273068995,-18.995033793477745,-1.6715972615788035,59.11086112767274,73.92710455668343,0.3676639103535541,3.3399585525687288,59.459728304499265,1.106296564808,47.367126,3.4431973102040008,255.4468083440125,0,False,False
Lissajouswaveformsdifferentmediums/argon/10 kHz/90% breakdown/0_9breakdown-0011/0_9breakdown-0011_18.csv,90,129994.38424272223,0.01000032746,3.4748039635200003,-1,-1,11.334095055787992,-19.184505673455163,-1.6926367371216102,59.42565165348194,74.00451761114692,0.35376631087931776,3.3212609240121207,59.76098091681453,1.0430425752599999,47.367126,3.4432130582380007,255.67273989763115,0,False,False
Lissajouswaveformsdifferentmediums/argon/10 kHz/90% breakdown/0_9breakdown-0011/0_9breakdown-0011_22.csv,90,129994.38424272223,0.01000032746,3.4748039635200003,-1,-1,11.38003002496188,-19.272563012307046,-1.693542369399118,59.439071596091345,74.3815803949412,0.43846481978230967,3.323420213680407,59.85257585268141,1.07466164726,47.367126,3.4431973102060005,255.0381123582622,0,False,False
Lissajouswaveformsdifferentmediums/argon/10 kHz/90% breakdown/0_9breakdown-0011/0_9breakdown-0011_26.csv,90,129994.38424272223,0.01000032746,3.4748039635200003,-1,-1,11.247819596646801,-19.091093330575376,-1.6973150366197918,59.49486182442219,74.3275961178729,0.47436985298759304,3.3545169362593437,59.94255072613302,1.1380228852599998,47.367126,3.4432130582360005,255.0846481849299,0,False,False
Lissajouswaveformsdifferentmediums/argon/10 kHz/90% breakdown/0_9breakdown-0011/0_9breakdown-0011_30.csv,90,129994.38424272223,0.01000032746,3.4748039635200003,-1,-1,11.16169088221911,-19.191208560610637,-1.7193818358814053,59.81752996257966,74.02968243377444,0.33684917413429083,3.3345670873848445,60.136715555731485,1.011562322808,47.367126,3.443228867782001,255.22561834576047,0,False,False
Lissajouswaveformsdifferentmediums/argon/10 kHz/90% breakdown/0_9breakdown-0011/0_9breakdown-0011_35.csv,90,129994.38424272223,0.01000032746,3.4748039635200003,-1,-1,11.168509656832994,-19.13578440056316,-1.713369553193314,59.73023049444382,74.30498548833023,0.3540131878051821,3.353688320080279,60.064436873007395,1.1061735408079998,47.367126,3.4431972486900007,255.3940363238455,0,False,False
Lissajouswaveformsdifferentmediums/argon/10 kHz/90% breakdown/0_9breakdown-0011/0_9breakdown-0011_39.csv,90,129994.38424272223,0.01000032746,3.4748039635200003,-1,-1,11.40363164862071,-19.114040367197735,-1.6761362481845519,59.179266345813424,74.2577418496714,0.489366290544001,3.3364340089225464,59.64154204149642,1.07453859926,47.367126,3.4431814391440003,255.1371400291019,0,False,False
Lissajouswaveformsdifferentmediums/argon/10 kHz/90% breakdown/0_9breakdown-0011/0_9breakdown-0011_43.csv,90,129994.38424272223,0.01000032746,3.4748039635200003,-1,-1,11.379693455431315,-19.17008804150665,-1.6845873851159956,59.30590457827544,74.33072567235752,0.5681690259639391,3.3343692820380424,59.84208959798616,1.0430583608080002,47.367126,3.4431814391440003,255.34104147727197,0,False,False
Lissajouswaveformsdifferentmediums/argon/10 kHz/90% breakdown/0_9breakdown-0011/0_9breakdown-0011_47.csv,90,129994.38424272223,0.01000032746,3.4748039635200003,-1,-1,11.383385671335718,-19.267594262258903,-1.6926066478425885,59.425205598402016,74.11820734446066,0.4916456421553131,3.3120560467250435,59.89050866255678,1.16951894526,47.367126,3.4431972486940006,255.034742953609,0,False,False
Lissajouswaveformsdifferentmediums/argon/10 kHz/90% breakdown/0_9breakdown-0011/0_9breakdown-0011_51.csv,90,129994.38424272223,0.01000032746,3.4748039635200003,-1,-1,11.256569496908108,-19.094120416074308,-1.6962646054216584,59.47934653894428,74.06337219426173,0.4525019015313963,3.341520347218219,59.90792170240434,1.074431362808,47.367126,3.4431972486900007,255.50364721207325,0,False,False
Lissajouswaveformsdifferentmediums/argon/10 kHz/90% breakdown/0_9breakdown-0011/0_9breakdown-0011_56.csv,90,129994.38424272223,0.01000032746,3.4748039635200003,-1,-1,11.346779522840915,-19.263229501981716,-1.697682541835337,59.500286656655604,74.2565725842896,0.3811191649727177,3.321513665329167,59.86031637039926,1.011439266808,47.367126,3.4431972486900007,255.402409306107,0,False,False
Lissajouswaveformsdifferentmediums/argon/10 kHz/90% breakdown/0_9breakdown-0011/0_9breakdown-0011_60.csv,90,129994.38424272223,0.01000032746,3.4748039635200003,-1,-1,11.282223795889136,-19.05222433477497,-1.6886940623990245,59.36710362125932,74.16988172250404,0.35289427152633285,3.3497678872297247,59.70086054414563,1.07466164726,47.367126,3.4431972486900007,255.17891928316718,0,False,False
Lissajouswaveformsdifferentmediums/argon/10 kHz/90% breakdown/0_9breakdown-0011/0_9breakdown-0011_64.csv,90,129994.38424272223,0.01000032746,3.4748039635200003,-1,-1,11.266135437973928,-19.303920263113465,-1.7134464936438785,59.73135057168187,74.2255467566924,0.3757843136677121,3.320968939764406,60.08648915106187,1.0429352928080002,47.367126,3.4431814391440003,255.35261294075414,0,False,False
Lissajouswaveformsdifferentmediums/argon/Lissajousfigure10kHz-0005/Lissajousfigure10kHz-0005_01.csv,MAX,129994.38424272223,0.01000032746,10.268873867770003,-1,-1,2.0202858260800025,-32.40610472531978,-16.040356422337492,86.4326401688531,82.78384839769039,1.5484090935256165,2.5502942530222246,87.74448471892774,5.563382487324001,347.52706520000004,9.858519882492,883.0093981761761,0,False,False
Lissajouswaveformsdifferentmediums/argon/Lissajousfigure10kHz-0005/Lissajousfigure10kHz-0005_05.csv,MAX,129994.38424272223,0.01000032746,10.268952607890002,-1,-1,1.0344492201966877,-32.462778118917925,-31.381702924717302,88.17484735270929,82.5779018606628,1.5261644479341336,2.5431321384571435,89.47107583086529,5.3419823572839995,353.844738,9.953392784998002,887.887479459764,0,False,False
Lissajouswaveformsdifferentmediums/argon/Lissajousfigure10kHz-0005/Lissajousfigure10kHz-0005_09.csv,MAX,129994.38424272223,0.01000032746,10.268636724610001,-1,-1,1.0113942004296377,-32.792093358048405,-32.42266303694287,88.2334078499245,82.6299980642442,1.6122287980520098,2.5193355409223006,89.60184392668214,5.3734783573080005,355.41953559999996,9.921713804154003,884.6758655564697,0,False,False
Lissajouswaveformsdifferentmediums/argon/Lissajousfigure10kHz-0005/Lissajousfigure10kHz-0005_14.csv,MAX,129994.38424272223,0.01000032746,10.269031655620001,-1,-1,4.38422542210445,-30.544717884563514,-6.9669587997375135,81.83185926819347,82.60786921484615,1.4519598633882647,2.6776732882803196,83.06463574714542,5.942047680220001,334.89173159999996,9.953301318580001,887.3896138039055,0,False,False
Lissajouswaveformsdifferentmediums/argon/Lissajousfigure10kHz-0005/Lissajousfigure10kHz-0005_18.csv,MAX,129994.38424272223,0.01000032746,10.26918975122,-1,-1,6.451720783926762,-28.896392321837528,-4.478865916489661,77.41395290047507,82.71414466560898,1.7473977633377222,2.7945879466911943,78.89556101556002,6.194612141348,327.00541000000004,9.953083560316001,884.0839164093638,0,False,False
Lissajouswaveformsdifferentmediums/argon/Lissajousfigure10kHz-0005/Lissajousfigure10kHz-0005_22.csv,MAX,129994.38424272223,0.01000032746,10.112171079475402,-1,-1,5.993576706494015,-29.527215868303013,-4.9264766789937635,78.52572212073662,82.8597351663463,1.536750542146807,2.7508398160086593,79.82650072027374,5.847313372196,330.14886839999997,9.890170356516002,886.9273125638042,0,False,False
Lissajouswaveformsdifferentmediums/argon/Lissajousfigure10kHz-0005/Lissajousfigure10kHz-0005_26.csv,MAX,129794.39288234881,0.01000032746,9.1632154589,-1,-1,7.498425720494082,-26.496371962082957,-3.533591309661873,74.19858212056786,82.85992809211879,-0.3421218019576915,3.0090828046269795,73.90850109599026,0.031590550192,9.448819199999999,0.031511810031999994,11.02921929161421,0,False,False
Lissajouswaveformsdifferentmediums/argon/Lissajousfigure10kHz-0005/Lissajousfigure10kHz-0005_30.csv,MAX,129994.38424272223,0.01000032746,9.9539300345,-1,-1,6.087531809004595,-29.778994246877133,-4.891801009208436,78.44656593645864,83.06650611908184,1.4751557376961533,2.7335602673207964,79.69211741288291,5.815773286460001,334.8794292,9.668884093184001,878.7823369090299,0,False,False
Lissajouswaveformsdifferentmediums/argon/Lissajousfigure10kHz-0005/Lissajousfigure10kHz-0005_35.csv,MAX,129994.38424272223,0.01000032746,9.953510282430221,1,-1,0.41565782803337636,34.17317967184443,82.2146904667471,-89.30312996507467,83.27373008558264,1.470062257790885,2.437204208136904,88.06496568623845,-5.184231076396,372.81003719999995,9.6372807692,878.81079858523,0,False,False
Lissajouswaveformsdifferentmediums/argon/Lissajousfigure10kHz-0005/Lissajousfigure10kHz-0005_39.csv,MAX,129994.38424272223,0.01000032746,9.79543974342,-1,-1,0.8101703485340842,-33.78755234496176,-41.70425689621534,88.62640395500055,83.35287369580047,1.4421653504323533,2.4668142450663164,89.83992609897456,5.089528369932001,369.6419788,9.416262895594002,875.524793977179,0,False,False
Lissajouswaveformsdifferentmediums/argon/Lissajousfigure10kHz-0005/Lissajousfigure10kHz-0005_43.csv,MAX,129994.38424272223,0.01000032746,9.795202600209999,-1,-1,9.32791385950935,-27.35226031278436,-2.9323019835673194,71.16913547609438,83.70496512914738,1.287821495330082,2.896972806801462,72.24825926415826,6.036548258444001,333.30462439999997,9.384517376236001,877.2566220458447,0,False,False
Lissajouswaveformsdifferentmediums/argon/Lissajousfigure10kHz-0005/Lissajousfigure10kHz-0005_47.csv,MAX,129994.38424272223,0.01000032746,9.79543974342,-1,-1,5.702407404859176,-30.450491325267194,-5.339936129312596,79.39317771935877,83.51936028340054,1.2442613563921712,2.696375413672374,80.43812522114544,5.499844170508,344.3651532,9.447802825846,876.085428666831,0,False,False
Lissajouswaveformsdifferentmediums/argon/Lissajousfigure10kHz-0005/Lissajousfigure10kHz-0005_51.csv,MAX,129994.38424272223,0.01000032746,10.11163046337,-1,-1,11.465183962175225,-24.79546517411696,-2.162674864696428,65.18463403678777,83.37024967900946,1.5228128757178958,3.0526216406599986,66.46572872027741,6.541986470260001,314.35777400000006,9.732264711092,883.9911309050074,0,False,False
Lissajouswaveformsdifferentmediums/argon/Lissajousfigure10kHz-0005/Lissajousfigure10kHz-0005_56.csv,MAX,129994.38424272223,0.01000032746,10.269256388395403,-1,-1,6.584077209189383,-29.17071616583171,-4.430494242248283,77.28098694535372,82.83807458366181,1.8275972639993052,2.771095092640006,78.82824619387227,6.0368732636599995,331.73597079999996,9.889049418122,883.6367169370347,0,False,False
Lissajouswaveformsdifferentmediums/argon/Lissajousfigure10kHz-0005/Lissajousfigure10kHz-0005_60.csv,MAX,129994.38424272223,0.01000032746,10.111867299020002,-1,-1,2.4469110313402926,-31.85610869749279,-13.018907630672475,85.60765795874713,82.72777044973539,1.5453590851117163,2.5899700672287422,86.91780656658293,5.531618008580001,347.5332164,9.890249498256003,886.1379097213811,0,False,False
Lissajouswaveformsdifferentmediums/argon/Lissajousfigure10kHz-0005/Lissajousfigure10kHz-0005_64.csv,MAX,129994.38424272223,0.01000032746,9.954312862654243,-1,-1,1.989849581916344,-32.24529113744651,-16.204888766713896,86.46876835839872,82.82456100770496,1.5072929524716776,2.5643379957558907,87.74516263141237,5.373585512260001,353.8447332,9.858443947016,883.6514037578202,0,False,False
Lissajouswaveformsdifferentmediums/argon/20 kHz/breakdown/breakdown/breakdown_01.csv,100,119994.81622405129,0.01000032746,3.9497222902599995,-1,-1,7.653626700213104,-30.809228746234755,-4.0254417876660895,76.04899368729342,81.81749490619178,5.207440778126303,2.5864488157327026,80.87435632522462,1.5175442353559998,104.21998080000002,3.949248557484,384.0003050961861,0,False,False
Lissajouswaveformsdifferentmediums/argon/20 kHz/breakdown/breakdown/breakdown_05.csv,100,119994.81622405129,0.01000032746,3.9497222902599995,-1,-1,7.685053140606726,-30.713750678685294,-3.996556707773198,75.95214205691754,81.87335641313942,5.237410372581973,2.5952599430513237,80.8018477535635,1.5175126882599999,104.2199808,3.9492327479380003,382.36710588700015,0,False,False
Lissajouswaveformsdifferentmediums/argon/20 kHz/breakdown/breakdown/breakdown_09.csv,100,119994.81622405129,0.01000032746,3.9497222902599995,-1,-1,7.584051629210101,-30.856873526434363,-4.068652883056413,76.19146062453893,81.83751996129699,5.1875175934920446,2.5846005604137297,80.99727782167491,1.5174810451640004,104.21998080000002,3.9492485574820004,383.71223583767426,0,True,False
Lissajouswaveformsdifferentmediums/argon/20 kHz/breakdown/breakdown/breakdown_14.csv,100,119994.81622405129,0.01000032746,3.9497222902599995,-1,-1,7.644330816872644,-30.799991080296085,-4.0291284898756645,76.06126107805227,81.83669218141438,5.198302254623144,2.587932803189994,80.87707093708067,1.5175442593560002,104.21998080000002,3.949248557484,383.8656025538075,0,False,False
Lissajouswaveformsdifferentmediums/argon/20 kHz/breakdown/breakdown/breakdown_18.csv,100,119994.81622405129,0.01000032746,3.9497222902599995,-1,-1,7.590940963790864,-30.769192060428935,-4.053409479430731,76.14152999007608,81.80803489989808,5.190312635873528,2.5904923276058898,80.95164933157275,1.5175284498079997,104.21998080000002,3.949248557484,383.5943479930436,0,False,False
Lissajouswaveformsdifferentmediums/argon/20 kHz/breakdown/breakdown/breakdown_22.csv,100,119994.81622405129,0.01000032746,3.9497222902599995,-1,-1,7.666820685414689,-30.776730466066407,-4.0142755033538045,76.01170875168178,81.89909384796064,5.264812706598014,2.5915271363711647,80.88514171596651,1.5174810451640004,104.2199808,3.9492484959640004,383.2180404866778,0,True,False
Lissajouswaveformsdifferentmediums/argon/20 kHz/breakdown/breakdown/breakdown_26.csv,100,119994.81622405129,0.01000032746,3.9497222902599995,-1,-1,7.614474925751197,-30.795763993211043,-4.044371318245942,76.1117574514229,81.8717904642405,5.189413764775145,2.5899245115460436,80.91732010620964,1.5175759024520004,104.2199808,3.949248557484,383.4105371004617,0,True,False
Lissajouswaveformsdifferentmediums/argon/20 kHz/breakdown/breakdown/breakdown_30.csv,100,119994.81622405129,0.01000032746,3.9497222902599995,-1,-1,7.60284503124047,-30.790552912731503,-4.049872486708802,76.12989372582581,81.87806931291914,5.155585500238575,2.5906446008682806,80.90391117801448,1.517544235356,104.21998080000002,3.949248557484,383.05163404300066,0,True,False
Lissajouswaveformsdifferentmediums/argon/20 kHz/breakdown/breakdown/breakdown_35.csv,100,147493.6282753964,0.01000032746,3.63266260789,1,-1,36.37316320338697,-6.510941227842083,-0.17900398685247704,10.148687743639602,14.45323198382488,-8.871167627992829,0.46915225114328685,23.368302584767036,-0.031559054128,7.874016,0.031464565936,6.222941568267776,0,False,False
Lissajouswaveformsdifferentmediums/argon/20 kHz/breakdown/breakdown/breakdown_39.csv,100,119994.81622405129,0.01000032746,3.9497222902599995,-1,-1,7.553732957060977,-30.901686568632627,-4.090915941070801,76.26375382422502,82.02205850069674,5.226502854709454,2.587567759616989,81.0946749663498,1.4859567584520001,104.21998080000002,3.9492326864180005,384.59486012207844,0,True,False
Lissajouswaveformsdifferentmediums/argon/20 kHz/breakdown/breakdown/breakdown_43.csv,100,119994.81622405129,0.01000032746,4.10750200689,-1,-1,7.601780881495461,-30.857968224551495,-4.0593077734807,76.16089212103165,81.96465700551575,5.251851827651671,2.5883820060396086,81.01851520079762,1.5175125682600001,105.80093559999999,3.949264305514,384.73496091332765,0,False,False
Lissajouswaveformsdifferentmediums/argon/20 kHz/breakdown/breakdown/breakdown_47.csv,100,119994.81622405129,0.01000032746,3.9497222902599995,-1,-1,7.6199926237450395,-30.945480513641318,-4.061090612766548,76.16673415136319,81.93307563596959,5.155327878376296,2.5798024272394997,80.93732403828923,1.4859409249040003,104.21998080000002,3.949248557484,384.382093207713,0,True,False
Lissajouswaveformsdifferentmediums/argon/20 kHz/breakdown/breakdown/breakdown_51.csv,100,119994.81622405129,0.01000032746,3.9497222902599995,-1,-1,7.65980918317193,-30.787638001059758,-4.019374016352531,76.02875721418414,81.90646302073694,5.211439291456046,2.5908437550572967,80.85258684670876,1.5175442093560003,104.2199808,3.949248557484,383.51526703145396,0,True,False
Lissajouswaveformsdifferentmediums/argon/20 kHz/breakdown/breakdown/breakdown_56.csv,100,119994.81622405129,0.01000032746,3.9497222902599995,-1,-1,7.642092448783468,-30.769512490959958,-4.026320369345716,76.05191906190615,81.78257839368688,5.197338257691178,2.5886872172797255,80.8700109915581,1.5174810451640004,104.21998080000002,3.949248557484,383.1943014423362,0,False,False
Lissajouswaveformsdifferentmediums/argon/20 kHz/breakdown/breakdown/breakdown_60.csv,100,119994.81622405129,0.01000032746,3.9497222902599995,-1,-1,7.6568322372538,-30.870887946644448,-4.031809368428399,76.07016834934441,81.9480472552881,5.247220239800524,2.5857495754387845,80.92450699134747,1.4860324378079999,104.2199808,3.9492486190020006,384.3655858070949,0,False,False
Lissajouswaveformsdifferentmediums/argon/20 kHz/breakdown/breakdown/breakdown_64.csv,100,119994.81622405129,0.01000032746,3.9497222902599995,-1,-1,7.636400956733782,-30.841191533553115,-4.038707724789822,76.0930370545283,81.8447551496549,5.224452595491283,2.585175697806901,80.93248376798158,1.5175442353560002,104.2199808,3.949248495966,383.7125216161804,0,False,False
Lissajouswaveformsdifferentmediums/argon/20 kHz/105% breakdown/105breakdown-0005/105breakdown-0005_01.csv,105,119994.81622405129,0.01000032746,4.42254153463,-1,-1,9.22519776185778,-28.725143872012296,-3.11376998233885,72.19536560429817,80.51921651386478,6.012142573390853,2.6818926861097836,77.85119334041556,3.728483475548,102.639026,4.26476122081,409.8761686235384,0,False,False
Lissajouswaveformsdifferentmediums/argon/20 kHz/105% breakdown/105breakdown-0005/105breakdown-0005_05.csv,105,119994.81622405129,0.01000032746,4.42254153463,-1,-1,9.285978605230804,-28.61458766081427,-3.081483263885148,72.02076610244367,80.44169349106069,6.040070258919294,2.687164600922981,77.70813473796628,3.7916584293560005,101.064223,4.233360030098,408.0506818779828,0,True,False
Lissajouswaveformsdifferentmediums/argon/20 kHz/105% breakdown/105breakdown-0005/105breakdown-0005_09.csv,105,119994.81622405129,0.01000032746,4.42262058237,-1,-1,9.221008904803602,-28.754362433685742,-3.1183531791956534,72.21988492062944,80.57353044842175,5.984839950239289,2.6812075440157477,77.84642256693772,3.6966905360380005,102.639026,4.233359968578,408.7619813799367,0,False,False
Lissajouswaveformsdifferentmediums/argon/20 kHz/105% breakdown/105breakdown-0005/105breakdown-0005_14.csv,105,119994.81622405129,0.01000032746,4.42262058237,-1,-1,9.279659708938452,-28.606472340429036,-3.0827070428966707,72.0274443861623,80.39673221210275,6.031381890512888,2.686502943149416,77.70984081142277,1.6753587784300004,102.639026,4.233375778126001,408.95632335932044,0,True,False
Lissajouswaveformsdifferentmediums/argon/20 kHz/105% breakdown/105breakdown-0005/105breakdown-0005_18.csv,105,119994.81622405129,0.01000032746,4.42262058237,-1,-1,9.25466686169963,-28.71755333713942,-3.103034800311052,72.13767731565201,80.48717713120826,6.052032733037956,2.6808494978971877,77.83303672795543,1.6750369285200002,102.639026,4.264777030358,409.1258885154989,0,False,False
Lissajouswaveformsdifferentmediums/argon/20 kHz/105% breakdown/105breakdown-0005/105breakdown-0005_22.csv,105,119994.81622405129,0.01000032746,4.42262058237,-1,-1,9.267547780506657,-28.74130879230041,-3.1012852021928414,72.12824110636654,80.58996076946275,6.083994985798625,2.682017820394763,77.84622629566013,3.7284360469040005,102.639026,4.233375778126001,409.6204438950224,0,True,False
Lissajouswaveformsdifferentmediums/argon/20 kHz/105% breakdown/105breakdown-0005/105breakdown-0005_26.csv,105,119994.81622405129,0.01000032746,4.42254153463,-1,-1,9.326922117852307,-28.629409686212366,-3.069545271683346,71.95536668892294,80.47831942346015,6.064950557455584,2.686095981948654,77.66342647739074,1.454353422,102.639026,4.233360030096001,408.4158096199881,0,False,False
Lissajouswaveformsdifferentmediums/argon/20 kHz/105% breakdown/105breakdown-0005/105breakdown-0005_30.csv,105,119994.81622405129,0.01000032746,4.42262058237,-1,-1,9.210064442156522,-28.71456711232069,-3.1177379151537425,72.21659716189099,80.49797116332266,5.967300253588452,2.682304827421822,77.83198285106462,3.75988466626,102.639026,4.233391587674,410.9785091169348,0,True,False
Lissajouswaveformsdifferentmediums/argon/20 kHz/105% breakdown/105breakdown-0005/105breakdown-0005_35.csv,105,119994.81622405129,0.01000032746,4.42262058237,-1,-1,9.22170130948136,-28.696275409097698,-3.1118200911141436,72.18491416876232,80.58880465098663,5.9774222295285195,2.686580822075699,77.80346456249404,3.791658429356,102.63902599999999,4.2647928399040005,409.0125473460021,0,True,False
Lissajouswaveformsdifferentmediums/argon/20 kHz/105% breakdown/105breakdown-0005/105breakdown-0005_39.csv,105,119994.81622405129,0.01000032746,4.42262058237,-1,-1,9.299482054552978,-28.6870995345072,-3.0848061608401243,72.03888831622307,80.56512179801136,6.054703974153269,2.684783825516513,77.73126869585914,3.7915793816160006,102.639026,4.264808649454,410.21606977549385,0,True,False
Lissajouswaveformsdifferentmediums/argon/20 kHz/105% breakdown/105breakdown-0005/105breakdown-0005_43.csv,105,119994.81622405129,0.01000032746,4.42262058237,-1,-1,9.32467632962313,-28.76282038999669,-3.084591826380228,72.03772045789354,80.61156380300504,5.988947354929708,2.6789421676528162,77.66545539130735,3.7599637140000004,102.639026,4.264792839906001,410.3084655757603,0,True,False
Lissajouswaveformsdifferentmediums/argon/20 kHz/105% breakdown/105breakdown-0005/105breakdown-0005_47.csv,105,119994.81622405129,0.01000032746,4.42262058237,-1,-1,9.336190816117647,-28.669807636051893,-3.070824943568786,71.96239906407713,80.50545247875056,6.02642870292054,2.6831457739162063,77.63254175230148,1.3910678033560002,102.639026,4.264808587936001,410.37561964534297,0,False,False
Lissajouswaveformsdifferentmediums/argon/20 kHz/105% breakdown/105breakdown-0005/105breakdown-0005_51.csv,105,119994.81622405129,0.01000032746,4.42262058237,-1,-1,9.302375852495588,-28.715127007304567,-3.086859471454385,72.0500688874926,80.5514725646155,5.993390991183593,2.681617051018793,77.68612694700224,3.696959236836,102.639026,4.233375839644001,409.54223249662994,0,True,False
Lissajouswaveformsdifferentmediums/argon/20 kHz/105% breakdown/105breakdown-0005/105breakdown-0005_56.csv,105,119994.81622405129,0.01000032746,4.42262058237,-1,-1,9.316855949507593,-28.74430888382434,-3.085194086889742,72.04100166112731,80.57630075846629,5.973319705586164,2.679488590711265,77.65658621426019,3.7912734758080004,102.639026,4.264777030358,410.70855581603166,0,True,False
Lissajouswaveformsdifferentmediums/argon/20 kHz/105% breakdown/105breakdown-0005/105breakdown-0005_60.csv,105,119994.81622405129,0.01000032746,4.42262058237,-1,-1,9.335581122018475,-28.666094009526404,-3.0706277022129735,71.96131547917068,80.53373618718419,6.024866785798668,2.684403631480013,77.62802026413442,3.7915195718080006,102.639026,4.264808649451999,410.3168914961989,0,True,False
Lissajouswaveformsdifferentmediums/argon/20 kHz/105% breakdown/105breakdown-0005/105breakdown-0005_64.csv,105,119994.81622405129,0.01000032746,4.42262058237,-1,-1,9.349526407905197,-28.70093271370326,-3.0697739608966814,71.95662382846186,80.62529163816822,6.033451832956392,2.684129186005435,77.6249485912254,3.7600235238080004,102.639026,4.233375778128,409.6600507826507,0,True,False
Lissajouswaveformsdifferentmediums/argon/20 kHz/115% breakdown/115breakdown-0006/115breakdown-0006_01.csv,115,119994.81622405129,0.01000032746,4.897064997849999,-1,-1,16.692584799688483,-24.50341003883702,-1.467921854696482,55.73593243174589,80.16969626444912,7.964779977783827,2.727339638267589,63.24262940771965,1.612610471864,132.67716719999999,4.8019075609919994,461.0493141027531,0,False,False
Lissajouswaveformsdifferentmediums/argon/20 kHz/115% breakdown/115breakdown-0006/115breakdown-0006_05.csv,115,119994.81622405129,0.01000032746,4.897064997849999,-1,-1,16.46606898485713,-24.50005670869224,-1.4879117007965588,56.09562749864656,80.11496786335636,7.906238925902749,2.737144000394782,63.5528061837268,1.707205906316,132.67716719999999,4.801891679443999,459.6358530685352,0,True,False
Lissajouswaveformsdifferentmediums/argon/20 kHz/115% breakdown/115breakdown-0006/115breakdown-0006_09.csv,115,119994.81622405129,0.01000032746,4.897143738,-1,-1,16.25272598722422,-24.485373089994933,-1.5065394635485856,56.42487268571365,79.9176394401935,7.894344321298659,2.742590193068002,63.88913676062296,1.6757854396720002,132.67716719999999,4.801875869896,459.3646996337253,0,True,False
Lissajouswaveformsdifferentmediums/argon/20 kHz/115% breakdown/115breakdown-0006/115breakdown-0006_14.csv,115,119994.81622405129,0.01000032746,4.897064997849999,-1,-1,16.580503831437635,-24.419667540145607,-1.4727940591192679,55.824218720507005,80.07001274369934,7.98489889281089,2.736332174938493,63.35892170178681,1.7073254979320005,134.25812200000001,4.8018601218659995,458.45939655101853,0,True,False
Lissajouswaveformsdifferentmediums/argon/20 kHz/115% breakdown/115breakdown-0006/115breakdown-0006_18.csv,115,119994.81622405129,0.01000032746,4.897143738,-1,-1,16.868232053734587,-24.281031719291075,-1.439453265875324,55.2119742089971,80.07463592059175,8.10657061743361,2.7327084920676032,62.85970362235537,1.77041247722,135.8390768,4.801875869896,461.1926513242505,0,True,False
Lissajouswaveformsdifferentmediums/argon/20 kHz/115% breakdown/115breakdown-0006/115breakdown-0006_22.csv,115,119994.81622405129,0.01000032746,4.897143738,-1,-1,16.888767543751694,-24.28663677856515,-1.4380348782496228,55.185502533955,80.13806874770215,7.97262178675139,2.7325337243253025,62.70243749123841,1.7072657141240002,134.25812200000001,4.80193904657,461.489142636607,0,True,False
Lissajouswaveformsdifferentmediums/argon/20 kHz/115% breakdown/115breakdown-0006/115breakdown-0006_26.csv,115,119994.81622405129,0.01000032746,4.897143738,-1,-1,16.901807502318473,-24.19929723366116,-1.431757948393488,55.0679311901308,80.11324370398215,7.946052026944838,2.737487105636049,62.56239532337429,1.7072375234120003,134.25812200000001,4.80192334654,460.1642233471306,0,True,False
Lissajouswaveformsdifferentmediums/argon/20 kHz/115% breakdown/115breakdown-0006/115breakdown-0006_30.csv,115,119994.81622405129,0.01000032746,4.897143738,-1,-1,17.019560422760463,-24.127538922423867,-1.4176358450573034,54.800865798354664,80.08676694218957,7.9511734792110875,2.7358013589877572,62.302556385500566,1.7388250003160004,134.25812200000001,4.80193904657,460.72093081866717,0,True,False
Lissajouswaveformsdifferentmediums/argon/20 kHz/115% breakdown/115breakdown-0006/115breakdown-0006_35.csv,115,119994.81622405129,0.01000032746,4.897143738,-1,-1,17.177142561030923,-24.22309586847864,-1.4101935628940159,54.658688257939204,80.3126387209859,8.004340775306726,2.728082247333905,62.18897040673309,1.7072498805760001,135.8390768,4.8020022847620005,463.0984719010142,0,True,False
Lissajouswaveformsdifferentmediums/argon/20 kHz/115% breakdown/115breakdown-0006/115breakdown-0006_39.csv,115,119994.81622405129,0.01000032746,4.897143738,-1,-1,16.95711305758429,-23.83324991122564,-1.405501622256738,54.56853885170508,79.89752443038877,7.887318537885514,2.7548462682352497,62.02809112209013,1.7387301670280002,132.67716719999999,4.801907536991999,460.2302420408276,0,False,False
Lissajouswaveformsdifferentmediums/argon/20 kHz/115% breakdown/115breakdown-0006/115breakdown-0006_43.csv,115,119994.81622405129,0.01000032746,4.897143738,-1,-1,17.129246580074035,-23.94107138695354,-1.3976721786936914,54.417213655571246,80.05720705749006,7.944000175539295,2.7429871830118824,61.914949358373406,1.7073887121240001,135.8390768,4.801939142569999,461.1484551288302,0,True,False
Lissajouswaveformsdifferentmediums/argon/20 kHz/115% breakdown/115breakdown-0006/115breakdown-0006_47.csv,115,119994.81622405129,0.01000032746,4.897143738,-1,-1,17.133714111032948,-23.57762862759322,-1.3760956016191979,53.99433148787395,79.8600287025408,7.908552923741821,2.7635678561584522,61.47721136010216,1.77033342948,132.67716719999999,4.8018917274440005,458.7074518771129,0,False,False
Lissajouswaveformsdifferentmediums/argon/20 kHz/115% breakdown/115breakdown-0006/115breakdown-0006_51.csv,115,119994.81622405129,0.01000032746,4.897143738,-1,-1,17.399777708598478,-23.932384076876303,-1.375441944011135,53.98138465317476,80.30990701840452,7.99575856538103,2.737740160129594,61.50393832064063,1.7390236656720004,135.8390768,4.801954856118,462.4188163508192,0,True,False
Lissajouswaveformsdifferentmediums/argon/20 kHz/115% breakdown/115breakdown-0006/115breakdown-0006_56.csv,115,119994.81622405129,0.01000032746,4.897143738,-1,-1,17.37082434737817,-23.80738972519005,-1.370538855790305,53.88401322081388,80.18731460870562,7.997156213288375,2.744593871515485,61.419237339895744,1.739118437436,134.25812200000001,4.833510847444001,462.1643338238442,0,True,False
Lissajouswaveformsdifferentmediums/argon/20 kHz/115% breakdown/115breakdown-0006/115breakdown-0006_60.csv,115,119994.81622405129,0.01000032746,4.897143738,-1,-1,17.408280363754095,-23.429292168750393,-1.3458705672923725,53.387152736134226,79.90082310863936,7.92998079322209,2.7610046408190114,60.886289350819084,1.770551322768,134.25812200000001,4.7703358321180005,458.4376352790156,0,True,False
Lissajouswaveformsdifferentmediums/argon/20 kHz/115% breakdown/115breakdown-0006/115breakdown-0006_64.csv,115,119994.81622405129,0.01000032746,4.897143738,-1,-1,17.413147221655912,-23.665075293842506,-1.3590349287583903,53.65376080153532,80.0732257286044,7.913026089991189,2.748635067767757,61.121115836050905,1.73913418546,135.8390768,4.833510799443999,462.15339573838634,0,True,False
Lissajouswaveformsdifferentmediums/argon/20 kHz/40% breakdown/0_4breakdown/0_4breakdown_01.csv,40,119994.81622405129,0.01000032746,1.73682607805,1,-1,0.07619209463197137,21.985568092642794,288.55445172939653,-89.80143938242338,72.7053559397202,-0.2889849218403261,3.306984353148232,89.89650630949419,-0.474240808557,33.138532999999995,1.6107155462240004,122.37193665233282,0,False,False
Lissajouswaveformsdifferentmediums/argon/20 kHz/40% breakdown/0_4breakdown/0_4breakdown_05.csv,40,119994.81622405129,0.01000032746,1.73682607805,1,-1,0.22533191574010403,22.028525281058887,97.76034259818927,-89.41393636984473,72.50700221635395,-0.6385986349112233,3.2915574246744033,89.91678252935071,-0.474264522876,33.138532999999995,1.6107155462240004,122.66787381332642,0,True,False
Lissajouswaveformsdifferentmediums/argon/20 kHz/40% breakdown/0_4breakdown/0_4breakdown_09.csv,40,119994.81622405129,0.01000032746,1.73682607805,-1,-1,0.07905489922616471,-22.024692695717665,-278.59997180830226,89.79434479808413,72.47533108605644,-0.28043156172678607,3.29066196962128,89.50030023824038,0.505828283463,33.138532999999995,1.6107155462240004,122.64047026399976,0,True,False
Lissajouswaveformsdifferentmediums/argon/20 kHz/40% breakdown/0_4breakdown/0_4breakdown_14.csv,40,119994.81622405129,0.01000032746,1.73682607805,-1,-1,0.016132624025092038,-21.902225664730903,-1357.6356599313947,89.95779738935688,72.61996478457903,-0.5131860817289041,3.3157879039258678,89.4207824137375,0.47428033242400003,33.138532999999995,1.6107312942560001,122.7460398046405,0,False,False
Lissajouswaveformsdifferentmediums/argon/20 kHz/40% breakdown/0_4breakdown/0_4breakdown_18.csv,40,119994.81622405129,0.01000032746,1.57926673032,1,-1,1.605074822308215,21.682392822939683,13.50864926767639,-85.76630779829058,73.37874442674583,0.9773652793210265,3.375546710196621,84.75421173619787,-0.031590550192,9.448819199999999,0.031511810032,7.028162853612539,0,False,False
Lissajouswaveformsdifferentmediums/argon/20 kHz/40% breakdown/0_4breakdown/0_4breakdown_22.csv,40,119994.81622405129,0.01000032746,1.73682607805,1,-1,0.006641915817975365,21.82654059073755,3286.1814556076183,-89.98256463359724,72.46928204256436,-0.6402991127933931,3.3204645695891526,89.34602299279439,-0.44287568533000005,33.138532999999995,1.6107312942560001,122.71960809984023,0,False,False
Lissajouswaveformsdifferentmediums/argon/20 kHz/40% breakdown/0_4breakdown/0_4breakdown_26.csv,40,119994.81622405129,0.01000032746,1.73682607805,-1,-1,0.1077097772725002,-21.962046575816988,-203.90021344352184,89.71900313796387,72.48836652103613,-0.2746765806512498,3.300621825095051,89.43104461214327,0.47436384255600006,33.138532999999995,1.6107156077380005,122.88734277300068,0,True,False
Lissajouswaveformsdifferentmediums/argon/20 kHz/40% breakdown/0_4breakdown/0_4breakdown_30.csv,40,119994.81622405129,0.01000032746,1.73682607805,-1,-1,0.08513801625038159,-21.94494282075948,-257.7572721006536,89.77771532268578,72.58336348578273,-0.5505652994275027,3.307663688268602,89.20129753650545,0.47451059087800007,33.138532999999995,1.6107155462240004,122.85347905350753,0,False,False
Lissajouswaveformsdifferentmediums/argon/20 kHz/40% breakdown/0_4breakdown/0_4breakdown_35.csv,40,119994.81622405129,0.01000032746,1.73682607805,1,-1,0.09591966689244168,21.870985041669773,228.01356333101666,-89.74871928086064,72.28685359663551,-0.29723516138987505,3.305165876056401,89.93880459835063,-0.474002639328,33.138532999999995,1.6107156077380005,121.88424363722746,0,True,False
Lissajouswaveformsdifferentmediums/argon/20 kHz/40% breakdown/0_4breakdown/0_4breakdown_39.csv,40,119994.81622405129,0.01000032746,1.73682607805,1,-1,0.024618787981585833,22.258399139281494,904.122459478109,-89.93662832335546,72.75193438674573,-0.292458362877637,3.2685604898430394,89.75788261596841,-0.505760584876,33.138532999999995,1.6107312942560001,122.49741909430838,0,False,False
Lissajouswaveformsdifferentmediums/argon/20 kHz/40% breakdown/0_4breakdown/0_4breakdown_43.csv,40,119994.81622405129,0.01000032746,1.73682607805,1,-1,0.05652244180824023,21.947624170820383,388.2992926116067,-89.85244461183574,72.53613906906656,-0.5376244526268132,3.305114160612468,89.58431878916997,-0.4745422099720001,33.1385328,1.6107312942560001,122.82304921683917,0,False,False
Lissajouswaveformsdifferentmediums/argon/20 kHz/40% breakdown/0_4breakdown/0_4breakdown_47.csv,40,119994.81622405129,0.01000032746,1.73682607805,1,-1,0.2880332842521353,21.703996491389937,75.35239042856915,-89.23967354028645,72.09238755900817,-0.6872491079639,3.3215911157003988,89.96407933108753,-0.4742645228780001,33.138532999999995,1.6107155462240004,122.29078895860026,0,True,False
Lissajouswaveformsdifferentmediums/argon/20 kHz/40% breakdown/0_4breakdown/0_4breakdown_51.csv,40,119994.81622405129,0.01000032746,1.73682607805,1,-1,0.1810229779065719,21.883837152737257,120.88983070443004,-89.52606044367322,72.621877801281,-0.8538275453609045,3.318806565902017,89.58053581549123,-0.5058678073300001,33.138532999999995,1.6107155462240004,122.94783627098427,0,False,False
Lissajouswaveformsdifferentmediums/argon/20 kHz/40% breakdown/0_4breakdown/0_4breakdown_56.csv,40,119994.81622405129,0.01000032746,1.73682607805,1,-1,0.39223292630141876,21.648813416838333,55.1937687153829,-88.96202936040005,72.08094111801614,-0.6666106322068225,3.3292602912074765,89.66479462440861,-0.4741555762360001,33.138532999999995,1.6107155462240004,123.039216960364,0,True,False
Lissajouswaveformsdifferentmediums/argon/20 kHz/40% breakdown/0_4breakdown/0_4breakdown_60.csv,40,119994.81622405129,0.01000032746,1.73682607805,1,-1,0.04529546738840036,21.890441426669547,483.281058543077,-89.88144435473109,72.3670902576552,-0.3525543196071771,3.305938179587062,89.74833625243258,-0.4743796521050001,33.138532999999995,1.6107155462240004,122.19110972681487,0,True,False
Lissajouswaveformsdifferentmediums/argon/20 kHz/40% breakdown/0_4breakdown/0_4breakdown_64.csv,40,119994.81622405129,0.01000032746,1.73682607805,-1,-1,0.0020255041988169633,-21.997366516089187,-10860.192997347125,89.99472423930541,72.29825413943212,-0.4898002849487514,3.286810376237605,89.47989901859151,0.4741256783300001,33.138532999999995,1.6107155462240004,122.62617959583541,0,True,False
Lissajouswaveformsdifferentmediums/argon/20 kHz/60% breakdown/0_6breakdown-0002/0_6breakdown-0002_01.csv,60,119994.81622405129,0.01000032746,2.52738251578,-1,-1,0.4036992719033778,-22.27058489529913,-55.16627461401371,88.9615121635802,75.03040205364422,1.2587731919506888,3.3693164605761226,89.76375601918755,0.6954469721640001,45.7861712,2.527240229866,185.91214856500744,0,True,False
Lissajouswaveformsdifferentmediums/argon/20 kHz/60% breakdown/0_6breakdown-0002/0_6breakdown-0002_05.csv,60,119994.81622405129,0.01000032746,2.52738251578,-1,-1,0.5332413992701449,-22.177032943780095,-41.58910574860488,88.62260223076987,74.73748262571216,1.3277809386450046,3.37000119322253,89.97245959915765,0.695462783712,45.7861712,2.527240229866,185.71509979099721,0,True,False
Lissajouswaveformsdifferentmediums/argon/20 kHz/60% breakdown/0_6breakdown-0002/0_6breakdown-0002_09.csv,60,119994.81622405129,0.01000032746,2.52738251578,-1,-1,0.295899336746769,-22.168799637243474,-74.92007207915968,89.23528667641449,74.23903768025863,1.4593859496408288,3.3496470060952577,89.271163476379,0.69547859326,45.7861712,2.527224543348,185.85007301810109,0,True,False
Lissajouswaveformsdifferentmediums/argon/20 kHz/60% breakdown/0_6breakdown-0002/0_6breakdown-0002_14.csv,60,119994.81622405129,0.01000032746,2.52738251578,-1,-1,0.3654856388704341,-22.21371655312587,-60.778630377323,89.05738892288844,74.800522041834,1.5273724694941482,3.3680912207545655,89.39124440143621,0.6638832095820001,45.7861712,2.527240229866,185.9215043010014,0,True,False
Lissajouswaveformsdifferentmediums/argon/20 kHz/60% breakdown/0_6breakdown-0002/0_6breakdown-0002_18.csv,60,119994.81622405129,0.01000032746,2.52738251578,-1,-1,0.2633430353440619,-22.048564701765883,-83.7256420051477,89.31570479617424,74.58448231444409,1.2306760588922379,3.383305097973961,89.43055882319447,0.695510210356,45.7861712,2.527224543348,185.80938388860588,0,True,False
Lissajouswaveformsdifferentmediums/argon/20 kHz/60% breakdown/0_6breakdown-0002/0_6breakdown-0002_22.csv,60,119994.81622405129,0.01000032746,2.52738251578,-1,-1,0.5467665251271171,-22.263138754528484,-40.71781598069222,88.5931400584165,74.75364677440491,1.349084486031313,3.357681043542517,89.96435052116055,0.6322245917120002,45.7861712,2.527240229866,186.0059766760015,0,True,False
Lissajouswaveformsdifferentmediums/argon/20 kHz/60% breakdown/0_6breakdown-0002/0_6breakdown-0002_26.csv,60,119994.81622405129,0.01000032746,2.52738251578,-1,-1,0.29297421650175837,-22.193173109126704,-75.75128410316444,89.24367682676713,74.99076751143186,1.193637497575611,3.379460078394203,89.54689404354212,0.6954627797120002,45.7861712,2.527240229866,186.28096368294678,0,True,False
Lissajouswaveformsdifferentmediums/argon/20 kHz/60% breakdown/0_6breakdown-0002/0_6breakdown-0002_30.csv,60,119994.81622405129,0.01000032746,2.52738251578,-1,-1,0.36433096899284295,-22.246103542058165,-61.06014979609152,89.06173407721387,75.07125687223348,1.15378118830099,3.3748285412729486,89.77046207783832,0.6954627837120002,45.7861712,2.527240229866,185.5776908412797,0,True,False
Lissajouswaveformsdifferentmediums/argon/20 kHz/60% breakdown/0_6breakdown-0002/0_6breakdown-0002_35.csv,60,119994.81622405129,0.01000032746,2.52738251578,-1,-1,0.4229349156191422,-22.20766443020864,-52.5084678754849,88.90895970920569,75.03066905431298,1.4882530875815774,3.3791497020234584,89.58402351999268,0.695462779712,45.7861712,2.527240229866,186.37334404433466,0,True,False
Lissajouswaveformsdifferentmediums/argon/20 kHz/60% breakdown/0_6breakdown-0002/0_6breakdown-0002_39.csv,60,119994.81622405129,0.01000032746,2.52738251578,-1,-1,0.50367766412166,-22.223470970736003,-44.12240715396915,88.70165804825781,74.59808649736291,1.4411090638170212,3.3569649075823795,89.83058405381144,0.6638436877119998,45.7861712,2.527240229866,185.28167035949986,0,True,False
Lissajouswaveformsdifferentmediums/argon/20 kHz/60% breakdown/0_6breakdown-0002/0_6breakdown-0002_43.csv,60,119994.81622405129,0.01000032746,2.52738251578,-1,-1,0.2877137890688877,-22.190039060044903,-77.12539302289717,89.2571503775791,74.84365140930966,1.3587749004566538,3.3735431543181806,89.36345378900046,0.6638594952600001,45.7861712,2.527240229866,185.6560018819997,0,True,False
Lissajouswaveformsdifferentmediums/argon/20 kHz/60% breakdown/0_6breakdown-0002/0_6breakdown-0002_47.csv,60,119994.81622405129,0.01000032746,2.52738251578,-1,-1,0.4382350473856905,-22.094729400687132,-50.417531716128515,88.86372327429491,74.77907904226664,1.1708938621480185,3.3845400181612755,89.94652794222844,0.7268516212599999,45.7861712,2.527240229866,185.64657707035926,0,True,False
Lissajouswaveformsdifferentmediums/argon/20 kHz/60% breakdown/0_6breakdown-0002/0_6breakdown-0002_51.csv,60,119994.81622405129,0.01000032746,2.52738251578,-1,-1,0.2885612773954078,-22.207782268203324,-76.96036858671302,89.25555768044292,74.98366610561102,1.358993103331482,3.377149315758299,89.3674001814868,0.6954311646160002,45.7861712,2.527224543348,186.04206563851042,0,True,False
Lissajouswaveformsdifferentmediums/argon/20 kHz/60% breakdown/0_6breakdown-0002/0_6breakdown-0002_56.csv,60,119994.81622405129,0.01000032746,2.52738251578,-1,-1,0.40968852922214005,-22.142789684810012,-54.04786345092864,88.94002761243868,74.97901365014447,1.2874812207617825,3.3864578181178153,89.75528523337812,0.695431164616,45.7861712,2.527240229866,186.06145121199856,0,True,False
Lissajouswaveformsdifferentmediums/argon/20 kHz/60% breakdown/0_6breakdown-0002/0_6breakdown-0002_60.csv,60,119994.81622405129,0.01000032746,2.52738251578,-1,-1,0.36389157007480577,-22.033192699157915,-60.54878571281142,89.05381139757812,74.78541759482204,1.3972965508173283,3.394795230455444,89.52659817338031,0.6953397497120001,45.7861712,2.527240229866,185.86116565899266,0,True,False
Lissajouswaveformsdifferentmediums/argon/20 kHz/60% breakdown/0_6breakdown-0002/0_6breakdown-0002_64.csv,60,119994.81622405129,0.01000032746,2.52738251578,-1,-1,0.44025925992529225,-22.203234422378838,-50.432180406941384,88.86405323433712,74.73502054189525,1.3118093350206022,3.3662023478010568,89.80227673469574,0.6954944008080001,45.7861712,2.5272402913799996,186.08503956131833,0,True,False
Lissajouswaveformsdifferentmediums/argon/20 kHz/75% breakdown/0_75breakdown-0003/0_75breakdown-0003_01.csv,75,119994.81622405129,0.01000032746,3.1592282435199994,1,-1,0.013271392904377722,22.446592243313464,1691.3516467370353,-89.96612426933964,74.05596421862505,-0.02233170032669394,3.299207131106697,89.98904043781363,-0.758780023452,55.271899999999995,3.1590385289580003,233.0238597044604,0,True,False
Lissajouswaveformsdifferentmediums/argon/20 kHz/75% breakdown/0_75breakdown-0003/0_75breakdown-0003_05.csv,75,119994.81622405129,0.01000032746,3.1592282435199994,1,-1,0.16112808026678638,22.46697136175778,139.435480920261,-89.5890945630108,73.81901521700549,-0.12311567205688875,3.2855918267938766,89.71583776176408,-0.758811638548,55.271899999999995,3.15903852896,233.77486501148758,0,True,False
Lissajouswaveformsdifferentmediums/argon/20 kHz/75% breakdown/0_75breakdown-0003/0_75breakdown-0003_09.csv,75,119994.81622405129,0.01000032746,3.1592282435199994,-1,-1,0.012970648859812436,-22.354797325289656,-1723.4910579186646,89.96675597890673,73.96285857573055,0.10314341089730265,3.3085950889252413,89.92726800596995,0.7587958290000002,55.271899999999995,3.1590385289580003,233.69361783300127,0,True,False
Lissajouswaveformsdifferentmediums/argon/20 kHz/75% breakdown/0_75breakdown-0003/0_75breakdown-0003_14.csv,75,119994.81622405129,0.01000032746,3.1592282435199994,1,-1,0.08087046565357943,22.36904895921436,276.6034395676103,-89.79286038532034,73.97668476542214,0.00769188514384847,3.3070785512867373,89.78495872779774,-0.7587958329999999,55.271899999999995,3.1590385904719995,233.82725677039338,0,True,False
Lissajouswaveformsdifferentmediums/argon/20 kHz/75% breakdown/0_75breakdown-0003/0_75breakdown-0003_18.csv,75,119994.81622405129,0.01000032746,3.1592282435199994,1,-1,0.02602241262606115,22.46964897891574,863.4729339589613,-89.93364499147084,73.8116438117096,-0.20855167222849097,3.2849695465903266,89.8516377046723,-0.821910965,55.271899999999995,3.1590385289580003,233.66283207799543,0,True,False
Lissajouswaveformsdifferentmediums/argon/20 kHz/75% breakdown/0_75breakdown-0003/0_75breakdown-0003_22.csv,75,119994.81622405129,0.01000032746,3.1592282435199994,1,-1,0.10473371544226236,22.530020846784247,215.1171736020824,-89.73365507809942,73.85452334659821,0.07372009682644984,3.2780169445101377,89.6577992728865,-0.758918869,55.271899999999995,3.15903852896,233.2834094110003,0,True,False
Lissajouswaveformsdifferentmediums/argon/20 kHz/75% breakdown/0_75breakdown-0003/0_75breakdown-0003_26.csv,75,119994.81622405129,0.01000032746,3.1592282435199994,1,-1,0.0863967892484434,22.339684174075224,258.5707682936576,-89.77841465128373,74.12445935917414,-0.13561100429206005,3.318047053840754,89.9174460270126,-0.7904149270000002,55.271899999999995,3.1590385289580003,233.69413889702213,0,True,False
Lissajouswaveformsdifferentmediums/argon/20 kHz/75% breakdown/0_75breakdown-0003/0_75breakdown-0003_30.csv,75,119994.81622405129,0.01000032746,3.1592282435199994,1,-1,0.146851705287327,22.486398599634327,153.12316976937998,-89.62582432778248,73.72311766493426,0.0007348542161752643,3.278495008999848,89.62506683626032,-0.7271767350000002,55.271899999999995,3.1590385289580003,233.3334132263344,0,True,False
Lissajouswaveformsdifferentmediums/argon/20 kHz/75% breakdown/0_75breakdown-0003/0_75breakdown-0003_35.csv,75,119994.81622405129,0.01000032746,3.1592282435199994,1,-1,0.15967130704893037,22.38617658338282,140.20162418112292,-89.59133991307182,73.8793126602262,-0.16321085573703253,3.300150444870367,89.75922233729068,-0.7588116405480001,55.271899999999995,3.159038528958,233.24870701598527,0,True,False
Lissajouswaveformsdifferentmediums/argon/20 kHz/75% breakdown/0_75breakdown-0003/0_75breakdown-0003_39.csv,75,119994.81622405129,0.01000032746,3.1592282435199994,1,-1,0.09070170182296039,22.310252090162997,245.97390833647336,-89.76706690461202,73.74717539171154,-0.14879169194378086,3.3055130756212443,89.92039174941101,-0.758795831,55.271899999999995,3.15903852896,233.9630862405178,0,True,False
Lissajouswaveformsdifferentmediums/argon/20 kHz/75% breakdown/0_75breakdown-0003/0_75breakdown-0003_43.csv,75,119994.81622405129,0.01000032746,3.1592282435199994,1,-1,0.028259571445719125,22.288661724673364,788.7119508335552,-89.92735529270134,73.81720960813793,-0.18155748617603545,3.3118876302422247,89.88573352904854,-0.758918857,55.271899999999995,3.15903852896,233.9684428408623,0,True,False
Lissajouswaveformsdifferentmediums/argon/20 kHz/75% breakdown/0_75breakdown-0003/0_75breakdown-0003_47.csv,75,119994.81622405129,0.01000032746,3.1592282435199994,1,-1,0.03250223352234642,22.273258740883193,685.283942888711,-89.91639124272648,73.98577038562105,-0.05764044773183985,3.3217290730997413,89.97559636329146,-0.7587958329999999,55.2719,3.1590385289580003,233.5348115179723,0,True,False
Lissajouswaveformsdifferentmediums/argon/20 kHz/75% breakdown/0_75breakdown-0003/0_75breakdown-0003_51.csv,75,119994.81622405129,0.01000032746,3.1592282435199994,-1,-1,0.06376507070724305,-22.472530108611753,-352.42696133416354,89.83742553200264,74.03998751563249,-0.0017175426719961734,3.2946752830449078,89.83566265716891,0.790414917,55.271899999999995,3.1590385289580003,233.70701339699923,0,True,False
Lissajouswaveformsdifferentmediums/argon/20 kHz/75% breakdown/0_75breakdown-0003/0_75breakdown-0003_56.csv,75,119994.81622405129,0.01000032746,3.1592282435199994,1,-1,0.012175172124560499,22.447622359433726,1843.721150697411,-89.96892383977207,73.98412361815825,-0.15300260392303264,3.295867592153473,89.87391708005805,-0.7586727970000001,55.271899999999995,3.1590385289580003,233.22245319630673,0,True,False
Lissajouswaveformsdifferentmediums/argon/20 kHz/75% breakdown/0_75breakdown-0003/0_75breakdown-0003_60.csv,75,119994.81622405129,0.01000032746,3.1592282435199994,1,-1,0.007016908906618592,22.349260277348538,3185.057776119616,-89.98201107117742,73.9014786896053,-0.18772762537875862,3.306681902977674,89.82494609059242,-0.7904149269999999,55.271899999999995,3.159038528958,233.6533519319943,0,True,False
Lissajouswaveformsdifferentmediums/argon/20 kHz/75% breakdown/0_75breakdown-0003/0_75breakdown-0003_64.csv,75,119994.81622405129,0.01000032746,3.1592282435199994,1,-1,0.08464537539766992,22.415288393952267,264.8140939613495,-89.78363875459397,73.91041443146625,-0.09689253319145015,3.297303067692924,89.88326287830307,-0.8220340130000001,55.271899999999995,3.159038590472,233.68677924800187,0,True,False
Lissajouswaveformsdifferentmediums/argon/20 kHz/90% breakdown/0_9breakdown-0004/0_9breakdown-0004_01.csv,90,119994.81622405129,0.01000032746,3.7901426603200004,-1,-1,0.4573307513598575,-22.633851804866136,-49.49120901571815,88.84246141398002,74.13237645804752,0.5442909474784882,3.2747745790962943,89.40040429407037,0.9801487409319999,67.9195384,3.6326784759260007,275.94606044819096,0,False,False
Lissajouswaveformsdifferentmediums/argon/20 kHz/90% breakdown/0_9breakdown-0004/0_9breakdown-0004_05.csv,90,119994.81622405129,0.01000032746,3.7902217080500002,-1,-1,0.44037013966966093,-22.59136211928756,-51.300849181632145,88.88328311982995,74.20671471927136,0.5680472515520192,3.284283795061857,89.4649932335459,1.011752037384,67.9195384,3.664095599220001,276.0459017940023,0,False,False
Lissajouswaveformsdifferentmediums/argon/20 kHz/90% breakdown/0_9breakdown-0004/0_9breakdown-0004_09.csv,90,119994.81622405129,0.01000032746,3.7901426603200004,-1,-1,0.3361642432351656,-22.50636232972773,-66.95049453544432,89.1442704097278,74.1466967386479,0.574065783209795,3.2942834132633205,89.73261920439703,1.011720406288,69.4943414,3.6641271567980005,276.01324893350414,0,False,False
Lissajouswaveformsdifferentmediums/argon/20 kHz/90% breakdown/0_9breakdown-0004/0_9breakdown-0004_14.csv,90,119994.81622405129,0.01000032746,3.7901426603200004,-1,-1,0.5104202508765133,-22.58005483086048,-44.23816412472886,88.70505423099155,73.98363602534714,0.6433703166687411,3.2758849101603578,89.36587908673067,1.0747757224799999,67.9195384,3.6327100335040003,275.92459689842246,0,False,False
Lissajouswaveformsdifferentmediums/argon/20 kHz/90% breakdown/0_9breakdown-0004/0_9breakdown-0004_18.csv,90,119994.81622405129,0.01000032746,3.7901426603200004,-1,-1,0.3261211917041434,-22.606402161076428,-69.31902230255837,89.17350528789999,74.0996448557652,0.6078359603431254,3.277669759129943,89.79685735938966,1.01166059848,69.4943414,3.63269428547,276.1895578606624,0,False,False
Lissajouswaveformsdifferentmediums/argon/20 kHz/90% breakdown/0_9breakdown-0004/0_9breakdown-0004_22.csv,90,119994.81622405129,0.01000032746,3.7901426603200004,-1,-1,0.33508620544666207,-22.62646408037882,-67.5243078127262,89.15154122711844,74.14504460364529,0.5133424600797668,3.2766958505368713,89.67767130312959,1.0431091978359999,67.9195384,3.6326941624420006,276.0099976400428,0,False,False
Lissajouswaveformsdifferentmediums/argon/20 kHz/90% breakdown/0_9breakdown-0004/0_9breakdown-0004_26.csv,90,119994.81622405129,0.01000032746,3.7902217080500002,-1,-1,0.4716437205825268,-22.687527768700683,-48.1031057525357,88.8090680022924,74.12100226601893,0.6166025820608223,3.2665305159798117,89.44122756478671,0.9801645604799999,69.4943414,3.6640955992220006,276.22678456100033,0,False,False
Lissajouswaveformsdifferentmediums/argon/20 kHz/90% breakdown/0_9breakdown-0004/0_9breakdown-0004_30.csv,90,119994.81622405129,0.01000032746,3.7902217080500002,-1,-1,0.39751905533587006,-22.573552980407744,-56.78609032046274,88.99112867917408,73.99747141358186,0.6423120466604754,3.2777695053727216,89.65074330932487,1.0117836344799997,67.9195384,3.664111347252,275.7828098837863,0,False,False
Lissajouswaveformsdifferentmediums/argon/20 kHz/90% breakdown/0_9breakdown-0004/0_9breakdown-0004_35.csv,90,119994.81622405129,0.01000032746,3.7901426603200004,-1,-1,0.37524432269760133,-22.586094390779866,-60.19036937963577,89.04817815014542,74.18688502311872,0.585679535002455,3.2843533531889175,89.64810364754288,1.0432322878359999,67.9195384,3.664111347252,275.5690128844488,0,False,False
Lissajouswaveformsdifferentmediums/argon/20 kHz/90% breakdown/0_9breakdown-0004/0_9breakdown-0004_39.csv,90,119994.81622405129,0.01000032746,3.7901426603200004,-1,-1,0.44354785762307636,-22.57850658125249,-50.90433014883263,88.87458668767411,74.09014442905149,0.5969638899394213,3.2810000933811554,89.48686851144447,1.0116131698359998,67.9195384,3.632709971988001,276.1481155075618,0,False,False
Lissajouswaveformsdifferentmediums/argon/20 kHz/90% breakdown/0_9breakdown-0004/0_9breakdown-0004_43.csv,90,119994.81622405129,0.01000032746,3.7901426603200004,-1,-1,0.3841285023602389,-22.61507311572284,-58.87371797918353,89.02689566165972,74.11617189021989,0.6930626514758982,3.277070200253973,89.73748310298535,1.0747124842880003,67.9195384,3.6327099719900007,276.06728859247926,0,False,False
Lissajouswaveformsdifferentmediums/argon/20 kHz/90% breakdown/0_9breakdown-0004/0_9breakdown-0004_47.csv,90,119994.81622405129,0.01000032746,3.7901426603200004,-1,-1,0.3628374962899187,-22.562628179370844,-62.18383824736402,89.0786859928398,74.07667660628461,0.6408071986151962,3.2829497765000077,89.73605180604264,1.011644778932,67.9195384,3.6326942239560003,275.6499829891826,0,False,False
Lissajouswaveformsdifferentmediums/argon/20 kHz/90% breakdown/0_9breakdown-0004/0_9breakdown-0004_51.csv,90,119994.81622405129,0.01000032746,3.7901426603200004,-1,-1,0.4606311814831483,-22.593033030692244,-49.04798880081631,88.83200424690104,74.14566624164603,0.6354596264798741,3.281323488234228,89.483278283777,1.043140838932,67.9195384,3.632709971988001,275.8092032756749,0,False,False
Lissajouswaveformsdifferentmediums/argon/20 kHz/90% breakdown/0_9breakdown-0004/0_9breakdown-0004_56.csv,90,119994.81622405129,0.01000032746,3.7901426603200004,-1,-1,0.46349511877470395,-22.53862109210896,-48.627526330141464,88.82190789603796,74.01541778470292,0.5407262120198728,3.2833972338826634,89.37707268751063,1.0432006347400002,67.9195384,3.6327258430500007,275.73943063549933,0,False,False
Lissajouswaveformsdifferentmediums/argon/20 kHz/90% breakdown/0_9breakdown-0004/0_9breakdown-0004_60.csv,90,119994.81622405129,0.01000032746,3.7901426603200004,-1,-1,0.36236071995417163,-22.578719289562294,-62.31006300135915,89.08055202609422,74.12440842396515,0.6932000469911357,3.2827621749406006,89.79120135627721,1.0433112420580002,69.4943414,3.6326942239560003,275.7747234580028,0,False,False
Lissajouswaveformsdifferentmediums/argon/20 kHz/90% breakdown/0_9breakdown-0004/0_9breakdown-0004_64.csv,90,119994.81622405129,0.01000032746,3.7901426603200004,-1,-1,0.3646808632231379,-22.538307192881415,-61.80282396417073,89.07300708197462,73.9697523220253,0.5805119057906305,3.2817051131972197,89.6693850091689,1.0116447889320002,67.9195384,3.632678475924001,275.9156480822272,0,False,False
Lissajouswaveformsdifferentmediums/argon/Lissajousfigure1 20 kHz/Lissajousfigure1_01.csv,MAX,119994.81622405129,0.01000032746,7.42784441317,-1,-1,42.440722014905305,25.29338124204106,0.595969626368702,-30.793657960760807,100.30229781154425,19.223397938349983,2.0947228586780153,16.531109129200274,6.354606776634,516.5723418,7.017723945674,903.3916022734309,0,False,False
Lissajouswaveformsdifferentmediums/argon/Lissajousfigure1 20 kHz/Lissajousfigure1_05.csv,MAX,119994.81622405129,0.01000032746,7.42775295500424,-1,-1,42.29907025924513,25.24778818342347,0.5968875445413642,-30.832451047521207,100.2128746155157,19.22740649932554,2.099156468329387,16.55484026578361,6.354527774786,514.991393,6.98618392145,902.3423637702298,0,False,False
Lissajouswaveformsdifferentmediums/argon/Lissajousfigure1 20 kHz/Lissajousfigure1_09.csv,MAX,119994.81622405129,0.01000032746,7.427923153289999,-1,-1,42.67145906160514,25.142952383797954,0.5892217640718322,-30.50751767404628,100.65165907612926,19.137844808546095,2.0958466259972206,16.353179810349843,6.449246207250001,514.9913929999999,7.049330660546,905.2927199242243,0,False,False
Lissajouswaveformsdifferentmediums/argon/Lissajousfigure1 20 kHz/Lissajousfigure1_14.csv,MAX,119994.81622405129,0.01000032746,7.2706013164500005,-1,-1,43.1409570530426,25.1730507856004,0.5835070083088253,-30.26386106556921,101.02779683932765,19.19388982285111,2.085879381384482,16.12046712202681,6.323047538322,521.309061,6.986294588322,907.2512805124642,0,False,False
Lissajouswaveformsdifferentmediums/argon/Lissajousfigure1 20 kHz/Lissajousfigure1_18.csv,MAX,119994.81622405129,0.01000032746,7.42784441317,-1,-1,42.463025108328736,25.302441536196078,0.5958699709134296,-30.789444433338655,100.44730495023083,19.240372436440015,2.0966697857981766,16.534582680399552,6.417627087250001,514.991393,7.017866279642001,904.9998057338913,0,False,False
Lissajouswaveformsdifferentmediums/argon/Lissajousfigure1 20 kHz/Lissajousfigure1_22.csv,MAX,119994.81622405129,0.01000032746,7.42784441317,-1,-1,42.894151897316895,24.9177272703927,0.5809119930857369,-30.152817760840435,100.9939990306661,19.016780528193397,2.0984365559798372,16.130255713511872,6.386087015050001,518.1533002000001,7.017882041202,907.360152651307,0,False,False
Lissajouswaveformsdifferentmediums/argon/Lissajousfigure1 20 kHz/Lissajousfigure1_26.csv,MAX,119994.81622405129,0.01000032746,7.42784441317,-1,-1,42.6773434795573,25.309055059867525,0.593032578796539,-30.66932183697856,100.77782608809389,19.24787619769208,2.0952483749172193,16.45399786531098,6.354467943050001,518.1532978,6.986306945498,905.2478642554765,0,False,False
Lissajouswaveformsdifferentmediums/argon/Lissajousfigure1 20 kHz/Lissajousfigure1_30.csv,MAX,119994.81622405129,0.01000032746,7.270522268650001,-1,-1,42.83378679681124,25.16226790152331,0.5874397241804574,-30.43166828889546,100.96871246517028,19.198444197328186,2.0961148486527184,16.27710748097269,6.3229402758580004,519.7342562,6.954766921178,906.3156117838286,0,False,False
Lissajouswaveformsdifferentmediums/argon/Lissajousfigure1 20 kHz/Lissajousfigure1_35.csv,MAX,119994.81622405129,0.01000032746,7.427686625250001,-1,-1,42.56880435849508,25.134195921337632,0.5904369713950357,-30.5591730780726,100.70759660511617,19.16632389128817,2.101067954765701,16.39217657504642,6.354622634074001,519.7280978,6.986275312866001,906.8868540278057,0,False,False
Lissajouswaveformsdifferentmediums/argon/Lissajousfigure1 20 kHz/Lissajousfigure1_39.csv,MAX,119994.81622405129,0.01000032746,7.42784441317,-1,-1,42.99793386521117,25.02509634223176,0.5820069499311246,-30.199702623689358,101.15236092031004,19.03828720392015,2.0956030922888096,16.183018950846076,6.354483752586002,518.1533002,7.017771374354001,906.6792601077273,0,False,False
Lissajouswaveformsdifferentmediums/argon/Lissajousfigure1 20 kHz/Lissajousfigure1_43.csv,MAX,119994.81622405129,0.01000032746,7.42784441317,-1,-1,42.56064045756225,25.002149265393687,0.5874476745791372,-30.432006945978586,100.83270024468895,19.05124730571567,2.1059233709817735,16.363456422447882,6.386178465930001,518.153305,7.017866231666001,908.7718366236907,0,False,False
Lissajouswaveformsdifferentmediums/argon/Lissajousfigure1 20 kHz/Lissajousfigure1_47.csv,MAX,119994.81622405129,0.01000032746,7.2706013164500005,-1,-1,42.76292818916144,25.1254821124279,0.5875528916374844,-30.436488575443835,101.08434743044914,19.15481327058528,2.101460389573759,16.3283182549184,6.354483800634002,518.1656026,6.986291135914,908.541100212953,0,False,False
Lissajouswaveformsdifferentmediums/argon/Lissajousfigure1 20 kHz/Lissajousfigure1_51.csv,MAX,119994.81622405129,0.01000032746,7.427923460850001,-1,-1,42.41159992143827,24.97812858453318,0.588945680681742,-30.49577440566868,100.78706088784324,19.019317185820388,2.1108323917776333,16.44376035244585,6.386210135050001,516.5661954000001,7.017862888796,908.8554186529803,0,False,False
Lissajouswaveformsdifferentmediums/argon/Lissajousfigure1 20 kHz/Lissajousfigure1_56.csv,MAX,119994.81622405129,0.01000032746,7.27052226877,-1,-1,42.66850428582066,24.968434465360684,0.5851724798719519,-30.334996242336633,101.0801880364468,19.039615512662728,2.107466683976027,16.307759405625802,6.2914316861940005,519.7342538000001,6.986243816818001,908.9635032509008,0,False,False
Lissajouswaveformsdifferentmediums/argon/Lissajousfigure1 20 kHz/Lissajousfigure1_60.csv,MAX,119994.81622405129,0.01000032746,7.27052226877,-1,-1,42.96072501189761,25.13349122448033,0.5850341496220053,-30.329091847972634,101.41991761765814,19.12580858800185,2.1004367108746096,16.286198063632753,6.291431624730001,521.309061,6.954719444642,909.3742945937867,0,False,False
Lissajouswaveformsdifferentmediums/argon/Lissajousfigure1 20 kHz/Lissajousfigure1_64.csv,MAX,119994.81622405129,0.01000032746,7.2706013164500005,-1,-1,43.12564032126312,25.030536214910427,0.5804096131314509,-30.131291465486484,101.6075232195946,19.082350095442443,2.099988487554254,16.14390327028582,6.291431684242,521.3152170000001,6.954766921250001,911.1869868897792,0,False,False
Lissajouswaveformsdifferentmediums/pure water/4 kHz/breakdown/breakdown/breakdown_01.csv,100,127994.47063898804,0.01000032746,5.370262209000001,-1,-1,15.3139677828385,-14.688747905927993,-0.9591732276196144,43.80619885943336,73.56326860860995,1.0353954669055254,3.4672701010820113,44.808856023473965,2.87533246411,99.501724,5.27548404074,395.789763323187,0,False,False
Lissajouswaveformsdifferentmediums/pure water/4 kHz/breakdown/breakdown/breakdown_05.csv,100,127994.47063898804,0.01000032746,5.212865301251161,-1,-1,15.348121668942982,-14.734304033714503,-0.9600069866223081,43.83106898941882,73.4407809513957,1.058490973021885,3.4523814608853387,44.85779588257438,2.8753516745159997,101.09498119999999,5.275483856190001,397.14247369002413,0,False,False
Lissajouswaveformsdifferentmediums/pure water/4 kHz/breakdown/breakdown/breakdown_09.csv,100,127994.47063898804,0.01000032746,5.213102396174241,-1,-1,15.331460330737709,-14.611929832594003,-0.9530683651379813,43.62346486836007,73.53119343268416,1.0290557157642863,3.4723703629438907,44.62041858620199,2.717363376972,101.0826776,5.244249727252,395.3620141915618,0,False,False
Lissajouswaveformsdifferentmediums/pure water/4 kHz/breakdown/breakdown/breakdown_14.csv,100,127994.47063898804,0.01000032746,5.370170799064881,-1,-1,15.067945724907748,-15.129427090879732,-1.004080275247498,45.116653125522994,73.47314826756448,1.003237353925358,3.4414080921581003,46.0893664683264,2.685839069202,101.0826784,5.275499727252001,396.92492309639545,0,False,False
Lissajouswaveformsdifferentmediums/pure water/4 kHz/breakdown/breakdown/breakdown_18.csv,100,127994.47063898804,0.01000032746,5.21256178011,-1,-1,12.54774163592918,-18.540274577403743,-1.4775786046084625,55.91052837747491,73.51076453649948,1.0373400381810514,3.2841094898052927,56.915785573503,2.180513647752,99.49557179999998,5.243833288126,396.9005075669107,0,False,False
Lissajouswaveformsdifferentmediums/pure water/4 kHz/breakdown/breakdown/breakdown_22.csv,100,127994.47063898804,0.01000032746,5.37002568095,-1,-1,13.248935346714019,-17.712316892207188,-1.3368860537613063,53.20325768120371,73.51829167446677,1.0515844767089153,3.324252699138713,54.22221155883858,2.370029639896,97.93307279999999,5.275404993002001,397.7059414064629,0,False,False
Lissajouswaveformsdifferentmediums/pure water/4 kHz/breakdown/breakdown/breakdown_26.csv,100,127994.47063898804,0.01000032746,5.2130109379817915,-1,-1,13.717234847821308,-17.123713982565828,-1.2483357012208307,51.30294891216603,73.46575410920039,1.0594369851590955,3.3489516331313403,52.33024398056688,2.55932768126,101.076526,5.275436612096001,397.7484524552061,0,False,False
Lissajouswaveformsdifferentmediums/pure water/4 kHz/breakdown/breakdown/breakdown_30.csv,100,127994.47063898804,0.01000032746,5.2126408278500005,-1,-1,14.023458705189075,-16.76489302400622,-1.195489171141691,50.08827079575491,73.49585581587505,1.001928617750854,3.3630936962817155,51.05941538107524,2.812113532034,101.09498239999999,5.243940564096,397.39238213276263,0,False,False
Lissajouswaveformsdifferentmediums/pure water/4 kHz/breakdown/breakdown/breakdown_35.csv,100,127994.47063898804,0.01000032746,5.37018316126,-1,-1,13.206413555647298,-17.56715539852648,-1.3301987950403424,53.06535046401981,73.33394933493483,0.8584775093245005,3.3371143025040464,53.89930952593883,2.0854542284899997,88.43504,5.306976636358001,391.8111532418595,0,False,False
Lissajouswaveformsdifferentmediums/pure water/4 kHz/breakdown/breakdown/breakdown_39.csv,100,127994.47063898804,0.01000032746,5.370262209000001,-1,-1,13.668876879096967,-16.837523843897408,-1.2318147271957707,50.92994899638268,73.49785226462767,1.0087561700409509,3.3894695871901845,51.90768352446037,2.3381136544000003,94.77116279999998,5.275575384126001,395.8478888972712,0,False,False
Lissajouswaveformsdifferentmediums/pure water/4 kHz/breakdown/breakdown/breakdown_43.csv,100,127994.47063898804,0.01000032746,5.21279892333,-1,-1,14.709092023079567,-15.710746394646042,-1.0680976344423443,46.885935065294674,73.48687791912593,1.1095286133007405,3.415144661969136,47.961481707186834,2.5909784498580004,99.50172400000001,5.275499727252,397.91145624914213,0,False,False
Lissajouswaveformsdifferentmediums/pure water/4 kHz/breakdown/breakdown/breakdown_47.csv,100,127994.47063898804,0.01000032746,5.213235670663882,-1,-1,14.815089234625841,-15.472938521371193,-1.0444040043449638,46.24425606766423,73.58028844131964,1.0854367091139672,3.4353906176611972,47.29511851579724,2.59107331317,101.0703736,5.244035298348001,397.50742144354035,0,False,False
Lissajouswaveformsdifferentmediums/pure water/4 kHz/breakdown/breakdown/breakdown_51.csv,100,127994.47063898804,0.01000032746,5.212931938487552,-1,-1,14.991028070946157,-15.254139763535495,-1.0175512774270146,45.49842042008579,73.53863846136294,1.0160882077926896,3.4389213207343614,46.482714006815144,2.6857917536160003,97.92076879999999,5.2441740703779995,397.3847579183711,0,False,False
Lissajouswaveformsdifferentmediums/pure water/4 kHz/breakdown/breakdown/breakdown_56.csv,100,127994.47063898804,0.01000032746,5.370262209000001,-1,-1,14.877420224589422,-15.476481407858316,-1.0402664692013448,46.13063626912476,73.4940083596701,1.061117753997334,3.4240320802387307,47.15916528622756,2.5592961892000003,97.92692,5.275452360128,397.11589572089747,0,False,False
Lissajouswaveformsdifferentmediums/pure water/4 kHz/breakdown/breakdown/breakdown_60.csv,100,127994.47063898804,0.01000032746,5.370183161270001,-1,-1,14.754689262235,-15.679494275261826,-1.062678718378291,46.74051405177479,73.4844506838562,1.0318730947810195,3.413615261822037,47.74083246498586,2.4962600869500005,97.9207674,5.275483979224,397.10047459279815,0,False,False
Lissajouswaveformsdifferentmediums/pure water/4 kHz/breakdown/breakdown/breakdown_64.csv,100,127994.47063898804,0.01000032746,5.370108794880615,-1,-1,14.597245677647928,-15.806358025852147,-1.0828315406142457,47.277379618617076,73.40224667858233,1.1076340722272093,3.412184985085323,48.35232784988273,2.306624354132,99.50787580000001,5.275468169674,397.2975409929861,0,False,False
Lissajouswaveformsdifferentmediums/pure water/4 kHz/105% breakdown/105breakdown-0006/105breakdown-0006_01.csv,105,127994.47063898804,0.01000032746,5.68669000463,-1,-1,17.210243132827888,-11.508574464934362,-0.6687049320635217,33.7708419496961,73.47099710733154,1.2446144865921551,3.5494906636115764,34.97756123223928,2.97042658174,123.18528459999999,5.686342563677999,429.78700464070556,0,False,False
Lissajouswaveformsdifferentmediums/pure water/4 kHz/105% breakdown/105breakdown-0006/105breakdown-0006_05.csv,105,127994.47063898804,0.01000032746,5.68669000463,-1,-1,15.627816535894022,-14.573245150669123,-0.9325195952484626,43.0001381870961,73.50009822020574,1.248701483364921,3.4404320709877703,44.21033964493708,2.812422508644,124.76623860000001,5.655244899172,429.4620338777564,0,False,False
Lissajouswaveformsdifferentmediums/pure water/4 kHz/105% breakdown/105breakdown-0006/105breakdown-0006_09.csv,105,127994.47063898804,0.01000032746,5.686848100109999,-1,-1,19.34996690528868,-4.534697783361632,-0.2343517074503223,13.189345633366356,73.50433261214263,1.294102646647995,3.699362117614529,14.443462408091818,3.6337052472800004,124.77239100000001,5.655307952818,427.8269976456884,0,False,False
Lissajouswaveformsdifferentmediums/pure water/4 kHz/105% breakdown/105breakdown-0006/105breakdown-0006_14.csv,105,127994.47063898804,0.01000032746,5.686848100109999,-1,-1,18.69729330379573,-7.271600179831841,-0.388911916911291,21.251651579590852,73.45193706585164,1.2741550687226384,3.6621845816543352,22.48732370132649,3.2862518025980005,124.77854539999998,5.686389930804,427.6042328671456,0,False,False
Lissajouswaveformsdifferentmediums/pure water/4 kHz/105% breakdown/105breakdown-0006/105breakdown-0006_18.csv,105,127994.47063898804,0.01000032746,5.68669000463,-1,-1,18.369619445630363,-8.39877822405743,-0.45721024591259424,24.570364917690707,73.52929831584783,1.2900630329337224,3.6411874439883145,25.820143789305178,3.286248408216001,126.34719480000001,5.655086926734,428.11131182563383,0,False,False
Lissajouswaveformsdifferentmediums/pure water/4 kHz/105% breakdown/105breakdown-0006/105breakdown-0006_22.csv,105,127994.47063898804,0.01000032746,5.68669000463,-1,-1,18.28845659586006,-9.038714592948109,-0.49423058449854074,26.299990839545885,73.56447508724212,1.2541060544647997,3.606885812087842,27.514365345780334,3.4126808534740003,126.35334739999999,5.686563774315999,427.5084611019989,0,False,False
Lissajouswaveformsdifferentmediums/pure water/4 kHz/105% breakdown/105breakdown-0006/105breakdown-0006_26.csv,105,127994.47063898804,0.01000032746,5.686769052370001,-1,-1,18.490048429175335,-7.496153454247796,-0.4054155662685914,22.06839955875649,73.56003288145014,1.288901420860564,3.6877625449549623,23.316531905200435,3.3810774815140006,126.3533466,5.655434367658001,428.7662799378651,0,False,False
Lissajouswaveformsdifferentmediums/pure water/4 kHz/105% breakdown/105breakdown-0006/105breakdown-0006_30.csv,105,127994.47063898804,0.01000032746,5.686848100109999,-1,-1,19.361282312777092,-4.094055752875797,-0.21145581613538103,11.939644698637542,73.48727718542705,1.2234605327433699,3.714261388018377,13.12559730556245,3.8865824569460004,121.616636,5.686595454934,429.29411353292005,0,False,False
Lissajouswaveformsdifferentmediums/pure water/4 kHz/105% breakdown/105breakdown-0006/105breakdown-0006_35.csv,105,127994.47063898804,0.01000032746,5.68683568961482,-1,-1,19.103484321936516,-6.097212325733714,-0.3191675520016152,17.701395794267,73.56073895165966,1.2573725182521294,3.669161258485339,18.918994147850555,3.507320281714,123.19143779999999,5.655292327798,428.23036925586615,0,False,False
Lissajouswaveformsdifferentmediums/pure water/4 kHz/105% breakdown/105breakdown-0006/105breakdown-0006_39.csv,105,127994.47063898804,0.01000032746,5.68676905237,-1,-1,18.324935757722688,-8.444573964271406,-0.4608242056571797,24.741394181010428,73.47342348284437,1.3065365061062744,3.642322079768677,26.008089204664373,3.159728059452,126.35949939999999,5.686579522341999,429.77357725486667,0,False,False
Lissajouswaveformsdifferentmediums/pure water/4 kHz/105% breakdown/105breakdown-0006/105breakdown-0006_43.csv,105,127994.47063898804,0.01000032746,5.68669000463,-1,-1,17.79885048877208,-9.954429964496269,-0.5592737559527089,29.21713967285592,73.5024572819916,1.250385871235164,3.605038339373988,30.42893421676098,3.00203327705,124.778544,5.6865480262879995,429.77420909103375,0,False,False
Lissajouswaveformsdifferentmediums/pure water/4 kHz/105% breakdown/105breakdown-0006/105breakdown-0006_47.csv,105,127994.47063898804,0.01000032746,5.68669000463,-1,-1,16.579054642411894,-12.970047855576722,-0.7823152848774169,38.03661534446966,73.49670880828108,1.375887005794041,3.492536263578597,39.370099957921724,3.064851670584,121.61663580000001,5.686516345678,430.29861582764994,0,False,False
Lissajouswaveformsdifferentmediums/pure water/4 kHz/105% breakdown/105breakdown-0006/105breakdown-0006_51.csv,105,127994.47063898804,0.01000032746,5.686532216739999,-1,-1,11.80900855433923,-19.226498511620942,-1.628121312907014,58.441552298291434,73.4418045008721,1.2413688674660563,3.255614936481833,59.645603980280356,2.59129085287,118.4547238,5.6864214883879995,430.60628547971527,0,False,False
Lissajouswaveformsdifferentmediums/pure water/4 kHz/105% breakdown/105breakdown-0006/105breakdown-0006_56.csv,105,127994.47063898804,0.01000032746,5.686532216739999,-1,-1,10.177598956772309,-20.902004468572496,-2.0537264788434233,64.03763414896352,73.54223297961369,1.2611588280916228,3.164075170797458,65.25920515463056,2.496575898788,120.0295286,5.68638993081,431.3104856670739,0,False,False
Lissajouswaveformsdifferentmediums/pure water/4 kHz/105% breakdown/105breakdown-0006/105breakdown-0006_60.csv,105,127994.47063898804,0.01000032746,5.686532216739999,-1,-1,11.09101696394442,-20.028998150862904,-1.8058757114856825,61.024597692187314,73.51781290879545,1.2488609159449842,3.2118316333689165,62.234662063067844,2.4330531704519998,116.879921,5.686437236416,429.9086611846689,0,False,False
Lissajouswaveformsdifferentmediums/pure water/4 kHz/105% breakdown/105breakdown-0006/105breakdown-0006_64.csv,105,127994.47063898804,0.01000032746,5.686532216739999,-1,-1,11.848753910279264,-19.365838502854924,-1.6344198427527719,58.540125226844765,73.52789272227612,1.239761161127983,3.2393902017388188,59.74121049571653,2.559636814904,115.2928154,5.68620046231,430.9509922867641,0,False,False
Lissajouswaveformsdifferentmediums/pure water/4 kHz/115% breakdown/115breakdown-0007/115breakdown-0007_01.csv,115,127994.47063898804,0.01000032746,6.47655240463,-1,-1,13.83242868938519,-17.481617421498097,-1.2638140281838752,51.64699378813515,73.72442534443765,1.542367307141047,3.308300819320187,53.13714394775488,3.8234265430000005,145.31250060000002,6.4132353014420005,488.1949728134504,0,False,False
Lissajouswaveformsdifferentmediums/pure water/4 kHz/115% breakdown/115breakdown-0007/115breakdown-0007_05.csv,115,127994.47063898804,0.01000032746,6.476473356890001,-1,-1,13.047287008050741,-18.442241674514342,-1.4134924496667147,54.721833396032565,73.70701554083445,1.6049625496820263,3.263884357831871,56.272796751424806,3.4759697499380007,146.8996064,6.4131563152219995,486.98066257314673,0,False,False
Lissajouswaveformsdifferentmediums/pure water/4 kHz/115% breakdown/115breakdown-0007/115breakdown-0007_09.csv,115,127994.47063898804,0.01000032746,6.47655240463,-1,-1,14.252463369858079,-16.83747895425277,-1.1813732487719721,49.75300271160382,73.74753352632159,1.5762834461073005,3.3442587411230194,51.27542854307964,4.076256235006001,146.8934554,6.4132668590140005,487.3933423097272,0,False,False
Lissajouswaveformsdifferentmediums/pure water/4 kHz/115% breakdown/115breakdown-0007/115breakdown-0007_14.csv,115,127994.47063898804,0.01000032746,6.47671050011,-1,-1,17.141440833463957,-11.830067222101293,-0.6901442729952044,34.61127522392254,73.73169694189959,1.5721850940638336,3.541378339607514,36.13007058350394,4.392248621666,145.32480559999996,6.413361654792,485.6978914471137,0,False,False
Lissajouswaveformsdifferentmediums/pure water/4 kHz/115% breakdown/115breakdown-0007/115breakdown-0007_18.csv,115,127994.47063898804,0.01000032746,6.477026383480001,-1,-1,19.687721145966258,-2.8653639136617794,-0.14554065919654968,8.280724496763309,73.67942445893874,1.5511076785448,3.7046563753460915,9.780230151420199,5.7188025469340005,143.75000179999998,6.413645980558,487.9841779009712,0,False,False
Lissajouswaveformsdifferentmediums/pure water/4 kHz/115% breakdown/115breakdown-0007/115breakdown-0007_22.csv,115,127994.47063898804,0.01000032746,6.47686859559,-1,-1,18.859427369263905,-6.93574407174986,-0.36776005633412645,20.19150618667159,73.72358907676369,1.5371478885107572,3.670106004739495,21.676632732736834,4.96079300271,146.89345419999998,6.4135513693720005,486.81399286995196,0,False,False
Lissajouswaveformsdifferentmediums/pure water/4 kHz/115% breakdown/115breakdown-0007/115breakdown-0007_26.csv,115,127994.47063898804,0.01000032746,6.476947643330001,-1,-1,19.342751353520335,-4.833445998452321,-0.24988409922214325,14.029993297115139,73.76127605787931,1.621666706211078,3.7010058233531784,15.595938568238012,5.466281952542001,146.8934554,6.413614484518001,486.2415872796908,0,False,False
Lissajouswaveformsdifferentmediums/pure water/4 kHz/115% breakdown/115breakdown-0007/115breakdown-0007_30.csv,115,127994.47063898804,0.01000032746,6.476947643330001,-1,-1,19.48949373033045,-3.9293560207117473,-0.20161406320148284,11.398826934455853,73.69483388737768,1.5782082461581786,3.7079890050318762,12.924200434194177,5.71898864856,145.3248042,6.413614484524,486.63896785833316,0,False,False
Lissajouswaveformsdifferentmediums/pure water/4 kHz/115% breakdown/115breakdown-0007/115breakdown-0007_35.csv,115,127994.47063898804,0.01000032746,6.47671050011,-1,-1,17.66408500429354,-11.058564223378246,-0.6260479510085173,32.04853998449856,73.72006498277443,1.5941893984014182,3.5386847527996483,33.5888251186372,4.51838417541,143.73769819999998,6.381837330562001,487.20275685889436,0,False,False
Lissajouswaveformsdifferentmediums/pure water/4 kHz/115% breakdown/115breakdown-0007/115breakdown-0007_39.csv,115,127994.47063898804,0.01000032746,6.47671050011,-1,-1,17.985611544060372,-10.179642280164884,-0.5659881097302273,29.509345095705633,73.68261453471547,1.5438165156674215,3.5665133371400493,31.001740757731625,4.48674918834,145.31865299999996,6.381995302984,485.91331085541105,0,False,False
Lissajouswaveformsdifferentmediums/pure water/4 kHz/115% breakdown/115breakdown-0007/115breakdown-0007_43.csv,115,127994.47063898804,0.01000032746,6.47671050011,-1,-1,18.62430088100239,-8.675412643431429,-0.46581145240628774,24.976642929497228,73.70200606151239,1.6003010314154302,3.5885234419881544,26.523208855656037,4.613367790752,145.3248042,6.381932126332,487.6104045671036,0,False,False
Lissajouswaveformsdifferentmediums/pure water/4 kHz/115% breakdown/115breakdown-0007/115breakdown-0007_47.csv,115,127994.47063898804,0.01000032746,6.47671050011,-1,-1,18.66842515245926,-8.694869381424873,-0.46575269796014174,24.97387669123394,73.74480908637895,1.5328712704905108,3.5820923592617038,26.45444722878716,4.486903890952001,145.3186524,6.413361654792,487.213635244888,0,False,False
Lissajouswaveformsdifferentmediums/pure water/4 kHz/115% breakdown/115breakdown-0007/115breakdown-0007_51.csv,115,127994.47063898804,0.01000032746,6.47584159016,1,-1,12.441954653290349,29.800078608223046,2.395128373204787,-67.33877303909907,73.55246168999751,1.5015167284947482,2.2783833873132733,65.8846831169268,1.5456738420679998,181.6252414,6.349475838506,488.5624153293257,0,False,False
Lissajouswaveformsdifferentmediums/pure water/4 kHz/115% breakdown/115breakdown-0007/115breakdown-0007_56.csv,115,127994.47063898804,0.01000032746,6.47584159016,1,-1,12.593163545262026,29.731503148343688,2.360924087222681,-67.04428355351321,73.55481335269546,1.5244881866194158,2.2788031855439024,65.56800469869097,1.387792866494,181.62524100000002,6.381015972284,487.8633260431165,0,False,False
Lissajouswaveformsdifferentmediums/pure water/4 kHz/115% breakdown/115breakdown-0007/115breakdown-0007_60.csv,115,127994.47063898804,0.01000032746,6.47584159016,1,-1,12.722587110802158,29.67903020591436,2.332782628834608,-66.79651234798061,73.50066386977976,1.4581745502986896,2.2768886543209517,65.38338358895672,1.5455666791359999,183.20619560000003,6.380984414704001,486.87646280875225,0,False,False
Lissajouswaveformsdifferentmediums/pure water/4 kHz/115% breakdown/115breakdown-0007/115breakdown-0007_64.csv,115,127994.47063898804,0.01000032746,6.475829227954881,1,-1,12.72005492242584,29.699625754627906,2.334866157084477,-66.81502984049945,73.50686743550919,1.524260102637214,2.27588091695135,65.33800940529437,1.703662155136,181.62524100000002,6.349475838504,487.2262356726846,0,False,False
Lissajouswaveformsdifferentmediums/pure water/4 kHz/40% breakdown/0_4breakdown-0002/0_4breakdown-0002_01.csv,40,127994.47063898804,0.01000032746,1.8950796435200001,-1,-1,19.93304266861423,-4.431811817737671,-0.2223349385949905,12.534961820677596,71.28837722280565,3.013921513448718,3.495965218153056,15.544259589790954,1.7686190770680001,36.3004426,1.89501640533,138.40936828570105,0,False,False
Lissajouswaveformsdifferentmediums/pure water/4 kHz/40% breakdown/0_4breakdown-0002/0_4breakdown-0002_05.csv,40,127994.47063898804,0.01000032746,1.8950796435200001,-1,-1,18.815671342722656,-4.247998068772527,-0.22576914697309097,12.722321966272341,71.21358107811255,2.9482273042846594,3.6967687509846807,15.669229437431568,1.768587457974,36.300442399999994,1.8950005957860003,137.74614102387463,0,False,False
Lissajouswaveformsdifferentmediums/pure water/4 kHz/40% breakdown/0_4breakdown-0002/0_4breakdown-0002_09.csv,40,127994.47063898804,0.01000032746,1.8950796435200001,-1,-1,19.16975821198836,-3.9912666322984864,-0.20820641492506844,11.76131935752845,71.31180675080418,3.059370157278197,3.647093398880926,14.814909058590388,1.8002223615200001,37.881397199999995,1.895016405332,139.0164038889633,0,False,False
Lissajouswaveformsdifferentmediums/pure water/4 kHz/40% breakdown/0_4breakdown-0002/0_4breakdown-0002_14.csv,40,127994.47063898804,0.01000032746,1.8950796435200001,-1,-1,19.21384868790853,-4.229857941774315,-0.2201463127185033,12.41541437233423,71.53769990000302,2.921904673145148,3.6408530634472784,15.322846835388503,1.7685716484260001,36.3004428,1.895000595786,139.11261194285396,0,False,False
Lissajouswaveformsdifferentmediums/pure water/4 kHz/40% breakdown/0_4breakdown-0002/0_4breakdown-0002_18.csv,40,127994.47063898804,0.01000032746,1.8950796435200001,-1,-1,19.270938632797442,-4.2183104169172,-0.21889491203806788,12.347010725937226,71.69486954891366,3.0531595618133838,3.639403581654075,15.378161557355241,1.8001749328780001,36.300442399999994,1.8950005957860003,139.91662820265464,0,False,False
Lissajouswaveformsdifferentmediums/pure water/4 kHz/40% breakdown/0_4breakdown-0002/0_4breakdown-0002_22.csv,40,127994.47063898804,0.01000032746,1.8950796435200001,-1,-1,19.551761976549482,-4.331781975308464,-0.22155455761501355,12.492348400417649,71.87055533237908,3.25956431114432,3.594586794244212,15.72010174210834,1.768571648428,36.3004426,1.895016405332,138.87553490705318,0,False,False
Lissajouswaveformsdifferentmediums/pure water/4 kHz/40% breakdown/0_4breakdown-0002/0_4breakdown-0002_26.csv,40,127994.47063898804,0.01000032746,1.8950796435200001,-1,-1,19.584264619461887,-3.9780431226329322,-0.20312445730945378,11.481961492957408,71.54745802065474,3.012021337300911,3.5851031831498075,14.478495244936767,1.8002065519740003,36.3004426,1.895000595786,138.62596660630942,0,False,False
Lissajouswaveformsdifferentmediums/pure water/4 kHz/40% breakdown/0_4breakdown-0002/0_4breakdown-0002_30.csv,40,127994.47063898804,0.01000032746,1.8950796435200001,-1,-1,19.859286678606434,-4.012084941968042,-0.20202563198254703,11.421485189259451,71.50306856106518,3.291698702602496,3.534962252913578,14.69770671985762,1.8001907424280004,36.3004428,1.8950164053320002,138.6537807701442,0,False,False
Lissajouswaveformsdifferentmediums/pure water/4 kHz/40% breakdown/0_4breakdown-0002/0_4breakdown-0002_35.csv,40,127994.47063898804,0.01000032746,1.8950796435200001,-1,-1,19.06874959874224,-3.7112324789537925,-0.19462379846859923,11.013442371928972,70.99053736843246,3.412152729866357,3.6608276107177486,14.433734886705736,1.7686032675199999,36.3004426,1.8950005957840004,138.2095383484852,0,False,False
Lissajouswaveformsdifferentmediums/pure water/4 kHz/40% breakdown/0_4breakdown-0002/0_4breakdown-0002_39.csv,40,127994.47063898804,0.01000032746,1.8950796435200001,-1,-1,19.7977231011024,-3.757780454632533,-0.1898087186815583,10.74738896217874,71.74923950952925,3.6298270684298455,3.5675827853678808,14.346939666048513,1.8002065519740003,36.3004426,1.8950005957840004,139.45546156786673,0,False,False
Lissajouswaveformsdifferentmediums/pure water/4 kHz/40% breakdown/0_4breakdown-0002/0_4breakdown-0002_43.csv,40,127994.47063898804,0.01000032746,1.8950796435200001,-1,-1,19.881987102487738,-4.391216421741739,-0.22086406147966403,12.454631509027172,71.32032584257725,3.020892261279555,3.507621028966917,15.469527832375888,1.768587457974,36.3004428,1.8950005957860003,139.3906234628077,0,False,False
Lissajouswaveformsdifferentmediums/pure water/4 kHz/40% breakdown/0_4breakdown-0002/0_4breakdown-0002_47.csv,40,127994.47063898804,0.01000032746,1.8950796435200001,-1,-1,19.951232157937575,-4.236269586284646,-0.21233122609919863,11.98764675457417,71.75101560138883,3.4207278403344064,3.5240689706100268,15.380257639931529,1.8001749328760002,36.3004426,1.8950005957860003,138.67486244183735,0,False,False
Lissajouswaveformsdifferentmediums/pure water/4 kHz/40% breakdown/0_4breakdown-0002/0_4breakdown-0002_51.csv,40,127994.47063898804,0.01000032746,1.8950796435200001,-1,-1,19.317751555942493,-4.062515043280441,-0.21029958023405354,11.876217822582602,72.13543895470559,3.1250370222703543,3.6595196170247775,14.959679029376133,1.8001907424260002,36.3004428,1.8950005957860003,138.38453026892992,0,False,False
Lissajouswaveformsdifferentmediums/pure water/4 kHz/40% breakdown/0_4breakdown-0002/0_4breakdown-0002_56.csv,40,127994.47063898804,0.01000032746,1.8950796435200001,-1,-1,19.61850024204537,-4.030650445488865,-0.20545150728956235,11.609950161722203,71.29305410892536,3.461934645121594,3.5661038097891273,15.065333533672344,1.8002223615200001,36.3004426,1.8950005957860003,138.71312389137964,0,False,False
Lissajouswaveformsdifferentmediums/pure water/4 kHz/40% breakdown/0_4breakdown-0002/0_4breakdown-0002_60.csv,40,127994.47063898804,0.01000032746,1.8950796435200001,-1,-1,19.3425346772001,-4.091304079902896,-0.21151850820903517,11.943082909622863,71.3494928382986,3.0955447413879154,3.6141355942360747,15.031080549730746,1.7685716484240002,36.3004426,1.895000595786,139.07811176614476,0,False,False
Lissajouswaveformsdifferentmediums/pure water/4 kHz/40% breakdown/0_4breakdown-0002/0_4breakdown-0002_64.csv,40,127994.47063898804,0.01000032746,1.8950796435200001,-1,-1,19.430092162487018,-3.845654582522015,-0.19792261150189921,11.195439200632395,71.37527929571363,2.984259272852496,3.6084035413822564,14.171552459874079,1.736936744878,36.300442399999994,1.895016405332,138.53844910971833,0,False,False
Lissajouswaveformsdifferentmediums/pure water/4 kHz/60% breakdown/0_6breakdown-0003/0_6breakdown-0003_01.csv,60,127994.47063898804,0.01000032746,2.843810619,-1,-1,19.681976513150016,-4.415584671091698,-0.22434660808285878,12.644745815578991,74.39573124155261,1.3360258178888667,3.6891336181557097,13.923968696062843,2.717286806356,52.109990399999994,2.8437315712599993,209.14178297828,0,False,False
Lissajouswaveformsdifferentmediums/pure water/4 kHz/60% breakdown/0_6breakdown-0003/0_6breakdown-0003_05.csv,60,127994.47063898804,0.01000032746,2.843810619,-1,-1,19.71614984690915,-4.7297853856363545,-0.2398939662338705,13.489988733280134,74.62589736260108,1.5294822174428253,3.681782852970771,14.949852821305598,2.6856519008079998,52.109990399999994,2.8437315712599993,207.6409590807482,0,False,False
Lissajouswaveformsdifferentmediums/pure water/4 kHz/60% breakdown/0_6breakdown-0003/0_6breakdown-0003_09.csv,60,127994.47063898804,0.01000032746,2.843810619,-1,-1,19.7241074135724,-4.505891677431928,-0.22844591052730573,12.868166791157703,74.53527205459382,1.4688398028340952,3.6850913218104138,14.27187630837389,2.6540802334520004,52.109990399999994,2.8437157617119992,208.4293167632416,0,False,False
Lissajouswaveformsdifferentmediums/pure water/4 kHz/60% breakdown/0_6breakdown-0003/0_6breakdown-0003_14.csv,60,127994.47063898804,0.01000032746,2.843810619,-1,-1,19.31176927356984,-4.48308715576108,-0.23214274633534743,13.069311872123151,73.8002470918155,1.6267725605987853,3.7239267726293486,14.639355989307177,2.654080233452,52.109990399999994,2.843715761714,207.87862735180443,0,False,False
Lissajouswaveformsdifferentmediums/pure water/4 kHz/60% breakdown/0_6breakdown-0003/0_6breakdown-0003_18.csv,60,127994.47063898804,0.01000032746,2.843810619,-1,-1,19.572575273645175,-4.582794347393142,-0.2341436567912428,13.178045281359141,74.07496663559483,1.4685911594425654,3.6860869369195233,14.590234997403229,2.6540644239040003,50.5290356,2.8437315712599993,208.34140454213818,0,False,False
Lissajouswaveformsdifferentmediums/pure water/4 kHz/60% breakdown/0_6breakdown-0003/0_6breakdown-0003_22.csv,60,127994.47063898804,0.01000032746,2.8437315712599993,-1,-1,19.682435506086957,-4.442699544482168,-0.22571899413099694,12.719587756475226,74.03063790836703,1.2209336756785756,3.6697216410402373,13.89440758122089,2.654080233452,52.109990399999994,2.8437157617119997,207.63366748448485,0,False,False
Lissajouswaveformsdifferentmediums/pure water/4 kHz/60% breakdown/0_6breakdown-0003/0_6breakdown-0003_26.csv,60,127994.47063898804,0.01000032746,2.8437315712599993,-1,-1,19.752166616900805,-4.403172665721933,-0.2229209965226999,12.566954791356467,74.21199940449799,1.746928779981875,3.6687155951416464,14.24355161832682,2.6540486143560003,52.109990399999994,2.8437157617119997,207.6088486879327,0,False,False
Lissajouswaveformsdifferentmediums/pure water/4 kHz/60% breakdown/0_6breakdown-0003/0_6breakdown-0003_30.csv,60,127994.47063898804,0.01000032746,2.843810619,-1,-1,19.477911178672787,-4.440333180153317,-0.2279676264781016,12.842119626921662,74.17561984616279,1.1653618503297878,3.7136428965171198,13.961289288519822,2.654064423904,52.109990399999994,2.8437157617119997,207.49592535744094,0,False,False
Lissajouswaveformsdifferentmediums/pure water/4 kHz/60% breakdown/0_6breakdown-0003/0_6breakdown-0003_35.csv,60,127994.47063898804,0.01000032746,2.843810619,-1,-1,19.627186369829744,-4.355461117551167,-0.22190960209387103,12.511737674533826,74.04983369754405,1.5599582217218575,3.684484812710028,14.01225540233105,2.6856519008079998,50.5290356,2.8437315712599998,207.0781028673347,0,False,False
Lissajouswaveformsdifferentmediums/pure water/4 kHz/60% breakdown/0_6breakdown-0003/0_6breakdown-0003_39.csv,60,127994.47063898804,0.01000032746,2.843810619,-1,-1,19.501048297468238,-4.390284170445821,-0.22513067520661434,12.687509657925155,74.17585468569155,1.3423201820807642,3.711748161172196,13.97656579759979,2.6540486143560003,52.109990399999994,2.8437315712599993,207.65506950460403,0,False,False
Lissajouswaveformsdifferentmediums/pure water/4 kHz/60% breakdown/0_6breakdown-0003/0_6breakdown-0003_43.csv,60,127994.47063898804,0.01000032746,2.8437315712599993,-1,-1,19.66136664033877,-4.632865230064643,-0.2356329198683219,13.2589121315041,74.28669951152409,1.3531425450736942,3.678535118596152,14.556419379269755,2.654032804808,52.109990399999994,2.8437157617119992,208.8957727576442,0,False,False
Lissajouswaveformsdifferentmediums/pure water/4 kHz/60% breakdown/0_6breakdown-0003/0_6breakdown-0003_47.csv,60,127994.47063898804,0.01000032746,2.843810619,-1,-1,19.128141094433072,-4.3828643409725485,-0.22913174465490052,12.90550761084288,74.32936944536071,1.1413590683798074,3.7883971475964167,13.99936481653009,2.590810422356,52.109990399999994,2.8437315712599993,208.26748822535856,0,False,False
Lissajouswaveformsdifferentmediums/pure water/4 kHz/60% breakdown/0_6breakdown-0003/0_6breakdown-0003_51.csv,60,127994.47063898804,0.01000032746,2.843810619,-1,-1,19.885543853833607,-4.468269645873734,-0.22469939362570288,12.663988883900998,74.23737343609068,1.4893569702044172,3.6435463044719882,14.093006869552369,2.654080233452,50.5290356,2.8437315712599993,208.30514861760423,0,False,False
Lissajouswaveformsdifferentmediums/pure water/4 kHz/60% breakdown/0_6breakdown-0003/0_6breakdown-0003_56.csv,60,127994.47063898804,0.01000032746,2.843810619,-1,-1,19.478438467277922,-4.2853976282460895,-0.22000724726703239,12.407814594915497,74.43164284718539,1.7057383381216642,3.7334948541582076,14.040072763466696,2.685651900808,52.109990399999994,2.8437157617119997,207.56734893567614,0,False,False
Lissajouswaveformsdifferentmediums/pure water/4 kHz/60% breakdown/0_6breakdown-0003/0_6breakdown-0003_60.csv,60,127994.47063898804,0.01000032746,2.843810619,-1,-1,19.780715718263423,-4.623161696650711,-0.23372064805431544,13.155066180416837,73.80461041115366,1.157831037067918,3.633916995942727,14.272593562805923,2.685683519904,52.109990399999994,2.8437315712599993,208.26764088963762,0,False,False
Lissajouswaveformsdifferentmediums/pure water/4 kHz/60% breakdown/0_6breakdown-0003/0_6breakdown-0003_64.csv,60,127994.47063898804,0.01000032746,2.843810619,-1,-1,19.45417476173541,-4.445131716765298,-0.22849243266326913,12.87070008017074,74.22617433722543,1.3154709014418833,3.7204778993084453,14.133124644730515,2.654032804808,52.109990399999994,2.8437157617119997,208.36449710054828,0,False,False
Lissajouswaveformsdifferentmediums/pure water/4 kHz/75% breakdown/0_75breakdown-0004/0_75breakdown-0004_01.csv,75,127994.47063898804,0.01000032746,3.47504110674,-1,-1,19.104092128123206,-4.3336032894847625,-0.22684162431907712,12.780776680136638,74.83087200485559,0.07928778638256803,3.8199615857862144,12.856264484068731,3.31694562674,63.17667399999999,3.475009487644,259.292334581539,0,False,False
Lissajouswaveformsdifferentmediums/pure water/4 kHz/75% breakdown/0_75breakdown-0004/0_75breakdown-0004_05.csv,75,127994.47063898804,0.01000032746,3.4749620589999997,-1,-1,19.210358661555947,-4.3220820337656445,-0.22498705567715704,12.679677571892642,74.64154249561787,0.4702412252957392,3.7908429825934147,13.128508490565196,3.2223344347400005,61.5957192,3.4749778685480006,259.3403846370546,0,False,False
Lissajouswaveformsdifferentmediums/pure water/4 kHz/75% breakdown/0_75breakdown-0004/0_75breakdown-0004_09.csv,75,127994.47063898804,0.01000032746,3.47504110674,-1,-1,19.058106647379795,-4.468802709017638,-0.23448303610117696,13.19647826210343,74.72879037934489,-0.06630257329734389,3.817560060627165,13.13326709468825,3.25383048274,63.17667399999999,3.4749936780960002,259.8202494256748,0,False,False
Lissajouswaveformsdifferentmediums/pure water/4 kHz/75% breakdown/0_75breakdown-0004/0_75breakdown-0004_14.csv,75,127994.47063898804,0.01000032746,3.47504110674,-1,-1,19.034098194103812,-4.627047084804727,-0.24309252992285424,13.663153995093612,74.78974601176938,-0.06133730344370884,3.818059827964496,13.604724245391878,3.3170686747400002,63.17667399999999,3.4749936780960002,258.685297819284,0,False,False
Lissajouswaveformsdifferentmediums/pure water/4 kHz/75% breakdown/0_75breakdown-0004/0_75breakdown-0004_18.csv,75,127994.47063898804,0.01000032746,3.47504110674,-1,-1,18.868794582241044,-4.419379801006128,-0.2342163290688196,13.181992622879365,74.43115340832318,0.13053011232077083,3.8407387846356684,13.306934155742965,3.28544957874,61.5957192,3.4749936780960002,260.3913588938787,0,False,False
Lissajouswaveformsdifferentmediums/pure water/4 kHz/75% breakdown/0_75breakdown-0004/0_75breakdown-0004_22.csv,75,127994.47063898804,0.01000032746,3.47504110674,-1,-1,19.015693553082933,-4.591441180968038,-0.24145536254835404,13.574551878346693,74.83360787810223,-0.016725142458640856,3.8254276334080917,13.558628886012514,3.253969340288,63.17667399999999,3.4749936780960002,258.8819236264788,0,False,False
Lissajouswaveformsdifferentmediums/pure water/4 kHz/75% breakdown/0_75breakdown-0004/0_75breakdown-0004_26.csv,75,127994.47063898804,0.01000032746,3.47504110674,-1,-1,18.909464748547954,-4.363024499205542,-0.2307323108942349,12.992608378704928,74.70957761285578,0.14449279635650072,3.8497733788334036,13.130399309302902,3.2853107211920007,63.17667399999999,3.4749936780960002,259.10304428181655,0,False,False
Lissajouswaveformsdifferentmediums/pure water/4 kHz/75% breakdown/0_75breakdown-0004/0_75breakdown-0004_30.csv,75,127994.47063898804,0.01000032746,3.47504110674,-1,-1,19.045984212020496,-4.5357552738642255,-0.2381475918163144,13.395336442239676,74.6312690562651,0.3053356689718409,3.8119240509228587,13.686813598300148,3.25395353074,61.5957192,3.4749936780960002,260.03639738348465,0,False,False
Lissajouswaveformsdifferentmediums/pure water/4 kHz/75% breakdown/0_75breakdown-0004/0_75breakdown-0004_35.csv,75,127994.47063898804,0.01000032746,3.47502869624482,-1,-1,19.08185423207548,-4.525402973698008,-0.2371574019306295,13.341635693309259,74.57565104598461,0.2357512220270938,3.8027500671688435,13.56685531148051,3.3169614362880004,63.17667399999999,3.4749936780960002,259.86443197278413,0,False,False
Lissajouswaveformsdifferentmediums/pure water/4 kHz/75% breakdown/0_75breakdown-0004/0_75breakdown-0004_39.csv,75,127994.47063898804,0.01000032746,3.47504110674,-1,-1,19.06702783745527,-4.309071249786542,-0.22599595943956208,12.734686489141225,74.19174030014086,0.02201230552745604,3.795385593538508,12.755824373108283,3.285417959644,61.5957192,3.475009487644,260.3433171901699,0,False,False
Lissajouswaveformsdifferentmediums/pure water/4 kHz/75% breakdown/0_75breakdown-0004/0_75breakdown-0004_43.csv,75,127994.47063898804,0.01000032746,3.47504110674,-1,-1,19.023066534651814,-4.3508696592103115,-0.22871547293833544,12.882844672960749,74.82505998268448,0.3366408183325715,3.8344346057845122,13.20337322756177,3.285326530740001,61.5957192,3.4749936780960002,258.46749370768873,0,False,False
Lissajouswaveformsdifferentmediums/pure water/4 kHz/75% breakdown/0_75breakdown-0004/0_75breakdown-0004_47.csv,75,127994.47063898804,0.01000032746,3.47504110674,-1,-1,19.06882614218184,-4.551523793700583,-0.23868924913171405,13.424701889588466,74.72997441501582,0.041560008765355955,3.811879139971806,13.46432351458256,3.2537390538360005,63.17667399999999,3.4749936780960002,259.3942652632992,0,False,False
Lissajouswaveformsdifferentmediums/pure water/4 kHz/75% breakdown/0_75breakdown-0004/0_75breakdown-0004_51.csv,75,127994.47063898804,0.01000032746,3.47504110674,-1,-1,18.89621015949199,-4.231845277315116,-0.22395206454609443,12.623221577017118,74.58417008778582,0.3350531042563879,3.8516970608975387,12.94326877031051,3.285433769192,63.17667399999999,3.4749936780960002,259.61416076147185,0,False,False
Lissajouswaveformsdifferentmediums/pure water/4 kHz/75% breakdown/0_75breakdown-0004/0_75breakdown-0004_56.csv,75,127994.47063898804,0.01000032746,3.4749620589999997,-1,-1,19.11865007490412,-4.249094510028157,-0.2222486678390376,12.530251618719559,74.78205680043465,0.25419228085802115,3.818340683299444,12.772418038787634,3.28544957874,61.5957192,3.4749936780960002,258.9467627452141,0,False,False
Lissajouswaveformsdifferentmediums/pure water/4 kHz/75% breakdown/0_75breakdown-0004/0_75breakdown-0004_60.csv,75,127994.47063898804,0.01000032746,3.4749620589999997,-1,-1,18.96982333862216,-4.2883745524599135,-0.2260629672670105,12.738339143239385,74.35058539326626,0.27375006443115607,3.8229860804246645,13.000651264225013,3.2854337691920006,61.5957192,3.4749936780960002,258.3103298047294,0,False,False
Lissajouswaveformsdifferentmediums/pure water/4 kHz/75% breakdown/0_75breakdown-0004/0_75breakdown-0004_64.csv,75,127994.47063898804,0.01000032746,3.4749620589999997,-1,-1,18.970866166212932,-4.485861122413586,-0.2364605328565806,13.303828223408862,74.96480485557944,-0.0304280988028829,3.84552927148544,13.274910178913501,3.2854337691920006,61.5957192,3.4749936780960002,259.241484620748,0,False,False
Lissajouswaveformsdifferentmediums/pure water/4 kHz/90% breakdown/0_9breakdown-0005/0_9breakdown-0005_01.csv,90,127994.47063898804,0.01000032746,4.422670265294821,-1,-1,7.195275421458441,-23.003756214794176,-3.197064027068396,72.63099675344905,73.17953420456575,0.7553641490413885,3.036392989642102,73.36634732927084,-1.009687065712,63.17667399999999,4.4224806655640005,327.35135516450015,0,False,False
Lissajouswaveformsdifferentmediums/pure water/4 kHz/90% breakdown/0_9breakdown-0005/0_9breakdown-0005_05.csv,90,127994.47063898804,0.01000032746,4.422603628049999,-1,-1,7.221725284521133,-23.06844967807556,-3.1943128226602444,72.6169380256083,73.21084281281611,0.6823950784927568,3.028894497310447,73.28097550074443,-1.00970287326,63.17667399999999,4.39098455605,327.05095108642433,0,False,False
Lissajouswaveformsdifferentmediums/pure water/4 kHz/90% breakdown/0_9breakdown-0005/0_9breakdown-0005_09.csv,90,127994.47063898804,0.01000032746,4.422603628049999,-1,-1,7.201082857750577,-22.96618199645295,-3.189267843479163,72.59110066248154,73.14670686464152,0.7683685569187496,3.039342499224881,73.33944532372894,-1.1360404117120002,63.17667399999999,4.422420818236,327.9489311079081,0,False,False
Lissajouswaveformsdifferentmediums/pure water/4 kHz/90% breakdown/0_9breakdown-0005/0_9breakdown-0005_14.csv,90,127994.47063898804,0.01000032746,4.422670265294821,-1,-1,7.232113060224123,-22.921237183116972,-3.169369310496737,72.48846255826321,73.16260597835047,0.7285964325743303,3.0442220267768154,73.19792144505027,-1.041337778808,63.17667399999999,4.4223734511120005,327.5325926766542,0,False,False
Lissajouswaveformsdifferentmediums/pure water/4 kHz/90% breakdown/0_9breakdown-0005/0_9breakdown-0005_18.csv,90,127994.47063898804,0.01000032746,4.42268267579,-1,-1,7.266607432473637,-23.035516427039127,-3.1700510370349777,72.49199834467534,73.20943399646319,0.7814400549351975,3.0311520328281953,73.25242034713847,-1.0729568728080001,63.17667399999999,4.42248060405,327.46763576758934,0,False,False
Lissajouswaveformsdifferentmediums/pure water/4 kHz/90% breakdown/0_9breakdown-0005/0_9breakdown-0005_22.csv,90,127994.47063898804,0.01000032746,4.422603628049999,-1,-1,7.110385225960561,-22.940020325404276,-3.2262696881244217,72.7788905160485,73.0984727982186,0.7207476530427057,3.0438799616728813,73.4813232302042,-0.9780837772600001,63.17667399999999,4.391016175142,327.2956480052871,0,False,False
Lissajouswaveformsdifferentmediums/pure water/4 kHz/90% breakdown/0_9breakdown-0005/0_9breakdown-0005_26.csv,90,127994.47063898804,0.01000032746,4.422603628049999,-1,-1,7.254174106127103,-23.02744266195905,-3.174371379163529,72.51437375491875,73.1640768891287,0.8466611598003064,3.030756064975217,73.33876491065729,-0.978191005712,63.17667399999999,4.391016175144,327.28693009129796,0,False,False
Lissajouswaveformsdifferentmediums/pure water/4 kHz/90% breakdown/0_9breakdown-0005/0_9breakdown-0005_30.csv,90,127994.47063898804,0.01000032746,4.422603628049999,-1,-1,7.29114671630049,-23.090880977276193,-3.166975220187648,72.47603460093018,73.29515425521109,0.6721588295917805,3.0270889248214674,73.12935975157063,-1.041306161712,63.17667399999999,4.422512223144,327.189918218,0,False,False
Lissajouswaveformsdifferentmediums/pure water/4 kHz/90% breakdown/0_9breakdown-0005/0_9breakdown-0005_35.csv,90,127994.47063898804,0.01000032746,4.422603628049999,-1,-1,7.28724875767329,-23.07333891137162,-3.166262011719577,72.47232896194588,73.21039203802884,0.6845525995037302,3.0258329954954495,73.13846982937389,-1.04132196926,64.75762879999999,4.4224806655640005,327.6123585248215,0,False,False
Lissajouswaveformsdifferentmediums/pure water/4 kHz/90% breakdown/0_9breakdown-0005/0_9breakdown-0005_39.csv,90,127994.47063898804,0.01000032746,4.422670265294821,-1,-1,7.297926340385479,-23.044343418500915,-3.157656345608402,72.42749629128029,73.29203462793429,0.800859337679806,3.0323432782188466,73.20593477500265,-1.0412903501639998,63.17667399999999,4.422464856018,327.7475144595674,0,False,False
Lissajouswaveformsdifferentmediums/pure water/4 kHz/90% breakdown/0_9breakdown-0005/0_9breakdown-0005_43.csv,90,127994.47063898804,0.01000032746,4.42268267579,-1,-1,7.1957032353695665,-23.113192930548184,-3.2120825685164744,72.70735496538177,73.00307602305028,0.8235854605688558,3.0160315627765795,73.51104869809438,-1.04132196926,63.17667399999999,4.422496413596,327.85065664412116,0,False,False
Lissajouswaveformsdifferentmediums/pure water/4 kHz/90% breakdown/0_9breakdown-0005/0_9breakdown-0005_47.csv,90,127994.47063898804,0.01000032746,4.422603628049999,-1,-1,7.169200693308579,-23.103134498658463,-3.222553738831991,72.76020915890714,73.1328223759975,0.7159831721786474,3.0235006631047883,73.45767121241826,-1.1045601612599998,63.17667399999999,4.4223417705040005,327.64764840666453,0,False,False
Lissajouswaveformsdifferentmediums/pure water/4 kHz/90% breakdown/0_9breakdown-0005/0_9breakdown-0005_51.csv,90,127994.47063898804,0.01000032746,4.42268267579,-1,-1,7.265213284258118,-23.171372218074225,-3.1893588407487963,72.59156735513831,73.13068555374593,0.6873829227619724,3.0117247827832734,73.26119114616097,-1.009564029712,63.17667399999999,4.422373389596,327.6127183669973,0,False,False
Lissajouswaveformsdifferentmediums/pure water/4 kHz/90% breakdown/0_9breakdown-0005/0_9breakdown-0005_56.csv,90,127994.47063898804,0.01000032746,4.422603628049999,-1,-1,7.33914109760466,-23.153246087760728,-3.154762359769518,72.41236963705934,73.21519128970311,0.804646652334809,3.0146671992891605,73.19530972434404,-1.10443712326,63.17667399999999,4.42249647511,326.44499753828427,0,False,False
Lissajouswaveformsdifferentmediums/pure water/4 kHz/90% breakdown/0_9breakdown-0005/0_9breakdown-0005_60.csv,90,127994.47063898804,0.01000032746,4.422603628049999,-1,-1,7.281296654662447,-23.129742602337437,-3.1765966556968563,72.52587704177908,73.30783355674752,0.7512929432877006,3.0234037219974645,73.25598481529374,-1.104528542164,63.17667399999999,4.3910162366579994,327.6742766447826,0,False,False
Lissajouswaveformsdifferentmediums/pure water/4 kHz/90% breakdown/0_9breakdown-0005/0_9breakdown-0005_64.csv,90,127994.47063898804,0.01000032746,4.422603628049999,-1,-1,7.225364587297382,-23.166730618226392,-3.2063061093076013,72.67806307682551,73.20381743370515,0.8611155488562091,3.016881061176522,73.51607131460034,-1.0411831257120001,63.17667399999999,4.422496413596,326.82602283905203,0,False,False
Lissajouswaveformsdifferentmediums/pure water/Lissajousfigure4kHz-0003/Lissajousfigure4kHz-0003_01.csv,MAX,127994.47063898804,0.01000032746,9.79447921283482,1,-1,11.508717977146006,32.037372169295544,2.7837481318870885,-70.24029579572527,82.63056426438074,1.0530129104275425,2.4276316180239585,69.33245815249049,-4.615927046404001,402.82973319999996,9.636980662952,909.9308321143288,0,False,False
Lissajouswaveformsdifferentmediums/pure water/Lissajousfigure4kHz-0003/Lissajousfigure4kHz-0003_05.csv,MAX,127994.47063898804,0.01000032746,9.79512308241,1,-1,11.497651609467294,31.96889125815335,2.780471381810683,-70.21881512005798,82.59352580248456,1.0888256842600665,2.431435109843025,69.27968663966061,-4.48947885514,402.8174188,9.668631107922002,910.781804438696,0,False,False
Lissajouswaveformsdifferentmediums/pure water/Lissajousfigure4kHz-0003/Lissajousfigure4kHz-0003_09.csv,MAX,127994.47063898804,0.01000032746,9.794807199080001,1,-1,11.220354362528447,32.042751333186956,2.8557699960169787,-70.70136592149582,82.64953914575513,1.1254393639834912,2.434764268195688,69.73132127740067,-4.67893167258,399.66166519999996,9.668615421402002,910.2105162240671,0,False,False
Lissajouswaveformsdifferentmediums/pure water/Lissajousfigure4kHz-0003/Lissajousfigure4kHz-0003_14.csv,MAX,127994.47063898804,0.01000032746,9.637343913430001,1,-1,11.82612354714525,32.00157205500996,2.7060069115153906,-69.71829846499804,82.66656519226615,1.110559588978222,2.4233818990702205,68.76127378609874,-4.552704725940001,405.9854794,9.636917301700002,910.384988611063,0,False,False
Lissajouswaveformsdifferentmediums/pure water/Lissajousfigure4kHz-0003/Lissajousfigure4kHz-0003_18.csv,MAX,127994.47063898804,0.01000032746,9.63750200891,1,-1,11.96847649813862,31.97679442491228,2.6717514488903773,-69.47981303731883,82.57769788725714,1.1385520913548506,2.418923020203827,68.49761481274251,-4.331632813964001,407.5664428,9.637043839608003,909.419192653501,0,False,False
Lissajouswaveformsdifferentmediums/pure water/Lissajousfigure4kHz-0003/Lissajousfigure4kHz-0003_22.csv,MAX,127994.47063898804,0.01000032746,9.794558001276451,1,-1,12.085323115334466,31.92766436532064,2.641854426284161,-69.26724355089786,82.57709907297638,1.10289022105822,2.4192249957319296,68.3157972165177,-4.268782966394,409.13509159999995,9.668334424992,911.6669745783265,0,False,False
Lissajouswaveformsdifferentmediums/pure water/Lissajousfigure4kHz-0003/Lissajousfigure4kHz-0003_26.csv,MAX,127994.47063898804,0.01000032746,9.794807199080001,1,-1,12.188669247364974,32.01088759007743,2.6262824054396057,-69.15484985242993,82.58349850859739,1.1096554809327792,2.411329984865802,68.19764248216458,-4.363434928404,407.5725964,9.668599673404001,911.1497656512485,0,False,False
Lissajouswaveformsdifferentmediums/pure water/Lissajousfigure4kHz-0003/Lissajousfigure4kHz-0003_30.csv,MAX,127994.47063898804,0.01000032746,9.794807506700002,1,-1,12.286882220150199,32.054871583138016,2.608869443752686,-69.02778224451544,82.56265502070407,1.1146127329508055,2.405377850740137,68.066056779648,-4.3948835957000005,410.70989399999996,9.668567992774003,910.8615059674053,0,False,False
Lissajouswaveformsdifferentmediums/pure water/Lissajousfigure4kHz-0003/Lissajousfigure4kHz-0003_35.csv,MAX,127994.47063898804,0.01000032746,9.794952884054823,1,-1,12.475147304209463,31.96411864549373,2.5622237450220844,-68.67999561835448,82.55209792840465,1.1738015736940244,2.4062797048158604,67.6670809024049,-4.3632678050600004,410.7221988,9.668599427318,910.4819100087452,0,False,False
Lissajouswaveformsdifferentmediums/pure water/Lissajousfigure4kHz-0003/Lissajousfigure4kHz-0003_39.csv,MAX,127994.47063898804,0.01000032746,9.794807506700002,1,-1,12.577100422290039,32.02725238722533,2.546473456669261,-68.56006637793735,82.58816325419919,1.16388782030156,2.4006108667239068,67.55614333271905,-4.394763791500001,410.7221964,9.668520625656,909.9194799414062,0,False,False
Lissajouswaveformsdifferentmediums/pure water/Lissajousfigure4kHz-0003/Lissajousfigure4kHz-0003_43.csv,MAX,127994.47063898804,0.01000032746,9.794807506700002,1,-1,12.590819838521865,32.09007810091647,2.548688529617129,-68.57701050159112,82.63586628601831,1.0834025436327375,2.3975236461354137,67.64303743393836,-4.299966325356,410.7221988,9.668457481482001,909.369061563758,0,False,False
Lissajouswaveformsdifferentmediums/pure water/Lissajousfigure4kHz-0003/Lissajousfigure4kHz-0003_47.csv,MAX,127994.47063898804,0.01000032746,9.6373315029254,1,-1,12.429038009871604,32.07937772646876,2.5810024638262536,-68.82132284780377,82.63393432127286,1.1046738415991229,2.4022705408844263,67.8689934329822,-4.363220266892001,410.71604759999997,9.637027907010001,911.1738786275771,0,False,False
Lissajouswaveformsdifferentmediums/pure water/Lissajousfigure4kHz-0003/Lissajousfigure4kHz-0003_51.csv,MAX,127994.47063898804,0.01000032746,9.79488624682,1,-1,12.57262442775544,32.0629414248905,2.550218660322666,-68.58870028622127,82.61953777714173,1.0879763238554618,2.3992734866686014,67.6505996531044,-4.394748055524,410.70989399999996,9.668615482952003,908.4216428036821,0,False,False
Lissajouswaveformsdifferentmediums/pure water/Lissajousfigure4kHz-0003/Lissajousfigure4kHz-0003_56.csv,MAX,127994.47063898804,0.01000032746,9.795044034679998,1,-1,12.284726567842293,32.00373450104901,2.6051645776817796,-69.00055563761615,82.59797220518173,1.1083044586938002,2.409808444119013,68.04468096208936,-4.299950541284,407.5664428,9.668631169456,910.6393025520726,0,False,False
Lissajouswaveformsdifferentmediums/pure water/Lissajousfigure4kHz-0003/Lissajousfigure4kHz-0003_60.csv,MAX,127994.47063898804,0.01000032746,9.79472845896,1,-1,12.328458876663827,32.11800128377857,2.6051919063925966,-69.00075672007472,82.7022285943812,1.1100822834598112,2.4042693678540803,68.04455572330161,-4.268394769084001,409.147394,9.637012097446,909.861960546267,0,False,False
Lissajouswaveformsdifferentmediums/pure water/Lissajousfigure4kHz-0003/Lissajousfigure4kHz-0003_64.csv,MAX,127994.47063898804,0.01000032746,9.79471604846482,1,-1,12.626728937082575,32.20616991524737,2.550634457722719,-68.59187476536381,82.73825677523126,1.0835936176756236,2.392084092878274,67.6588928193714,-4.33169277082,412.2908452,9.637119311908002,910.9458325325396,0,False,False
Lissajouswaveformsdifferentmediums/pure water/10 kHz/breakdown/breakdown/breakdown_01.csv,100,129994.38424272223,0.01000032746,5.52772604226,1,-1,20.476835822280027,31.46592518190182,1.5366595432515509,-56.94544163001542,73.21695042846737,0.6339613196537558,1.9503748811523456,56.338072059847065,2.27244645304,140.5819412,5.370135196944,398.31496170699893,0,False,False
Lissajouswaveformsdifferentmediums/pure water/10 kHz/breakdown/breakdown/breakdown_05.csv,100,129994.38424272223,0.01000032746,5.52772604226,1,-1,20.447414616828045,31.403669362619095,1.5358259198585502,-56.93122659715382,73.20381146122168,0.6886988448813913,1.9535949801433172,56.27130152535503,2.2413229574240003,140.5819412,5.370135258462,397.3539608529117,0,False,False
Lissajouswaveformsdifferentmediums/pure water/10 kHz/breakdown/breakdown/breakdown_09.csv,100,129994.38424272223,0.01000032746,5.52772604226,1,-1,20.477090284343195,31.4305837570055,1.5349145469675132,-56.91567336637394,73.2547956737495,0.6415841488239629,1.9529189616226625,56.3013187970339,2.3356846330400005,139.0009864,5.370135196945999,397.5512541952898,0,False,False
Lissajouswaveformsdifferentmediums/pure water/10 kHz/breakdown/breakdown/breakdown_14.csv,100,129994.38424272223,0.01000032746,5.52772604226,1,-1,20.514733053520498,31.444719578773107,1.5327871679703349,-56.87931761757969,73.24359395640057,0.603871593426965,1.9509225393498584,56.300984080640006,2.241041801944,140.5819412,5.370119510432,397.05796146239834,0,False,False
Lissajouswaveformsdifferentmediums/pure water/10 kHz/breakdown/breakdown/breakdown_18.csv,100,129994.38424272223,0.01000032746,5.52772604226,1,-1,20.497705498277238,31.426535599600264,1.5331733399253666,-56.885922344556995,73.26793642046505,0.6481470715605379,1.95286202983443,56.265395183675,2.2092996799440003,140.5819412,5.370119448914,398.2661056870386,0,False,False
Lissajouswaveformsdifferentmediums/pure water/10 kHz/breakdown/breakdown/breakdown_22.csv,100,129994.38424272223,0.01000032746,5.527726349840001,1,-1,20.184139626006726,32.284743292884244,1.5995105013684214,-57.986736910737925,73.70088367922922,0.9086122361166922,1.9358980009030817,57.12198589476836,2.177648972848,150.06767,5.370027996008,408.17093086219245,0,False,False
Lissajouswaveformsdifferentmediums/pure water/10 kHz/breakdown/breakdown/breakdown_26.csv,100,129994.38424272223,0.01000032746,5.527726349840001,1,-1,20.254948489191218,32.26219149645784,1.5928054082030436,-57.87844925673964,73.71062445688898,0.8942521403983783,1.935207485746619,57.027475562154535,2.1459666306560004,148.4867152,5.401170760590001,407.642161147121,0,False,False
Lissajouswaveformsdifferentmediums/pure water/10 kHz/breakdown/breakdown/breakdown_30.csv,100,129994.38424272223,0.01000032746,5.52780509,1,-1,20.21390536657685,32.29886110914292,1.5978535826406024,-57.960038310849214,73.69471365796477,0.9699026148024874,1.9343566949291495,57.0368880759936,2.14621614504,148.4867152,5.4012464654659995,407.8943273083364,0,False,False
Lissajouswaveformsdifferentmediums/pure water/10 kHz/breakdown/breakdown/breakdown_35.csv,100,129994.38424272223,0.01000032746,5.527726349840001,1,-1,20.185770265128404,32.27404109521793,1.598851105076353,-57.97611655717983,73.68350835224435,0.9887946938472111,1.9358997577459873,57.03484500973127,2.1143634157280005,150.06767,5.401170822106,407.58131170085124,0,False,False
Lissajouswaveformsdifferentmediums/pure water/10 kHz/breakdown/breakdown/breakdown_39.csv,100,129994.38424272223,0.01000032746,5.527726349840001,1,-1,20.230367075705516,32.261595097754444,1.5947113058812032,-57.90929611661129,73.66868295746207,0.9233733561085821,1.9348099592343393,57.030114662500324,2.177569915108,148.4867152,5.370043805560001,406.7869240363478,0,False,False
Lissajouswaveformsdifferentmediums/pure water/10 kHz/breakdown/breakdown/breakdown_43.csv,100,129994.38424272223,0.01000032746,5.527726349840001,1,-1,20.20458511345252,32.279391076223476,1.5976270185687387,-57.95638449980262,73.78648288224623,0.9023821275639351,1.937821990655219,57.09855812198805,2.1775699766320002,150.06767,5.401155074078001,406.9720841879199,0,False,False
Lissajouswaveformsdifferentmediums/pure water/10 kHz/breakdown/breakdown/breakdown_47.csv,100,129994.38424272223,0.01000032746,5.527726349840001,1,-1,20.266102018813918,32.23622643374951,1.5906475948765677,-57.843461182845076,73.69181725798508,0.912050192361564,1.9355380551652634,56.97533189211026,2.2090817846560005,148.4867152,5.370059615104,407.62432266091616,0,False,False
Lissajouswaveformsdifferentmediums/pure water/10 kHz/breakdown/breakdown/breakdown_51.csv,100,129994.38424272223,0.01000032746,5.52772604226,1,-1,20.460328677330352,31.41294916421467,1.5353100949458163,-56.92242526816804,73.1795934923126,0.6734782186706217,1.952170870762223,56.2768701083119,2.241199909424,140.5819412,5.370135258462,397.2353175286739,0,False,False
Lissajouswaveformsdifferentmediums/pure water/10 kHz/breakdown/breakdown/breakdown_56.csv,100,129994.38424272223,0.01000032746,5.52772604226,1,-1,20.45784548523191,31.46243617802376,1.5379154271516926,-56.96683664732374,73.17167233093669,0.6592128779397242,1.9498675202113838,56.33488585410797,2.209454337040001,140.5819412,5.369781913525999,397.89866357017485,0,False,False
Lissajouswaveformsdifferentmediums/pure water/10 kHz/breakdown/breakdown/breakdown_60.csv,100,129994.38424272223,0.01000032746,5.52772604226,1,-1,20.517122693174493,31.402376353688158,1.5305448440942893,-56.840920817078086,73.21894566216285,0.6223340753665343,1.9520477397078015,56.244706216572354,2.178068931876,139.0009864,5.369721956684,397.1681074443617,0,False,False
Lissajouswaveformsdifferentmediums/pure water/10 kHz/breakdown/breakdown/breakdown_64.csv,100,129994.38424272223,0.01000032746,5.52772604226,1,-1,20.394397024458925,31.465071556762,1.5428292152509364,-57.05031152212105,73.20435190310108,0.7278738108511932,1.952446636546966,56.35285696776478,2.2725255007799996,139.0009864,5.370135258462,397.5066370762666,0,False,False
Lissajouswaveformsdifferentmediums/pure water/Lissajousfigure10kHz-0002/Lissajousfigure10kHz-0002_01.csv,MAX,129994.38424272223,0.01000032746,9.16282022021,1,-1,10.93296776737633,37.40832490557911,3.4216075361718805,-73.70845490005954,84.63316786482739,1.1509875268451326,2.171872887219278,72.75454344574959,-4.268249153756,382.2834612,8.941963187184,825.3642756095269,0,False,False
Lissajouswaveformsdifferentmediums/pure water/Lissajousfigure10kHz-0002/Lissajousfigure10kHz-0002_05.csv,MAX,129994.38424272223,0.01000032746,9.16297831562,1,-1,10.93090039252441,37.5665561902087,3.4367302638582533,-73.7763644862863,84.64345149023144,1.21397732987393,2.163769069105595,72.77038122386699,-4.299543118004,380.7086588,8.973244806260002,825.5491298030897,0,False,False
Lissajouswaveformsdifferentmediums/pure water/Lissajousfigure10kHz-0002/Lissajousfigure10kHz-0002_09.csv,MAX,129994.38424272223,0.01000032746,9.162741172409998,1,-1,10.902195806251719,37.6368404917177,3.4522256947664944,-73.84537855112957,84.75016290537671,1.1118218333462497,2.163153063893215,72.92519283471728,-4.2680628655640005,382.2711564,8.94196306415,824.7246914794139,0,False,False
Lissajouswaveformsdifferentmediums/pure water/Lissajousfigure10kHz-0002/Lissajousfigure10kHz-0002_14.csv,MAX,129994.38424272223,0.01000032746,9.16289926794,1,-1,11.147893679004746,37.66949682317323,3.3790685404649703,-73.51443122488828,84.72852331033522,1.1236868144718182,2.157080794292895,72.5841898373516,-4.299637913780001,382.2834588,8.941978825708,825.9628338796477,0,False,False
Lissajouswaveformsdifferentmediums/pure water/Lissajousfigure10kHz-0002/Lissajousfigure10kHz-0002_18.csv,MAX,129994.38424272223,0.01000032746,9.16289926794,1,-1,11.2931727002573,37.5421388406815,3.324321679754898,-73.25801704138394,84.63551467600597,1.1657445879324293,2.1591598896539788,72.29190436914328,-4.2049352949,383.85826599999996,8.942026302316,825.4130003336159,0,False,False
Lissajouswaveformsdifferentmediums/pure water/Lissajousfigure10kHz-0002/Lissajousfigure10kHz-0002_22.csv,MAX,129994.38424272223,0.01000032746,9.16297831562,1,-1,10.973835185922834,37.24200861001717,3.3937094898045292,-73.58171488565628,84.53163794650152,1.1641805245364782,2.1775486754147466,72.61571279747375,-4.331285250028,380.696354,8.973367720768001,824.1713368931364,0,False,False
Lissajouswaveformsdifferentmediums/pure water/Lissajousfigure10kHz-0002/Lissajousfigure10kHz-0002_26.csv,MAX,129994.38424272223,0.01000032746,9.16297831562,1,-1,10.922564069387919,37.351730206982495,3.419685155399195,-73.69978268049238,84.61538312780797,1.1789366904196772,2.174625305289741,72.72250672847977,-4.236550997956,380.70250519999996,8.973490915820001,823.9649352277318,0,False,False
Lissajouswaveformsdifferentmediums/pure water/Lissajousfigure10kHz-0002/Lissajousfigure10kHz-0002_30.csv,MAX,129994.38424272223,0.01000032746,9.16313641122,1,-1,10.907349585221562,37.084264073219686,3.39993357538163,-73.6101566469586,84.39120195443411,1.2317744081377304,2.183535529187712,72.58637826736506,-4.426114369268,380.7025051999999,9.005078122613998,826.1963196888757,0,False,False
Lissajouswaveformsdifferentmediums/pure water/Lissajousfigure10kHz-0002/Lissajousfigure10kHz-0002_35.csv,MAX,129994.38424272223,0.01000032746,9.16313641122,1,-1,10.672175329388066,36.88376277582997,3.456067918436724,-73.86240283700803,84.3020930366843,1.306289028075196,2.1959502213488573,72.77555936659425,-4.42601952598,379.1215516,9.036561874994,825.5642760091221,0,False,False
Lissajouswaveformsdifferentmediums/pure water/Lissajousfigure10kHz-0002/Lissajousfigure10kHz-0002_39.csv,MAX,129994.38424272223,0.01000032746,9.16313641122,1,-1,10.518112741763721,36.95194296742441,3.513172360351421,-74.1113666251061,84.35126799308952,1.3024302260370173,2.195910970049875,73.02836452817354,-4.299666166004,379.1215516,9.005217079213999,826.3165882728355,0,False,False
Lissajouswaveformsdifferentmediums/pure water/Lissajousfigure10kHz-0002/Lissajousfigure10kHz-0002_43.csv,MAX,129994.38424272223,0.01000032746,9.163057363420002,1,-1,10.755290372763152,37.03487327274673,3.4434098931010144,-73.80618468363828,84.39572948497295,1.2076005253097282,2.188738770153017,72.80254789459514,-4.331348488172,379.1215516,9.005109864752,825.4836299496044,0,False,False
Lissajouswaveformsdifferentmediums/pure water/Lissajousfigure10kHz-0002/Lissajousfigure10kHz-0002_47.csv,MAX,129994.38424272223,0.01000032746,9.163057363420002,1,-1,10.563333422992745,37.06579839388961,3.5089111466660805,-74.09304726990005,84.42679893960859,1.219850063825588,2.190877824761037,73.07960501455764,-4.268078665028001,377.5467516,9.00506595002,826.4158697296499,0,False,False
Lissajouswaveformsdifferentmediums/pure water/Lissajousfigure10kHz-0002/Lissajousfigure10kHz-0002_51.csv,MAX,129994.38424272223,0.01000032746,9.163057363420002,1,-1,10.72147281605487,37.182397902450965,3.468030795803743,-73.91518547886251,84.43153186214462,1.2471829032746602,2.18220257507125,72.87909827232028,-4.299666142004,379.12154919999995,9.00487974938,825.2502816826665,0,False,False
Lissajouswaveformsdifferentmediums/pure water/Lissajousfigure10kHz-0002/Lissajousfigure10kHz-0002_56.csv,MAX,129994.38424272223,0.01000032746,9.16297831562,1,-1,10.493141125982582,37.215729069481874,3.546671928135053,-74.25396468860743,84.5300681700352,1.227668161310643,2.1864640854533204,73.23527436367584,-4.331301034028001,377.5467516,8.97362956478,825.9591185137223,0,False,False
Lissajouswaveformsdifferentmediums/pure water/Lissajousfigure10kHz-0002/Lissajousfigure10kHz-0002_60.csv,MAX,129994.38424272223,0.01000032746,9.163057363420002,1,-1,10.597527417453016,37.11244106277565,3.5019905682579653,-74.06320721012452,84.42172174100803,1.2450332061222456,2.1876820255052243,73.02878529535528,-4.331253582908,377.54674919999997,9.005034146362,826.728267733654,0,False,False
Lissajouswaveformsdifferentmediums/pure water/Lissajousfigure10kHz-0002/Lissajousfigure10kHz-0002_64.csv,MAX,129994.38424272223,0.01000032746,9.16313641122,1,-1,10.484971525462788,37.02453443538718,3.531200284662002,-74.188417594435,84.39891345073163,1.2677817836733496,2.1936599338298466,73.13481490980365,-4.36313466842,377.5405932,9.00515396406,825.2189376900196,0,False,False
Lissajouswaveformsdifferentmediums/pure water/Lissajousfigure20kHz/Lissajousfigure20kHz_01.csv,MAX,119994.81622405129,0.01000032746,10.26832085118,1,-1,3.334466244377637,28.88939414522316,8.663873624132378,-83.41595209788765,86.2188768424145,6.350813499294128,2.978879660151506,77.83599062893677,-1.0778843502280002,369.63582279999997,10.014878348882002,951.9912365427281,0,False,False
Lissajouswaveformsdifferentmediums/pure water/Lissajousfigure20kHz/Lissajousfigure20kHz_05.csv,MAX,119994.81622405129,0.01000032746,10.11077851777,1,-1,4.698354720459954,29.11945869349469,6.19779910756589,-80.83445453917726,86.25323969754852,6.456902668211193,2.9386084092098663,75.16412901045194,-0.698680952772,380.7024992,9.951529695584002,948.2282072120157,0,False,False
Lissajouswaveformsdifferentmediums/pure water/Lissajousfigure20kHz/Lissajousfigure20kHz_09.csv,MAX,119994.81622405129,0.01000032746,10.26824180351,1,-1,6.306276371432927,29.764246551568366,4.719781499967034,-78.03741077824016,86.59956964717801,6.4337463676201,2.860116376168599,72.40973953819247,-0.6673351070200001,396.5059044,10.014720314922,960.5134987175326,0,False,False
Lissajouswaveformsdifferentmediums/pure water/Lissajousfigure20kHz/Lissajousfigure20kHz_14.csv,MAX,119994.81622405129,0.01000032746,10.26808401555,1,-1,5.292008242137849,29.239940646466895,5.525301418399649,-79.7413371270225,86.37942343951991,6.38423740188911,2.9208668954538863,74.14255445702557,-0.7936742854080001,387.0263292,10.01472034941,957.6852708539808,0,False,False
Lissajouswaveformsdifferentmediums/pure water/Lissajousfigure20kHz/Lissajousfigure20kHz_18.csv,MAX,119994.81622405129,0.01000032746,10.267768132239999,1,-1,6.182627562686131,29.359116799280446,4.748647157152219,-78.10805142114852,86.17387485525101,6.469929774163663,2.8863770746049355,72.42116205118734,-0.36719018501199996,390.18823639999994,9.982927522454,947.8006777980053,0,False,False
Lissajouswaveformsdifferentmediums/pure water/Lissajousfigure20kHz/Lissajousfigure20kHz_22.csv,MAX,119994.81622405129,0.01000032746,10.26816275571,1,-1,4.350025010199399,28.81425240880431,6.623927986906794,-81.41501004829948,86.13212495087936,6.398215011756994,2.9700384004619056,75.78804088515824,-1.046312650836,374.37868599999996,9.983180448179999,949.5913633137463,0,False,False
Lissajouswaveformsdifferentmediums/pure water/Lissajousfigure20kHz/Lissajousfigure20kHz_26.csv,MAX,119994.81622405129,0.01000032746,10.26800527539,1,-1,5.322134136265336,29.37677277232043,5.5197355083828805,-79.73121263974541,86.38389361136137,6.427162269508941,2.9075046348387215,74.0953175176021,-0.85699437756,387.02632439999996,9.983132862016001,955.2382779478627,0,False,False
Lissajouswaveformsdifferentmediums/pure water/Lissajousfigure20kHz/Lissajousfigure20kHz_30.csv,MAX,119994.81622405129,0.01000032746,10.26832085124,1,-1,7.383579844743018,29.471374602689334,3.991475032761032,-75.93496674795364,86.1541428209467,6.3419499453230666,2.8491600789955625,70.3585834955853,-0.31990999258000014,399.67397,10.046260496688,957.6661491139781,0,False,False
Lissajouswaveformsdifferentmediums/pure water/Lissajousfigure20kHz/Lissajousfigure20kHz_35.csv,MAX,119994.81622405129,0.01000032746,10.26824180344,1,-1,8.443451661984042,29.015717484749068,3.436475821303033,-73.77522645264901,85.6220461318349,6.258135147523146,2.846642801976865,68.23809761986723,0.21695205027600015,402.8235748,10.046197320044,944.5258565323414,0,False,False
Lissajouswaveformsdifferentmediums/pure water/Lissajousfigure20kHz/Lissajousfigure20kHz_39.csv,MAX,119994.81622405129,0.01000032746,10.268478946719998,1,-1,8.152085126994388,28.81469966858183,3.5346416554417894,-74.20304323795985,85.5366382524143,6.146387073653422,2.869337421451036,68.75879158437078,-0.08288981761600007,399.67397239999997,10.109451527098,950.9987171966698,0,False,False
Lissajouswaveformsdifferentmediums/pure water/Lissajousfigure20kHz/Lissajousfigure20kHz_43.csv,MAX,119994.81622405129,0.01000032746,10.26816275571,1,-1,7.441298554988829,29.579835129274635,3.97509049135565,-75.87930812295065,86.17578564167167,6.401836456914201,2.838981219607596,70.25200867983969,-0.09883818062800015,399.66781879999996,10.014704601372,952.247069854829,0,False,False
Lissajouswaveformsdifferentmediums/pure water/Lissajousfigure20kHz/Lissajousfigure20kHz_47.csv,MAX,119994.81622405129,0.01000032746,10.26824180344,1,-1,8.301159349470995,28.75080421491085,3.4634685354814985,-73.89509556243786,85.36039333094821,6.179516921288149,2.8655770213655876,68.41044418636764,-0.0670959510680002,401.254926,10.077705944218,945.4430730745073,0,False,False
Lissajouswaveformsdifferentmediums/pure water/Lissajousfigure20kHz/Lissajousfigure20kHz_51.csv,MAX,119994.81622405129,0.01000032746,10.268478946719998,1,-1,8.670580991064252,28.693570101758123,3.3093018946860897,-73.18630996298764,85.36478098931696,6.040918370454127,2.860384002969588,67.824220989092,-0.16177036257599992,401.254926,10.109514484726,949.026395725002,0,False,False
Lissajouswaveformsdifferentmediums/pure water/Lissajousfigure20kHz/Lissajousfigure20kHz_56.csv,MAX,119994.81622405129,0.01000032746,10.26832085118,1,-1,8.515044426167902,29.353287205427453,3.4472265482515585,-73.82317571623281,85.72924945764416,6.284225118048279,2.8181905776531284,68.27001642644805,-0.13030596442800005,405.99164040000005,10.109309110674,951.3789540226562,0,False,False
Lissajouswaveformsdifferentmediums/pure water/Lissajousfigure20kHz/Lissajousfigure20kHz_60.csv,MAX,119994.81622405129,0.01000032746,10.26832085118,1,-1,8.407335554296013,29.021409274756653,3.451915186128997,-73.84400120938972,85.53958303975757,6.211368988256918,2.844162544626778,68.34273040860052,-0.13018916850400003,402.8297308,10.046355292490002,947.2447331360504,0,False,False
Lissajouswaveformsdifferentmediums/pure water/Lissajousfigure20kHz/Lissajousfigure20kHz_64.csv,MAX,119994.81622405129,0.01000032746,10.268478946719998,1,-1,8.375903239896939,29.12572685468267,3.477323701155966,-73.95595622547421,85.61698834371836,6.229182624764349,2.8381917257103577,68.44396256373935,-0.22520738572400023,401.24877480000004,10.109546288382,950.0653540247322,0,False,False
