condition,condition_label,material,burst_kHz,volume_ml,is_reactor_volume,reactor_volume_ml,concentration_mM,equivalents_per_ion,negative_charge_equivalent_rate_per_s,negative_charge_equivalent_rate_ci_low_per_s,negative_charge_equivalent_rate_ci_high_per_s,minutes_per_ion_equivalent,minutes_per_ion_equivalent_ci_low,minutes_per_ion_equivalent_ci_high,interpretation,source_rate_reportable,source_rate_evidence_tier,assumptions
BMIM_nitrate_4kHz,"BMIM nitrate, 4 kHz",BMIM_nitrate,4.0,0.0,False,2.5,5.0,1.0,1.6915180618021698e+16,1.69151806180217e+16,1.69151806180217e+16,0.0,0.0,0.0,hypothetical electrical-rate transfer to a 5 mM metal-ion inventory; BMIM nitrate itself contains no metal; diagnostic scenario only because the source rate did not pass its passive-background reporting gate,False,not_reportable_passive_background_model_rejected,total_negative_electrical_charge_equivalents; 100_percent_delivery_and_utilization; not_electron_specific; not_a_chemical_yield_prediction
BMIM_nitrate_4kHz,"BMIM nitrate, 4 kHz",BMIM_nitrate,4.0,0.05,False,2.5,5.0,1.0,1.6915180618021698e+16,1.69151806180217e+16,1.69151806180217e+16,0.14834162125311856,0.14834162125311853,0.14834162125311853,hypothetical electrical-rate transfer to a 5 mM metal-ion inventory; BMIM nitrate itself contains no metal; diagnostic scenario only because the source rate did not pass its passive-background reporting gate,False,not_reportable_passive_background_model_rejected,total_negative_electrical_charge_equivalents; 100_percent_delivery_and_utilization; not_electron_specific; not_a_chemical_yield_prediction
BMIM_nitrate_4kHz,"BMIM nitrate, 4 kHz",BMIM_nitrate,4.0,0.1,False,2.5,5.0,1.0,1.6915180618021698e+16,1.69151806180217e+16,1.69151806180217e+16,0.2966832425062371,0.29668324250623707,0.29668324250623707,hypothetical electrical-rate transfer to a 5 mM metal-ion inventory; BMIM nitrate itself contains no metal; diagnostic scenario only because the source rate did not pass its passive-background reporting gate,False,not_reportable_passive_background_model_rejected,total_negative_electrical_charge_equivalents; 100_percent_delivery_and_utilization; not_electron_specific; not_a_chemical_yield_prediction
BMIM_nitrate_4kHz,"BMIM nitrate, 4 kHz",BMIM_nitrate,4.0,0.15000000000000002,False,2.5,5.0,1.0,1.6915180618021698e+16,1.69151806180217e+16,1.69151806180217e+16,0.4450248637593557,0.4450248637593556,0.4450248637593556,hypothetical electrical-rate transfer to a 5 mM metal-ion inventory; BMIM nitrate itself contains no metal; diagnostic scenario only because the source rate did not pass its passive-background reporting gate,False,not_reportable_passive_background_model_rejected,total_negative_electrical_charge_equivalents; 100_percent_delivery_and_utilization; not_electron_specific; not_a_chemical_yield_prediction
BMIM_nitrate_4kHz,"BMIM nitrate, 4 kHz",BMIM_nitrate,4.0,0.2,False,2.5,5.0,1.0,1.6915180618021698e+16,1.69151806180217e+16,1.69151806180217e+16,0.5933664850124742,0.5933664850124741,0.5933664850124741,hypothetical electrical-rate transfer to a 5 mM metal-ion inventory; BMIM nitrate itself contains no metal; diagnostic scenario only because the source rate did not pass its passive-background reporting gate,False,not_reportable_passive_background_model_rejected,total_negative_electrical_charge_equivalents; 100_percent_delivery_and_utilization; not_electron_specific; not_a_chemical_yield_prediction
BMIM_nitrate_4kHz,"BMIM nitrate, 4 kHz",BMIM_nitrate,4.0,0.25,False,2.5,5.0,1.0,1.6915180618021698e+16,1.69151806180217e+16,1.69151806180217e+16,0.7417081062655927,0.7417081062655926,0.7417081062655926,hypothetical electrical-rate transfer to a 5 mM metal-ion inventory; BMIM nitrate itself contains no metal; diagnostic scenario only because the source rate did not pass its passive-background reporting gate,False,not_reportable_passive_background_model_rejected,total_negative_electrical_charge_equivalents; 100_percent_delivery_and_utilization; not_electron_specific; not_a_chemical_yield_prediction
BMIM_nitrate_4kHz,"BMIM nitrate, 4 kHz",BMIM_nitrate,4.0,0.30000000000000004,False,2.5,5.0,1.0,1.6915180618021698e+16,1.69151806180217e+16,1.69151806180217e+16,0.8900497275187114,0.8900497275187113,0.8900497275187113,hypothetical electrical-rate transfer to a 5 mM metal-ion inventory; BMIM nitrate itself contains no metal; diagnostic scenario only because the source rate did not pass its passive-background reporting gate,False,not_reportable_passive_background_model_rejected,total_negative_electrical_charge_equivalents; 100_percent_delivery_and_utilization; not_electron_specific; not_a_chemical_yield_prediction
BMIM_nitrate_4kHz,"BMIM nitrate, 4 kHz",BMIM_nitrate,4.0,0.35000000000000003,False,2.5,5.0,1.0,1.6915180618021698e+16,1.69151806180217e+16,1.69151806180217e+16,1.03839134877183,1.0383913487718297,1.0383913487718297,hypothetical electrical-rate transfer to a 5 mM metal-ion inventory; BMIM nitrate itself contains no metal; diagnostic scenario only because the source rate did not pass its passive-background reporting gate,False,not_reportable_passive_background_model_rejected,total_negative_electrical_charge_equivalents; 100_percent_delivery_and_utilization; not_electron_specific; not_a_chemical_yield_prediction
BMIM_nitrate_4kHz,"BMIM nitrate, 4 kHz",BMIM_nitrate,4.0,0.4,False,2.5,5.0,1.0,1.6915180618021698e+16,1.69151806180217e+16,1.69151806180217e+16,1.1867329700249485,1.1867329700249483,1.1867329700249483,hypothetical electrical-rate transfer to a 5 mM metal-ion inventory; BMIM nitrate itself contains no metal; diagnostic scenario only because the source rate did not pass its passive-background reporting gate,False,not_reportable_passive_background_model_rejected,total_negative_electrical_charge_equivalents; 100_percent_delivery_and_utilization; not_electron_specific; not_a_chemical_yield_prediction
BMIM_nitrate_4kHz,"BMIM nitrate, 4 kHz",BMIM_nitrate,4.0,0.45,False,2.5,5.0,1.0,1.6915180618021698e+16,1.69151806180217e+16,1.69151806180217e+16,1.335074591278067,1.3350745912780668,1.3350745912780668,hypothetical electrical-rate transfer to a 5 mM metal-ion inventory; BMIM nitrate itself contains no metal; diagnostic scenario only because the source rate did not pass its passive-background reporting gate,False,not_reportable_passive_background_model_rejected,total_negative_electrical_charge_equivalents; 100_percent_delivery_and_utilization; not_electron_specific; not_a_chemical_yield_prediction
BMIM_nitrate_4kHz,"BMIM nitrate, 4 kHz",BMIM_nitrate,4.0,0.5,False,2.5,5.0,1.0,1.6915180618021698e+16,1.69151806180217e+16,1.69151806180217e+16,1.4834162125311854,1.4834162125311852,1.4834162125311852,hypothetical electrical-rate transfer to a 5 mM metal-ion inventory; BMIM nitrate itself contains no metal; diagnostic scenario only because the source rate did not pass its passive-background reporting gate,False,not_reportable_passive_background_model_rejected,total_negative_electrical_charge_equivalents; 100_percent_delivery_and_utilization; not_electron_specific; not_a_chemical_yield_prediction
BMIM_nitrate_4kHz,"BMIM nitrate, 4 kHz",BMIM_nitrate,4.0,0.55,False,2.5,5.0,1.0,1.6915180618021698e+16,1.69151806180217e+16,1.69151806180217e+16,1.6317578337843042,1.631757833784304,1.631757833784304,hypothetical electrical-rate transfer to a 5 mM metal-ion inventory; BMIM nitrate itself contains no metal; diagnostic scenario only because the source rate did not pass its passive-background reporting gate,False,not_reportable_passive_background_model_rejected,total_negative_electrical_charge_equivalents; 100_percent_delivery_and_utilization; not_electron_specific; not_a_chemical_yield_prediction
BMIM_nitrate_4kHz,"BMIM nitrate, 4 kHz",BMIM_nitrate,4.0,0.6000000000000001,False,2.5,5.0,1.0,1.6915180618021698e+16,1.69151806180217e+16,1.69151806180217e+16,1.7800994550374227,1.7800994550374225,1.7800994550374225,hypothetical electrical-rate transfer to a 5 mM metal-ion inventory; BMIM nitrate itself contains no metal; diagnostic scenario only because the source rate did not pass its passive-background reporting gate,False,not_reportable_passive_background_model_rejected,total_negative_electrical_charge_equivalents; 100_percent_delivery_and_utilization; not_electron_specific; not_a_chemical_yield_prediction
BMIM_nitrate_4kHz,"BMIM nitrate, 4 kHz",BMIM_nitrate,4.0,0.65,False,2.5,5.0,1.0,1.6915180618021698e+16,1.69151806180217e+16,1.69151806180217e+16,1.928441076290541,1.9284410762905408,1.9284410762905408,hypothetical electrical-rate transfer to a 5 mM metal-ion inventory; BMIM nitrate itself contains no metal; diagnostic scenario only because the source rate did not pass its passive-background reporting gate,False,not_reportable_passive_background_model_rejected,total_negative_electrical_charge_equivalents; 100_percent_delivery_and_utilization; not_electron_specific; not_a_chemical_yield_prediction
BMIM_nitrate_4kHz,"BMIM nitrate, 4 kHz",BMIM_nitrate,4.0,0.7000000000000001,False,2.5,5.0,1.0,1.6915180618021698e+16,1.69151806180217e+16,1.69151806180217e+16,2.07678269754366,2.0767826975436594,2.0767826975436594,hypothetical electrical-rate transfer to a 5 mM metal-ion inventory; BMIM nitrate itself contains no metal; diagnostic scenario only because the source rate did not pass its passive-background reporting gate,False,not_reportable_passive_background_model_rejected,total_negative_electrical_charge_equivalents; 100_percent_delivery_and_utilization; not_electron_specific; not_a_chemical_yield_prediction
BMIM_nitrate_4kHz,"BMIM nitrate, 4 kHz",BMIM_nitrate,4.0,0.75,False,2.5,5.0,1.0,1.6915180618021698e+16,1.69151806180217e+16,1.69151806180217e+16,2.2251243187967784,2.225124318796778,2.225124318796778,hypothetical electrical-rate transfer to a 5 mM metal-ion inventory; BMIM nitrate itself contains no metal; diagnostic scenario only because the source rate did not pass its passive-background reporting gate,False,not_reportable_passive_background_model_rejected,total_negative_electrical_charge_equivalents; 100_percent_delivery_and_utilization; not_electron_specific; not_a_chemical_yield_prediction
BMIM_nitrate_4kHz,"BMIM nitrate, 4 kHz",BMIM_nitrate,4.0,0.8,False,2.5,5.0,1.0,1.6915180618021698e+16,1.69151806180217e+16,1.69151806180217e+16,2.373465940049897,2.3734659400498965,2.3734659400498965,hypothetical electrical-rate transfer to a 5 mM metal-ion inventory; BMIM nitrate itself contains no metal; diagnostic scenario only because the source rate did not pass its passive-background reporting gate,False,not_reportable_passive_background_model_rejected,total_negative_electrical_charge_equivalents; 100_percent_delivery_and_utilization; not_electron_specific; not_a_chemical_yield_prediction
BMIM_nitrate_4kHz,"BMIM nitrate, 4 kHz",BMIM_nitrate,4.0,0.8500000000000001,False,2.5,5.0,1.0,1.6915180618021698e+16,1.69151806180217e+16,1.69151806180217e+16,2.5218075613030155,2.5218075613030155,2.5218075613030155,hypothetical electrical-rate transfer to a 5 mM metal-ion inventory; BMIM nitrate itself contains no metal; diagnostic scenario only because the source rate did not pass its passive-background reporting gate,False,not_reportable_passive_background_model_rejected,total_negative_electrical_charge_equivalents; 100_percent_delivery_and_utilization; not_electron_specific; not_a_chemical_yield_prediction
BMIM_nitrate_4kHz,"BMIM nitrate, 4 kHz",BMIM_nitrate,4.0,0.9,False,2.5,5.0,1.0,1.6915180618021698e+16,1.69151806180217e+16,1.69151806180217e+16,2.670149182556134,2.6701491825561336,2.6701491825561336,hypothetical electrical-rate transfer to a 5 mM metal-ion inventory; BMIM nitrate itself contains no metal; diagnostic scenario only because the source rate did not pass its passive-background reporting gate,False,not_reportable_passive_background_model_rejected,total_negative_electrical_charge_equivalents; 100_percent_delivery_and_utilization; not_electron_specific; not_a_chemical_yield_prediction
BMIM_nitrate_4kHz,"BMIM nitrate, 4 kHz",BMIM_nitrate,4.0,0.9500000000000001,False,2.5,5.0,1.0,1.6915180618021698e+16,1.69151806180217e+16,1.69151806180217e+16,2.8184908038092527,2.818490803809252,2.818490803809252,hypothetical electrical-rate transfer to a 5 mM metal-ion inventory; BMIM nitrate itself contains no metal; diagnostic scenario only because the source rate did not pass its passive-background reporting gate,False,not_reportable_passive_background_model_rejected,total_negative_electrical_charge_equivalents; 100_percent_delivery_and_utilization; not_electron_specific; not_a_chemical_yield_prediction
BMIM_nitrate_4kHz,"BMIM nitrate, 4 kHz",BMIM_nitrate,4.0,1.0,False,2.5,5.0,1.0,1.6915180618021698e+16,1.69151806180217e+16,1.69151806180217e+16,2.9668324250623708,2.9668324250623703,2.9668324250623703,hypothetical electrical-rate transfer to a 5 mM metal-ion inventory; BMIM nitrate itself contains no metal; diagnostic scenario only because the source rate did not pass its passive-background reporting gate,False,not_reportable_passive_background_model_rejected,total_negative_electrical_charge_equivalents; 100_percent_delivery_and_utilization; not_electron_specific; not_a_chemical_yield_prediction
BMIM_nitrate_4kHz,"BMIM nitrate, 4 kHz",BMIM_nitrate,4.0,1.05,False,2.5,5.0,1.0,1.6915180618021698e+16,1.69151806180217e+16,1.69151806180217e+16,3.1151740463154898,3.1151740463154893,3.1151740463154893,hypothetical electrical-rate transfer to a 5 mM metal-ion inventory; BMIM nitrate itself contains no metal; diagnostic scenario only because the source rate did not pass its passive-background reporting gate,False,not_reportable_passive_background_model_rejected,total_negative_electrical_charge_equivalents; 100_percent_delivery_and_utilization; not_electron_specific; not_a_chemical_yield_prediction
BMIM_nitrate_4kHz,"BMIM nitrate, 4 kHz",BMIM_nitrate,4.0,1.1,False,2.5,5.0,1.0,1.6915180618021698e+16,1.69151806180217e+16,1.69151806180217e+16,3.2635156675686083,3.263515667568608,3.263515667568608,hypothetical electrical-rate transfer to a 5 mM metal-ion inventory; BMIM nitrate itself contains no metal; diagnostic scenario only because the source rate did not pass its passive-background reporting gate,False,not_reportable_passive_background_model_rejected,total_negative_electrical_charge_equivalents; 100_percent_delivery_and_utilization; not_electron_specific; not_a_chemical_yield_prediction
BMIM_nitrate_4kHz,"BMIM nitrate, 4 kHz",BMIM_nitrate,4.0,1.1500000000000001,False,2.5,5.0,1.0,1.6915180618021698e+16,1.69151806180217e+16,1.69151806180217e+16,3.411857288821727,3.4118572888217265,3.4118572888217265,hypothetical electrical-rate transfer to a 5 mM metal-ion inventory; BMIM nitrate itself contains no metal; diagnostic scenario only because the source rate did not pass its passive-background reporting gate,False,not_reportable_passive_background_model_rejected,total_negative_electrical_charge_equivalents; 100_percent_delivery_and_utilization; not_electron_specific; not_a_chemical_yield_prediction
BMIM_nitrate_4kHz,"BMIM nitrate, 4 kHz",BMIM_nitrate,4.0,1.2000000000000002,False,2.5,5.0,1.0,1.6915180618021698e+16,1.69151806180217e+16,1.69151806180217e+16,3.5601989100748455,3.560198910074845,3.560198910074845,hypothetical electrical-rate transfer to a 5 mM metal-ion inventory; BMIM nitrate itself contains no metal; diagnostic scenario only because the source rate did not pass its passive-background reporting gate,False,not_reportable_passive_background_model_rejected,total_negative_electrical_charge_equivalents; 100_percent_delivery_and_utilization; not_electron_specific; not_a_chemical_yield_prediction
BMIM_nitrate_4kHz,"BMIM nitrate, 4 kHz",BMIM_nitrate,4.0,1.25,False,2.5,5.0,1.0,1.6915180618021698e+16,1.69151806180217e+16,1.69151806180217e+16,3.7085405313279636,3.708540531327963,3.708540531327963,hypothetical electrical-rate transfer to a 5 mM metal-ion inventory; BMIM nitrate itself contains no metal; diagnostic scenario only because the source rate did not pass its passive-background reporting gate,False,not_reportable_passive_background_model_rejected,total_negative_electrical_charge_equivalents; 100_percent_delivery_and_utilization; not_electron_specific; not_a_chemical_yield_prediction
BMIM_nitrate_4kHz,"BMIM nitrate, 4 kHz",BMIM_nitrate,4.0,1.3,False,2.5,5.0,1.0,1.6915180618021698e+16,1.69151806180217e+16,1.69151806180217e+16,3.856882152581082,3.8568821525810817,3.8568821525810817,hypothetical electrical-rate transfer to a 5 mM metal-ion inventory; BMIM nitrate itself contains no metal; diagnostic scenario only because the source rate did not pass its passive-background reporting gate,False,not_reportable_passive_background_model_rejected,total_negative_electrical_charge_equivalents; 100_percent_delivery_and_utilization; not_electron_specific; not_a_chemical_yield_prediction
BMIM_nitrate_4kHz,"BMIM nitrate, 4 kHz",BMIM_nitrate,4.0,1.35,False,2.5,5.0,1.0,1.6915180618021698e+16,1.69151806180217e+16,1.69151806180217e+16,4.005223773834201,4.0052237738342,4.0052237738342,hypothetical electrical-rate transfer to a 5 mM metal-ion inventory; BMIM nitrate itself contains no metal; diagnostic scenario only because the source rate did not pass its passive-background reporting gate,False,not_reportable_passive_background_model_rejected,total_negative_electrical_charge_equivalents; 100_percent_delivery_and_utilization; not_electron_specific; not_a_chemical_yield_prediction
BMIM_nitrate_4kHz,"BMIM nitrate, 4 kHz",BMIM_nitrate,4.0,1.4000000000000001,False,2.5,5.0,1.0,1.6915180618021698e+16,1.69151806180217e+16,1.69151806180217e+16,4.15356539508732,4.153565395087319,4.153565395087319,hypothetical electrical-rate transfer to a 5 mM metal-ion inventory; BMIM nitrate itself contains no metal; diagnostic scenario only because the source rate did not pass its passive-background reporting gate,False,not_reportable_passive_background_model_rejected,total_negative_electrical_charge_equivalents; 100_percent_delivery_and_utilization; not_electron_specific; not_a_chemical_yield_prediction
BMIM_nitrate_4kHz,"BMIM nitrate, 4 kHz",BMIM_nitrate,4.0,1.4500000000000002,False,2.5,5.0,1.0,1.6915180618021698e+16,1.69151806180217e+16,1.69151806180217e+16,4.301907016340438,4.301907016340437,4.301907016340437,hypothetical electrical-rate transfer to a 5 mM metal-ion inventory; BMIM nitrate itself contains no metal; diagnostic scenario only because the source rate did not pass its passive-background reporting gate,False,not_reportable_passive_background_model_rejected,total_negative_electrical_charge_equivalents; 100_percent_delivery_and_utilization; not_electron_specific; not_a_chemical_yield_prediction
BMIM_nitrate_4kHz,"BMIM nitrate, 4 kHz",BMIM_nitrate,4.0,1.5,False,2.5,5.0,1.0,1.6915180618021698e+16,1.69151806180217e+16,1.69151806180217e+16,4.450248637593557,4.450248637593556,4.450248637593556,hypothetical electrical-rate transfer to a 5 mM metal-ion inventory; BMIM nitrate itself contains no metal; diagnostic scenario only because the source rate did not pass its passive-background reporting gate,False,not_reportable_passive_background_model_rejected,total_negative_electrical_charge_equivalents; 100_percent_delivery_and_utilization; not_electron_specific; not_a_chemical_yield_prediction
BMIM_nitrate_4kHz,"BMIM nitrate, 4 kHz",BMIM_nitrate,4.0,1.55,False,2.5,5.0,1.0,1.6915180618021698e+16,1.69151806180217e+16,1.69151806180217e+16,4.5985902588466745,4.5985902588466745,4.5985902588466745,hypothetical electrical-rate transfer to a 5 mM metal-ion inventory; BMIM nitrate itself contains no metal; diagnostic scenario only because the source rate did not pass its passive-background reporting gate,False,not_reportable_passive_background_model_rejected,total_negative_electrical_charge_equivalents; 100_percent_delivery_and_utilization; not_electron_specific; not_a_chemical_yield_prediction
BMIM_nitrate_4kHz,"BMIM nitrate, 4 kHz",BMIM_nitrate,4.0,1.6,False,2.5,5.0,1.0,1.6915180618021698e+16,1.69151806180217e+16,1.69151806180217e+16,4.746931880099794,4.746931880099793,4.746931880099793,hypothetical electrical-rate transfer to a 5 mM metal-ion inventory; BMIM nitrate itself contains no metal; diagnostic scenario only because the source rate did not pass its passive-background reporting gate,False,not_reportable_passive_background_model_rejected,total_negative_electrical_charge_equivalents; 100_percent_delivery_and_utilization; not_electron_specific; not_a_chemical_yield_prediction
BMIM_nitrate_4kHz,"BMIM nitrate, 4 kHz",BMIM_nitrate,4.0,1.6500000000000001,False,2.5,5.0,1.0,1.6915180618021698e+16,1.69151806180217e+16,1.69151806180217e+16,4.8952735013529125,4.895273501352912,4.895273501352912,hypothetical electrical-rate transfer to a 5 mM metal-ion inventory; BMIM nitrate itself contains no metal; diagnostic scenario only because the source rate did not pass its passive-background reporting gate,False,not_reportable_passive_background_model_rejected,total_negative_electrical_charge_equivalents; 100_percent_delivery_and_utilization; not_electron_specific; not_a_chemical_yield_prediction
BMIM_nitrate_4kHz,"BMIM nitrate, 4 kHz",BMIM_nitrate,4.0,1.7000000000000002,False,2.5,5.0,1.0,1.6915180618021698e+16,1.69151806180217e+16,1.69151806180217e+16,5.043615122606031,5.043615122606031,5.043615122606031,hypothetical electrical-rate transfer to a 5 mM metal-ion inventory; BMIM nitrate itself contains no metal; diagnostic scenario only because the source rate did not pass its passive-background reporting gate,False,not_reportable_passive_background_model_rejected,total_negative_electrical_charge_equivalents; 100_percent_delivery_and_utilization; not_electron_specific; not_a_chemical_yield_prediction
BMIM_nitrate_4kHz,"BMIM nitrate, 4 kHz",BMIM_nitrate,4.0,1.75,False,2.5,5.0,1.0,1.6915180618021698e+16,1.69151806180217e+16,1.69151806180217e+16,5.19195674385915,5.191956743859149,5.191956743859149,hypothetical electrical-rate transfer to a 5 mM metal-ion inventory; BMIM nitrate itself contains no metal; diagnostic scenario only because the source rate did not pass its passive-background reporting gate,False,not_reportable_passive_background_model_rejected,total_negative_electrical_charge_equivalents; 100_percent_delivery_and_utilization; not_electron_specific; not_a_chemical_yield_prediction
BMIM_nitrate_4kHz,"BMIM nitrate, 4 kHz",BMIM_nitrate,4.0,1.8,False,2.5,5.0,1.0,1.6915180618021698e+16,1.69151806180217e+16,1.69151806180217e+16,5.340298365112268,5.340298365112267,5.340298365112267,hypothetical electrical-rate transfer to a 5 mM metal-ion inventory; BMIM nitrate itself contains no metal; diagnostic scenario only because the source rate did not pass its passive-background reporting gate,False,not_reportable_passive_background_model_rejected,total_negative_electrical_charge_equivalents; 100_percent_delivery_and_utilization; not_electron_specific; not_a_chemical_yield_prediction
BMIM_nitrate_4kHz,"BMIM nitrate, 4 kHz",BMIM_nitrate,4.0,1.85,False,2.5,5.0,1.0,1.6915180618021698e+16,1.69151806180217e+16,1.69151806180217e+16,5.488639986365386,5.488639986365386,5.488639986365386,hypothetical electrical-rate transfer to a 5 mM metal-ion inventory; BMIM nitrate itself contains no metal; diagnostic scenario only because the source rate did not pass its passive-background reporting gate,False,not_reportable_passive_background_model_rejected,total_negative_electrical_charge_equivalents; 100_percent_delivery_and_utilization; not_electron_specific; not_a_chemical_yield_prediction
BMIM_nitrate_4kHz,"BMIM nitrate, 4 kHz",BMIM_nitrate,4.0,1.9000000000000001,False,2.5,5.0,1.0,1.6915180618021698e+16,1.69151806180217e+16,1.69151806180217e+16,5.636981607618505,5.636981607618504,5.636981607618504,hypothetical electrical-rate transfer to a 5 mM metal-ion inventory; BMIM nitrate itself contains no metal; diagnostic scenario only because the source rate did not pass its passive-background reporting gate,False,not_reportable_passive_background_model_rejected,total_negative_electrical_charge_equivalents; 100_percent_delivery_and_utilization; not_electron_specific; not_a_chemical_yield_prediction
BMIM_nitrate_4kHz,"BMIM nitrate, 4 kHz",BMIM_nitrate,4.0,1.9500000000000002,False,2.5,5.0,1.0,1.6915180618021698e+16,1.69151806180217e+16,1.69151806180217e+16,5.785323228871624,5.785323228871623,5.785323228871623,hypothetical electrical-rate transfer to a 5 mM metal-ion inventory; BMIM nitrate itself contains no metal; diagnostic scenario only because the source rate did not pass its passive-background reporting gate,False,not_reportable_passive_background_model_rejected,total_negative_electrical_charge_equivalents; 100_percent_delivery_and_utilization; not_electron_specific; not_a_chemical_yield_prediction
BMIM_nitrate_4kHz,"BMIM nitrate, 4 kHz",BMIM_nitrate,4.0,2.0,False,2.5,5.0,1.0,1.6915180618021698e+16,1.69151806180217e+16,1.69151806180217e+16,5.9336648501247415,5.933664850124741,5.933664850124741,hypothetical electrical-rate transfer to a 5 mM metal-ion inventory; BMIM nitrate itself contains no metal; diagnostic scenario only because the source rate did not pass its passive-background reporting gate,False,not_reportable_passive_background_model_rejected,total_negative_electrical_charge_equivalents; 100_percent_delivery_and_utilization; not_electron_specific; not_a_chemical_yield_prediction
BMIM_nitrate_4kHz,"BMIM nitrate, 4 kHz",BMIM_nitrate,4.0,2.0500000000000003,False,2.5,5.0,1.0,1.6915180618021698e+16,1.69151806180217e+16,1.69151806180217e+16,6.082006471377861,6.08200647137786,6.08200647137786,hypothetical electrical-rate transfer to a 5 mM metal-ion inventory; BMIM nitrate itself contains no metal; diagnostic scenario only because the source rate did not pass its passive-background reporting gate,False,not_reportable_passive_background_model_rejected,total_negative_electrical_charge_equivalents; 100_percent_delivery_and_utilization; not_electron_specific; not_a_chemical_yield_prediction
BMIM_nitrate_4kHz,"BMIM nitrate, 4 kHz",BMIM_nitrate,4.0,2.1,False,2.5,5.0,1.0,1.6915180618021698e+16,1.69151806180217e+16,1.69151806180217e+16,6.2303480926309796,6.230348092630979,6.230348092630979,hypothetical electrical-rate transfer to a 5 mM metal-ion inventory; BMIM nitrate itself contains no metal; diagnostic scenario only because the source rate did not pass its passive-background reporting gate,False,not_reportable_passive_background_model_rejected,total_negative_electrical_charge_equivalents; 100_percent_delivery_and_utilization; not_electron_specific; not_a_chemical_yield_prediction
BMIM_nitrate_4kHz,"BMIM nitrate, 4 kHz",BMIM_nitrate,4.0,2.15,False,2.5,5.0,1.0,1.6915180618021698e+16,1.69151806180217e+16,1.69151806180217e+16,6.378689713884097,6.378689713884096,6.378689713884096,hypothetical electrical-rate transfer to a 5 mM metal-ion inventory; BMIM nitrate itself contains no metal; diagnostic scenario only because the source rate did not pass its passive-background reporting gate,False,not_reportable_passive_background_model_rejected,total_negative_electrical_charge_equivalents; 100_percent_delivery_and_utilization; not_electron_specific; not_a_chemical_yield_prediction
BMIM_nitrate_4kHz,"BMIM nitrate, 4 kHz",BMIM_nitrate,4.0,2.2,False,2.5,5.0,1.0,1.6915180618021698e+16,1.69151806180217e+16,1.69151806180217e+16,6.527031335137217,6.527031335137216,6.527031335137216,hypothetical electrical-rate transfer to a 5 mM metal-ion inventory; BMIM nitrate itself contains no metal; diagnostic scenario only because the source rate did not pass its passive-background reporting gate,False,not_reportable_passive_background_model_rejected,total_negative_electrical_charge_equivalents; 100_percent_delivery_and_utilization; not_electron_specific; not_a_chemical_yield_prediction
BMIM_nitrate_4kHz,"BMIM nitrate, 4 kHz",BMIM_nitrate,4.0,2.25,False,2.5,5.0,1.0,1.6915180618021698e+16,1.69151806180217e+16,1.69151806180217e+16,6.675372956390334,6.6753729563903335,6.6753729563903335,hypothetical electrical-rate transfer to a 5 mM metal-ion inventory; BMIM nitrate itself contains no metal; diagnostic scenario only because the source rate did not pass its passive-background reporting gate,False,not_reportable_passive_background_model_rejected,total_negative_electrical_charge_equivalents; 100_percent_delivery_and_utilization; not_electron_specific; not_a_chemical_yield_prediction
BMIM_nitrate_4kHz,"BMIM nitrate, 4 kHz",BMIM_nitrate,4.0,2.3000000000000003,False,2.5,5.0,1.0,1.6915180618021698e+16,1.69151806180217e+16,1.69151806180217e+16,6.823714577643454,6.823714577643453,6.823714577643453,hypothetical electrical-rate transfer to a 5 mM metal-ion inventory; BMIM nitrate itself contains no metal; diagnostic scenario only because the source rate did not pass its passive-background reporting gate,False,not_reportable_passive_background_model_rejected,total_negative_electrical_charge_equivalents; 100_percent_delivery_and_utilization; not_electron_specific; not_a_chemical_yield_prediction
BMIM_nitrate_4kHz,"BMIM nitrate, 4 kHz",BMIM_nitrate,4.0,2.35,False,2.5,5.0,1.0,1.6915180618021698e+16,1.69151806180217e+16,1.69151806180217e+16,6.972056198896572,6.9720561988965715,6.9720561988965715,hypothetical electrical-rate transfer to a 5 mM metal-ion inventory; BMIM nitrate itself contains no metal; diagnostic scenario only because the source rate did not pass its passive-background reporting gate,False,not_reportable_passive_background_model_rejected,total_negative_electrical_charge_equivalents; 100_percent_delivery_and_utilization; not_electron_specific; not_a_chemical_yield_prediction
BMIM_nitrate_4kHz,"BMIM nitrate, 4 kHz",BMIM_nitrate,4.0,2.4000000000000004,False,2.5,5.0,1.0,1.6915180618021698e+16,1.69151806180217e+16,1.69151806180217e+16,7.120397820149691,7.12039782014969,7.12039782014969,hypothetical electrical-rate transfer to a 5 mM metal-ion inventory; BMIM nitrate itself contains no metal; diagnostic scenario only because the source rate did not pass its passive-background reporting gate,False,not_reportable_passive_background_model_rejected,total_negative_electrical_charge_equivalents; 100_percent_delivery_and_utilization; not_electron_specific; not_a_chemical_yield_prediction
BMIM_nitrate_4kHz,"BMIM nitrate, 4 kHz",BMIM_nitrate,4.0,2.45,False,2.5,5.0,1.0,1.6915180618021698e+16,1.69151806180217e+16,1.69151806180217e+16,7.268739441402809,7.268739441402808,7.268739441402808,hypothetical electrical-rate transfer to a 5 mM metal-ion inventory; BMIM nitrate itself contains no metal; diagnostic scenario only because the source rate did not pass its passive-background reporting gate,False,not_reportable_passive_background_model_rejected,total_negative_electrical_charge_equivalents; 100_percent_delivery_and_utilization; not_electron_specific; not_a_chemical_yield_prediction
BMIM_nitrate_4kHz,"BMIM nitrate, 4 kHz",BMIM_nitrate,4.0,2.5,True,2.5,5.0,1.0,1.6915180618021698e+16,1.69151806180217e+16,1.69151806180217e+16,7.417081062655927,7.417081062655926,7.417081062655926,hypothetical electrical-rate transfer to a 5 mM metal-ion inventory; BMIM nitrate itself contains no metal; diagnostic scenario only because the source rate did not pass its passive-background reporting gate,False,not_reportable_passive_background_model_rejected,total_negative_electrical_charge_equivalents; 100_percent_delivery_and_utilization; not_electron_specific; not_a_chemical_yield_prediction
BMIM_nitrate_4kHz,"BMIM nitrate, 4 kHz",BMIM_nitrate,4.0,2.5500000000000003,False,2.5,5.0,1.0,1.6915180618021698e+16,1.69151806180217e+16,1.69151806180217e+16,7.565422683909047,7.565422683909046,7.565422683909046,hypothetical electrical-rate transfer to a 5 mM metal-ion inventory; BMIM nitrate itself contains no metal; diagnostic scenario only because the source rate did not pass its passive-background reporting gate,False,not_reportable_passive_background_model_rejected,total_negative_electrical_charge_equivalents; 100_percent_delivery_and_utilization; not_electron_specific; not_a_chemical_yield_prediction
BMIM_nitrate_4kHz,"BMIM nitrate, 4 kHz",BMIM_nitrate,4.0,2.6,False,2.5,5.0,1.0,1.6915180618021698e+16,1.69151806180217e+16,1.69151806180217e+16,7.713764305162164,7.713764305162163,7.713764305162163,hypothetical electrical-rate transfer to a 5 mM metal-ion inventory; BMIM nitrate itself contains no metal; diagnostic scenario only because the source rate did not pass its passive-background reporting gate,False,not_reportable_passive_background_model_rejected,total_negative_electrical_charge_equivalents; 100_percent_delivery_and_utilization; not_electron_specific; not_a_chemical_yield_prediction
BMIM_nitrate_4kHz,"BMIM nitrate, 4 kHz",BMIM_nitrate,4.0,2.6500000000000004,False,2.5,5.0,1.0,1.6915180618021698e+16,1.69151806180217e+16,1.69151806180217e+16,7.862105926415285,7.862105926415284,7.862105926415284,hypothetical electrical-rate transfer to a 5 mM metal-ion inventory; BMIM nitrate itself contains no metal; diagnostic scenario only because the source rate did not pass its passive-background reporting gate,False,not_reportable_passive_background_model_rejected,total_negative_electrical_charge_equivalents; 100_percent_delivery_and_utilization; not_electron_specific; not_a_chemical_yield_prediction
BMIM_nitrate_4kHz,"BMIM nitrate, 4 kHz",BMIM_nitrate,4.0,2.7,False,2.5,5.0,1.0,1.6915180618021698e+16,1.69151806180217e+16,1.69151806180217e+16,8.010447547668402,8.0104475476684,8.0104475476684,hypothetical electrical-rate transfer to a 5 mM metal-ion inventory; BMIM nitrate itself contains no metal; diagnostic scenario only because the source rate did not pass its passive-background reporting gate,False,not_reportable_passive_background_model_rejected,total_negative_electrical_charge_equivalents; 100_percent_delivery_and_utilization; not_electron_specific; not_a_chemical_yield_prediction
BMIM_nitrate_4kHz,"BMIM nitrate, 4 kHz",BMIM_nitrate,4.0,2.75,False,2.5,5.0,1.0,1.6915180618021698e+16,1.69151806180217e+16,1.69151806180217e+16,8.15878916892152,8.158789168921519,8.158789168921519,hypothetical electrical-rate transfer to a 5 mM metal-ion inventory; BMIM nitrate itself contains no metal; diagnostic scenario only because the source rate did not pass its passive-background reporting gate,False,not_reportable_passive_background_model_rejected,total_negative_electrical_charge_equivalents; 100_percent_delivery_and_utilization; not_electron_specific; not_a_chemical_yield_prediction
BMIM_nitrate_4kHz,"BMIM nitrate, 4 kHz",BMIM_nitrate,4.0,2.8000000000000003,False,2.5,5.0,1.0,1.6915180618021698e+16,1.69151806180217e+16,1.69151806180217e+16,8.30713079017464,8.307130790174638,8.307130790174638,hypothetical electrical-rate transfer to a 5 mM metal-ion inventory; BMIM nitrate itself contains no metal; diagnostic scenario only because the source rate did not pass its passive-background reporting gate,False,not_reportable_passive_background_model_rejected,total_negative_electrical_charge_equivalents; 100_percent_delivery_and_utilization; not_electron_specific; not_a_chemical_yield_prediction
BMIM_nitrate_4kHz,"BMIM nitrate, 4 kHz",BMIM_nitrate,4.0,2.85,False,2.5,5.0,1.0,1.6915180618021698e+16,1.69151806180217e+16,1.69151806180217e+16,8.455472411427756,8.455472411427756,8.455472411427756,hypothetical electrical-rate transfer to a 5 mM metal-ion inventory; BMIM nitrate itself contains no metal; diagnostic scenario only because the source rate did not pass its passive-background reporting gate,False,not_reportable_passive_background_model_rejected,total_negative_electrical_charge_equivalents; 100_percent_delivery_and_utilization; not_electron_specific; not_a_chemical_yield_prediction
BMIM_nitrate_4kHz,"BMIM nitrate, 4 kHz",BMIM_nitrate,4.0,2.9000000000000004,False,2.5,5.0,1.0,1.6915180618021698e+16,1.69151806180217e+16,1.69151806180217e+16,8.603814032680877,8.603814032680875,8.603814032680875,hypothetical electrical-rate transfer to a 5 mM metal-ion inventory; BMIM nitrate itself contains no metal; diagnostic scenario only because the source rate did not pass its passive-background reporting gate,False,not_reportable_passive_background_model_rejected,total_negative_electrical_charge_equivalents; 100_percent_delivery_and_utilization; not_electron_specific; not_a_chemical_yield_prediction
BMIM_nitrate_4kHz,"BMIM nitrate, 4 kHz",BMIM_nitrate,4.0,2.95,False,2.5,5.0,1.0,1.6915180618021698e+16,1.69151806180217e+16,1.69151806180217e+16,8.752155653933993,8.752155653933993,8.752155653933993,hypothetical electrical-rate transfer to a 5 mM metal-ion inventory; BMIM nitrate itself contains no metal; diagnostic scenario only because the source rate did not pass its passive-background reporting gate,False,not_reportable_passive_background_model_rejected,total_negative_electrical_charge_equivalents; 100_percent_delivery_and_utilization; not_electron_specific; not_a_chemical_yield_prediction
BMIM_nitrate_4kHz,"BMIM nitrate, 4 kHz",BMIM_nitrate,4.0,3.0,False,2.5,5.0,1.0,1.6915180618021698e+16,1.69151806180217e+16,1.69151806180217e+16,8.900497275187114,8.900497275187112,8.900497275187112,hypothetical electrical-rate transfer to a 5 mM metal-ion inventory; BMIM nitrate itself contains no metal; diagnostic scenario only because the source rate did not pass its passive-background reporting gate,False,not_reportable_passive_background_model_rejected,total_negative_electrical_charge_equivalents; 100_percent_delivery_and_utilization; not_electron_specific; not_a_chemical_yield_prediction
BMIM_nitrate_4kHz,"BMIM nitrate, 4 kHz",BMIM_nitrate,4.0,3.0500000000000003,False,2.5,5.0,1.0,1.6915180618021698e+16,1.69151806180217e+16,1.69151806180217e+16,9.048838896440232,9.04883889644023,9.04883889644023,hypothetical electrical-rate transfer to a 5 mM metal-ion inventory; BMIM nitrate itself contains no metal; diagnostic scenario only because the source rate did not pass its passive-background reporting gate,False,not_reportable_passive_background_model_rejected,total_negative_electrical_charge_equivalents; 100_percent_delivery_and_utilization; not_electron_specific; not_a_chemical_yield_prediction
BMIM_nitrate_4kHz,"BMIM nitrate, 4 kHz",BMIM_nitrate,4.0,3.1,False,2.5,5.0,1.0,1.6915180618021698e+16,1.69151806180217e+16,1.69151806180217e+16,9.197180517693349,9.197180517693349,9.197180517693349,hypothetical electrical-rate transfer to a 5 mM metal-ion inventory; BMIM nitrate itself contains no metal; diagnostic scenario only because the source rate did not pass its passive-background reporting gate,False,not_reportable_passive_background_model_rejected,total_negative_electrical_charge_equivalents; 100_percent_delivery_and_utilization; not_electron_specific; not_a_chemical_yield_prediction
BMIM_nitrate_4kHz,"BMIM nitrate, 4 kHz",BMIM_nitrate,4.0,3.1500000000000004,False,2.5,5.0,1.0,1.6915180618021698e+16,1.69151806180217e+16,1.69151806180217e+16,9.34552213894647,9.345522138946468,9.345522138946468,hypothetical electrical-rate transfer to a 5 mM metal-ion inventory; BMIM nitrate itself contains no metal; diagnostic scenario only because the source rate did not pass its passive-background reporting gate,False,not_reportable_passive_background_model_rejected,total_negative_electrical_charge_equivalents; 100_percent_delivery_and_utilization; not_electron_specific; not_a_chemical_yield_prediction
BMIM_nitrate_4kHz,"BMIM nitrate, 4 kHz",BMIM_nitrate,4.0,3.2,False,2.5,5.0,1.0,1.6915180618021698e+16,1.69151806180217e+16,1.69151806180217e+16,9.493863760199588,9.493863760199586,9.493863760199586,hypothetical electrical-rate transfer to a 5 mM metal-ion inventory; BMIM nitrate itself contains no metal; diagnostic scenario only because the source rate did not pass its passive-background reporting gate,False,not_reportable_passive_background_model_rejected,total_negative_electrical_charge_equivalents; 100_percent_delivery_and_utilization; not_electron_specific; not_a_chemical_yield_prediction
BMIM_nitrate_4kHz,"BMIM nitrate, 4 kHz",BMIM_nitrate,4.0,3.25,False,2.5,5.0,1.0,1.6915180618021698e+16,1.69151806180217e+16,1.69151806180217e+16,9.642205381452705,9.642205381452705,9.642205381452705,hypothetical electrical-rate transfer to a 5 mM metal-ion inventory; BMIM nitrate itself contains no metal; diagnostic scenario only because the source rate did not pass its passive-background reporting gate,False,not_reportable_passive_background_model_rejected,total_negative_electrical_charge_equivalents; 100_percent_delivery_and_utilization; not_electron_specific; not_a_chemical_yield_prediction
BMIM_nitrate_4kHz,"BMIM nitrate, 4 kHz",BMIM_nitrate,4.0,3.3000000000000003,False,2.5,5.0,1.0,1.6915180618021698e+16,1.69151806180217e+16,1.69151806180217e+16,9.790547002705825,9.790547002705823,9.790547002705823,hypothetical electrical-rate transfer to a 5 mM metal-ion inventory; BMIM nitrate itself contains no metal; diagnostic scenario only because the source rate did not pass its passive-background reporting gate,False,not_reportable_passive_background_model_rejected,total_negative_electrical_charge_equivalents; 100_percent_delivery_and_utilization; not_electron_specific; not_a_chemical_yield_prediction
BMIM_nitrate_4kHz,"BMIM nitrate, 4 kHz",BMIM_nitrate,4.0,3.35,False,2.5,5.0,1.0,1.6915180618021698e+16,1.69151806180217e+16,1.69151806180217e+16,9.938888623958944,9.938888623958942,9.938888623958942,hypothetical electrical-rate transfer to a 5 mM metal-ion inventory; BMIM nitrate itself contains no metal; diagnostic scenario only because the source rate did not pass its passive-background reporting gate,False,not_reportable_passive_background_model_rejected,total_negative_electrical_charge_equivalents; 100_percent_delivery_and_utilization; not_electron_specific; not_a_chemical_yield_prediction
BMIM_nitrate_4kHz,"BMIM nitrate, 4 kHz",BMIM_nitrate,4.0,3.4000000000000004,False,2.5,5.0,1.0,1.6915180618021698e+16,1.69151806180217e+16,1.69151806180217e+16,10.087230245212062,10.087230245212062,10.087230245212062,hypothetical electrical-rate transfer to a 5 mM metal-ion inventory; BMIM nitrate itself contains no metal; diagnostic scenario only because the source rate did not pass its passive-background reporting gate,False,not_reportable_passive_background_model_rejected,total_negative_electrical_charge_equivalents; 100_percent_delivery_and_utilization; not_electron_specific; not_a_chemical_yield_prediction
BMIM_nitrate_4kHz,"BMIM nitrate, 4 kHz",BMIM_nitrate,4.0,3.45,False,2.5,5.0,1.0,1.6915180618021698e+16,1.69151806180217e+16,1.69151806180217e+16,10.23557186646518,10.235571866465179,10.235571866465179,hypothetical electrical-rate transfer to a 5 mM metal-ion inventory; BMIM nitrate itself contains no metal; diagnostic scenario only because the source rate did not pass its passive-background reporting gate,False,not_reportable_passive_background_model_rejected,total_negative_electrical_charge_equivalents; 100_percent_delivery_and_utilization; not_electron_specific; not_a_chemical_yield_prediction
BMIM_nitrate_4kHz,"BMIM nitrate, 4 kHz",BMIM_nitrate,4.0,3.5,False,2.5,5.0,1.0,1.6915180618021698e+16,1.69151806180217e+16,1.69151806180217e+16,10.3839134877183,10.383913487718297,10.383913487718297,hypothetical electrical-rate transfer to a 5 mM metal-ion inventory; BMIM nitrate itself contains no metal; diagnostic scenario only because the source rate did not pass its passive-background reporting gate,False,not_reportable_passive_background_model_rejected,total_negative_electrical_charge_equivalents; 100_percent_delivery_and_utilization; not_electron_specific; not_a_chemical_yield_prediction
BMIM_nitrate_4kHz,"BMIM nitrate, 4 kHz",BMIM_nitrate,4.0,3.5500000000000003,False,2.5,5.0,1.0,1.6915180618021698e+16,1.69151806180217e+16,1.69151806180217e+16,10.532255108971416,10.532255108971416,10.532255108971416,hypothetical electrical-rate transfer to a 5 mM metal-ion inventory; BMIM nitrate itself contains no metal; diagnostic scenario only because the source rate did not pass its passive-background reporting gate,False,not_reportable_passive_background_model_rejected,total_negative_electrical_charge_equivalents; 100_percent_delivery_and_utilization; not_electron_specific; not_a_chemical_yield_prediction
BMIM_nitrate_4kHz,"BMIM nitrate, 4 kHz",BMIM_nitrate,4.0,3.6,False,2.5,5.0,1.0,1.6915180618021698e+16,1.69151806180217e+16,1.69151806180217e+16,10.680596730224536,10.680596730224535,10.680596730224535,hypothetical electrical-rate transfer to a 5 mM metal-ion inventory; BMIM nitrate itself contains no metal; diagnostic scenario only because the source rate did not pass its passive-background reporting gate,False,not_reportable_passive_background_model_rejected,total_negative_electrical_charge_equivalents; 100_percent_delivery_and_utilization; not_electron_specific; not_a_chemical_yield_prediction
BMIM_nitrate_4kHz,"BMIM nitrate, 4 kHz",BMIM_nitrate,4.0,3.6500000000000004,False,2.5,5.0,1.0,1.6915180618021698e+16,1.69151806180217e+16,1.69151806180217e+16,10.828938351477655,10.828938351477653,10.828938351477653,hypothetical electrical-rate transfer to a 5 mM metal-ion inventory; BMIM nitrate itself contains no metal; diagnostic scenario only because the source rate did not pass its passive-background reporting gate,False,not_reportable_passive_background_model_rejected,total_negative_electrical_charge_equivalents; 100_percent_delivery_and_utilization; not_electron_specific; not_a_chemical_yield_prediction
BMIM_nitrate_4kHz,"BMIM nitrate, 4 kHz",BMIM_nitrate,4.0,3.7,False,2.5,5.0,1.0,1.6915180618021698e+16,1.69151806180217e+16,1.69151806180217e+16,10.977279972730772,10.977279972730772,10.977279972730772,hypothetical electrical-rate transfer to a 5 mM metal-ion inventory; BMIM nitrate itself contains no metal; diagnostic scenario only because the source rate did not pass its passive-background reporting gate,False,not_reportable_passive_background_model_rejected,total_negative_electrical_charge_equivalents; 100_percent_delivery_and_utilization; not_electron_specific; not_a_chemical_yield_prediction
BMIM_nitrate_4kHz,"BMIM nitrate, 4 kHz",BMIM_nitrate,4.0,3.75,False,2.5,5.0,1.0,1.6915180618021698e+16,1.69151806180217e+16,1.69151806180217e+16,11.12562159398389,11.125621593983889,11.125621593983889,hypothetical electrical-rate transfer to a 5 mM metal-ion inventory; BMIM nitrate itself contains no metal; diagnostic scenario only because the source rate did not pass its passive-background reporting gate,False,not_reportable_passive_background_model_rejected,total_negative_electrical_charge_equivalents; 100_percent_delivery_and_utilization; not_electron_specific; not_a_chemical_yield_prediction
BMIM_nitrate_4kHz,"BMIM nitrate, 4 kHz",BMIM_nitrate,4.0,3.8000000000000003,False,2.5,5.0,1.0,1.6915180618021698e+16,1.69151806180217e+16,1.69151806180217e+16,11.27396321523701,11.273963215237009,11.273963215237009,hypothetical electrical-rate transfer to a 5 mM metal-ion inventory; BMIM nitrate itself contains no metal; diagnostic scenario only because the source rate did not pass its passive-background reporting gate,False,not_reportable_passive_background_model_rejected,total_negative_electrical_charge_equivalents; 100_percent_delivery_and_utilization; not_electron_specific; not_a_chemical_yield_prediction
BMIM_nitrate_4kHz,"BMIM nitrate, 4 kHz",BMIM_nitrate,4.0,3.85,False,2.5,5.0,1.0,1.6915180618021698e+16,1.69151806180217e+16,1.69151806180217e+16,11.422304836490127,11.422304836490127,11.422304836490127,hypothetical electrical-rate transfer to a 5 mM metal-ion inventory; BMIM nitrate itself contains no metal; diagnostic scenario only because the source rate did not pass its passive-background reporting gate,False,not_reportable_passive_background_model_rejected,total_negative_electrical_charge_equivalents; 100_percent_delivery_and_utilization; not_electron_specific; not_a_chemical_yield_prediction
BMIM_nitrate_4kHz,"BMIM nitrate, 4 kHz",BMIM_nitrate,4.0,3.9000000000000004,False,2.5,5.0,1.0,1.6915180618021698e+16,1.69151806180217e+16,1.69151806180217e+16,11.570646457743248,11.570646457743246,11.570646457743246,hypothetical electrical-rate transfer to a 5 mM metal-ion inventory; BMIM nitrate itself contains no metal; diagnostic scenario only because the source rate did not pass its passive-background reporting gate,False,not_reportable_passive_background_model_rejected,total_negative_electrical_charge_equivalents; 100_percent_delivery_and_utilization; not_electron_specific; not_a_chemical_yield_prediction
BMIM_nitrate_4kHz,"BMIM nitrate, 4 kHz",BMIM_nitrate,4.0,3.95,False,2.5,5.0,1.0,1.6915180618021698e+16,1.69151806180217e+16,1.69151806180217e+16,11.718988078996366,11.718988078996365,11.718988078996365,hypothetical electrical-rate transfer to a 5 mM metal-ion inventory; BMIM nitrate itself contains no metal; diagnostic scenario only because the source rate did not pass its passive-background reporting gate,False,not_reportable_passive_background_model_rejected,total_negative_electrical_charge_equivalents; 100_percent_delivery_and_utilization; not_electron_specific; not_a_chemical_yield_prediction
BMIM_nitrate_4kHz,"BMIM nitrate, 4 kHz",BMIM_nitrate,4.0,4.0,False,2.5,5.0,1.0,1.6915180618021698e+16,1.69151806180217e+16,1.69151806180217e+16,11.867329700249483,11.867329700249481,11.867329700249481,hypothetical electrical-rate transfer to a 5 mM metal-ion inventory; BMIM nitrate itself contains no metal; diagnostic scenario only because the source rate did not pass its passive-background reporting gate,False,not_reportable_passive_background_model_rejected,total_negative_electrical_charge_equivalents; 100_percent_delivery_and_utilization; not_electron_specific; not_a_chemical_yield_prediction
BMIM_nitrate_4kHz,"BMIM nitrate, 4 kHz",BMIM_nitrate,4.0,4.05,False,2.5,5.0,1.0,1.6915180618021698e+16,1.69151806180217e+16,1.69151806180217e+16,12.015671321502602,12.0156713215026,12.0156713215026,hypothetical electrical-rate transfer to a 5 mM metal-ion inventory; BMIM nitrate itself contains no metal; diagnostic scenario only because the source rate did not pass its passive-background reporting gate,False,not_reportable_passive_background_model_rejected,total_negative_electrical_charge_equivalents; 100_percent_delivery_and_utilization; not_electron_specific; not_a_chemical_yield_prediction
BMIM_nitrate_4kHz,"BMIM nitrate, 4 kHz",BMIM_nitrate,4.0,4.1000000000000005,False,2.5,5.0,1.0,1.6915180618021698e+16,1.69151806180217e+16,1.69151806180217e+16,12.164012942755722,12.16401294275572,12.16401294275572,hypothetical electrical-rate transfer to a 5 mM metal-ion inventory; BMIM nitrate itself contains no metal; diagnostic scenario only because the source rate did not pass its passive-background reporting gate,False,not_reportable_passive_background_model_rejected,total_negative_electrical_charge_equivalents; 100_percent_delivery_and_utilization; not_electron_specific; not_a_chemical_yield_prediction
BMIM_nitrate_4kHz,"BMIM nitrate, 4 kHz",BMIM_nitrate,4.0,4.15,False,2.5,5.0,1.0,1.6915180618021698e+16,1.69151806180217e+16,1.69151806180217e+16,12.31235456400884,12.31235456400884,12.31235456400884,hypothetical electrical-rate transfer to a 5 mM metal-ion inventory; BMIM nitrate itself contains no metal; diagnostic scenario only because the source rate did not pass its passive-background reporting gate,False,not_reportable_passive_background_model_rejected,total_negative_electrical_charge_equivalents; 100_percent_delivery_and_utilization; not_electron_specific; not_a_chemical_yield_prediction
BMIM_nitrate_4kHz,"BMIM nitrate, 4 kHz",BMIM_nitrate,4.0,4.2,False,2.5,5.0,1.0,1.6915180618021698e+16,1.69151806180217e+16,1.69151806180217e+16,12.460696185261959,12.460696185261957,12.460696185261957,hypothetical electrical-rate transfer to a 5 mM metal-ion inventory; BMIM nitrate itself contains no metal; diagnostic scenario only because the source rate did not pass its passive-background reporting gate,False,not_reportable_passive_background_model_rejected,total_negative_electrical_charge_equivalents; 100_percent_delivery_and_utilization; not_electron_specific; not_a_chemical_yield_prediction
BMIM_nitrate_4kHz,"BMIM nitrate, 4 kHz",BMIM_nitrate,4.0,4.25,False,2.5,5.0,1.0,1.6915180618021698e+16,1.69151806180217e+16,1.69151806180217e+16,12.609037806515078,12.609037806515076,12.609037806515076,hypothetical electrical-rate transfer to a 5 mM metal-ion inventory; BMIM nitrate itself contains no metal; diagnostic scenario only because the source rate did not pass its passive-background reporting gate,False,not_reportable_passive_background_model_rejected,total_negative_electrical_charge_equivalents; 100_percent_delivery_and_utilization; not_electron_specific; not_a_chemical_yield_prediction
BMIM_nitrate_4kHz,"BMIM nitrate, 4 kHz",BMIM_nitrate,4.0,4.3,False,2.5,5.0,1.0,1.6915180618021698e+16,1.69151806180217e+16,1.69151806180217e+16,12.757379427768194,12.757379427768193,12.757379427768193,hypothetical electrical-rate transfer to a 5 mM metal-ion inventory; BMIM nitrate itself contains no metal; diagnostic scenario only because the source rate did not pass its passive-background reporting gate,False,not_reportable_passive_background_model_rejected,total_negative_electrical_charge_equivalents; 100_percent_delivery_and_utilization; not_electron_specific; not_a_chemical_yield_prediction
BMIM_nitrate_4kHz,"BMIM nitrate, 4 kHz",BMIM_nitrate,4.0,4.3500000000000005,False,2.5,5.0,1.0,1.6915180618021698e+16,1.69151806180217e+16,1.69151806180217e+16,12.905721049021315,12.905721049021313,12.905721049021313,hypothetical electrical-rate transfer to a 5 mM metal-ion inventory; BMIM nitrate itself contains no metal; diagnostic scenario only because the source rate did not pass its passive-background reporting gate,False,not_reportable_passive_background_model_rejected,total_negative_electrical_charge_equivalents; 100_percent_delivery_and_utilization; not_electron_specific; not_a_chemical_yield_prediction
BMIM_nitrate_4kHz,"BMIM nitrate, 4 kHz",BMIM_nitrate,4.0,4.4,False,2.5,5.0,1.0,1.6915180618021698e+16,1.69151806180217e+16,1.69151806180217e+16,13.054062670274433,13.054062670274432,13.054062670274432,hypothetical electrical-rate transfer to a 5 mM metal-ion inventory; BMIM nitrate itself contains no metal; diagnostic scenario only because the source rate did not pass its passive-background reporting gate,False,not_reportable_passive_background_model_rejected,total_negative_electrical_charge_equivalents; 100_percent_delivery_and_utilization; not_electron_specific; not_a_chemical_yield_prediction
BMIM_nitrate_4kHz,"BMIM nitrate, 4 kHz",BMIM_nitrate,4.0,4.45,False,2.5,5.0,1.0,1.6915180618021698e+16,1.69151806180217e+16,1.69151806180217e+16,13.20240429152755,13.202404291527548,13.202404291527548,hypothetical electrical-rate transfer to a 5 mM metal-ion inventory; BMIM nitrate itself contains no metal; diagnostic scenario only because the source rate did not pass its passive-background reporting gate,False,not_reportable_passive_background_model_rejected,total_negative_electrical_charge_equivalents; 100_percent_delivery_and_utilization; not_electron_specific; not_a_chemical_yield_prediction
BMIM_nitrate_4kHz,"BMIM nitrate, 4 kHz",BMIM_nitrate,4.0,4.5,False,2.5,5.0,1.0,1.6915180618021698e+16,1.69151806180217e+16,1.69151806180217e+16,13.350745912780669,13.350745912780667,13.350745912780667,hypothetical electrical-rate transfer to a 5 mM metal-ion inventory; BMIM nitrate itself contains no metal; diagnostic scenario only because the source rate did not pass its passive-background reporting gate,False,not_reportable_passive_background_model_rejected,total_negative_electrical_charge_equivalents; 100_percent_delivery_and_utilization; not_electron_specific; not_a_chemical_yield_prediction
BMIM_nitrate_4kHz,"BMIM nitrate, 4 kHz",BMIM_nitrate,4.0,4.55,False,2.5,5.0,1.0,1.6915180618021698e+16,1.69151806180217e+16,1.69151806180217e+16,13.499087534033787,13.499087534033785,13.499087534033785,hypothetical electrical-rate transfer to a 5 mM metal-ion inventory; BMIM nitrate itself contains no metal; diagnostic scenario only because the source rate did not pass its passive-background reporting gate,False,not_reportable_passive_background_model_rejected,total_negative_electrical_charge_equivalents; 100_percent_delivery_and_utilization; not_electron_specific; not_a_chemical_yield_prediction
BMIM_nitrate_4kHz,"BMIM nitrate, 4 kHz",BMIM_nitrate,4.0,4.6000000000000005,False,2.5,5.0,1.0,1.6915180618021698e+16,1.69151806180217e+16,1.69151806180217e+16,13.647429155286908,13.647429155286906,13.647429155286906,hypothetical electrical-rate transfer to a 5 mM metal-ion inventory; BMIM nitrate itself contains no metal; diagnostic scenario only because the source rate did not pass its passive-background reporting gate,False,not_reportable_passive_background_model_rejected,total_negative_electrical_charge_equivalents; 100_percent_delivery_and_utilization; not_electron_specific; not_a_chemical_yield_prediction
BMIM_nitrate_4kHz,"BMIM nitrate, 4 kHz",BMIM_nitrate,4.0,4.65,False,2.5,5.0,1.0,1.6915180618021698e+16,1.69151806180217e+16,1.69151806180217e+16,13.795770776540026,13.795770776540024,13.795770776540024,hypothetical electrical-rate transfer to a 5 mM metal-ion inventory; BMIM nitrate itself contains no metal; diagnostic scenario only because the source rate did not pass its passive-background reporting gate,False,not_reportable_passive_background_model_rejected,total_negative_electrical_charge_equivalents; 100_percent_delivery_and_utilization; not_electron_specific; not_a_chemical_yield_prediction
BMIM_nitrate_4kHz,"BMIM nitrate, 4 kHz",BMIM_nitrate,4.0,4.7,False,2.5,5.0,1.0,1.6915180618021698e+16,1.69151806180217e+16,1.69151806180217e+16,13.944112397793145,13.944112397793143,13.944112397793143,hypothetical electrical-rate transfer to a 5 mM metal-ion inventory; BMIM nitrate itself contains no metal; diagnostic scenario only because the source rate did not pass its passive-background reporting gate,False,not_reportable_passive_background_model_rejected,total_negative_electrical_charge_equivalents; 100_percent_delivery_and_utilization; not_electron_specific; not_a_chemical_yield_prediction
BMIM_nitrate_4kHz,"BMIM nitrate, 4 kHz",BMIM_nitrate,4.0,4.75,False,2.5,5.0,1.0,1.6915180618021698e+16,1.69151806180217e+16,1.69151806180217e+16,14.092454019046261,14.09245401904626,14.09245401904626,hypothetical electrical-rate transfer to a 5 mM metal-ion inventory; BMIM nitrate itself contains no metal; diagnostic scenario only because the source rate did not pass its passive-background reporting gate,False,not_reportable_passive_background_model_rejected,total_negative_electrical_charge_equivalents; 100_percent_delivery_and_utilization; not_electron_specific; not_a_chemical_yield_prediction
BMIM_nitrate_4kHz,"BMIM nitrate, 4 kHz",BMIM_nitrate,4.0,4.800000000000001,False,2.5,5.0,1.0,1.6915180618021698e+16,1.69151806180217e+16,1.69151806180217e+16,14.240795640299382,14.24079564029938,14.24079564029938,hypothetical electrical-rate transfer to a 5 mM metal-ion inventory; BMIM nitrate itself contains no metal; diagnostic scenario only because the source rate did not pass its passive-background reporting gate,False,not_reportable_passive_background_model_rejected,total_negative_electrical_charge_equivalents; 100_percent_delivery_and_utilization; not_electron_specific; not_a_chemical_yield_prediction
BMIM_nitrate_4kHz,"BMIM nitrate, 4 kHz",BMIM_nitrate,4.0,4.8500000000000005,False,2.5,5.0,1.0,1.6915180618021698e+16,1.69151806180217e+16,1.69151806180217e+16,14.3891372615525,14.389137261552499,14.389137261552499,hypothetical electrical-rate transfer to a 5 mM metal-ion inventory; BMIM nitrate itself contains no metal; diagnostic scenario only because the source rate did not pass its passive-background reporting gate,False,not_reportable_passive_background_model_rejected,total_negative_electrical_charge_equivalents; 100_percent_delivery_and_utilization; not_electron_specific; not_a_chemical_yield_prediction
BMIM_nitrate_4kHz,"BMIM nitrate, 4 kHz",BMIM_nitrate,4.0,4.9,False,2.5,5.0,1.0,1.6915180618021698e+16,1.69151806180217e+16,1.69151806180217e+16,14.537478882805617,14.537478882805615,14.537478882805615,hypothetical electrical-rate transfer to a 5 mM metal-ion inventory; BMIM nitrate itself contains no metal; diagnostic scenario only because the source rate did not pass its passive-background reporting gate,False,not_reportable_passive_background_model_rejected,total_negative_electrical_charge_equivalents; 100_percent_delivery_and_utilization; not_electron_specific; not_a_chemical_yield_prediction
BMIM_nitrate_4kHz,"BMIM nitrate, 4 kHz",BMIM_nitrate,4.0,4.95,False,2.5,5.0,1.0,1.6915180618021698e+16,1.69151806180217e+16,1.69151806180217e+16,14.685820504058736,14.685820504058734,14.685820504058734,hypothetical electrical-rate transfer to a 5 mM metal-ion inventory; BMIM nitrate itself contains no metal; diagnostic scenario only because the source rate did not pass its passive-background reporting gate,False,not_reportable_passive_background_model_rejected,total_negative_electrical_charge_equivalents; 100_percent_delivery_and_utilization; not_electron_specific; not_a_chemical_yield_prediction
BMIM_nitrate_4kHz,"BMIM nitrate, 4 kHz",BMIM_nitrate,4.0,5.0,False,2.5,5.0,1.0,1.6915180618021698e+16,1.69151806180217e+16,1.69151806180217e+16,14.834162125311854,14.834162125311853,14.834162125311853,hypothetical electrical-rate transfer to a 5 mM metal-ion inventory; BMIM nitrate itself contains no metal; diagnostic scenario only because the source rate did not pass its passive-background reporting gate,False,not_reportable_passive_background_model_rejected,total_negative_electrical_charge_equivalents; 100_percent_delivery_and_utilization; not_electron_specific; not_a_chemical_yield_prediction
BMIM_nitrate_10kHz,"BMIM nitrate, 10 kHz",BMIM_nitrate,10.0,0.0,False,2.5,5.0,1.0,3.66210364361855e+16,3.66210364361855e+16,3.66210364361855e+16,0.0,0.0,0.0,hypothetical electrical-rate transfer to a 5 mM metal-ion inventory; BMIM nitrate itself contains no metal; diagnostic scenario only because the source rate did not pass its passive-background reporting gate,False,not_reportable_passive_background_model_rejected,total_negative_electrical_charge_equivalents; 100_percent_delivery_and_utilization; not_electron_specific; not_a_chemical_yield_prediction
BMIM_nitrate_10kHz,"BMIM nitrate, 10 kHz",BMIM_nitrate,10.0,0.05,False,2.5,5.0,1.0,3.66210364361855e+16,3.66210364361855e+16,3.66210364361855e+16,0.06851868654889524,0.06851868654889524,0.06851868654889524,hypothetical electrical-rate transfer to a 5 mM metal-ion inventory; BMIM nitrate itself contains no metal; diagnostic scenario only because the source rate did not pass its passive-background reporting gate,False,not_reportable_passive_background_model_rejected,total_negative_electrical_charge_equivalents; 100_percent_delivery_and_utilization; not_electron_specific; not_a_chemical_yield_prediction
BMIM_nitrate_10kHz,"BMIM nitrate, 10 kHz",BMIM_nitrate,10.0,0.1,False,2.5,5.0,1.0,3.66210364361855e+16,3.66210364361855e+16,3.66210364361855e+16,0.1370373730977905,0.1370373730977905,0.1370373730977905,hypothetical electrical-rate transfer to a 5 mM metal-ion inventory; BMIM nitrate itself contains no metal; diagnostic scenario only because the source rate did not pass its passive-background reporting gate,False,not_reportable_passive_background_model_rejected,total_negative_electrical_charge_equivalents; 100_percent_delivery_and_utilization; not_electron_specific; not_a_chemical_yield_prediction
BMIM_nitrate_10kHz,"BMIM nitrate, 10 kHz",BMIM_nitrate,10.0,0.15000000000000002,False,2.5,5.0,1.0,3.66210364361855e+16,3.66210364361855e+16,3.66210364361855e+16,0.20555605964668577,0.20555605964668577,0.20555605964668577,hypothetical electrical-rate transfer to a 5 mM metal-ion inventory; BMIM nitrate itself contains no metal; diagnostic scenario only because the source rate did not pass its passive-background reporting gate,False,not_reportable_passive_background_model_rejected,total_negative_electrical_charge_equivalents; 100_percent_delivery_and_utilization; not_electron_specific; not_a_chemical_yield_prediction
BMIM_nitrate_10kHz,"BMIM nitrate, 10 kHz",BMIM_nitrate,10.0,0.2,False,2.5,5.0,1.0,3.66210364361855e+16,3.66210364361855e+16,3.66210364361855e+16,0.274074746195581,0.274074746195581,0.274074746195581,hypothetical electrical-rate transfer to a 5 mM metal-ion inventory; BMIM nitrate itself contains no metal; diagnostic scenario only because the source rate did not pass its passive-background reporting gate,False,not_reportable_passive_background_model_rejected,total_negative_electrical_charge_equivalents; 100_percent_delivery_and_utilization; not_electron_specific; not_a_chemical_yield_prediction
BMIM_nitrate_10kHz,"BMIM nitrate, 10 kHz",BMIM_nitrate,10.0,0.25,False,2.5,5.0,1.0,3.66210364361855e+16,3.66210364361855e+16,3.66210364361855e+16,0.34259343274447623,0.34259343274447623,0.34259343274447623,hypothetical electrical-rate transfer to a 5 mM metal-ion inventory; BMIM nitrate itself contains no metal; diagnostic scenario only because the source rate did not pass its passive-background reporting gate,False,not_reportable_passive_background_model_rejected,total_negative_electrical_charge_equivalents; 100_percent_delivery_and_utilization; not_electron_specific; not_a_chemical_yield_prediction
BMIM_nitrate_10kHz,"BMIM nitrate, 10 kHz",BMIM_nitrate,10.0,0.30000000000000004,False,2.5,5.0,1.0,3.66210364361855e+16,3.66210364361855e+16,3.66210364361855e+16,0.41111211929337155,0.41111211929337155,0.41111211929337155,hypothetical electrical-rate transfer to a 5 mM metal-ion inventory; BMIM nitrate itself contains no metal; diagnostic scenario only because the source rate did not pass its passive-background reporting gate,False,not_reportable_passive_background_model_rejected,total_negative_electrical_charge_equivalents; 100_percent_delivery_and_utilization; not_electron_specific; not_a_chemical_yield_prediction
BMIM_nitrate_10kHz,"BMIM nitrate, 10 kHz",BMIM_nitrate,10.0,0.35000000000000003,False,2.5,5.0,1.0,3.66210364361855e+16,3.66210364361855e+16,3.66210364361855e+16,0.47963080584226675,0.47963080584226675,0.47963080584226675,hypothetical electrical-rate transfer to a 5 mM metal-ion inventory; BMIM nitrate itself contains no metal; diagnostic scenario only because the source rate did not pass its passive-background reporting gate,False,not_reportable_passive_background_model_rejected,total_negative_electrical_charge_equivalents; 100_percent_delivery_and_utilization; not_electron_specific; not_a_chemical_yield_prediction
BMIM_nitrate_10kHz,"BMIM nitrate, 10 kHz",BMIM_nitrate,10.0,0.4,False,2.5,5.0,1.0,3.66210364361855e+16,3.66210364361855e+16,3.66210364361855e+16,0.548149492391162,0.548149492391162,0.548149492391162,hypothetical electrical-rate transfer to a 5 mM metal-ion inventory; BMIM nitrate itself contains no metal; diagnostic scenario only because the source rate did not pass its passive-background reporting gate,False,not_reportable_passive_background_model_rejected,total_negative_electrical_charge_equivalents; 100_percent_delivery_and_utilization; not_electron_specific; not_a_chemical_yield_prediction
BMIM_nitrate_10kHz,"BMIM nitrate, 10 kHz",BMIM_nitrate,10.0,0.45,False,2.5,5.0,1.0,3.66210364361855e+16,3.66210364361855e+16,3.66210364361855e+16,0.6166681789400573,0.6166681789400573,0.6166681789400573,hypothetical electrical-rate transfer to a 5 mM metal-ion inventory; BMIM nitrate itself contains no metal; diagnostic scenario only because the source rate did not pass its passive-background reporting gate,False,not_reportable_passive_background_model_rejected,total_negative_electrical_charge_equivalents; 100_percent_delivery_and_utilization; not_electron_specific; not_a_chemical_yield_prediction
BMIM_nitrate_10kHz,"BMIM nitrate, 10 kHz",BMIM_nitrate,10.0,0.5,False,2.5,5.0,1.0,3.66210364361855e+16,3.66210364361855e+16,3.66210364361855e+16,0.6851868654889525,0.6851868654889525,0.6851868654889525,hypothetical electrical-rate transfer to a 5 mM metal-ion inventory; BMIM nitrate itself contains no metal; diagnostic scenario only because the source rate did not pass its passive-background reporting gate,False,not_reportable_passive_background_model_rejected,total_negative_electrical_charge_equivalents; 100_percent_delivery_and_utilization; not_electron_specific; not_a_chemical_yield_prediction
BMIM_nitrate_10kHz,"BMIM nitrate, 10 kHz",BMIM_nitrate,10.0,0.55,False,2.5,5.0,1.0,3.66210364361855e+16,3.66210364361855e+16,3.66210364361855e+16,0.7537055520378477,0.7537055520378477,0.7537055520378477,hypothetical electrical-rate transfer to a 5 mM metal-ion inventory; BMIM nitrate itself contains no metal; diagnostic scenario only because the source rate did not pass its passive-background reporting gate,False,not_reportable_passive_background_model_rejected,total_negative_electrical_charge_equivalents; 100_percent_delivery_and_utilization; not_electron_specific; not_a_chemical_yield_prediction
BMIM_nitrate_10kHz,"BMIM nitrate, 10 kHz",BMIM_nitrate,10.0,0.6000000000000001,False,2.5,5.0,1.0,3.66210364361855e+16,3.66210364361855e+16,3.66210364361855e+16,0.8222242385867431,0.8222242385867431,0.8222242385867431,hypothetical electrical-rate transfer to a 5 mM metal-ion inventory; BMIM nitrate itself contains no metal; diagnostic scenario only because the source rate did not pass its passive-background reporting gate,False,not_reportable_passive_background_model_rejected,total_negative_electrical_charge_equivalents; 100_percent_delivery_and_utilization; not_electron_specific; not_a_chemical_yield_prediction
BMIM_nitrate_10kHz,"BMIM nitrate, 10 kHz",BMIM_nitrate,10.0,0.65,False,2.5,5.0,1.0,3.66210364361855e+16,3.66210364361855e+16,3.66210364361855e+16,0.8907429251356382,0.8907429251356382,0.8907429251356382,hypothetical electrical-rate transfer to a 5 mM metal-ion inventory; BMIM nitrate itself contains no metal; diagnostic scenario only because the source rate did not pass its passive-background reporting gate,False,not_reportable_passive_background_model_rejected,total_negative_electrical_charge_equivalents; 100_percent_delivery_and_utilization; not_electron_specific; not_a_chemical_yield_prediction
BMIM_nitrate_10kHz,"BMIM nitrate, 10 kHz",BMIM_nitrate,10.0,0.7000000000000001,False,2.5,5.0,1.0,3.66210364361855e+16,3.66210364361855e+16,3.66210364361855e+16,0.9592616116845335,0.9592616116845335,0.9592616116845335,hypothetical electrical-rate transfer to a 5 mM metal-ion inventory; BMIM nitrate itself contains no metal; diagnostic scenario only because the source rate did not pass its passive-background reporting gate,False,not_reportable_passive_background_model_rejected,total_negative_electrical_charge_equivalents; 100_percent_delivery_and_utilization; not_electron_specific; not_a_chemical_yield_prediction
BMIM_nitrate_10kHz,"BMIM nitrate, 10 kHz",BMIM_nitrate,10.0,0.75,False,2.5,5.0,1.0,3.66210364361855e+16,3.66210364361855e+16,3.66210364361855e+16,1.0277802982334288,1.0277802982334288,1.0277802982334288,hypothetical electrical-rate transfer to a 5 mM metal-ion inventory; BMIM nitrate itself contains no metal; diagnostic scenario only because the source rate did not pass its passive-background reporting gate,False,not_reportable_passive_background_model_rejected,total_negative_electrical_charge_equivalents; 100_percent_delivery_and_utilization; not_electron_specific; not_a_chemical_yield_prediction
BMIM_nitrate_10kHz,"BMIM nitrate, 10 kHz",BMIM_nitrate,10.0,0.8,False,2.5,5.0,1.0,3.66210364361855e+16,3.66210364361855e+16,3.66210364361855e+16,1.096298984782324,1.096298984782324,1.096298984782324,hypothetical electrical-rate transfer to a 5 mM metal-ion inventory; BMIM nitrate itself contains no metal; diagnostic scenario only because the source rate did not pass its passive-background reporting gate,False,not_reportable_passive_background_model_rejected,total_negative_electrical_charge_equivalents; 100_percent_delivery_and_utilization; not_electron_specific; not_a_chemical_yield_prediction
BMIM_nitrate_10kHz,"BMIM nitrate, 10 kHz",BMIM_nitrate,10.0,0.8500000000000001,False,2.5,5.0,1.0,3.66210364361855e+16,3.66210364361855e+16,3.66210364361855e+16,1.1648176713312193,1.1648176713312193,1.1648176713312193,hypothetical electrical-rate transfer to a 5 mM metal-ion inventory; BMIM nitrate itself contains no metal; diagnostic scenario only because the source rate did not pass its passive-background reporting gate,False,not_reportable_passive_background_model_rejected,total_negative_electrical_charge_equivalents; 100_percent_delivery_and_utilization; not_electron_specific; not_a_chemical_yield_prediction
BMIM_nitrate_10kHz,"BMIM nitrate, 10 kHz",BMIM_nitrate,10.0,0.9,False,2.5,5.0,1.0,3.66210364361855e+16,3.66210364361855e+16,3.66210364361855e+16,1.2333363578801146,1.2333363578801146,1.2333363578801146,hypothetical electrical-rate transfer to a 5 mM metal-ion inventory; BMIM nitrate itself contains no metal; diagnostic scenario only because the source rate did not pass its passive-background reporting gate,False,not_reportable_passive_background_model_rejected,total_negative_electrical_charge_equivalents; 100_percent_delivery_and_utilization; not_electron_specific; not_a_chemical_yield_prediction
BMIM_nitrate_10kHz,"BMIM nitrate, 10 kHz",BMIM_nitrate,10.0,0.9500000000000001,False,2.5,5.0,1.0,3.66210364361855e+16,3.66210364361855e+16,3.66210364361855e+16,1.3018550444290098,1.3018550444290098,1.3018550444290098,hypothetical electrical-rate transfer to a 5 mM metal-ion inventory; BMIM nitrate itself contains no metal; diagnostic scenario only because the source rate did not pass its passive-background reporting gate,False,not_reportable_passive_background_model_rejected,total_negative_electrical_charge_equivalents; 100_percent_delivery_and_utilization; not_electron_specific; not_a_chemical_yield_prediction
BMIM_nitrate_10kHz,"BMIM nitrate, 10 kHz",BMIM_nitrate,10.0,1.0,False,2.5,5.0,1.0,3.66210364361855e+16,3.66210364361855e+16,3.66210364361855e+16,1.370373730977905,1.370373730977905,1.370373730977905,hypothetical electrical-rate transfer to a 5 mM metal-ion inventory; BMIM nitrate itself contains no metal; diagnostic scenario only because the source rate did not pass its passive-background reporting gate,False,not_reportable_passive_background_model_rejected,total_negative_electrical_charge_equivalents; 100_percent_delivery_and_utilization; not_electron_specific; not_a_chemical_yield_prediction
BMIM_nitrate_10kHz,"BMIM nitrate, 10 kHz",BMIM_nitrate,10.0,1.05,False,2.5,5.0,1.0,3.66210364361855e+16,3.66210364361855e+16,3.66210364361855e+16,1.4388924175268003,1.4388924175268003,1.4388924175268003,hypothetical electrical-rate transfer to a 5 mM metal-ion inventory; BMIM nitrate itself contains no metal; diagnostic scenario only because the source rate did not pass its passive-background reporting gate,False,not_reportable_passive_background_model_rejected,total_negative_electrical_charge_equivalents; 100_percent_delivery_and_utilization; not_electron_specific; not_a_chemical_yield_prediction
BMIM_nitrate_10kHz,"BMIM nitrate, 10 kHz",BMIM_nitrate,10.0,1.1,False,2.5,5.0,1.0,3.66210364361855e+16,3.66210364361855e+16,3.66210364361855e+16,1.5074111040756955,1.5074111040756955,1.5074111040756955,hypothetical electrical-rate transfer to a 5 mM metal-ion inventory; BMIM nitrate itself contains no metal; diagnostic scenario only because the source rate did not pass its passive-background reporting gate,False,not_reportable_passive_background_model_rejected,total_negative_electrical_charge_equivalents; 100_percent_delivery_and_utilization; not_electron_specific; not_a_chemical_yield_prediction
BMIM_nitrate_10kHz,"BMIM nitrate, 10 kHz",BMIM_nitrate,10.0,1.1500000000000001,False,2.5,5.0,1.0,3.66210364361855e+16,3.66210364361855e+16,3.66210364361855e+16,1.5759297906245908,1.5759297906245908,1.5759297906245908,hypothetical electrical-rate transfer to a 5 mM metal-ion inventory; BMIM nitrate itself contains no metal; diagnostic scenario only because the source rate did not pass its passive-background reporting gate,False,not_reportable_passive_background_model_rejected,total_negative_electrical_charge_equivalents; 100_percent_delivery_and_utilization; not_electron_specific; not_a_chemical_yield_prediction
BMIM_nitrate_10kHz,"BMIM nitrate, 10 kHz",BMIM_nitrate,10.0,1.2000000000000002,False,2.5,5.0,1.0,3.66210364361855e+16,3.66210364361855e+16,3.66210364361855e+16,1.6444484771734862,1.6444484771734862,1.6444484771734862,hypothetical electrical-rate transfer to a 5 mM metal-ion inventory; BMIM nitrate itself contains no metal; diagnostic scenario only because the source rate did not pass its passive-background reporting gate,False,not_reportable_passive_background_model_rejected,total_negative_electrical_charge_equivalents; 100_percent_delivery_and_utilization; not_electron_specific; not_a_chemical_yield_prediction
BMIM_nitrate_10kHz,"BMIM nitrate, 10 kHz",BMIM_nitrate,10.0,1.25,False,2.5,5.0,1.0,3.66210364361855e+16,3.66210364361855e+16,3.66210364361855e+16,1.7129671637223811,1.7129671637223811,1.7129671637223811,hypothetical electrical-rate transfer to a 5 mM metal-ion inventory; BMIM nitrate itself contains no metal; diagnostic scenario only because the source rate did not pass its passive-background reporting gate,False,not_reportable_passive_background_model_rejected,total_negative_electrical_charge_equivalents; 100_percent_delivery_and_utilization; not_electron_specific; not_a_chemical_yield_prediction
BMIM_nitrate_10kHz,"BMIM nitrate, 10 kHz",BMIM_nitrate,10.0,1.3,False,2.5,5.0,1.0,3.66210364361855e+16,3.66210364361855e+16,3.66210364361855e+16,1.7814858502712765,1.7814858502712765,1.7814858502712765,hypothetical electrical-rate transfer to a 5 mM metal-ion inventory; BMIM nitrate itself contains no metal; diagnostic scenario only because the source rate did not pass its passive-background reporting gate,False,not_reportable_passive_background_model_rejected,total_negative_electrical_charge_equivalents; 100_percent_delivery_and_utilization; not_electron_specific; not_a_chemical_yield_prediction
BMIM_nitrate_10kHz,"BMIM nitrate, 10 kHz",BMIM_nitrate,10.0,1.35,False,2.5,5.0,1.0,3.66210364361855e+16,3.66210364361855e+16,3.66210364361855e+16,1.8500045368201719,1.8500045368201719,1.8500045368201719,hypothetical electrical-rate transfer to a 5 mM metal-ion inventory; BMIM nitrate itself contains no metal; diagnostic scenario only because the source rate did not pass its passive-background reporting gate,False,not_reportable_passive_background_model_rejected,total_negative_electrical_charge_equivalents; 100_percent_delivery_and_utilization; not_electron_specific; not_a_chemical_yield_prediction
BMIM_nitrate_10kHz,"BMIM nitrate, 10 kHz",BMIM_nitrate,10.0,1.4000000000000001,False,2.5,5.0,1.0,3.66210364361855e+16,3.66210364361855e+16,3.66210364361855e+16,1.918523223369067,1.918523223369067,1.918523223369067,hypothetical electrical-rate transfer to a 5 mM metal-ion inventory; BMIM nitrate itself contains no metal; diagnostic scenario only because the source rate did not pass its passive-background reporting gate,False,not_reportable_passive_background_model_rejected,total_negative_electrical_charge_equivalents; 100_percent_delivery_and_utilization; not_electron_specific; not_a_chemical_yield_prediction
BMIM_nitrate_10kHz,"BMIM nitrate, 10 kHz",BMIM_nitrate,10.0,1.4500000000000002,False,2.5,5.0,1.0,3.66210364361855e+16,3.66210364361855e+16,3.66210364361855e+16,1.9870419099179621,1.9870419099179621,1.9870419099179621,hypothetical electrical-rate transfer to a 5 mM metal-ion inventory; BMIM nitrate itself contains no metal; diagnostic scenario only because the source rate did not pass its passive-background reporting gate,False,not_reportable_passive_background_model_rejected,total_negative_electrical_charge_equivalents; 100_percent_delivery_and_utilization; not_electron_specific; not_a_chemical_yield_prediction
BMIM_nitrate_10kHz,"BMIM nitrate, 10 kHz",BMIM_nitrate,10.0,1.5,False,2.5,5.0,1.0,3.66210364361855e+16,3.66210364361855e+16,3.66210364361855e+16,2.0555605964668575,2.0555605964668575,2.0555605964668575,hypothetical electrical-rate transfer to a 5 mM metal-ion inventory; BMIM nitrate itself contains no metal; diagnostic scenario only because the source rate did not pass its passive-background reporting gate,False,not_reportable_passive_background_model_rejected,total_negative_electrical_charge_equivalents; 100_percent_delivery_and_utilization; not_electron_specific; not_a_chemical_yield_prediction
BMIM_nitrate_10kHz,"BMIM nitrate, 10 kHz",BMIM_nitrate,10.0,1.55,False,2.5,5.0,1.0,3.66210364361855e+16,3.66210364361855e+16,3.66210364361855e+16,2.1240792830157527,2.1240792830157527,2.1240792830157527,hypothetical electrical-rate transfer to a 5 mM metal-ion inventory; BMIM nitrate itself contains no metal; diagnostic scenario only because the source rate did not pass its passive-background reporting gate,False,not_reportable_passive_background_model_rejected,total_negative_electrical_charge_equivalents; 100_percent_delivery_and_utilization; not_electron_specific; not_a_chemical_yield_prediction
BMIM_nitrate_10kHz,"BMIM nitrate, 10 kHz",BMIM_nitrate,10.0,1.6,False,2.5,5.0,1.0,3.66210364361855e+16,3.66210364361855e+16,3.66210364361855e+16,2.192597969564648,2.192597969564648,2.192597969564648,hypothetical electrical-rate transfer to a 5 mM metal-ion inventory; BMIM nitrate itself contains no metal; diagnostic scenario only because the source rate did not pass its passive-background reporting gate,False,not_reportable_passive_background_model_rejected,total_negative_electrical_charge_equivalents; 100_percent_delivery_and_utilization; not_electron_specific; not_a_chemical_yield_prediction
BMIM_nitrate_10kHz,"BMIM nitrate, 10 kHz",BMIM_nitrate,10.0,1.6500000000000001,False,2.5,5.0,1.0,3.66210364361855e+16,3.66210364361855e+16,3.66210364361855e+16,2.2611166561135434,2.2611166561135434,2.2611166561135434,hypothetical electrical-rate transfer to a 5 mM metal-ion inventory; BMIM nitrate itself contains no metal; diagnostic scenario only because the source rate did not pass its passive-background reporting gate,False,not_reportable_passive_background_model_rejected,total_negative_electrical_charge_equivalents; 100_percent_delivery_and_utilization; not_electron_specific; not_a_chemical_yield_prediction
BMIM_nitrate_10kHz,"BMIM nitrate, 10 kHz",BMIM_nitrate,10.0,1.7000000000000002,False,2.5,5.0,1.0,3.66210364361855e+16,3.66210364361855e+16,3.66210364361855e+16,2.3296353426624385,2.3296353426624385,2.3296353426624385,hypothetical electrical-rate transfer to a 5 mM metal-ion inventory; BMIM nitrate itself contains no metal; diagnostic scenario only because the source rate did not pass its passive-background reporting gate,False,not_reportable_passive_background_model_rejected,total_negative_electrical_charge_equivalents; 100_percent_delivery_and_utilization; not_electron_specific; not_a_chemical_yield_prediction
BMIM_nitrate_10kHz,"BMIM nitrate, 10 kHz",BMIM_nitrate,10.0,1.75,False,2.5,5.0,1.0,3.66210364361855e+16,3.66210364361855e+16,3.66210364361855e+16,2.3981540292113337,2.3981540292113337,2.3981540292113337,hypothetical electrical-rate transfer to a 5 mM metal-ion inventory; BMIM nitrate itself contains no metal; diagnostic scenario only because the source rate did not pass its passive-background reporting gate,False,not_reportable_passive_background_model_rejected,total_negative_electrical_charge_equivalents; 100_percent_delivery_and_utilization; not_electron_specific; not_a_chemical_yield_prediction
BMIM_nitrate_10kHz,"BMIM nitrate, 10 kHz",BMIM_nitrate,10.0,1.8,False,2.5,5.0,1.0,3.66210364361855e+16,3.66210364361855e+16,3.66210364361855e+16,2.4666727157602293,2.4666727157602293,2.4666727157602293,hypothetical electrical-rate transfer to a 5 mM metal-ion inventory; BMIM nitrate itself contains no metal; diagnostic scenario only because the source rate did not pass its passive-background reporting gate,False,not_reportable_passive_background_model_rejected,total_negative_electrical_charge_equivalents; 100_percent_delivery_and_utilization; not_electron_specific; not_a_chemical_yield_prediction
BMIM_nitrate_10kHz,"BMIM nitrate, 10 kHz",BMIM_nitrate,10.0,1.85,False,2.5,5.0,1.0,3.66210364361855e+16,3.66210364361855e+16,3.66210364361855e+16,2.535191402309124,2.535191402309124,2.535191402309124,hypothetical electrical-rate transfer to a 5 mM metal-ion inventory; BMIM nitrate itself contains no metal; diagnostic scenario only because the source rate did not pass its passive-background reporting gate,False,not_reportable_passive_background_model_rejected,total_negative_electrical_charge_equivalents; 100_percent_delivery_and_utilization; not_electron_specific; not_a_chemical_yield_prediction
BMIM_nitrate_10kHz,"BMIM nitrate, 10 kHz",BMIM_nitrate,10.0,1.9000000000000001,False,2.5,5.0,1.0,3.66210364361855e+16,3.66210364361855e+16,3.66210364361855e+16,2.6037100888580196,2.6037100888580196,2.6037100888580196,hypothetical electrical-rate transfer to a 5 mM metal-ion inventory; BMIM nitrate itself contains no metal; diagnostic scenario only because the source rate did not pass its passive-background reporting gate,False,not_reportable_passive_background_model_rejected,total_negative_electrical_charge_equivalents; 100_percent_delivery_and_utilization; not_electron_specific; not_a_chemical_yield_prediction
BMIM_nitrate_10kHz,"BMIM nitrate, 10 kHz",BMIM_nitrate,10.0,1.9500000000000002,False,2.5,5.0,1.0,3.66210364361855e+16,3.66210364361855e+16,3.66210364361855e+16,2.6722287754069147,2.6722287754069147,2.6722287754069147,hypothetical electrical-rate transfer to a 5 mM metal-ion inventory; BMIM nitrate itself contains no metal; diagnostic scenario only because the source rate did not pass its passive-background reporting gate,False,not_reportable_passive_background_model_rejected,total_negative_electrical_charge_equivalents; 100_percent_delivery_and_utilization; not_electron_specific; not_a_chemical_yield_prediction
BMIM_nitrate_10kHz,"BMIM nitrate, 10 kHz",BMIM_nitrate,10.0,2.0,False,2.5,5.0,1.0,3.66210364361855e+16,3.66210364361855e+16,3.66210364361855e+16,2.74074746195581,2.74074746195581,2.74074746195581,hypothetical electrical-rate transfer to a 5 mM metal-ion inventory; BMIM nitrate itself contains no metal; diagnostic scenario only because the source rate did not pass its passive-background reporting gate,False,not_reportable_passive_background_model_rejected,total_negative_electrical_charge_equivalents; 100_percent_delivery_and_utilization; not_electron_specific; not_a_chemical_yield_prediction
BMIM_nitrate_10kHz,"BMIM nitrate, 10 kHz",BMIM_nitrate,10.0,2.0500000000000003,False,2.5,5.0,1.0,3.66210364361855e+16,3.66210364361855e+16,3.66210364361855e+16,2.8092661485047055,2.8092661485047055,2.8092661485047055,hypothetical electrical-rate transfer to a 5 mM metal-ion inventory; BMIM nitrate itself contains no metal; diagnostic scenario only because the source rate did not pass its passive-background reporting gate,False,not_reportable_passive_background_model_rejected,total_negative_electrical_charge_equivalents; 100_percent_delivery_and_utilization; not_electron_specific; not_a_chemical_yield_prediction
BMIM_nitrate_10kHz,"BMIM nitrate, 10 kHz",BMIM_nitrate,10.0,2.1,False,2.5,5.0,1.0,3.66210364361855e+16,3.66210364361855e+16,3.66210364361855e+16,2.8777848350536006,2.8777848350536006,2.8777848350536006,hypothetical electrical-rate transfer to a 5 mM metal-ion inventory; BMIM nitrate itself contains no metal; diagnostic scenario only because the source rate did not pass its passive-background reporting gate,False,not_reportable_passive_background_model_rejected,total_negative_electrical_charge_equivalents; 100_percent_delivery_and_utilization; not_electron_specific; not_a_chemical_yield_prediction
BMIM_nitrate_10kHz,"BMIM nitrate, 10 kHz",BMIM_nitrate,10.0,2.15,False,2.5,5.0,1.0,3.66210364361855e+16,3.66210364361855e+16,3.66210364361855e+16,2.9463035216024958,2.9463035216024958,2.9463035216024958,hypothetical electrical-rate transfer to a 5 mM metal-ion inventory; BMIM nitrate itself contains no metal; diagnostic scenario only because the source rate did not pass its passive-background reporting gate,False,not_reportable_passive_background_model_rejected,total_negative_electrical_charge_equivalents; 100_percent_delivery_and_utilization; not_electron_specific; not_a_chemical_yield_prediction
BMIM_nitrate_10kHz,"BMIM nitrate, 10 kHz",BMIM_nitrate,10.0,2.2,False,2.5,5.0,1.0,3.66210364361855e+16,3.66210364361855e+16,3.66210364361855e+16,3.014822208151391,3.014822208151391,3.014822208151391,hypothetical electrical-rate transfer to a 5 mM metal-ion inventory; BMIM nitrate itself contains no metal; diagnostic scenario only because the source rate did not pass its passive-background reporting gate,False,not_reportable_passive_background_model_rejected,total_negative_electrical_charge_equivalents; 100_percent_delivery_and_utilization; not_electron_specific; not_a_chemical_yield_prediction
BMIM_nitrate_10kHz,"BMIM nitrate, 10 kHz",BMIM_nitrate,10.0,2.25,False,2.5,5.0,1.0,3.66210364361855e+16,3.66210364361855e+16,3.66210364361855e+16,3.083340894700286,3.083340894700286,3.083340894700286,hypothetical electrical-rate transfer to a 5 mM metal-ion inventory; BMIM nitrate itself contains no metal; diagnostic scenario only because the source rate did not pass its passive-background reporting gate,False,not_reportable_passive_background_model_rejected,total_negative_electrical_charge_equivalents; 100_percent_delivery_and_utilization; not_electron_specific; not_a_chemical_yield_prediction
BMIM_nitrate_10kHz,"BMIM nitrate, 10 kHz",BMIM_nitrate,10.0,2.3000000000000003,False,2.5,5.0,1.0,3.66210364361855e+16,3.66210364361855e+16,3.66210364361855e+16,3.1518595812491816,3.1518595812491816,3.1518595812491816,hypothetical electrical-rate transfer to a 5 mM metal-ion inventory; BMIM nitrate itself contains no metal; diagnostic scenario only because the source rate did not pass its passive-background reporting gate,False,not_reportable_passive_background_model_rejected,total_negative_electrical_charge_equivalents; 100_percent_delivery_and_utilization; not_electron_specific; not_a_chemical_yield_prediction
BMIM_nitrate_10kHz,"BMIM nitrate, 10 kHz",BMIM_nitrate,10.0,2.35,False,2.5,5.0,1.0,3.66210364361855e+16,3.66210364361855e+16,3.66210364361855e+16,3.220378267798077,3.220378267798077,3.220378267798077,hypothetical electrical-rate transfer to a 5 mM metal-ion inventory; BMIM nitrate itself contains no metal; diagnostic scenario only because the source rate did not pass its passive-background reporting gate,False,not_reportable_passive_background_model_rejected,total_negative_electrical_charge_equivalents; 100_percent_delivery_and_utilization; not_electron_specific; not_a_chemical_yield_prediction
BMIM_nitrate_10kHz,"BMIM nitrate, 10 kHz",BMIM_nitrate,10.0,2.4000000000000004,False,2.5,5.0,1.0,3.66210364361855e+16,3.66210364361855e+16,3.66210364361855e+16,3.2888969543469724,3.2888969543469724,3.2888969543469724,hypothetical electrical-rate transfer to a 5 mM metal-ion inventory; BMIM nitrate itself contains no metal; diagnostic scenario only because the source rate did not pass its passive-background reporting gate,False,not_reportable_passive_background_model_rejected,total_negative_electrical_charge_equivalents; 100_percent_delivery_and_utilization; not_electron_specific; not_a_chemical_yield_prediction
BMIM_nitrate_10kHz,"BMIM nitrate, 10 kHz",BMIM_nitrate,10.0,2.45,False,2.5,5.0,1.0,3.66210364361855e+16,3.66210364361855e+16,3.66210364361855e+16,3.357415640895867,3.357415640895867,3.357415640895867,hypothetical electrical-rate transfer to a 5 mM metal-ion inventory; BMIM nitrate itself contains no metal; diagnostic scenario only because the source rate did not pass its passive-background reporting gate,False,not_reportable_passive_background_model_rejected,total_negative_electrical_charge_equivalents; 100_percent_delivery_and_utilization; not_electron_specific; not_a_chemical_yield_prediction
BMIM_nitrate_10kHz,"BMIM nitrate, 10 kHz",BMIM_nitrate,10.0,2.5,True,2.5,5.0,1.0,3.66210364361855e+16,3.66210364361855e+16,3.66210364361855e+16,3.4259343274447622,3.4259343274447622,3.4259343274447622,hypothetical electrical-rate transfer to a 5 mM metal-ion inventory; BMIM nitrate itself contains no metal; diagnostic scenario only because the source rate did not pass its passive-background reporting gate,False,not_reportable_passive_background_model_rejected,total_negative_electrical_charge_equivalents; 100_percent_delivery_and_utilization; not_electron_specific; not_a_chemical_yield_prediction
BMIM_nitrate_10kHz,"BMIM nitrate, 10 kHz",BMIM_nitrate,10.0,2.5500000000000003,False,2.5,5.0,1.0,3.66210364361855e+16,3.66210364361855e+16,3.66210364361855e+16,3.494453013993658,3.494453013993658,3.494453013993658,hypothetical electrical-rate transfer to a 5 mM metal-ion inventory; BMIM nitrate itself contains no metal; diagnostic scenario only because the source rate did not pass its passive-background reporting gate,False,not_reportable_passive_background_model_rejected,total_negative_electrical_charge_equivalents; 100_percent_delivery_and_utilization; not_electron_specific; not_a_chemical_yield_prediction
BMIM_nitrate_10kHz,"BMIM nitrate, 10 kHz",BMIM_nitrate,10.0,2.6,False,2.5,5.0,1.0,3.66210364361855e+16,3.66210364361855e+16,3.66210364361855e+16,3.562971700542553,3.562971700542553,3.562971700542553,hypothetical electrical-rate transfer to a 5 mM metal-ion inventory; BMIM nitrate itself contains no metal; diagnostic scenario only because the source rate did not pass its passive-background reporting gate,False,not_reportable_passive_background_model_rejected,total_negative_electrical_charge_equivalents; 100_percent_delivery_and_utilization; not_electron_specific; not_a_chemical_yield_prediction
BMIM_nitrate_10kHz,"BMIM nitrate, 10 kHz",BMIM_nitrate,10.0,2.6500000000000004,False,2.5,5.0,1.0,3.66210364361855e+16,3.66210364361855e+16,3.66210364361855e+16,3.6314903870914486,3.6314903870914486,3.6314903870914486,hypothetical electrical-rate transfer to a 5 mM metal-ion inventory; BMIM nitrate itself contains no metal; diagnostic scenario only because the source rate did not pass its passive-background reporting gate,False,not_reportable_passive_background_model_rejected,total_negative_electrical_charge_equivalents; 100_percent_delivery_and_utilization; not_electron_specific; not_a_chemical_yield_prediction
BMIM_nitrate_10kHz,"BMIM nitrate, 10 kHz",BMIM_nitrate,10.0,2.7,False,2.5,5.0,1.0,3.66210364361855e+16,3.66210364361855e+16,3.66210364361855e+16,3.7000090736403437,3.7000090736403437,3.7000090736403437,hypothetical electrical-rate transfer to a 5 mM metal-ion inventory; BMIM nitrate itself contains no metal; diagnostic scenario only because the source rate did not pass its passive-background reporting gate,False,not_reportable_passive_background_model_rejected,total_negative_electrical_charge_equivalents; 100_percent_delivery_and_utilization; not_electron_specific; not_a_chemical_yield_prediction
BMIM_nitrate_10kHz,"BMIM nitrate, 10 kHz",BMIM_nitrate,10.0,2.75,False,2.5,5.0,1.0,3.66210364361855e+16,3.66210364361855e+16,3.66210364361855e+16,3.768527760189239,3.768527760189239,3.768527760189239,hypothetical electrical-rate transfer to a 5 mM metal-ion inventory; BMIM nitrate itself contains no metal; diagnostic scenario only because the source rate did not pass its passive-background reporting gate,False,not_reportable_passive_background_model_rejected,total_negative_electrical_charge_equivalents; 100_percent_delivery_and_utilization; not_electron_specific; not_a_chemical_yield_prediction
BMIM_nitrate_10kHz,"BMIM nitrate, 10 kHz",BMIM_nitrate,10.0,2.8000000000000003,False,2.5,5.0,1.0,3.66210364361855e+16,3.66210364361855e+16,3.66210364361855e+16,3.837046446738134,3.837046446738134,3.837046446738134,hypothetical electrical-rate transfer to a 5 mM metal-ion inventory; BMIM nitrate itself contains no metal; diagnostic scenario only because the source rate did not pass its passive-background reporting gate,False,not_reportable_passive_background_model_rejected,total_negative_electrical_charge_equivalents; 100_percent_delivery_and_utilization; not_electron_specific; not_a_chemical_yield_prediction
BMIM_nitrate_10kHz,"BMIM nitrate, 10 kHz",BMIM_nitrate,10.0,2.85,False,2.5,5.0,1.0,3.66210364361855e+16,3.66210364361855e+16,3.66210364361855e+16,3.905565133287029,3.905565133287029,3.905565133287029,hypothetical electrical-rate transfer to a 5 mM metal-ion inventory; BMIM nitrate itself contains no metal; diagnostic scenario only because the source rate did not pass its passive-background reporting gate,False,not_reportable_passive_background_model_rejected,total_negative_electrical_charge_equivalents; 100_percent_delivery_and_utilization; not_electron_specific; not_a_chemical_yield_prediction
BMIM_nitrate_10kHz,"BMIM nitrate, 10 kHz",BMIM_nitrate,10.0,2.9000000000000004,False,2.5,5.0,1.0,3.66210364361855e+16,3.66210364361855e+16,3.66210364361855e+16,3.9740838198359243,3.9740838198359243,3.9740838198359243,hypothetical electrical-rate transfer to a 5 mM metal-ion inventory; BMIM nitrate itself contains no metal; diagnostic scenario only because the source rate did not pass its passive-background reporting gate,False,not_reportable_passive_background_model_rejected,total_negative_electrical_charge_equivalents; 100_percent_delivery_and_utilization; not_electron_specific; not_a_chemical_yield_prediction
BMIM_nitrate_10kHz,"BMIM nitrate, 10 kHz",BMIM_nitrate,10.0,2.95,False,2.5,5.0,1.0,3.66210364361855e+16,3.66210364361855e+16,3.66210364361855e+16,4.042602506384819,4.042602506384819,4.042602506384819,hypothetical electrical-rate transfer to a 5 mM metal-ion inventory; BMIM nitrate itself contains no metal; diagnostic scenario only because the source rate did not pass its passive-background reporting gate,False,not_reportable_passive_background_model_rejected,total_negative_electrical_charge_equivalents; 100_percent_delivery_and_utilization; not_electron_specific; not_a_chemical_yield_prediction
BMIM_nitrate_10kHz,"BMIM nitrate, 10 kHz",BMIM_nitrate,10.0,3.0,False,2.5,5.0,1.0,3.66210364361855e+16,3.66210364361855e+16,3.66210364361855e+16,4.111121192933715,4.111121192933715,4.111121192933715,hypothetical electrical-rate transfer to a 5 mM metal-ion inventory; BMIM nitrate itself contains no metal; diagnostic scenario only because the source rate did not pass its passive-background reporting gate,False,not_reportable_passive_background_model_rejected,total_negative_electrical_charge_equivalents; 100_percent_delivery_and_utilization; not_electron_specific; not_a_chemical_yield_prediction
BMIM_nitrate_10kHz,"BMIM nitrate, 10 kHz",BMIM_nitrate,10.0,3.0500000000000003,False,2.5,5.0,1.0,3.66210364361855e+16,3.66210364361855e+16,3.66210364361855e+16,4.17963987948261,4.17963987948261,4.17963987948261,hypothetical electrical-rate transfer to a 5 mM metal-ion inventory; BMIM nitrate itself contains no metal; diagnostic scenario only because the source rate did not pass its passive-background reporting gate,False,not_reportable_passive_background_model_rejected,total_negative_electrical_charge_equivalents; 100_percent_delivery_and_utilization; not_electron_specific; not_a_chemical_yield_prediction
BMIM_nitrate_10kHz,"BMIM nitrate, 10 kHz",BMIM_nitrate,10.0,3.1,False,2.5,5.0,1.0,3.66210364361855e+16,3.66210364361855e+16,3.66210364361855e+16,4.248158566031505,4.248158566031505,4.248158566031505,hypothetical electrical-rate transfer to a 5 mM metal-ion inventory; BMIM nitrate itself contains no metal; diagnostic scenario only because the source rate did not pass its passive-background reporting gate,False,not_reportable_passive_background_model_rejected,total_negative_electrical_charge_equivalents; 100_percent_delivery_and_utilization; not_electron_specific; not_a_chemical_yield_prediction
BMIM_nitrate_10kHz,"BMIM nitrate, 10 kHz",BMIM_nitrate,10.0,3.1500000000000004,False,2.5,5.0,1.0,3.66210364361855e+16,3.66210364361855e+16,3.66210364361855e+16,4.316677252580401,4.316677252580401,4.316677252580401,hypothetical electrical-rate transfer to a 5 mM metal-ion inventory; BMIM nitrate itself contains no metal; diagnostic scenario only because the source rate did not pass its passive-background reporting gate,False,not_reportable_passive_background_model_rejected,total_negative_electrical_charge_equivalents; 100_percent_delivery_and_utilization; not_electron_specific; not_a_chemical_yield_prediction
BMIM_nitrate_10kHz,"BMIM nitrate, 10 kHz",BMIM_nitrate,10.0,3.2,False,2.5,5.0,1.0,3.66210364361855e+16,3.66210364361855e+16,3.66210364361855e+16,4.385195939129296,4.385195939129296,4.385195939129296,hypothetical electrical-rate transfer to a 5 mM metal-ion inventory; BMIM nitrate itself contains no metal; diagnostic scenario only because the source rate did not pass its passive-background reporting gate,False,not_reportable_passive_background_model_rejected,total_negative_electrical_charge_equivalents; 100_percent_delivery_and_utilization; not_electron_specific; not_a_chemical_yield_prediction
BMIM_nitrate_10kHz,"BMIM nitrate, 10 kHz",BMIM_nitrate,10.0,3.25,False,2.5,5.0,1.0,3.66210364361855e+16,3.66210364361855e+16,3.66210364361855e+16,4.453714625678191,4.453714625678191,4.453714625678191,hypothetical electrical-rate transfer to a 5 mM metal-ion inventory; BMIM nitrate itself contains no metal; diagnostic scenario only because the source rate did not pass its passive-background reporting gate,False,not_reportable_passive_background_model_rejected,total_negative_electrical_charge_equivalents; 100_percent_delivery_and_utilization; not_electron_specific; not_a_chemical_yield_prediction
BMIM_nitrate_10kHz,"BMIM nitrate, 10 kHz",BMIM_nitrate,10.0,3.3000000000000003,False,2.5,5.0,1.0,3.66210364361855e+16,3.66210364361855e+16,3.66210364361855e+16,4.522233312227087,4.522233312227087,4.522233312227087,hypothetical electrical-rate transfer to a 5 mM metal-ion inventory; BMIM nitrate itself contains no metal; diagnostic scenario only because the source rate did not pass its passive-background reporting gate,False,not_reportable_passive_background_model_rejected,total_negative_electrical_charge_equivalents; 100_percent_delivery_and_utilization; not_electron_specific; not_a_chemical_yield_prediction
BMIM_nitrate_10kHz,"BMIM nitrate, 10 kHz",BMIM_nitrate,10.0,3.35,False,2.5,5.0,1.0,3.66210364361855e+16,3.66210364361855e+16,3.66210364361855e+16,4.590751998775982,4.590751998775982,4.590751998775982,hypothetical electrical-rate transfer to a 5 mM metal-ion inventory; BMIM nitrate itself contains no metal; diagnostic scenario only because the source rate did not pass its passive-background reporting gate,False,not_reportable_passive_background_model_rejected,total_negative_electrical_charge_equivalents; 100_percent_delivery_and_utilization; not_electron_specific; not_a_chemical_yield_prediction
BMIM_nitrate_10kHz,"BMIM nitrate, 10 kHz",BMIM_nitrate,10.0,3.4000000000000004,False,2.5,5.0,1.0,3.66210364361855e+16,3.66210364361855e+16,3.66210364361855e+16,4.659270685324877,4.659270685324877,4.659270685324877,hypothetical electrical-rate transfer to a 5 mM metal-ion inventory; BMIM nitrate itself contains no metal; diagnostic scenario only because the source rate did not pass its passive-background reporting gate,False,not_reportable_passive_background_model_rejected,total_negative_electrical_charge_equivalents; 100_percent_delivery_and_utilization; not_electron_specific; not_a_chemical_yield_prediction
BMIM_nitrate_10kHz,"BMIM nitrate, 10 kHz",BMIM_nitrate,10.0,3.45,False,2.5,5.0,1.0,3.66210364361855e+16,3.66210364361855e+16,3.66210364361855e+16,4.727789371873772,4.727789371873772,4.727789371873772,hypothetical electrical-rate transfer to a 5 mM metal-ion inventory; BMIM nitrate itself contains no metal; diagnostic scenario only because the source rate did not pass its passive-background reporting gate,False,not_reportable_passive_background_model_rejected,total_negative_electrical_charge_equivalents; 100_percent_delivery_and_utilization; not_electron_specific; not_a_chemical_yield_prediction
BMIM_nitrate_10kHz,"BMIM nitrate, 10 kHz",BMIM_nitrate,10.0,3.5,False,2.5,5.0,1.0,3.66210364361855e+16,3.66210364361855e+16,3.66210364361855e+16,4.796308058422667,4.796308058422667,4.796308058422667,hypothetical electrical-rate transfer to a 5 mM metal-ion inventory; BMIM nitrate itself contains no metal; diagnostic scenario only because the source rate did not pass its passive-background reporting gate,False,not_reportable_passive_background_model_rejected,total_negative_electrical_charge_equivalents; 100_percent_delivery_and_utilization; not_electron_specific; not_a_chemical_yield_prediction
BMIM_nitrate_10kHz,"BMIM nitrate, 10 kHz",BMIM_nitrate,10.0,3.5500000000000003,False,2.5,5.0,1.0,3.66210364361855e+16,3.66210364361855e+16,3.66210364361855e+16,4.8648267449715625,4.8648267449715625,4.8648267449715625,hypothetical electrical-rate transfer to a 5 mM metal-ion inventory; BMIM nitrate itself contains no metal; diagnostic scenario only because the source rate did not pass its passive-background reporting gate,False,not_reportable_passive_background_model_rejected,total_negative_electrical_charge_equivalents; 100_percent_delivery_and_utilization; not_electron_specific; not_a_chemical_yield_prediction
BMIM_nitrate_10kHz,"BMIM nitrate, 10 kHz",BMIM_nitrate,10.0,3.6,False,2.5,5.0,1.0,3.66210364361855e+16,3.66210364361855e+16,3.66210364361855e+16,4.933345431520459,4.933345431520459,4.933345431520459,hypothetical electrical-rate transfer to a 5 mM metal-ion inventory; BMIM nitrate itself contains no metal; diagnostic scenario only because the source rate did not pass its passive-background reporting gate,False,not_reportable_passive_background_model_rejected,total_negative_electrical_charge_equivalents; 100_percent_delivery_and_utilization; not_electron_specific; not_a_chemical_yield_prediction
BMIM_nitrate_10kHz,"BMIM nitrate, 10 kHz",BMIM_nitrate,10.0,3.6500000000000004,False,2.5,5.0,1.0,3.66210364361855e+16,3.66210364361855e+16,3.66210364361855e+16,5.001864118069353,5.001864118069353,5.001864118069353,hypothetical electrical-rate transfer to a 5 mM metal-ion inventory; BMIM nitrate itself contains no metal; diagnostic scenario only because the source rate did not pass its passive-background reporting gate,False,not_reportable_passive_background_model_rejected,total_negative_electrical_charge_equivalents; 100_percent_delivery_and_utilization; not_electron_specific; not_a_chemical_yield_prediction
BMIM_nitrate_10kHz,"BMIM nitrate, 10 kHz",BMIM_nitrate,10.0,3.7,False,2.5,5.0,1.0,3.66210364361855e+16,3.66210364361855e+16,3.66210364361855e+16,5.070382804618248,5.070382804618248,5.070382804618248,hypothetical electrical-rate transfer to a 5 mM metal-ion inventory; BMIM nitrate itself contains no metal; diagnostic scenario only because the source rate did not pass its passive-background reporting gate,False,not_reportable_passive_background_model_rejected,total_negative_electrical_charge_equivalents; 100_percent_delivery_and_utilization; not_electron_specific; not_a_chemical_yield_prediction
BMIM_nitrate_10kHz,"BMIM nitrate, 10 kHz",BMIM_nitrate,10.0,3.75,False,2.5,5.0,1.0,3.66210364361855e+16,3.66210364361855e+16,3.66210364361855e+16,5.138901491167143,5.138901491167143,5.138901491167143,hypothetical electrical-rate transfer to a 5 mM metal-ion inventory; BMIM nitrate itself contains no metal; diagnostic scenario only because the source rate did not pass its passive-background reporting gate,False,not_reportable_passive_background_model_rejected,total_negative_electrical_charge_equivalents; 100_percent_delivery_and_utilization; not_electron_specific; not_a_chemical_yield_prediction
BMIM_nitrate_10kHz,"BMIM nitrate, 10 kHz",BMIM_nitrate,10.0,3.8000000000000003,False,2.5,5.0,1.0,3.66210364361855e+16,3.66210364361855e+16,3.66210364361855e+16,5.207420177716039,5.207420177716039,5.207420177716039,hypothetical electrical-rate transfer to a 5 mM metal-ion inventory; BMIM nitrate itself contains no metal; diagnostic scenario only because the source rate did not pass its passive-background reporting gate,False,not_reportable_passive_background_model_rejected,total_negative_electrical_charge_equivalents; 100_percent_delivery_and_utilization; not_electron_specific; not_a_chemical_yield_prediction
BMIM_nitrate_10kHz,"BMIM nitrate, 10 kHz",BMIM_nitrate,10.0,3.85,False,2.5,5.0,1.0,3.66210364361855e+16,3.66210364361855e+16,3.66210364361855e+16,5.275938864264934,5.275938864264934,5.275938864264934,hypothetical electrical-rate transfer to a 5 mM metal-ion inventory; BMIM nitrate itself contains no metal; diagnostic scenario only because the source rate did not pass its passive-background reporting gate,False,not_reportable_passive_background_model_rejected,total_negative_electrical_charge_equivalents; 100_percent_delivery_and_utilization; not_electron_specific; not_a_chemical_yield_prediction
BMIM_nitrate_10kHz,"BMIM nitrate, 10 kHz",BMIM_nitrate,10.0,3.9000000000000004,False,2.5,5.0,1.0,3.66210364361855e+16,3.66210364361855e+16,3.66210364361855e+16,5.3444575508138294,5.3444575508138294,5.3444575508138294,hypothetical electrical-rate transfer to a 5 mM metal-ion inventory; BMIM nitrate itself contains no metal; diagnostic scenario only because the source rate did not pass its passive-background reporting gate,False,not_reportable_passive_background_model_rejected,total_negative_electrical_charge_equivalents; 100_percent_delivery_and_utilization; not_electron_specific; not_a_chemical_yield_prediction
BMIM_nitrate_10kHz,"BMIM nitrate, 10 kHz",BMIM_nitrate,10.0,3.95,False,2.5,5.0,1.0,3.66210364361855e+16,3.66210364361855e+16,3.66210364361855e+16,5.412976237362725,5.412976237362725,5.412976237362725,hypothetical electrical-rate transfer to a 5 mM metal-ion inventory; BMIM nitrate itself contains no metal; diagnostic scenario only because the source rate did not pass its passive-background reporting gate,False,not_reportable_passive_background_model_rejected,total_negative_electrical_charge_equivalents; 100_percent_delivery_and_utilization; not_electron_specific; not_a_chemical_yield_prediction
BMIM_nitrate_10kHz,"BMIM nitrate, 10 kHz",BMIM_nitrate,10.0,4.0,False,2.5,5.0,1.0,3.66210364361855e+16,3.66210364361855e+16,3.66210364361855e+16,5.48149492391162,5.48149492391162,5.48149492391162,hypothetical electrical-rate transfer to a 5 mM metal-ion inventory; BMIM nitrate itself contains no metal; diagnostic scenario only because the source rate did not pass its passive-background reporting gate,False,not_reportable_passive_background_model_rejected,total_negative_electrical_charge_equivalents; 100_percent_delivery_and_utilization; not_electron_specific; not_a_chemical_yield_prediction
BMIM_nitrate_10kHz,"BMIM nitrate, 10 kHz",BMIM_nitrate,10.0,4.05,False,2.5,5.0,1.0,3.66210364361855e+16,3.66210364361855e+16,3.66210364361855e+16,5.550013610460515,5.550013610460515,5.550013610460515,hypothetical electrical-rate transfer to a 5 mM metal-ion inventory; BMIM nitrate itself contains no metal; diagnostic scenario only because the source rate did not pass its passive-background reporting gate,False,not_reportable_passive_background_model_rejected,total_negative_electrical_charge_equivalents; 100_percent_delivery_and_utilization; not_electron_specific; not_a_chemical_yield_prediction
BMIM_nitrate_10kHz,"BMIM nitrate, 10 kHz",BMIM_nitrate,10.0,4.1000000000000005,False,2.5,5.0,1.0,3.66210364361855e+16,3.66210364361855e+16,3.66210364361855e+16,5.618532297009411,5.618532297009411,5.618532297009411,hypothetical electrical-rate transfer to a 5 mM metal-ion inventory; BMIM nitrate itself contains no metal; diagnostic scenario only because the source rate did not pass its passive-background reporting gate,False,not_reportable_passive_background_model_rejected,total_negative_electrical_charge_equivalents; 100_percent_delivery_and_utilization; not_electron_specific; not_a_chemical_yield_prediction
BMIM_nitrate_10kHz,"BMIM nitrate, 10 kHz",BMIM_nitrate,10.0,4.15,False,2.5,5.0,1.0,3.66210364361855e+16,3.66210364361855e+16,3.66210364361855e+16,5.687050983558306,5.687050983558306,5.687050983558306,hypothetical electrical-rate transfer to a 5 mM metal-ion inventory; BMIM nitrate itself contains no metal; diagnostic scenario only because the source rate did not pass its passive-background reporting gate,False,not_reportable_passive_background_model_rejected,total_negative_electrical_charge_equivalents; 100_percent_delivery_and_utilization; not_electron_specific; not_a_chemical_yield_prediction
BMIM_nitrate_10kHz,"BMIM nitrate, 10 kHz",BMIM_nitrate,10.0,4.2,False,2.5,5.0,1.0,3.66210364361855e+16,3.66210364361855e+16,3.66210364361855e+16,5.755569670107201,5.755569670107201,5.755569670107201,hypothetical electrical-rate transfer to a 5 mM metal-ion inventory; BMIM nitrate itself contains no metal; diagnostic scenario only because the source rate did not pass its passive-background reporting gate,False,not_reportable_passive_background_model_rejected,total_negative_electrical_charge_equivalents; 100_percent_delivery_and_utilization; not_electron_specific; not_a_chemical_yield_prediction
BMIM_nitrate_10kHz,"BMIM nitrate, 10 kHz",BMIM_nitrate,10.0,4.25,False,2.5,5.0,1.0,3.66210364361855e+16,3.66210364361855e+16,3.66210364361855e+16,5.824088356656096,5.824088356656096,5.824088356656096,hypothetical electrical-rate transfer to a 5 mM metal-ion inventory; BMIM nitrate itself contains no metal; diagnostic scenario only because the source rate did not pass its passive-background reporting gate,False,not_reportable_passive_background_model_rejected,total_negative_electrical_charge_equivalents; 100_percent_delivery_and_utilization; not_electron_specific; not_a_chemical_yield_prediction
BMIM_nitrate_10kHz,"BMIM nitrate, 10 kHz",BMIM_nitrate,10.0,4.3,False,2.5,5.0,1.0,3.66210364361855e+16,3.66210364361855e+16,3.66210364361855e+16,5.8926070432049915,5.8926070432049915,5.8926070432049915,hypothetical electrical-rate transfer to a 5 mM metal-ion inventory; BMIM nitrate itself contains no metal; diagnostic scenario only because the source rate did not pass its passive-background reporting gate,False,not_reportable_passive_background_model_rejected,total_negative_electrical_charge_equivalents; 100_percent_delivery_and_utilization; not_electron_specific; not_a_chemical_yield_prediction
BMIM_nitrate_10kHz,"BMIM nitrate, 10 kHz",BMIM_nitrate,10.0,4.3500000000000005,False,2.5,5.0,1.0,3.66210364361855e+16,3.66210364361855e+16,3.66210364361855e+16,5.961125729753887,5.961125729753887,5.961125729753887,hypothetical electrical-rate transfer to a 5 mM metal-ion inventory; BMIM nitrate itself contains no metal; diagnostic scenario only because the source rate did not pass its passive-background reporting gate,False,not_reportable_passive_background_model_rejected,total_negative_electrical_charge_equivalents; 100_percent_delivery_and_utilization; not_electron_specific; not_a_chemical_yield_prediction
BMIM_nitrate_10kHz,"BMIM nitrate, 10 kHz",BMIM_nitrate,10.0,4.4,False,2.5,5.0,1.0,3.66210364361855e+16,3.66210364361855e+16,3.66210364361855e+16,6.029644416302782,6.029644416302782,6.029644416302782,hypothetical electrical-rate transfer to a 5 mM metal-ion inventory; BMIM nitrate itself contains no metal; diagnostic scenario only because the source rate did not pass its passive-background reporting gate,False,not_reportable_passive_background_model_rejected,total_negative_electrical_charge_equivalents; 100_percent_delivery_and_utilization; not_electron_specific; not_a_chemical_yield_prediction
BMIM_nitrate_10kHz,"BMIM nitrate, 10 kHz",BMIM_nitrate,10.0,4.45,False,2.5,5.0,1.0,3.66210364361855e+16,3.66210364361855e+16,3.66210364361855e+16,6.098163102851677,6.098163102851677,6.098163102851677,hypothetical electrical-rate transfer to a 5 mM metal-ion inventory; BMIM nitrate itself contains no metal; diagnostic scenario only because the source rate did not pass its passive-background reporting gate,False,not_reportable_passive_background_model_rejected,total_negative_electrical_charge_equivalents; 100_percent_delivery_and_utilization; not_electron_specific; not_a_chemical_yield_prediction
BMIM_nitrate_10kHz,"BMIM nitrate, 10 kHz",BMIM_nitrate,10.0,4.5,False,2.5,5.0,1.0,3.66210364361855e+16,3.66210364361855e+16,3.66210364361855e+16,6.166681789400572,6.166681789400572,6.166681789400572,hypothetical electrical-rate transfer to a 5 mM metal-ion inventory; BMIM nitrate itself contains no metal; diagnostic scenario only because the source rate did not pass its passive-background reporting gate,False,not_reportable_passive_background_model_rejected,total_negative_electrical_charge_equivalents; 100_percent_delivery_and_utilization; not_electron_specific; not_a_chemical_yield_prediction
BMIM_nitrate_10kHz,"BMIM nitrate, 10 kHz",BMIM_nitrate,10.0,4.55,False,2.5,5.0,1.0,3.66210364361855e+16,3.66210364361855e+16,3.66210364361855e+16,6.235200475949467,6.235200475949467,6.235200475949467,hypothetical electrical-rate transfer to a 5 mM metal-ion inventory; BMIM nitrate itself contains no metal; diagnostic scenario only because the source rate did not pass its passive-background reporting gate,False,not_reportable_passive_background_model_rejected,total_negative_electrical_charge_equivalents; 100_percent_delivery_and_utilization; not_electron_specific; not_a_chemical_yield_prediction
BMIM_nitrate_10kHz,"BMIM nitrate, 10 kHz",BMIM_nitrate,10.0,4.6000000000000005,False,2.5,5.0,1.0,3.66210364361855e+16,3.66210364361855e+16,3.66210364361855e+16,6.303719162498363,6.303719162498363,6.303719162498363,hypothetical electrical-rate transfer to a 5 mM metal-ion inventory; BMIM nitrate itself contains no metal; diagnostic scenario only because the source rate did not pass its passive-background reporting gate,False,not_reportable_passive_background_model_rejected,total_negative_electrical_charge_equivalents; 100_percent_delivery_and_utilization; not_electron_specific; not_a_chemical_yield_prediction
BMIM_nitrate_10kHz,"BMIM nitrate, 10 kHz",BMIM_nitrate,10.0,4.65,False,2.5,5.0,1.0,3.66210364361855e+16,3.66210364361855e+16,3.66210364361855e+16,6.372237849047258,6.372237849047258,6.372237849047258,hypothetical electrical-rate transfer to a 5 mM metal-ion inventory; BMIM nitrate itself contains no metal; diagnostic scenario only because the source rate did not pass its passive-background reporting gate,False,not_reportable_passive_background_model_rejected,total_negative_electrical_charge_equivalents; 100_percent_delivery_and_utilization; not_electron_specific; not_a_chemical_yield_prediction
BMIM_nitrate_10kHz,"BMIM nitrate, 10 kHz",BMIM_nitrate,10.0,4.7,False,2.5,5.0,1.0,3.66210364361855e+16,3.66210364361855e+16,3.66210364361855e+16,6.440756535596154,6.440756535596154,6.440756535596154,hypothetical electrical-rate transfer to a 5 mM metal-ion inventory; BMIM nitrate itself contains no metal; diagnostic scenario only because the source rate did not pass its passive-background reporting gate,False,not_reportable_passive_background_model_rejected,total_negative_electrical_charge_equivalents; 100_percent_delivery_and_utilization; not_electron_specific; not_a_chemical_yield_prediction
BMIM_nitrate_10kHz,"BMIM nitrate, 10 kHz",BMIM_nitrate,10.0,4.75,False,2.5,5.0,1.0,3.66210364361855e+16,3.66210364361855e+16,3.66210364361855e+16,6.509275222145049,6.509275222145049,6.509275222145049,hypothetical electrical-rate transfer to a 5 mM metal-ion inventory; BMIM nitrate itself contains no metal; diagnostic scenario only because the source rate did not pass its passive-background reporting gate,False,not_reportable_passive_background_model_rejected,total_negative_electrical_charge_equivalents; 100_percent_delivery_and_utilization; not_electron_specific; not_a_chemical_yield_prediction
BMIM_nitrate_10kHz,"BMIM nitrate, 10 kHz",BMIM_nitrate,10.0,4.800000000000001,False,2.5,5.0,1.0,3.66210364361855e+16,3.66210364361855e+16,3.66210364361855e+16,6.577793908693945,6.577793908693945,6.577793908693945,hypothetical electrical-rate transfer to a 5 mM metal-ion inventory; BMIM nitrate itself contains no metal; diagnostic scenario only because the source rate did not pass its passive-background reporting gate,False,not_reportable_passive_background_model_rejected,total_negative_electrical_charge_equivalents; 100_percent_delivery_and_utilization; not_electron_specific; not_a_chemical_yield_prediction
BMIM_nitrate_10kHz,"BMIM nitrate, 10 kHz",BMIM_nitrate,10.0,4.8500000000000005,False,2.5,5.0,1.0,3.66210364361855e+16,3.66210364361855e+16,3.66210364361855e+16,6.646312595242839,6.646312595242839,6.646312595242839,hypothetical electrical-rate transfer to a 5 mM metal-ion inventory; BMIM nitrate itself contains no metal; diagnostic scenario only because the source rate did not pass its passive-background reporting gate,False,not_reportable_passive_background_model_rejected,total_negative_electrical_charge_equivalents; 100_percent_delivery_and_utilization; not_electron_specific; not_a_chemical_yield_prediction
BMIM_nitrate_10kHz,"BMIM nitrate, 10 kHz",BMIM_nitrate,10.0,4.9,False,2.5,5.0,1.0,3.66210364361855e+16,3.66210364361855e+16,3.66210364361855e+16,6.714831281791734,6.714831281791734,6.714831281791734,hypothetical electrical-rate transfer to a 5 mM metal-ion inventory; BMIM nitrate itself contains no metal; diagnostic scenario only because the source rate did not pass its passive-background reporting gate,False,not_reportable_passive_background_model_rejected,total_negative_electrical_charge_equivalents; 100_percent_delivery_and_utilization; not_electron_specific; not_a_chemical_yield_prediction
BMIM_nitrate_10kHz,"BMIM nitrate, 10 kHz",BMIM_nitrate,10.0,4.95,False,2.5,5.0,1.0,3.66210364361855e+16,3.66210364361855e+16,3.66210364361855e+16,6.783349968340629,6.783349968340629,6.783349968340629,hypothetical electrical-rate transfer to a 5 mM metal-ion inventory; BMIM nitrate itself contains no metal; diagnostic scenario only because the source rate did not pass its passive-background reporting gate,False,not_reportable_passive_background_model_rejected,total_negative_electrical_charge_equivalents; 100_percent_delivery_and_utilization; not_electron_specific; not_a_chemical_yield_prediction
BMIM_nitrate_10kHz,"BMIM nitrate, 10 kHz",BMIM_nitrate,10.0,5.0,False,2.5,5.0,1.0,3.66210364361855e+16,3.66210364361855e+16,3.66210364361855e+16,6.8518686548895245,6.8518686548895245,6.8518686548895245,hypothetical electrical-rate transfer to a 5 mM metal-ion inventory; BMIM nitrate itself contains no metal; diagnostic scenario only because the source rate did not pass its passive-background reporting gate,False,not_reportable_passive_background_model_rejected,total_negative_electrical_charge_equivalents; 100_percent_delivery_and_utilization; not_electron_specific; not_a_chemical_yield_prediction
BMIM_nitrate_20kHz,"BMIM nitrate, 20 kHz",BMIM_nitrate,20.0,0.0,False,2.5,5.0,1.0,6.92023180385356e+16,6.92023180385356e+16,6.92023180385356e+16,0.0,0.0,0.0,hypothetical electrical-rate transfer to a 5 mM metal-ion inventory; BMIM nitrate itself contains no metal; diagnostic scenario only because the source rate did not pass its passive-background reporting gate,False,not_reportable_passive_background_model_rejected,total_negative_electrical_charge_equivalents; 100_percent_delivery_and_utilization; not_electron_specific; not_a_chemical_yield_prediction
BMIM_nitrate_20kHz,"BMIM nitrate, 20 kHz",BMIM_nitrate,20.0,0.05,False,2.5,5.0,1.0,6.92023180385356e+16,6.92023180385356e+16,6.92023180385356e+16,0.03625926685388478,0.03625926685388478,0.03625926685388478,hypothetical electrical-rate transfer to a 5 mM metal-ion inventory; BMIM nitrate itself contains no metal; diagnostic scenario only because the source rate did not pass its passive-background reporting gate,False,not_reportable_passive_background_model_rejected,total_negative_electrical_charge_equivalents; 100_percent_delivery_and_utilization; not_electron_specific; not_a_chemical_yield_prediction
BMIM_nitrate_20kHz,"BMIM nitrate, 20 kHz",BMIM_nitrate,20.0,0.1,False,2.5,5.0,1.0,6.92023180385356e+16,6.92023180385356e+16,6.92023180385356e+16,0.07251853370776956,0.07251853370776956,0.07251853370776956,hypothetical electrical-rate transfer to a 5 mM metal-ion inventory; BMIM nitrate itself contains no metal; diagnostic scenario only because the source rate did not pass its passive-background reporting gate,False,not_reportable_passive_background_model_rejected,total_negative_electrical_charge_equivalents; 100_percent_delivery_and_utilization; not_electron_specific; not_a_chemical_yield_prediction
BMIM_nitrate_20kHz,"BMIM nitrate, 20 kHz",BMIM_nitrate,20.0,0.15000000000000002,False,2.5,5.0,1.0,6.92023180385356e+16,6.92023180385356e+16,6.92023180385356e+16,0.10877780056165434,0.10877780056165434,0.10877780056165434,hypothetical electrical-rate transfer to a 5 mM metal-ion inventory; BMIM nitrate itself contains no metal; diagnostic scenario only because the source rate did not pass its passive-background reporting gate,False,not_reportable_passive_background_model_rejected,total_negative_electrical_charge_equivalents; 100_percent_delivery_and_utilization; not_electron_specific; not_a_chemical_yield_prediction
BMIM_nitrate_20kHz,"BMIM nitrate, 20 kHz",BMIM_nitrate,20.0,0.2,False,2.5,5.0,1.0,6.92023180385356e+16,6.92023180385356e+16,6.92023180385356e+16,0.14503706741553912,0.14503706741553912,0.14503706741553912,hypothetical electrical-rate transfer to a 5 mM metal-ion inventory; BMIM nitrate itself contains no metal; diagnostic scenario only because the source rate did not pass its passive-background reporting gate,False,not_reportable_passive_background_model_rejected,total_negative_electrical_charge_equivalents; 100_percent_delivery_and_utilization; not_electron_specific; not_a_chemical_yield_prediction
BMIM_nitrate_20kHz,"BMIM nitrate, 20 kHz",BMIM_nitrate,20.0,0.25,False,2.5,5.0,1.0,6.92023180385356e+16,6.92023180385356e+16,6.92023180385356e+16,0.18129633426942388,0.18129633426942388,0.18129633426942388,hypothetical electrical-rate transfer to a 5 mM metal-ion inventory; BMIM nitrate itself contains no metal; diagnostic scenario only because the source rate did not pass its passive-background reporting gate,False,not_reportable_passive_background_model_rejected,total_negative_electrical_charge_equivalents; 100_percent_delivery_and_utilization; not_electron_specific; not_a_chemical_yield_prediction
BMIM_nitrate_20kHz,"BMIM nitrate, 20 kHz",BMIM_nitrate,20.0,0.30000000000000004,False,2.5,5.0,1.0,6.92023180385356e+16,6.92023180385356e+16,6.92023180385356e+16,0.21755560112330868,0.21755560112330868,0.21755560112330868,hypothetical electrical-rate transfer to a 5 mM metal-ion inventory; BMIM nitrate itself contains no metal; diagnostic scenario only because the source rate did not pass its passive-background reporting gate,False,not_reportable_passive_background_model_rejected,total_negative_electrical_charge_equivalents; 100_percent_delivery_and_utilization; not_electron_specific; not_a_chemical_yield_prediction
BMIM_nitrate_20kHz,"BMIM nitrate, 20 kHz",BMIM_nitrate,20.0,0.35000000000000003,False,2.5,5.0,1.0,6.92023180385356e+16,6.92023180385356e+16,6.92023180385356e+16,0.25381486797719344,0.25381486797719344,0.25381486797719344,hypothetical electrical-rate transfer to a 5 mM metal-ion inventory; BMIM nitrate itself contains no metal; diagnostic scenario only because the source rate did not pass its passive-background reporting gate,False,not_reportable_passive_background_model_rejected,total_negative_electrical_charge_equivalents; 100_percent_delivery_and_utilization; not_electron_specific; not_a_chemical_yield_prediction
BMIM_nitrate_20kHz,"BMIM nitrate, 20 kHz",BMIM_nitrate,20.0,0.4,False,2.5,5.0,1.0,6.92023180385356e+16,6.92023180385356e+16,6.92023180385356e+16,0.29007413483107825,0.29007413483107825,0.29007413483107825,hypothetical electrical-rate transfer to a 5 mM metal-ion inventory; BMIM nitrate itself contains no metal; diagnostic scenario only because the source rate did not pass its passive-background reporting gate,False,not_reportable_passive_background_model_rejected,total_negative_electrical_charge_equivalents; 100_percent_delivery_and_utilization; not_electron_specific; not_a_chemical_yield_prediction
BMIM_nitrate_20kHz,"BMIM nitrate, 20 kHz",BMIM_nitrate,20.0,0.45,False,2.5,5.0,1.0,6.92023180385356e+16,6.92023180385356e+16,6.92023180385356e+16,0.326333401684963,0.326333401684963,0.326333401684963,hypothetical electrical-rate transfer to a 5 mM metal-ion inventory; BMIM nitrate itself contains no metal; diagnostic scenario only because the source rate did not pass its passive-background reporting gate,False,not_reportable_passive_background_model_rejected,total_negative_electrical_charge_equivalents; 100_percent_delivery_and_utilization; not_electron_specific; not_a_chemical_yield_prediction
BMIM_nitrate_20kHz,"BMIM nitrate, 20 kHz",BMIM_nitrate,20.0,0.5,False,2.5,5.0,1.0,6.92023180385356e+16,6.92023180385356e+16,6.92023180385356e+16,0.36259266853884775,0.36259266853884775,0.36259266853884775,hypothetical electrical-rate transfer to a 5 mM metal-ion inventory; BMIM nitrate itself contains no metal; diagnostic scenario only because the source rate did not pass its passive-background reporting gate,False,not_reportable_passive_background_model_rejected,total_negative_electrical_charge_equivalents; 100_percent_delivery_and_utilization; not_electron_specific; not_a_chemical_yield_prediction
BMIM_nitrate_20kHz,"BMIM nitrate, 20 kHz",BMIM_nitrate,20.0,0.55,False,2.5,5.0,1.0,6.92023180385356e+16,6.92023180385356e+16,6.92023180385356e+16,0.39885193539273256,0.39885193539273256,0.39885193539273256,hypothetical electrical-rate transfer to a 5 mM metal-ion inventory; BMIM nitrate itself contains no metal; diagnostic scenario only because the source rate did not pass its passive-background reporting gate,False,not_reportable_passive_background_model_rejected,total_negative_electrical_charge_equivalents; 100_percent_delivery_and_utilization; not_electron_specific; not_a_chemical_yield_prediction
BMIM_nitrate_20kHz,"BMIM nitrate, 20 kHz",BMIM_nitrate,20.0,0.6000000000000001,False,2.5,5.0,1.0,6.92023180385356e+16,6.92023180385356e+16,6.92023180385356e+16,0.43511120224661737,0.43511120224661737,0.43511120224661737,hypothetical electrical-rate transfer to a 5 mM metal-ion inventory; BMIM nitrate itself contains no metal; diagnostic scenario only because the source rate did not pass its passive-background reporting gate,False,not_reportable_passive_background_model_rejected,total_negative_electrical_charge_equivalents; 100_percent_delivery_and_utilization; not_electron_specific; not_a_chemical_yield_prediction
BMIM_nitrate_20kHz,"BMIM nitrate, 20 kHz",BMIM_nitrate,20.0,0.65,False,2.5,5.0,1.0,6.92023180385356e+16,6.92023180385356e+16,6.92023180385356e+16,0.4713704691005021,0.4713704691005021,0.4713704691005021,hypothetical electrical-rate transfer to a 5 mM metal-ion inventory; BMIM nitrate itself contains no metal; diagnostic scenario only because the source rate did not pass its passive-background reporting gate,False,not_reportable_passive_background_model_rejected,total_negative_electrical_charge_equivalents; 100_percent_delivery_and_utilization; not_electron_specific; not_a_chemical_yield_prediction
BMIM_nitrate_20kHz,"BMIM nitrate, 20 kHz",BMIM_nitrate,20.0,0.7000000000000001,False,2.5,5.0,1.0,6.92023180385356e+16,6.92023180385356e+16,6.92023180385356e+16,0.5076297359543869,0.5076297359543869,0.5076297359543869,hypothetical electrical-rate transfer to a 5 mM metal-ion inventory; BMIM nitrate itself contains no metal; diagnostic scenario only because the source rate did not pass its passive-background reporting gate,False,not_reportable_passive_background_model_rejected,total_negative_electrical_charge_equivalents; 100_percent_delivery_and_utilization; not_electron_specific; not_a_chemical_yield_prediction
BMIM_nitrate_20kHz,"BMIM nitrate, 20 kHz",BMIM_nitrate,20.0,0.75,False,2.5,5.0,1.0,6.92023180385356e+16,6.92023180385356e+16,6.92023180385356e+16,0.5438890028082717,0.5438890028082717,0.5438890028082717,hypothetical electrical-rate transfer to a 5 mM metal-ion inventory; BMIM nitrate itself contains no metal; diagnostic scenario only because the source rate did not pass its passive-background reporting gate,False,not_reportable_passive_background_model_rejected,total_negative_electrical_charge_equivalents; 100_percent_delivery_and_utilization; not_electron_specific; not_a_chemical_yield_prediction
BMIM_nitrate_20kHz,"BMIM nitrate, 20 kHz",BMIM_nitrate,20.0,0.8,False,2.5,5.0,1.0,6.92023180385356e+16,6.92023180385356e+16,6.92023180385356e+16,0.5801482696621565,0.5801482696621565,0.5801482696621565,hypothetical electrical-rate transfer to a 5 mM metal-ion inventory; BMIM nitrate itself contains no metal; diagnostic scenario only because the source rate did not pass its passive-background reporting gate,False,not_reportable_passive_background_model_rejected,total_negative_electrical_charge_equivalents; 100_percent_delivery_and_utilization; not_electron_specific; not_a_chemical_yield_prediction
BMIM_nitrate_20kHz,"BMIM nitrate, 20 kHz",BMIM_nitrate,20.0,0.8500000000000001,False,2.5,5.0,1.0,6.92023180385356e+16,6.92023180385356e+16,6.92023180385356e+16,0.6164075365160413,0.6164075365160413,0.6164075365160413,hypothetical electrical-rate transfer to a 5 mM metal-ion inventory; BMIM nitrate itself contains no metal; diagnostic scenario only because the source rate did not pass its passive-background reporting gate,False,not_reportable_passive_background_model_rejected,total_negative_electrical_charge_equivalents; 100_percent_delivery_and_utilization; not_electron_specific; not_a_chemical_yield_prediction
BMIM_nitrate_20kHz,"BMIM nitrate, 20 kHz",BMIM_nitrate,20.0,0.9,False,2.5,5.0,1.0,6.92023180385356e+16,6.92023180385356e+16,6.92023180385356e+16,0.652666803369926,0.652666803369926,0.652666803369926,hypothetical electrical-rate transfer to a 5 mM metal-ion inventory; BMIM nitrate itself contains no metal; diagnostic scenario only because the source rate did not pass its passive-background reporting gate,False,not_reportable_passive_background_model_rejected,total_negative_electrical_charge_equivalents; 100_percent_delivery_and_utilization; not_electron_specific; not_a_chemical_yield_prediction
BMIM_nitrate_20kHz,"BMIM nitrate, 20 kHz",BMIM_nitrate,20.0,0.9500000000000001,False,2.5,5.0,1.0,6.92023180385356e+16,6.92023180385356e+16,6.92023180385356e+16,0.6889260702238108,0.6889260702238108,0.6889260702238108,hypothetical electrical-rate transfer to a 5 mM metal-ion inventory; BMIM nitrate itself contains no metal; diagnostic scenario only because the source rate did not pass its passive-background reporting gate,False,not_reportable_passive_background_model_rejected,total_negative_electrical_charge_equivalents; 100_percent_delivery_and_utilization; not_electron_specific; not_a_chemical_yield_prediction
BMIM_nitrate_20kHz,"BMIM nitrate, 20 kHz",BMIM_nitrate,20.0,1.0,False,2.5,5.0,1.0,6.92023180385356e+16,6.92023180385356e+16,6.92023180385356e+16,0.7251853370776955,0.7251853370776955,0.7251853370776955,hypothetical electrical-rate transfer to a 5 mM metal-ion inventory; BMIM nitrate itself contains no metal; diagnostic scenario only because the source rate did not pass its passive-background reporting gate,False,not_reportable_passive_background_model_rejected,total_negative_electrical_charge_equivalents; 100_percent_delivery_and_utilization; not_electron_specific; not_a_chemical_yield_prediction
BMIM_nitrate_20kHz,"BMIM nitrate, 20 kHz",BMIM_nitrate,20.0,1.05,False,2.5,5.0,1.0,6.92023180385356e+16,6.92023180385356e+16,6.92023180385356e+16,0.7614446039315804,0.7614446039315804,0.7614446039315804,hypothetical electrical-rate transfer to a 5 mM metal-ion inventory; BMIM nitrate itself contains no metal; diagnostic scenario only because the source rate did not pass its passive-background reporting gate,False,not_reportable_passive_background_model_rejected,total_negative_electrical_charge_equivalents; 100_percent_delivery_and_utilization; not_electron_specific; not_a_chemical_yield_prediction
BMIM_nitrate_20kHz,"BMIM nitrate, 20 kHz",BMIM_nitrate,20.0,1.1,False,2.5,5.0,1.0,6.92023180385356e+16,6.92023180385356e+16,6.92023180385356e+16,0.7977038707854651,0.7977038707854651,0.7977038707854651,hypothetical electrical-rate transfer to a 5 mM metal-ion inventory; BMIM nitrate itself contains no metal; diagnostic scenario only because the source rate did not pass its passive-background reporting gate,False,not_reportable_passive_background_model_rejected,total_negative_electrical_charge_equivalents; 100_percent_delivery_and_utilization; not_electron_specific; not_a_chemical_yield_prediction
BMIM_nitrate_20kHz,"BMIM nitrate, 20 kHz",BMIM_nitrate,20.0,1.1500000000000001,False,2.5,5.0,1.0,6.92023180385356e+16,6.92023180385356e+16,6.92023180385356e+16,0.8339631376393499,0.8339631376393499,0.8339631376393499,hypothetical electrical-rate transfer to a 5 mM metal-ion inventory; BMIM nitrate itself contains no metal; diagnostic scenario only because the source rate did not pass its passive-background reporting gate,False,not_reportable_passive_background_model_rejected,total_negative_electrical_charge_equivalents; 100_percent_delivery_and_utilization; not_electron_specific; not_a_chemical_yield_prediction
BMIM_nitrate_20kHz,"BMIM nitrate, 20 kHz",BMIM_nitrate,20.0,1.2000000000000002,False,2.5,5.0,1.0,6.92023180385356e+16,6.92023180385356e+16,6.92023180385356e+16,0.8702224044932347,0.8702224044932347,0.8702224044932347,hypothetical electrical-rate transfer to a 5 mM metal-ion inventory; BMIM nitrate itself contains no metal; diagnostic scenario only because the source rate did not pass its passive-background reporting gate,False,not_reportable_passive_background_model_rejected,total_negative_electrical_charge_equivalents; 100_percent_delivery_and_utilization; not_electron_specific; not_a_chemical_yield_prediction
BMIM_nitrate_20kHz,"BMIM nitrate, 20 kHz",BMIM_nitrate,20.0,1.25,False,2.5,5.0,1.0,6.92023180385356e+16,6.92023180385356e+16,6.92023180385356e+16,0.9064816713471193,0.9064816713471193,0.9064816713471193,hypothetical electrical-rate transfer to a 5 mM metal-ion inventory; BMIM nitrate itself contains no metal; diagnostic scenario only because the source rate did not pass its passive-background reporting gate,False,not_reportable_passive_background_model_rejected,total_negative_electrical_charge_equivalents; 100_percent_delivery_and_utilization; not_electron_specific; not_a_chemical_yield_prediction
BMIM_nitrate_20kHz,"BMIM nitrate, 20 kHz",BMIM_nitrate,20.0,1.3,False,2.5,5.0,1.0,6.92023180385356e+16,6.92023180385356e+16,6.92023180385356e+16,0.9427409382010042,0.9427409382010042,0.9427409382010042,hypothetical electrical-rate transfer to a 5 mM metal-ion inventory; BMIM nitrate itself contains no metal; diagnostic scenario only because the source rate did not pass its passive-background reporting gate,False,not_reportable_passive_background_model_rejected,total_negative_electrical_charge_equivalents; 100_percent_delivery_and_utilization; not_electron_specific; not_a_chemical_yield_prediction
BMIM_nitrate_20kHz,"BMIM nitrate, 20 kHz",BMIM_nitrate,20.0,1.35,False,2.5,5.0,1.0,6.92023180385356e+16,6.92023180385356e+16,6.92023180385356e+16,0.979000205054889,0.979000205054889,0.979000205054889,hypothetical electrical-rate transfer to a 5 mM metal-ion inventory; BMIM nitrate itself contains no metal; diagnostic scenario only because the source rate did not pass its passive-background reporting gate,False,not_reportable_passive_background_model_rejected,total_negative_electrical_charge_equivalents; 100_percent_delivery_and_utilization; not_electron_specific; not_a_chemical_yield_prediction
BMIM_nitrate_20kHz,"BMIM nitrate, 20 kHz",BMIM_nitrate,20.0,1.4000000000000001,False,2.5,5.0,1.0,6.92023180385356e+16,6.92023180385356e+16,6.92023180385356e+16,1.0152594719087737,1.0152594719087737,1.0152594719087737,hypothetical electrical-rate transfer to a 5 mM metal-ion inventory; BMIM nitrate itself contains no metal; diagnostic scenario only because the source rate did not pass its passive-background reporting gate,False,not_reportable_passive_background_model_rejected,total_negative_electrical_charge_equivalents; 100_percent_delivery_and_utilization; not_electron_specific; not_a_chemical_yield_prediction
BMIM_nitrate_20kHz,"BMIM nitrate, 20 kHz",BMIM_nitrate,20.0,1.4500000000000002,False,2.5,5.0,1.0,6.92023180385356e+16,6.92023180385356e+16,6.92023180385356e+16,1.0515187387626586,1.0515187387626586,1.0515187387626586,hypothetical electrical-rate transfer to a 5 mM metal-ion inventory; BMIM nitrate itself contains no metal; diagnostic scenario only because the source rate did not pass its passive-background reporting gate,False,not_reportable_passive_background_model_rejected,total_negative_electrical_charge_equivalents; 100_percent_delivery_and_utilization; not_electron_specific; not_a_chemical_yield_prediction
BMIM_nitrate_20kHz,"BMIM nitrate, 20 kHz",BMIM_nitrate,20.0,1.5,False,2.5,5.0,1.0,6.92023180385356e+16,6.92023180385356e+16,6.92023180385356e+16,1.0877780056165434,1.0877780056165434,1.0877780056165434,hypothetical electrical-rate transfer to a 5 mM metal-ion inventory; BMIM nitrate itself contains no metal; diagnostic scenario only because the source rate did not pass its passive-background reporting gate,False,not_reportable_passive_background_model_rejected,total_negative_electrical_charge_equivalents; 100_percent_delivery_and_utilization; not_electron_specific; not_a_chemical_yield_prediction
BMIM_nitrate_20kHz,"BMIM nitrate, 20 kHz",BMIM_nitrate,20.0,1.55,False,2.5,5.0,1.0,6.92023180385356e+16,6.92023180385356e+16,6.92023180385356e+16,1.124037272470428,1.124037272470428,1.124037272470428,hypothetical electrical-rate transfer to a 5 mM metal-ion inventory; BMIM nitrate itself contains no metal; diagnostic scenario only because the source rate did not pass its passive-background reporting gate,False,not_reportable_passive_background_model_rejected,total_negative_electrical_charge_equivalents; 100_percent_delivery_and_utilization; not_electron_specific; not_a_chemical_yield_prediction
BMIM_nitrate_20kHz,"BMIM nitrate, 20 kHz",BMIM_nitrate,20.0,1.6,False,2.5,5.0,1.0,6.92023180385356e+16,6.92023180385356e+16,6.92023180385356e+16,1.160296539324313,1.160296539324313,1.160296539324313,hypothetical electrical-rate transfer to a 5 mM metal-ion inventory; BMIM nitrate itself contains no metal; diagnostic scenario only because the source rate did not pass its passive-background reporting gate,False,not_reportable_passive_background_model_rejected,total_negative_electrical_charge_equivalents; 100_percent_delivery_and_utilization; not_electron_specific; not_a_chemical_yield_prediction
BMIM_nitrate_20kHz,"BMIM nitrate, 20 kHz",BMIM_nitrate,20.0,1.6500000000000001,False,2.5,5.0,1.0,6.92023180385356e+16,6.92023180385356e+16,6.92023180385356e+16,1.1965558061781978,1.1965558061781978,1.1965558061781978,hypothetical electrical-rate transfer to a 5 mM metal-ion inventory; BMIM nitrate itself contains no metal; diagnostic scenario only because the source rate did not pass its passive-background reporting gate,False,not_reportable_passive_background_model_rejected,total_negative_electrical_charge_equivalents; 100_percent_delivery_and_utilization; not_electron_specific; not_a_chemical_yield_prediction
BMIM_nitrate_20kHz,"BMIM nitrate, 20 kHz",BMIM_nitrate,20.0,1.7000000000000002,False,2.5,5.0,1.0,6.92023180385356e+16,6.92023180385356e+16,6.92023180385356e+16,1.2328150730320826,1.2328150730320826,1.2328150730320826,hypothetical electrical-rate transfer to a 5 mM metal-ion inventory; BMIM nitrate itself contains no metal; diagnostic scenario only because the source rate did not pass its passive-background reporting gate,False,not_reportable_passive_background_model_rejected,total_negative_electrical_charge_equivalents; 100_percent_delivery_and_utilization; not_electron_specific; not_a_chemical_yield_prediction
BMIM_nitrate_20kHz,"BMIM nitrate, 20 kHz",BMIM_nitrate,20.0,1.75,False,2.5,5.0,1.0,6.92023180385356e+16,6.92023180385356e+16,6.92023180385356e+16,1.2690743398859672,1.2690743398859672,1.2690743398859672,hypothetical electrical-rate transfer to a 5 mM metal-ion inventory; BMIM nitrate itself contains no metal; diagnostic scenario only because the source rate did not pass its passive-background reporting gate,False,not_reportable_passive_background_model_rejected,total_negative_electrical_charge_equivalents; 100_percent_delivery_and_utilization; not_electron_specific; not_a_chemical_yield_prediction
BMIM_nitrate_20kHz,"BMIM nitrate, 20 kHz",BMIM_nitrate,20.0,1.8,False,2.5,5.0,1.0,6.92023180385356e+16,6.92023180385356e+16,6.92023180385356e+16,1.305333606739852,1.305333606739852,1.305333606739852,hypothetical electrical-rate transfer to a 5 mM metal-ion inventory; BMIM nitrate itself contains no metal; diagnostic scenario only because the source rate did not pass its passive-background reporting gate,False,not_reportable_passive_background_model_rejected,total_negative_electrical_charge_equivalents; 100_percent_delivery_and_utilization; not_electron_specific; not_a_chemical_yield_prediction
BMIM_nitrate_20kHz,"BMIM nitrate, 20 kHz",BMIM_nitrate,20.0,1.85,False,2.5,5.0,1.0,6.92023180385356e+16,6.92023180385356e+16,6.92023180385356e+16,1.3415928735937368,1.3415928735937368,1.3415928735937368,hypothetical electrical-rate transfer to a 5 mM metal-ion inventory; BMIM nitrate itself contains no metal; diagnostic scenario only because the source rate did not pass its passive-background reporting gate,False,not_reportable_passive_background_model_rejected,total_negative_electrical_charge_equivalents; 100_percent_delivery_and_utilization; not_electron_specific; not_a_chemical_yield_prediction
BMIM_nitrate_20kHz,"BMIM nitrate, 20 kHz",BMIM_nitrate,20.0,1.9000000000000001,False,2.5,5.0,1.0,6.92023180385356e+16,6.92023180385356e+16,6.92023180385356e+16,1.3778521404476216,1.3778521404476216,1.3778521404476216,hypothetical electrical-rate transfer to a 5 mM metal-ion inventory; BMIM nitrate itself contains no metal; diagnostic scenario only because the source rate did not pass its passive-background reporting gate,False,not_reportable_passive_background_model_rejected,total_negative_electrical_charge_equivalents; 100_percent_delivery_and_utilization; not_electron_specific; not_a_chemical_yield_prediction
BMIM_nitrate_20kHz,"BMIM nitrate, 20 kHz",BMIM_nitrate,20.0,1.9500000000000002,False,2.5,5.0,1.0,6.92023180385356e+16,6.92023180385356e+16,6.92023180385356e+16,1.4141114073015064,1.4141114073015064,1.4141114073015064,hypothetical electrical-rate transfer to a 5 mM metal-ion inventory; BMIM nitrate itself contains no metal; diagnostic scenario only because the source rate did not pass its passive-background reporting gate,False,not_reportable_passive_background_model_rejected,total_negative_electrical_charge_equivalents; 100_percent_delivery_and_utilization; not_electron_specific; not_a_chemical_yield_prediction
BMIM_nitrate_20kHz,"BMIM nitrate, 20 kHz",BMIM_nitrate,20.0,2.0,False,2.5,5.0,1.0,6.92023180385356e+16,6.92023180385356e+16,6.92023180385356e+16,1.450370674155391,1.450370674155391,1.450370674155391,hypothetical electrical-rate transfer to a 5 mM metal-ion inventory; BMIM nitrate itself contains no metal; diagnostic scenario only because the source rate did not pass its passive-background reporting gate,False,not_reportable_passive_background_model_rejected,total_negative_electrical_charge_equivalents; 100_percent_delivery_and_utilization; not_electron_specific; not_a_chemical_yield_prediction
BMIM_nitrate_20kHz,"BMIM nitrate, 20 kHz",BMIM_nitrate,20.0,2.0500000000000003,False,2.5,5.0,1.0,6.92023180385356e+16,6.92023180385356e+16,6.92023180385356e+16,1.4866299410092758,1.4866299410092758,1.4866299410092758,hypothetical electrical-rate transfer to a 5 mM metal-ion inventory; BMIM nitrate itself contains no metal; diagnostic scenario only because the source rate did not pass its passive-background reporting gate,False,not_reportable_passive_background_model_rejected,total_negative_electrical_charge_equivalents; 100_percent_delivery_and_utilization; not_electron_specific; not_a_chemical_yield_prediction
BMIM_nitrate_20kHz,"BMIM nitrate, 20 kHz",BMIM_nitrate,20.0,2.1,False,2.5,5.0,1.0,6.92023180385356e+16,6.92023180385356e+16,6.92023180385356e+16,1.5228892078631608,1.5228892078631608,1.5228892078631608,hypothetical electrical-rate transfer to a 5 mM metal-ion inventory; BMIM nitrate itself contains no metal; diagnostic scenario only because the source rate did not pass its passive-background reporting gate,False,not_reportable_passive_background_model_rejected,total_negative_electrical_charge_equivalents; 100_percent_delivery_and_utilization; not_electron_specific; not_a_chemical_yield_prediction
BMIM_nitrate_20kHz,"BMIM nitrate, 20 kHz",BMIM_nitrate,20.0,2.15,False,2.5,5.0,1.0,6.92023180385356e+16,6.92023180385356e+16,6.92023180385356e+16,1.5591484747170454,1.5591484747170454,1.5591484747170454,hypothetical electrical-rate transfer to a 5 mM metal-ion inventory; BMIM nitrate itself contains no metal; diagnostic scenario only because the source rate did not pass its passive-background reporting gate,False,not_reportable_passive_background_model_rejected,total_negative_electrical_charge_equivalents; 100_percent_delivery_and_utilization; not_electron_specific; not_a_chemical_yield_prediction
BMIM_nitrate_20kHz,"BMIM nitrate, 20 kHz",BMIM_nitrate,20.0,2.2,False,2.5,5.0,1.0,6.92023180385356e+16,6.92023180385356e+16,6.92023180385356e+16,1.5954077415709302,1.5954077415709302,1.5954077415709302,hypothetical electrical-rate transfer to a 5 mM metal-ion inventory; BMIM nitrate itself contains no metal; diagnostic scenario only because the source rate did not pass its passive-background reporting gate,False,not_reportable_passive_background_model_rejected,total_negative_electrical_charge_equivalents; 100_percent_delivery_and_utilization; not_electron_specific; not_a_chemical_yield_prediction
BMIM_nitrate_20kHz,"BMIM nitrate, 20 kHz",BMIM_nitrate,20.0,2.25,False,2.5,5.0,1.0,6.92023180385356e+16,6.92023180385356e+16,6.92023180385356e+16,1.6316670084248148,1.6316670084248148,1.6316670084248148,hypothetical electrical-rate transfer to a 5 mM metal-ion inventory; BMIM nitrate itself contains no metal; diagnostic scenario only because the source rate did not pass its passive-background reporting gate,False,not_reportable_passive_background_model_rejected,total_negative_electrical_charge_equivalents; 100_percent_delivery_and_utilization; not_electron_specific; not_a_chemical_yield_prediction
BMIM_nitrate_20kHz,"BMIM nitrate, 20 kHz",BMIM_nitrate,20.0,2.3000000000000003,False,2.5,5.0,1.0,6.92023180385356e+16,6.92023180385356e+16,6.92023180385356e+16,1.6679262752786999,1.6679262752786999,1.6679262752786999,hypothetical electrical-rate transfer to a 5 mM metal-ion inventory; BMIM nitrate itself contains no metal; diagnostic scenario only because the source rate did not pass its passive-background reporting gate,False,not_reportable_passive_background_model_rejected,total_negative_electrical_charge_equivalents; 100_percent_delivery_and_utilization; not_electron_specific; not_a_chemical_yield_prediction
BMIM_nitrate_20kHz,"BMIM nitrate, 20 kHz",BMIM_nitrate,20.0,2.35,False,2.5,5.0,1.0,6.92023180385356e+16,6.92023180385356e+16,6.92023180385356e+16,1.7041855421325847,1.7041855421325847,1.7041855421325847,hypothetical electrical-rate transfer to a 5 mM metal-ion inventory; BMIM nitrate itself contains no metal; diagnostic scenario only because the source rate did not pass its passive-background reporting gate,False,not_reportable_passive_background_model_rejected,total_negative_electrical_charge_equivalents; 100_percent_delivery_and_utilization; not_electron_specific; not_a_chemical_yield_prediction
BMIM_nitrate_20kHz,"BMIM nitrate, 20 kHz",BMIM_nitrate,20.0,2.4000000000000004,False,2.5,5.0,1.0,6.92023180385356e+16,6.92023180385356e+16,6.92023180385356e+16,1.7404448089864695,1.7404448089864695,1.7404448089864695,hypothetical electrical-rate transfer to a 5 mM metal-ion inventory; BMIM nitrate itself contains no metal; diagnostic scenario only because the source rate did not pass its passive-background reporting gate,False,not_reportable_passive_background_model_rejected,total_negative_electrical_charge_equivalents; 100_percent_delivery_and_utilization; not_electron_specific; not_a_chemical_yield_prediction
BMIM_nitrate_20kHz,"BMIM nitrate, 20 kHz",BMIM_nitrate,20.0,2.45,False,2.5,5.0,1.0,6.92023180385356e+16,6.92023180385356e+16,6.92023180385356e+16,1.776704075840354,1.776704075840354,1.776704075840354,hypothetical electrical-rate transfer to a 5 mM metal-ion inventory; BMIM nitrate itself contains no metal; diagnostic scenario only because the source rate did not pass its passive-background reporting gate,False,not_reportable_passive_background_model_rejected,total_negative_electrical_charge_equivalents; 100_percent_delivery_and_utilization; not_electron_specific; not_a_chemical_yield_prediction
BMIM_nitrate_20kHz,"BMIM nitrate, 20 kHz",BMIM_nitrate,20.0,2.5,True,2.5,5.0,1.0,6.92023180385356e+16,6.92023180385356e+16,6.92023180385356e+16,1.8129633426942386,1.8129633426942386,1.8129633426942386,hypothetical electrical-rate transfer to a 5 mM metal-ion inventory; BMIM nitrate itself contains no metal; diagnostic scenario only because the source rate did not pass its passive-background reporting gate,False,not_reportable_passive_background_model_rejected,total_negative_electrical_charge_equivalents; 100_percent_delivery_and_utilization; not_electron_specific; not_a_chemical_yield_prediction
BMIM_nitrate_20kHz,"BMIM nitrate, 20 kHz",BMIM_nitrate,20.0,2.5500000000000003,False,2.5,5.0,1.0,6.92023180385356e+16,6.92023180385356e+16,6.92023180385356e+16,1.8492226095481237,1.8492226095481237,1.8492226095481237,hypothetical electrical-rate transfer to a 5 mM metal-ion inventory; BMIM nitrate itself contains no metal; diagnostic scenario only because the source rate did not pass its passive-background reporting gate,False,not_reportable_passive_background_model_rejected,total_negative_electrical_charge_equivalents; 100_percent_delivery_and_utilization; not_electron_specific; not_a_chemical_yield_prediction
BMIM_nitrate_20kHz,"BMIM nitrate, 20 kHz",BMIM_nitrate,20.0,2.6,False,2.5,5.0,1.0,6.92023180385356e+16,6.92023180385356e+16,6.92023180385356e+16,1.8854818764020085,1.8854818764020085,1.8854818764020085,hypothetical electrical-rate transfer to a 5 mM metal-ion inventory; BMIM nitrate itself contains no metal; diagnostic scenario only because the source rate did not pass its passive-background reporting gate,False,not_reportable_passive_background_model_rejected,total_negative_electrical_charge_equivalents; 100_percent_delivery_and_utilization; not_electron_specific; not_a_chemical_yield_prediction
BMIM_nitrate_20kHz,"BMIM nitrate, 20 kHz",BMIM_nitrate,20.0,2.6500000000000004,False,2.5,5.0,1.0,6.92023180385356e+16,6.92023180385356e+16,6.92023180385356e+16,1.9217411432558935,1.9217411432558935,1.9217411432558935,hypothetical electrical-rate transfer to a 5 mM metal-ion inventory; BMIM nitrate itself contains no metal; diagnostic scenario only because the source rate did not pass its passive-background reporting gate,False,not_reportable_passive_background_model_rejected,total_negative_electrical_charge_equivalents; 100_percent_delivery_and_utilization; not_electron_specific; not_a_chemical_yield_prediction
BMIM_nitrate_20kHz,"BMIM nitrate, 20 kHz",BMIM_nitrate,20.0,2.7,False,2.5,5.0,1.0,6.92023180385356e+16,6.92023180385356e+16,6.92023180385356e+16,1.958000410109778,1.958000410109778,1.958000410109778,hypothetical electrical-rate transfer to a 5 mM metal-ion inventory; BMIM nitrate itself contains no metal; diagnostic scenario only because the source rate did not pass its passive-background reporting gate,False,not_reportable_passive_background_model_rejected,total_negative_electrical_charge_equivalents; 100_percent_delivery_and_utilization; not_electron_specific; not_a_chemical_yield_prediction
BMIM_nitrate_20kHz,"BMIM nitrate, 20 kHz",BMIM_nitrate,20.0,2.75,False,2.5,5.0,1.0,6.92023180385356e+16,6.92023180385356e+16,6.92023180385356e+16,1.9942596769636627,1.9942596769636627,1.9942596769636627,hypothetical electrical-rate transfer to a 5 mM metal-ion inventory; BMIM nitrate itself contains no metal; diagnostic scenario only because the source rate did not pass its passive-background reporting gate,False,not_reportable_passive_background_model_rejected,total_negative_electrical_charge_equivalents; 100_percent_delivery_and_utilization; not_electron_specific; not_a_chemical_yield_prediction
BMIM_nitrate_20kHz,"BMIM nitrate, 20 kHz",BMIM_nitrate,20.0,2.8000000000000003,False,2.5,5.0,1.0,6.92023180385356e+16,6.92023180385356e+16,6.92023180385356e+16,2.0305189438175475,2.0305189438175475,2.0305189438175475,hypothetical electrical-rate transfer to a 5 mM metal-ion inventory; BMIM nitrate itself contains no metal; diagnostic scenario only because the source rate did not pass its passive-background reporting gate,False,not_reportable_passive_background_model_rejected,total_negative_electrical_charge_equivalents; 100_percent_delivery_and_utilization; not_electron_specific; not_a_chemical_yield_prediction
BMIM_nitrate_20kHz,"BMIM nitrate, 20 kHz",BMIM_nitrate,20.0,2.85,False,2.5,5.0,1.0,6.92023180385356e+16,6.92023180385356e+16,6.92023180385356e+16,2.066778210671432,2.066778210671432,2.066778210671432,hypothetical electrical-rate transfer to a 5 mM metal-ion inventory; BMIM nitrate itself contains no metal; diagnostic scenario only because the source rate did not pass its passive-background reporting gate,False,not_reportable_passive_background_model_rejected,total_negative_electrical_charge_equivalents; 100_percent_delivery_and_utilization; not_electron_specific; not_a_chemical_yield_prediction
BMIM_nitrate_20kHz,"BMIM nitrate, 20 kHz",BMIM_nitrate,20.0,2.9000000000000004,False,2.5,5.0,1.0,6.92023180385356e+16,6.92023180385356e+16,6.92023180385356e+16,2.103037477525317,2.103037477525317,2.103037477525317,hypothetical electrical-rate transfer to a 5 mM metal-ion inventory; BMIM nitrate itself contains no metal; diagnostic scenario only because the source rate did not pass its passive-background reporting gate,False,not_reportable_passive_background_model_rejected,total_negative_electrical_charge_equivalents; 100_percent_delivery_and_utilization; not_electron_specific; not_a_chemical_yield_prediction
BMIM_nitrate_20kHz,"BMIM nitrate, 20 kHz",BMIM_nitrate,20.0,2.95,False,2.5,5.0,1.0,6.92023180385356e+16,6.92023180385356e+16,6.92023180385356e+16,2.1392967443792017,2.1392967443792017,2.1392967443792017,hypothetical electrical-rate transfer to a 5 mM metal-ion inventory; BMIM nitrate itself contains no metal; diagnostic scenario only because the source rate did not pass its passive-background reporting gate,False,not_reportable_passive_background_model_rejected,total_negative_electrical_charge_equivalents; 100_percent_delivery_and_utilization; not_electron_specific; not_a_chemical_yield_prediction
BMIM_nitrate_20kHz,"BMIM nitrate, 20 kHz",BMIM_nitrate,20.0,3.0,False,2.5,5.0,1.0,6.92023180385356e+16,6.92023180385356e+16,6.92023180385356e+16,2.1755560112330867,2.1755560112330867,2.1755560112330867,hypothetical electrical-rate transfer to a 5 mM metal-ion inventory; BMIM nitrate itself contains no metal; diagnostic scenario only because the source rate did not pass its passive-background reporting gate,False,not_reportable_passive_background_model_rejected,total_negative_electrical_charge_equivalents; 100_percent_delivery_and_utilization; not_electron_specific; not_a_chemical_yield_prediction
BMIM_nitrate_20kHz,"BMIM nitrate, 20 kHz",BMIM_nitrate,20.0,3.0500000000000003,False,2.5,5.0,1.0,6.92023180385356e+16,6.92023180385356e+16,6.92023180385356e+16,2.2118152780869713,2.2118152780869713,2.2118152780869713,hypothetical electrical-rate transfer to a 5 mM metal-ion inventory; BMIM nitrate itself contains no metal; diagnostic scenario only because the source rate did not pass its passive-background reporting gate,False,not_reportable_passive_background_model_rejected,total_negative_electrical_charge_equivalents; 100_percent_delivery_and_utilization; not_electron_specific; not_a_chemical_yield_prediction
BMIM_nitrate_20kHz,"BMIM nitrate, 20 kHz",BMIM_nitrate,20.0,3.1,False,2.5,5.0,1.0,6.92023180385356e+16,6.92023180385356e+16,6.92023180385356e+16,2.248074544940856,2.248074544940856,2.248074544940856,hypothetical electrical-rate transfer to a 5 mM metal-ion inventory; BMIM nitrate itself contains no metal; diagnostic scenario only because the source rate did not pass its passive-background reporting gate,False,not_reportable_passive_background_model_rejected,total_negative_electrical_charge_equivalents; 100_percent_delivery_and_utilization; not_electron_specific; not_a_chemical_yield_prediction
BMIM_nitrate_20kHz,"BMIM nitrate, 20 kHz",BMIM_nitrate,20.0,3.1500000000000004,False,2.5,5.0,1.0,6.92023180385356e+16,6.92023180385356e+16,6.92023180385356e+16,2.284333811794741,2.284333811794741,2.284333811794741,hypothetical electrical-rate transfer to a 5 mM metal-ion inventory; BMIM nitrate itself contains no metal; diagnostic scenario only because the source rate did not pass its passive-background reporting gate,False,not_reportable_passive_background_model_rejected,total_negative_electrical_charge_equivalents; 100_percent_delivery_and_utilization; not_electron_specific; not_a_chemical_yield_prediction
BMIM_nitrate_20kHz,"BMIM nitrate, 20 kHz",BMIM_nitrate,20.0,3.2,False,2.5,5.0,1.0,6.92023180385356e+16,6.92023180385356e+16,6.92023180385356e+16,2.320593078648626,2.320593078648626,2.320593078648626,hypothetical electrical-rate transfer to a 5 mM metal-ion inventory; BMIM nitrate itself contains no metal; diagnostic scenario only because the source rate did not pass its passive-background reporting gate,False,not_reportable_passive_background_model_rejected,total_negative_electrical_charge_equivalents; 100_percent_delivery_and_utilization; not_electron_specific; not_a_chemical_yield_prediction
BMIM_nitrate_20kHz,"BMIM nitrate, 20 kHz",BMIM_nitrate,20.0,3.25,False,2.5,5.0,1.0,6.92023180385356e+16,6.92023180385356e+16,6.92023180385356e+16,2.3568523455025105,2.3568523455025105,2.3568523455025105,hypothetical electrical-rate transfer to a 5 mM metal-ion inventory; BMIM nitrate itself contains no metal; diagnostic scenario only because the source rate did not pass its passive-background reporting gate,False,not_reportable_passive_background_model_rejected,total_negative_electrical_charge_equivalents; 100_percent_delivery_and_utilization; not_electron_specific; not_a_chemical_yield_prediction
BMIM_nitrate_20kHz,"BMIM nitrate, 20 kHz",BMIM_nitrate,20.0,3.3000000000000003,False,2.5,5.0,1.0,6.92023180385356e+16,6.92023180385356e+16,6.92023180385356e+16,2.3931116123563956,2.3931116123563956,2.3931116123563956,hypothetical electrical-rate transfer to a 5 mM metal-ion inventory; BMIM nitrate itself contains no metal; diagnostic scenario only because the source rate did not pass its passive-background reporting gate,False,not_reportable_passive_background_model_rejected,total_negative_electrical_charge_equivalents; 100_percent_delivery_and_utilization; not_electron_specific; not_a_chemical_yield_prediction
BMIM_nitrate_20kHz,"BMIM nitrate, 20 kHz",BMIM_nitrate,20.0,3.35,False,2.5,5.0,1.0,6.92023180385356e+16,6.92023180385356e+16,6.92023180385356e+16,2.42937087921028,2.42937087921028,2.42937087921028,hypothetical electrical-rate transfer to a 5 mM metal-ion inventory; BMIM nitrate itself contains no metal; diagnostic scenario only because the source rate did not pass its passive-background reporting gate,False,not_reportable_passive_background_model_rejected,total_negative_electrical_charge_equivalents; 100_percent_delivery_and_utilization; not_electron_specific; not_a_chemical_yield_prediction
BMIM_nitrate_20kHz,"BMIM nitrate, 20 kHz",BMIM_nitrate,20.0,3.4000000000000004,False,2.5,5.0,1.0,6.92023180385356e+16,6.92023180385356e+16,6.92023180385356e+16,2.465630146064165,2.465630146064165,2.465630146064165,hypothetical electrical-rate transfer to a 5 mM metal-ion inventory; BMIM nitrate itself contains no metal; diagnostic scenario only because the source rate did not pass its passive-background reporting gate,False,not_reportable_passive_background_model_rejected,total_negative_electrical_charge_equivalents; 100_percent_delivery_and_utilization; not_electron_specific; not_a_chemical_yield_prediction
BMIM_nitrate_20kHz,"BMIM nitrate, 20 kHz",BMIM_nitrate,20.0,3.45,False,2.5,5.0,1.0,6.92023180385356e+16,6.92023180385356e+16,6.92023180385356e+16,2.50188941291805,2.50188941291805,2.50188941291805,hypothetical electrical-rate transfer to a 5 mM metal-ion inventory; BMIM nitrate itself contains no metal; diagnostic scenario only because the source rate did not pass its passive-background reporting gate,False,not_reportable_passive_background_model_rejected,total_negative_electrical_charge_equivalents; 100_percent_delivery_and_utilization; not_electron_specific; not_a_chemical_yield_prediction
BMIM_nitrate_20kHz,"BMIM nitrate, 20 kHz",BMIM_nitrate,20.0,3.5,False,2.5,5.0,1.0,6.92023180385356e+16,6.92023180385356e+16,6.92023180385356e+16,2.5381486797719344,2.5381486797719344,2.5381486797719344,hypothetical electrical-rate transfer to a 5 mM metal-ion inventory; BMIM nitrate itself contains no metal; diagnostic scenario only because the source rate did not pass its passive-background reporting gate,False,not_reportable_passive_background_model_rejected,total_negative_electrical_charge_equivalents; 100_percent_delivery_and_utilization; not_electron_specific; not_a_chemical_yield_prediction
BMIM_nitrate_20kHz,"BMIM nitrate, 20 kHz",BMIM_nitrate,20.0,3.5500000000000003,False,2.5,5.0,1.0,6.92023180385356e+16,6.92023180385356e+16,6.92023180385356e+16,2.574407946625819,2.574407946625819,2.574407946625819,hypothetical electrical-rate transfer to a 5 mM metal-ion inventory; BMIM nitrate itself contains no metal; diagnostic scenario only because the source rate did not pass its passive-background reporting gate,False,not_reportable_passive_background_model_rejected,total_negative_electrical_charge_equivalents; 100_percent_delivery_and_utilization; not_electron_specific; not_a_chemical_yield_prediction
BMIM_nitrate_20kHz,"BMIM nitrate, 20 kHz",BMIM_nitrate,20.0,3.6,False,2.5,5.0,1.0,6.92023180385356e+16,6.92023180385356e+16,6.92023180385356e+16,2.610667213479704,2.610667213479704,2.610667213479704,hypothetical electrical-rate transfer to a 5 mM metal-ion inventory; BMIM nitrate itself contains no metal; diagnostic scenario only because the source rate did not pass its passive-background reporting gate,False,not_reportable_passive_background_model_rejected,total_negative_electrical_charge_equivalents; 100_percent_delivery_and_utilization; not_electron_specific; not_a_chemical_yield_prediction
BMIM_nitrate_20kHz,"BMIM nitrate, 20 kHz",BMIM_nitrate,20.0,3.6500000000000004,False,2.5,5.0,1.0,6.92023180385356e+16,6.92023180385356e+16,6.92023180385356e+16,2.6469264803335886,2.6469264803335886,2.6469264803335886,hypothetical electrical-rate transfer to a 5 mM metal-ion inventory; BMIM nitrate itself contains no metal; diagnostic scenario only because the source rate did not pass its passive-background reporting gate,False,not_reportable_passive_background_model_rejected,total_negative_electrical_charge_equivalents; 100_percent_delivery_and_utilization; not_electron_specific; not_a_chemical_yield_prediction
BMIM_nitrate_20kHz,"BMIM nitrate, 20 kHz",BMIM_nitrate,20.0,3.7,False,2.5,5.0,1.0,6.92023180385356e+16,6.92023180385356e+16,6.92023180385356e+16,2.6831857471874736,2.6831857471874736,2.6831857471874736,hypothetical electrical-rate transfer to a 5 mM metal-ion inventory; BMIM nitrate itself contains no metal; diagnostic scenario only because the source rate did not pass its passive-background reporting gate,False,not_reportable_passive_background_model_rejected,total_negative_electrical_charge_equivalents; 100_percent_delivery_and_utilization; not_electron_specific; not_a_chemical_yield_prediction
BMIM_nitrate_20kHz,"BMIM nitrate, 20 kHz",BMIM_nitrate,20.0,3.75,False,2.5,5.0,1.0,6.92023180385356e+16,6.92023180385356e+16,6.92023180385356e+16,2.719445014041358,2.719445014041358,2.719445014041358,hypothetical electrical-rate transfer to a 5 mM metal-ion inventory; BMIM nitrate itself contains no metal; diagnostic scenario only because the source rate did not pass its passive-background reporting gate,False,not_reportable_passive_background_model_rejected,total_negative_electrical_charge_equivalents; 100_percent_delivery_and_utilization; not_electron_specific; not_a_chemical_yield_prediction
BMIM_nitrate_20kHz,"BMIM nitrate, 20 kHz",BMIM_nitrate,20.0,3.8000000000000003,False,2.5,5.0,1.0,6.92023180385356e+16,6.92023180385356e+16,6.92023180385356e+16,2.755704280895243,2.755704280895243,2.755704280895243,hypothetical electrical-rate transfer to a 5 mM metal-ion inventory; BMIM nitrate itself contains no metal; diagnostic scenario only because the source rate did not pass its passive-background reporting gate,False,not_reportable_passive_background_model_rejected,total_negative_electrical_charge_equivalents; 100_percent_delivery_and_utilization; not_electron_specific; not_a_chemical_yield_prediction
BMIM_nitrate_20kHz,"BMIM nitrate, 20 kHz",BMIM_nitrate,20.0,3.85,False,2.5,5.0,1.0,6.92023180385356e+16,6.92023180385356e+16,6.92023180385356e+16,2.791963547749128,2.791963547749128,2.791963547749128,hypothetical electrical-rate transfer to a 5 mM metal-ion inventory; BMIM nitrate itself contains no metal; diagnostic scenario only because the source rate did not pass its passive-background reporting gate,False,not_reportable_passive_background_model_rejected,total_negative_electrical_charge_equivalents; 100_percent_delivery_and_utilization; not_electron_specific; not_a_chemical_yield_prediction
BMIM_nitrate_20kHz,"BMIM nitrate, 20 kHz",BMIM_nitrate,20.0,3.9000000000000004,False,2.5,5.0,1.0,6.92023180385356e+16,6.92023180385356e+16,6.92023180385356e+16,2.828222814603013,2.828222814603013,2.828222814603013,hypothetical electrical-rate transfer to a 5 mM metal-ion inventory; BMIM nitrate itself contains no metal; diagnostic scenario only because the source rate did not pass its passive-background reporting gate,False,not_reportable_passive_background_model_rejected,total_negative_electrical_charge_equivalents; 100_percent_delivery_and_utilization; not_electron_specific; not_a_chemical_yield_prediction
BMIM_nitrate_20kHz,"BMIM nitrate, 20 kHz",BMIM_nitrate,20.0,3.95,False,2.5,5.0,1.0,6.92023180385356e+16,6.92023180385356e+16,6.92023180385356e+16,2.8644820814568974,2.8644820814568974,2.8644820814568974,hypothetical electrical-rate transfer to a 5 mM metal-ion inventory; BMIM nitrate itself contains no metal; diagnostic scenario only because the source rate did not pass its passive-background reporting gate,False,not_reportable_passive_background_model_rejected,total_negative_electrical_charge_equivalents; 100_percent_delivery_and_utilization; not_electron_specific; not_a_chemical_yield_prediction
BMIM_nitrate_20kHz,"BMIM nitrate, 20 kHz",BMIM_nitrate,20.0,4.0,False,2.5,5.0,1.0,6.92023180385356e+16,6.92023180385356e+16,6.92023180385356e+16,2.900741348310782,2.900741348310782,2.900741348310782,hypothetical electrical-rate transfer to a 5 mM metal-ion inventory; BMIM nitrate itself contains no metal; diagnostic scenario only because the source rate did not pass its passive-background reporting gate,False,not_reportable_passive_background_model_rejected,total_negative_electrical_charge_equivalents; 100_percent_delivery_and_utilization; not_electron_specific; not_a_chemical_yield_prediction
BMIM_nitrate_20kHz,"BMIM nitrate, 20 kHz",BMIM_nitrate,20.0,4.05,False,2.5,5.0,1.0,6.92023180385356e+16,6.92023180385356e+16,6.92023180385356e+16,2.9370006151646666,2.9370006151646666,2.9370006151646666,hypothetical electrical-rate transfer to a 5 mM metal-ion inventory; BMIM nitrate itself contains no metal; diagnostic scenario only because the source rate did not pass its passive-background reporting gate,False,not_reportable_passive_background_model_rejected,total_negative_electrical_charge_equivalents; 100_percent_delivery_and_utilization; not_electron_specific; not_a_chemical_yield_prediction
BMIM_nitrate_20kHz,"BMIM nitrate, 20 kHz",BMIM_nitrate,20.0,4.1000000000000005,False,2.5,5.0,1.0,6.92023180385356e+16,6.92023180385356e+16,6.92023180385356e+16,2.9732598820185516,2.9732598820185516,2.9732598820185516,hypothetical electrical-rate transfer to a 5 mM metal-ion inventory; BMIM nitrate itself contains no metal; diagnostic scenario only because the source rate did not pass its passive-background reporting gate,False,not_reportable_passive_background_model_rejected,total_negative_electrical_charge_equivalents; 100_percent_delivery_and_utilization; not_electron_specific; not_a_chemical_yield_prediction
BMIM_nitrate_20kHz,"BMIM nitrate, 20 kHz",BMIM_nitrate,20.0,4.15,False,2.5,5.0,1.0,6.92023180385356e+16,6.92023180385356e+16,6.92023180385356e+16,3.0095191488724367,3.0095191488724367,3.0095191488724367,hypothetical electrical-rate transfer to a 5 mM metal-ion inventory; BMIM nitrate itself contains no metal; diagnostic scenario only because the source rate did not pass its passive-background reporting gate,False,not_reportable_passive_background_model_rejected,total_negative_electrical_charge_equivalents; 100_percent_delivery_and_utilization; not_electron_specific; not_a_chemical_yield_prediction
BMIM_nitrate_20kHz,"BMIM nitrate, 20 kHz",BMIM_nitrate,20.0,4.2,False,2.5,5.0,1.0,6.92023180385356e+16,6.92023180385356e+16,6.92023180385356e+16,3.0457784157263217,3.0457784157263217,3.0457784157263217,hypothetical electrical-rate transfer to a 5 mM metal-ion inventory; BMIM nitrate itself contains no metal; diagnostic scenario only because the source rate did not pass its passive-background reporting gate,False,not_reportable_passive_background_model_rejected,total_negative_electrical_charge_equivalents; 100_percent_delivery_and_utilization; not_electron_specific; not_a_chemical_yield_prediction
BMIM_nitrate_20kHz,"BMIM nitrate, 20 kHz",BMIM_nitrate,20.0,4.25,False,2.5,5.0,1.0,6.92023180385356e+16,6.92023180385356e+16,6.92023180385356e+16,3.0820376825802063,3.0820376825802063,3.0820376825802063,hypothetical electrical-rate transfer to a 5 mM metal-ion inventory; BMIM nitrate itself contains no metal; diagnostic scenario only because the source rate did not pass its passive-background reporting gate,False,not_reportable_passive_background_model_rejected,total_negative_electrical_charge_equivalents; 100_percent_delivery_and_utilization; not_electron_specific; not_a_chemical_yield_prediction
BMIM_nitrate_20kHz,"BMIM nitrate, 20 kHz",BMIM_nitrate,20.0,4.3,False,2.5,5.0,1.0,6.92023180385356e+16,6.92023180385356e+16,6.92023180385356e+16,3.118296949434091,3.118296949434091,3.118296949434091,hypothetical electrical-rate transfer to a 5 mM metal-ion inventory; BMIM nitrate itself contains no metal; diagnostic scenario only because the source rate did not pass its passive-background reporting gate,False,not_reportable_passive_background_model_rejected,total_negative_electrical_charge_equivalents; 100_percent_delivery_and_utilization; not_electron_specific; not_a_chemical_yield_prediction
BMIM_nitrate_20kHz,"BMIM nitrate, 20 kHz",BMIM_nitrate,20.0,4.3500000000000005,False,2.5,5.0,1.0,6.92023180385356e+16,6.92023180385356e+16,6.92023180385356e+16,3.154556216287976,3.154556216287976,3.154556216287976,hypothetical electrical-rate transfer to a 5 mM metal-ion inventory; BMIM nitrate itself contains no metal; diagnostic scenario only because the source rate did not pass its passive-background reporting gate,False,not_reportable_passive_background_model_rejected,total_negative_electrical_charge_equivalents; 100_percent_delivery_and_utilization; not_electron_specific; not_a_chemical_yield_prediction
BMIM_nitrate_20kHz,"BMIM nitrate, 20 kHz",BMIM_nitrate,20.0,4.4,False,2.5,5.0,1.0,6.92023180385356e+16,6.92023180385356e+16,6.92023180385356e+16,3.1908154831418605,3.1908154831418605,3.1908154831418605,hypothetical electrical-rate transfer to a 5 mM metal-ion inventory; BMIM nitrate itself contains no metal; diagnostic scenario only because the source rate did not pass its passive-background reporting gate,False,not_reportable_passive_background_model_rejected,total_negative_electrical_charge_equivalents; 100_percent_delivery_and_utilization; not_electron_specific; not_a_chemical_yield_prediction
BMIM_nitrate_20kHz,"BMIM nitrate, 20 kHz",BMIM_nitrate,20.0,4.45,False,2.5,5.0,1.0,6.92023180385356e+16,6.92023180385356e+16,6.92023180385356e+16,3.227074749995745,3.227074749995745,3.227074749995745,hypothetical electrical-rate transfer to a 5 mM metal-ion inventory; BMIM nitrate itself contains no metal; diagnostic scenario only because the source rate did not pass its passive-background reporting gate,False,not_reportable_passive_background_model_rejected,total_negative_electrical_charge_equivalents; 100_percent_delivery_and_utilization; not_electron_specific; not_a_chemical_yield_prediction
BMIM_nitrate_20kHz,"BMIM nitrate, 20 kHz",BMIM_nitrate,20.0,4.5,False,2.5,5.0,1.0,6.92023180385356e+16,6.92023180385356e+16,6.92023180385356e+16,3.2633340168496296,3.2633340168496296,3.2633340168496296,hypothetical electrical-rate transfer to a 5 mM metal-ion inventory; BMIM nitrate itself contains no metal; diagnostic scenario only because the source rate did not pass its passive-background reporting gate,False,not_reportable_passive_background_model_rejected,total_negative_electrical_charge_equivalents; 100_percent_delivery_and_utilization; not_electron_specific; not_a_chemical_yield_prediction
BMIM_nitrate_20kHz,"BMIM nitrate, 20 kHz",BMIM_nitrate,20.0,4.55,False,2.5,5.0,1.0,6.92023180385356e+16,6.92023180385356e+16,6.92023180385356e+16,3.2995932837035142,3.2995932837035142,3.2995932837035142,hypothetical electrical-rate transfer to a 5 mM metal-ion inventory; BMIM nitrate itself contains no metal; diagnostic scenario only because the source rate did not pass its passive-background reporting gate,False,not_reportable_passive_background_model_rejected,total_negative_electrical_charge_equivalents; 100_percent_delivery_and_utilization; not_electron_specific; not_a_chemical_yield_prediction
BMIM_nitrate_20kHz,"BMIM nitrate, 20 kHz",BMIM_nitrate,20.0,4.6000000000000005,False,2.5,5.0,1.0,6.92023180385356e+16,6.92023180385356e+16,6.92023180385356e+16,3.3358525505573997,3.3358525505573997,3.3358525505573997,hypothetical electrical-rate transfer to a 5 mM metal-ion inventory; BMIM nitrate itself contains no metal; diagnostic scenario only because the source rate did not pass its passive-background reporting gate,False,not_reportable_passive_background_model_rejected,total_negative_electrical_charge_equivalents; 100_percent_delivery_and_utilization; not_electron_specific; not_a_chemical_yield_prediction
BMIM_nitrate_20kHz,"BMIM nitrate, 20 kHz",BMIM_nitrate,20.0,4.65,False,2.5,5.0,1.0,6.92023180385356e+16,6.92023180385356e+16,6.92023180385356e+16,3.3721118174112843,3.3721118174112843,3.3721118174112843,hypothetical electrical-rate transfer to a 5 mM metal-ion inventory; BMIM nitrate itself contains no metal; diagnostic scenario only because the source rate did not pass its passive-background reporting gate,False,not_reportable_passive_background_model_rejected,total_negative_electrical_charge_equivalents; 100_percent_delivery_and_utilization; not_electron_specific; not_a_chemical_yield_prediction
BMIM_nitrate_20kHz,"BMIM nitrate, 20 kHz",BMIM_nitrate,20.0,4.7,False,2.5,5.0,1.0,6.92023180385356e+16,6.92023180385356e+16,6.92023180385356e+16,3.4083710842651693,3.4083710842651693,3.4083710842651693,hypothetical electrical-rate transfer to a 5 mM metal-ion inventory; BMIM nitrate itself contains no metal; diagnostic scenario only because the source rate did not pass its passive-background reporting gate,False,not_reportable_passive_background_model_rejected,total_negative_electrical_charge_equivalents; 100_percent_delivery_and_utilization; not_electron_specific; not_a_chemical_yield_prediction
BMIM_nitrate_20kHz,"BMIM nitrate, 20 kHz",BMIM_nitrate,20.0,4.75,False,2.5,5.0,1.0,6.92023180385356e+16,6.92023180385356e+16,6.92023180385356e+16,3.444630351119054,3.444630351119054,3.444630351119054,hypothetical electrical-rate transfer to a 5 mM metal-ion inventory; BMIM nitrate itself contains no metal; diagnostic scenario only because the source rate did not pass its passive-background reporting gate,False,not_reportable_passive_background_model_rejected,total_negative_electrical_charge_equivalents; 100_percent_delivery_and_utilization; not_electron_specific; not_a_chemical_yield_prediction
BMIM_nitrate_20kHz,"BMIM nitrate, 20 kHz",BMIM_nitrate,20.0,4.800000000000001,False,2.5,5.0,1.0,6.92023180385356e+16,6.92023180385356e+16,6.92023180385356e+16,3.480889617972939,3.480889617972939,3.480889617972939,hypothetical electrical-rate transfer to a 5 mM metal-ion inventory; BMIM nitrate itself contains no metal; diagnostic scenario only because the source rate did not pass its passive-background reporting gate,False,not_reportable_passive_background_model_rejected,total_negative_electrical_charge_equivalents; 100_percent_delivery_and_utilization; not_electron_specific; not_a_chemical_yield_prediction
BMIM_nitrate_20kHz,"BMIM nitrate, 20 kHz",BMIM_nitrate,20.0,4.8500000000000005,False,2.5,5.0,1.0,6.92023180385356e+16,6.92023180385356e+16,6.92023180385356e+16,3.5171488848268235,3.5171488848268235,3.5171488848268235,hypothetical electrical-rate transfer to a 5 mM metal-ion inventory; BMIM nitrate itself contains no metal; diagnostic scenario only because the source rate did not pass its passive-background reporting gate,False,not_reportable_passive_background_model_rejected,total_negative_electrical_charge_equivalents; 100_percent_delivery_and_utilization; not_electron_specific; not_a_chemical_yield_prediction
BMIM_nitrate_20kHz,"BMIM nitrate, 20 kHz",BMIM_nitrate,20.0,4.9,False,2.5,5.0,1.0,6.92023180385356e+16,6.92023180385356e+16,6.92023180385356e+16,3.553408151680708,3.553408151680708,3.553408151680708,hypothetical electrical-rate transfer to a 5 mM metal-ion inventory; BMIM nitrate itself contains no metal; diagnostic scenario only because the source rate did not pass its passive-background reporting gate,False,not_reportable_passive_background_model_rejected,total_negative_electrical_charge_equivalents; 100_percent_delivery_and_utilization; not_electron_specific; not_a_chemical_yield_prediction
BMIM_nitrate_20kHz,"BMIM nitrate, 20 kHz",BMIM_nitrate,20.0,4.95,False,2.5,5.0,1.0,6.92023180385356e+16,6.92023180385356e+16,6.92023180385356e+16,3.5896674185345927,3.5896674185345927,3.5896674185345927,hypothetical electrical-rate transfer to a 5 mM metal-ion inventory; BMIM nitrate itself contains no metal; diagnostic scenario only because the source rate did not pass its passive-background reporting gate,False,not_reportable_passive_background_model_rejected,total_negative_electrical_charge_equivalents; 100_percent_delivery_and_utilization; not_electron_specific; not_a_chemical_yield_prediction
BMIM_nitrate_20kHz,"BMIM nitrate, 20 kHz",BMIM_nitrate,20.0,5.0,False,2.5,5.0,1.0,6.92023180385356e+16,6.92023180385356e+16,6.92023180385356e+16,3.6259266853884773,3.6259266853884773,3.6259266853884773,hypothetical electrical-rate transfer to a 5 mM metal-ion inventory; BMIM nitrate itself contains no metal; diagnostic scenario only because the source rate did not pass its passive-background reporting gate,False,not_reportable_passive_background_model_rejected,total_negative_electrical_charge_equivalents; 100_percent_delivery_and_utilization; not_electron_specific; not_a_chemical_yield_prediction
5mM_Mn_nitrate_in_water_4kHz,"5 mM Mn nitrate, 4 kHz",5mM_Mn_nitrate_in_water,4.0,0.0,False,2.5,5.0,1.0,1.7849264036098204e+16,1.7849264036098202e+16,1.7849264036098202e+16,0.0,0.0,0.0,"composition-matched 5 mM Mn-ion inventory; electrical charge-equivalent clock, not chemical conversion; diagnostic scenario only because the source rate did not pass its passive-background reporting gate",False,not_reportable_passive_background_model_rejected,total_negative_electrical_charge_equivalents; 100_percent_delivery_and_utilization; not_electron_specific; not_a_chemical_yield_prediction
5mM_Mn_nitrate_in_water_4kHz,"5 mM Mn nitrate, 4 kHz",5mM_Mn_nitrate_in_water,4.0,0.05,False,2.5,5.0,1.0,1.7849264036098204e+16,1.7849264036098202e+16,1.7849264036098202e+16,0.14057864299570166,0.1405786429957017,0.1405786429957017,"composition-matched 5 mM Mn-ion inventory; electrical charge-equivalent clock, not chemical conversion; diagnostic scenario only because the source rate did not pass its passive-background reporting gate",False,not_reportable_passive_background_model_rejected,total_negative_electrical_charge_equivalents; 100_percent_delivery_and_utilization; not_electron_specific; not_a_chemical_yield_prediction
5mM_Mn_nitrate_in_water_4kHz,"5 mM Mn nitrate, 4 kHz",5mM_Mn_nitrate_in_water,4.0,0.1,False,2.5,5.0,1.0,1.7849264036098204e+16,1.7849264036098202e+16,1.7849264036098202e+16,0.2811572859914033,0.2811572859914034,0.2811572859914034,"composition-matched 5 mM Mn-ion inventory; electrical charge-equivalent clock, not chemical conversion; diagnostic scenario only because the source rate did not pass its passive-background reporting gate",False,not_reportable_passive_background_model_rejected,total_negative_electrical_charge_equivalents; 100_percent_delivery_and_utilization; not_electron_specific; not_a_chemical_yield_prediction
5mM_Mn_nitrate_in_water_4kHz,"5 mM Mn nitrate, 4 kHz",5mM_Mn_nitrate_in_water,4.0,0.15000000000000002,False,2.5,5.0,1.0,1.7849264036098204e+16,1.7849264036098202e+16,1.7849264036098202e+16,0.42173592898710505,0.4217359289871051,0.4217359289871051,"composition-matched 5 mM Mn-ion inventory; electrical charge-equivalent clock, not chemical conversion; diagnostic scenario only because the source rate did not pass its passive-background reporting gate",False,not_reportable_passive_background_model_rejected,total_negative_electrical_charge_equivalents; 100_percent_delivery_and_utilization; not_electron_specific; not_a_chemical_yield_prediction
5mM_Mn_nitrate_in_water_4kHz,"5 mM Mn nitrate, 4 kHz",5mM_Mn_nitrate_in_water,4.0,0.2,False,2.5,5.0,1.0,1.7849264036098204e+16,1.7849264036098202e+16,1.7849264036098202e+16,0.5623145719828067,0.5623145719828068,0.5623145719828068,"composition-matched 5 mM Mn-ion inventory; electrical charge-equivalent clock, not chemical conversion; diagnostic scenario only because the source rate did not pass its passive-background reporting gate",False,not_reportable_passive_background_model_rejected,total_negative_electrical_charge_equivalents; 100_percent_delivery_and_utilization; not_electron_specific; not_a_chemical_yield_prediction
5mM_Mn_nitrate_in_water_4kHz,"5 mM Mn nitrate, 4 kHz",5mM_Mn_nitrate_in_water,4.0,0.25,False,2.5,5.0,1.0,1.7849264036098204e+16,1.7849264036098202e+16,1.7849264036098202e+16,0.7028932149785083,0.7028932149785084,0.7028932149785084,"composition-matched 5 mM Mn-ion inventory; electrical charge-equivalent clock, not chemical conversion; diagnostic scenario only because the source rate did not pass its passive-background reporting gate",False,not_reportable_passive_background_model_rejected,total_negative_electrical_charge_equivalents; 100_percent_delivery_and_utilization; not_electron_specific; not_a_chemical_yield_prediction
5mM_Mn_nitrate_in_water_4kHz,"5 mM Mn nitrate, 4 kHz",5mM_Mn_nitrate_in_water,4.0,0.30000000000000004,False,2.5,5.0,1.0,1.7849264036098204e+16,1.7849264036098202e+16,1.7849264036098202e+16,0.8434718579742101,0.8434718579742102,0.8434718579742102,"composition-matched 5 mM Mn-ion inventory; electrical charge-equivalent clock, not chemical conversion; diagnostic scenario only because the source rate did not pass its passive-background reporting gate",False,not_reportable_passive_background_model_rejected,total_negative_electrical_charge_equivalents; 100_percent_delivery_and_utilization; not_electron_specific; not_a_chemical_yield_prediction
5mM_Mn_nitrate_in_water_4kHz,"5 mM Mn nitrate, 4 kHz",5mM_Mn_nitrate_in_water,4.0,0.35000000000000003,False,2.5,5.0,1.0,1.7849264036098204e+16,1.7849264036098202e+16,1.7849264036098202e+16,0.9840505009699118,0.9840505009699119,0.9840505009699119,"composition-matched 5 mM Mn-ion inventory; electrical charge-equivalent clock, not chemical conversion; diagnostic scenario only because the source rate did not pass its passive-background reporting gate",False,not_reportable_passive_background_model_rejected,total_negative_electrical_charge_equivalents; 100_percent_delivery_and_utilization; not_electron_specific; not_a_chemical_yield_prediction
5mM_Mn_nitrate_in_water_4kHz,"5 mM Mn nitrate, 4 kHz",5mM_Mn_nitrate_in_water,4.0,0.4,False,2.5,5.0,1.0,1.7849264036098204e+16,1.7849264036098202e+16,1.7849264036098202e+16,1.1246291439656133,1.1246291439656135,1.1246291439656135,"composition-matched 5 mM Mn-ion inventory; electrical charge-equivalent clock, not chemical conversion; diagnostic scenario only because the source rate did not pass its passive-background reporting gate",False,not_reportable_passive_background_model_rejected,total_negative_electrical_charge_equivalents; 100_percent_delivery_and_utilization; not_electron_specific; not_a_chemical_yield_prediction
5mM_Mn_nitrate_in_water_4kHz,"5 mM Mn nitrate, 4 kHz",5mM_Mn_nitrate_in_water,4.0,0.45,False,2.5,5.0,1.0,1.7849264036098204e+16,1.7849264036098202e+16,1.7849264036098202e+16,1.2652077869613152,1.2652077869613152,1.2652077869613152,"composition-matched 5 mM Mn-ion inventory; electrical charge-equivalent clock, not chemical conversion; diagnostic scenario only because the source rate did not pass its passive-background reporting gate",False,not_reportable_passive_background_model_rejected,total_negative_electrical_charge_equivalents; 100_percent_delivery_and_utilization; not_electron_specific; not_a_chemical_yield_prediction
5mM_Mn_nitrate_in_water_4kHz,"5 mM Mn nitrate, 4 kHz",5mM_Mn_nitrate_in_water,4.0,0.5,False,2.5,5.0,1.0,1.7849264036098204e+16,1.7849264036098202e+16,1.7849264036098202e+16,1.4057864299570166,1.4057864299570169,1.4057864299570169,"composition-matched 5 mM Mn-ion inventory; electrical charge-equivalent clock, not chemical conversion; diagnostic scenario only because the source rate did not pass its passive-background reporting gate",False,not_reportable_passive_background_model_rejected,total_negative_electrical_charge_equivalents; 100_percent_delivery_and_utilization; not_electron_specific; not_a_chemical_yield_prediction
5mM_Mn_nitrate_in_water_4kHz,"5 mM Mn nitrate, 4 kHz",5mM_Mn_nitrate_in_water,4.0,0.55,False,2.5,5.0,1.0,1.7849264036098204e+16,1.7849264036098202e+16,1.7849264036098202e+16,1.5463650729527183,1.5463650729527185,1.5463650729527185,"composition-matched 5 mM Mn-ion inventory; electrical charge-equivalent clock, not chemical conversion; diagnostic scenario only because the source rate did not pass its passive-background reporting gate",False,not_reportable_passive_background_model_rejected,total_negative_electrical_charge_equivalents; 100_percent_delivery_and_utilization; not_electron_specific; not_a_chemical_yield_prediction
5mM_Mn_nitrate_in_water_4kHz,"5 mM Mn nitrate, 4 kHz",5mM_Mn_nitrate_in_water,4.0,0.6000000000000001,False,2.5,5.0,1.0,1.7849264036098204e+16,1.7849264036098202e+16,1.7849264036098202e+16,1.6869437159484202,1.6869437159484204,1.6869437159484204,"composition-matched 5 mM Mn-ion inventory; electrical charge-equivalent clock, not chemical conversion; diagnostic scenario only because the source rate did not pass its passive-background reporting gate",False,not_reportable_passive_background_model_rejected,total_negative_electrical_charge_equivalents; 100_percent_delivery_and_utilization; not_electron_specific; not_a_chemical_yield_prediction
5mM_Mn_nitrate_in_water_4kHz,"5 mM Mn nitrate, 4 kHz",5mM_Mn_nitrate_in_water,4.0,0.65,False,2.5,5.0,1.0,1.7849264036098204e+16,1.7849264036098202e+16,1.7849264036098202e+16,1.8275223589441216,1.8275223589441218,1.8275223589441218,"composition-matched 5 mM Mn-ion inventory; electrical charge-equivalent clock, not chemical conversion; diagnostic scenario only because the source rate did not pass its passive-background reporting gate",False,not_reportable_passive_background_model_rejected,total_negative_electrical_charge_equivalents; 100_percent_delivery_and_utilization; not_electron_specific; not_a_chemical_yield_prediction
5mM_Mn_nitrate_in_water_4kHz,"5 mM Mn nitrate, 4 kHz",5mM_Mn_nitrate_in_water,4.0,0.7000000000000001,False,2.5,5.0,1.0,1.7849264036098204e+16,1.7849264036098202e+16,1.7849264036098202e+16,1.9681010019398235,1.9681010019398237,1.9681010019398237,"composition-matched 5 mM Mn-ion inventory; electrical charge-equivalent clock, not chemical conversion; diagnostic scenario only because the source rate did not pass its passive-background reporting gate",False,not_reportable_passive_background_model_rejected,total_negative_electrical_charge_equivalents; 100_percent_delivery_and_utilization; not_electron_specific; not_a_chemical_yield_prediction
5mM_Mn_nitrate_in_water_4kHz,"5 mM Mn nitrate, 4 kHz",5mM_Mn_nitrate_in_water,4.0,0.75,False,2.5,5.0,1.0,1.7849264036098204e+16,1.7849264036098202e+16,1.7849264036098202e+16,2.1086796449355254,2.1086796449355254,2.1086796449355254,"composition-matched 5 mM Mn-ion inventory; electrical charge-equivalent clock, not chemical conversion; diagnostic scenario only because the source rate did not pass its passive-background reporting gate",False,not_reportable_passive_background_model_rejected,total_negative_electrical_charge_equivalents; 100_percent_delivery_and_utilization; not_electron_specific; not_a_chemical_yield_prediction
5mM_Mn_nitrate_in_water_4kHz,"5 mM Mn nitrate, 4 kHz",5mM_Mn_nitrate_in_water,4.0,0.8,False,2.5,5.0,1.0,1.7849264036098204e+16,1.7849264036098202e+16,1.7849264036098202e+16,2.2492582879312266,2.249258287931227,2.249258287931227,"composition-matched 5 mM Mn-ion inventory; electrical charge-equivalent clock, not chemical conversion; diagnostic scenario only because the source rate did not pass its passive-background reporting gate",False,not_reportable_passive_background_model_rejected,total_negative_electrical_charge_equivalents; 100_percent_delivery_and_utilization; not_electron_specific; not_a_chemical_yield_prediction
5mM_Mn_nitrate_in_water_4kHz,"5 mM Mn nitrate, 4 kHz",5mM_Mn_nitrate_in_water,4.0,0.8500000000000001,False,2.5,5.0,1.0,1.7849264036098204e+16,1.7849264036098202e+16,1.7849264036098202e+16,2.3898369309269287,2.389836930926929,2.389836930926929,"composition-matched 5 mM Mn-ion inventory; electrical charge-equivalent clock, not chemical conversion; diagnostic scenario only because the source rate did not pass its passive-background reporting gate",False,not_reportable_passive_background_model_rejected,total_negative_electrical_charge_equivalents; 100_percent_delivery_and_utilization; not_electron_specific; not_a_chemical_yield_prediction
5mM_Mn_nitrate_in_water_4kHz,"5 mM Mn nitrate, 4 kHz",5mM_Mn_nitrate_in_water,4.0,0.9,False,2.5,5.0,1.0,1.7849264036098204e+16,1.7849264036098202e+16,1.7849264036098202e+16,2.5304155739226304,2.5304155739226304,2.5304155739226304,"composition-matched 5 mM Mn-ion inventory; electrical charge-equivalent clock, not chemical conversion; diagnostic scenario only because the source rate did not pass its passive-background reporting gate",False,not_reportable_passive_background_model_rejected,total_negative_electrical_charge_equivalents; 100_percent_delivery_and_utilization; not_electron_specific; not_a_chemical_yield_prediction
5mM_Mn_nitrate_in_water_4kHz,"5 mM Mn nitrate, 4 kHz",5mM_Mn_nitrate_in_water,4.0,0.9500000000000001,False,2.5,5.0,1.0,1.7849264036098204e+16,1.7849264036098202e+16,1.7849264036098202e+16,2.6709942169183316,2.670994216918332,2.670994216918332,"composition-matched 5 mM Mn-ion inventory; electrical charge-equivalent clock, not chemical conversion; diagnostic scenario only because the source rate did not pass its passive-background reporting gate",False,not_reportable_passive_background_model_rejected,total_negative_electrical_charge_equivalents; 100_percent_delivery_and_utilization; not_electron_specific; not_a_chemical_yield_prediction
5mM_Mn_nitrate_in_water_4kHz,"5 mM Mn nitrate, 4 kHz",5mM_Mn_nitrate_in_water,4.0,1.0,False,2.5,5.0,1.0,1.7849264036098204e+16,1.7849264036098202e+16,1.7849264036098202e+16,2.8115728599140333,2.8115728599140337,2.8115728599140337,"composition-matched 5 mM Mn-ion inventory; electrical charge-equivalent clock, not chemical conversion; diagnostic scenario only because the source rate did not pass its passive-background reporting gate",False,not_reportable_passive_background_model_rejected,total_negative_electrical_charge_equivalents; 100_percent_delivery_and_utilization; not_electron_specific; not_a_chemical_yield_prediction
5mM_Mn_nitrate_in_water_4kHz,"5 mM Mn nitrate, 4 kHz",5mM_Mn_nitrate_in_water,4.0,1.05,False,2.5,5.0,1.0,1.7849264036098204e+16,1.7849264036098202e+16,1.7849264036098202e+16,2.9521515029097354,2.9521515029097354,2.9521515029097354,"composition-matched 5 mM Mn-ion inventory; electrical charge-equivalent clock, not chemical conversion; diagnostic scenario only because the source rate did not pass its passive-background reporting gate",False,not_reportable_passive_background_model_rejected,total_negative_electrical_charge_equivalents; 100_percent_delivery_and_utilization; not_electron_specific; not_a_chemical_yield_prediction
5mM_Mn_nitrate_in_water_4kHz,"5 mM Mn nitrate, 4 kHz",5mM_Mn_nitrate_in_water,4.0,1.1,False,2.5,5.0,1.0,1.7849264036098204e+16,1.7849264036098202e+16,1.7849264036098202e+16,3.0927301459054366,3.092730145905437,3.092730145905437,"composition-matched 5 mM Mn-ion inventory; electrical charge-equivalent clock, not chemical conversion; diagnostic scenario only because the source rate did not pass its passive-background reporting gate",False,not_reportable_passive_background_model_rejected,total_negative_electrical_charge_equivalents; 100_percent_delivery_and_utilization; not_electron_specific; not_a_chemical_yield_prediction
5mM_Mn_nitrate_in_water_4kHz,"5 mM Mn nitrate, 4 kHz",5mM_Mn_nitrate_in_water,4.0,1.1500000000000001,False,2.5,5.0,1.0,1.7849264036098204e+16,1.7849264036098202e+16,1.7849264036098202e+16,3.2333087889011387,3.233308788901139,3.233308788901139,"composition-matched 5 mM Mn-ion inventory; electrical charge-equivalent clock, not chemical conversion; diagnostic scenario only because the source rate did not pass its passive-background reporting gate",False,not_reportable_passive_background_model_rejected,total_negative_electrical_charge_equivalents; 100_percent_delivery_and_utilization; not_electron_specific; not_a_chemical_yield_prediction
5mM_Mn_nitrate_in_water_4kHz,"5 mM Mn nitrate, 4 kHz",5mM_Mn_nitrate_in_water,4.0,1.2000000000000002,False,2.5,5.0,1.0,1.7849264036098204e+16,1.7849264036098202e+16,1.7849264036098202e+16,3.3738874318968404,3.373887431896841,3.373887431896841,"composition-matched 5 mM Mn-ion inventory; electrical charge-equivalent clock, not chemical conversion; diagnostic scenario only because the source rate did not pass its passive-background reporting gate",False,not_reportable_passive_background_model_rejected,total_negative_electrical_charge_equivalents; 100_percent_delivery_and_utilization; not_electron_specific; not_a_chemical_yield_prediction
5mM_Mn_nitrate_in_water_4kHz,"5 mM Mn nitrate, 4 kHz",5mM_Mn_nitrate_in_water,4.0,1.25,False,2.5,5.0,1.0,1.7849264036098204e+16,1.7849264036098202e+16,1.7849264036098202e+16,3.5144660748925416,3.5144660748925416,3.5144660748925416,"composition-matched 5 mM Mn-ion inventory; electrical charge-equivalent clock, not chemical conversion; diagnostic scenario only because the source rate did not pass its passive-background reporting gate",False,not_reportable_passive_background_model_rejected,total_negative_electrical_charge_equivalents; 100_percent_delivery_and_utilization; not_electron_specific; not_a_chemical_yield_prediction
5mM_Mn_nitrate_in_water_4kHz,"5 mM Mn nitrate, 4 kHz",5mM_Mn_nitrate_in_water,4.0,1.3,False,2.5,5.0,1.0,1.7849264036098204e+16,1.7849264036098202e+16,1.7849264036098202e+16,3.6550447178882433,3.6550447178882437,3.6550447178882437,"composition-matched 5 mM Mn-ion inventory; electrical charge-equivalent clock, not chemical conversion; diagnostic scenario only because the source rate did not pass its passive-background reporting gate",False,not_reportable_passive_background_model_rejected,total_negative_electrical_charge_equivalents; 100_percent_delivery_and_utilization; not_electron_specific; not_a_chemical_yield_prediction
5mM_Mn_nitrate_in_water_4kHz,"5 mM Mn nitrate, 4 kHz",5mM_Mn_nitrate_in_water,4.0,1.35,False,2.5,5.0,1.0,1.7849264036098204e+16,1.7849264036098202e+16,1.7849264036098202e+16,3.7956233608839454,3.795623360883946,3.795623360883946,"composition-matched 5 mM Mn-ion inventory; electrical charge-equivalent clock, not chemical conversion; diagnostic scenario only because the source rate did not pass its passive-background reporting gate",False,not_reportable_passive_background_model_rejected,total_negative_electrical_charge_equivalents; 100_percent_delivery_and_utilization; not_electron_specific; not_a_chemical_yield_prediction
5mM_Mn_nitrate_in_water_4kHz,"5 mM Mn nitrate, 4 kHz",5mM_Mn_nitrate_in_water,4.0,1.4000000000000001,False,2.5,5.0,1.0,1.7849264036098204e+16,1.7849264036098202e+16,1.7849264036098202e+16,3.936202003879647,3.9362020038796475,3.9362020038796475,"composition-matched 5 mM Mn-ion inventory; electrical charge-equivalent clock, not chemical conversion; diagnostic scenario only because the source rate did not pass its passive-background reporting gate",False,not_reportable_passive_background_model_rejected,total_negative_electrical_charge_equivalents; 100_percent_delivery_and_utilization; not_electron_specific; not_a_chemical_yield_prediction
5mM_Mn_nitrate_in_water_4kHz,"5 mM Mn nitrate, 4 kHz",5mM_Mn_nitrate_in_water,4.0,1.4500000000000002,False,2.5,5.0,1.0,1.7849264036098204e+16,1.7849264036098202e+16,1.7849264036098202e+16,4.076780646875348,4.076780646875349,4.076780646875349,"composition-matched 5 mM Mn-ion inventory; electrical charge-equivalent clock, not chemical conversion; diagnostic scenario only because the source rate did not pass its passive-background reporting gate",False,not_reportable_passive_background_model_rejected,total_negative_electrical_charge_equivalents; 100_percent_delivery_and_utilization; not_electron_specific; not_a_chemical_yield_prediction
5mM_Mn_nitrate_in_water_4kHz,"5 mM Mn nitrate, 4 kHz",5mM_Mn_nitrate_in_water,4.0,1.5,False,2.5,5.0,1.0,1.7849264036098204e+16,1.7849264036098202e+16,1.7849264036098202e+16,4.217359289871051,4.217359289871051,4.217359289871051,"composition-matched 5 mM Mn-ion inventory; electrical charge-equivalent clock, not chemical conversion; diagnostic scenario only because the source rate did not pass its passive-background reporting gate",False,not_reportable_passive_background_model_rejected,total_negative_electrical_charge_equivalents; 100_percent_delivery_and_utilization; not_electron_specific; not_a_chemical_yield_prediction
5mM_Mn_nitrate_in_water_4kHz,"5 mM Mn nitrate, 4 kHz",5mM_Mn_nitrate_in_water,4.0,1.55,False,2.5,5.0,1.0,1.7849264036098204e+16,1.7849264036098202e+16,1.7849264036098202e+16,4.357937932866752,4.357937932866752,4.357937932866752,"composition-matched 5 mM Mn-ion inventory; electrical charge-equivalent clock, not chemical conversion; diagnostic scenario only because the source rate did not pass its passive-background reporting gate",False,not_reportable_passive_background_model_rejected,total_negative_electrical_charge_equivalents; 100_percent_delivery_and_utilization; not_electron_specific; not_a_chemical_yield_prediction
5mM_Mn_nitrate_in_water_4kHz,"5 mM Mn nitrate, 4 kHz",5mM_Mn_nitrate_in_water,4.0,1.6,False,2.5,5.0,1.0,1.7849264036098204e+16,1.7849264036098202e+16,1.7849264036098202e+16,4.498516575862453,4.498516575862454,4.498516575862454,"composition-matched 5 mM Mn-ion inventory; electrical charge-equivalent clock, not chemical conversion; diagnostic scenario only because the source rate did not pass its passive-background reporting gate",False,not_reportable_passive_background_model_rejected,total_negative_electrical_charge_equivalents; 100_percent_delivery_and_utilization; not_electron_specific; not_a_chemical_yield_prediction
5mM_Mn_nitrate_in_water_4kHz,"5 mM Mn nitrate, 4 kHz",5mM_Mn_nitrate_in_water,4.0,1.6500000000000001,False,2.5,5.0,1.0,1.7849264036098204e+16,1.7849264036098202e+16,1.7849264036098202e+16,4.639095218858156,4.639095218858156,4.639095218858156,"composition-matched 5 mM Mn-ion inventory; electrical charge-equivalent clock, not chemical conversion; diagnostic scenario only because the source rate did not pass its passive-background reporting gate",False,not_reportable_passive_background_model_rejected,total_negative_electrical_charge_equivalents; 100_percent_delivery_and_utilization; not_electron_specific; not_a_chemical_yield_prediction
5mM_Mn_nitrate_in_water_4kHz,"5 mM Mn nitrate, 4 kHz",5mM_Mn_nitrate_in_water,4.0,1.7000000000000002,False,2.5,5.0,1.0,1.7849264036098204e+16,1.7849264036098202e+16,1.7849264036098202e+16,4.7796738618538575,4.779673861853858,4.779673861853858,"composition-matched 5 mM Mn-ion inventory; electrical charge-equivalent clock, not chemical conversion; diagnostic scenario only because the source rate did not pass its passive-background reporting gate",False,not_reportable_passive_background_model_rejected,total_negative_electrical_charge_equivalents; 100_percent_delivery_and_utilization; not_electron_specific; not_a_chemical_yield_prediction
5mM_Mn_nitrate_in_water_4kHz,"5 mM Mn nitrate, 4 kHz",5mM_Mn_nitrate_in_water,4.0,1.75,False,2.5,5.0,1.0,1.7849264036098204e+16,1.7849264036098202e+16,1.7849264036098202e+16,4.920252504849558,4.920252504849559,4.920252504849559,"composition-matched 5 mM Mn-ion inventory; electrical charge-equivalent clock, not chemical conversion; diagnostic scenario only because the source rate did not pass its passive-background reporting gate",False,not_reportable_passive_background_model_rejected,total_negative_electrical_charge_equivalents; 100_percent_delivery_and_utilization; not_electron_specific; not_a_chemical_yield_prediction
5mM_Mn_nitrate_in_water_4kHz,"5 mM Mn nitrate, 4 kHz",5mM_Mn_nitrate_in_water,4.0,1.8,False,2.5,5.0,1.0,1.7849264036098204e+16,1.7849264036098202e+16,1.7849264036098202e+16,5.060831147845261,5.060831147845261,5.060831147845261,"composition-matched 5 mM Mn-ion inventory; electrical charge-equivalent clock, not chemical conversion; diagnostic scenario only because the source rate did not pass its passive-background reporting gate",False,not_reportable_passive_background_model_rejected,total_negative_electrical_charge_equivalents; 100_percent_delivery_and_utilization; not_electron_specific; not_a_chemical_yield_prediction
5mM_Mn_nitrate_in_water_4kHz,"5 mM Mn nitrate, 4 kHz",5mM_Mn_nitrate_in_water,4.0,1.85,False,2.5,5.0,1.0,1.7849264036098204e+16,1.7849264036098202e+16,1.7849264036098202e+16,5.2014097908409616,5.201409790840962,5.201409790840962,"composition-matched 5 mM Mn-ion inventory; electrical charge-equivalent clock, not chemical conversion; diagnostic scenario only because the source rate did not pass its passive-background reporting gate",False,not_reportable_passive_background_model_rejected,total_negative_electrical_charge_equivalents; 100_percent_delivery_and_utilization; not_electron_specific; not_a_chemical_yield_prediction
5mM_Mn_nitrate_in_water_4kHz,"5 mM Mn nitrate, 4 kHz",5mM_Mn_nitrate_in_water,4.0,1.9000000000000001,False,2.5,5.0,1.0,1.7849264036098204e+16,1.7849264036098202e+16,1.7849264036098202e+16,5.341988433836663,5.341988433836664,5.341988433836664,"composition-matched 5 mM Mn-ion inventory; electrical charge-equivalent clock, not chemical conversion; diagnostic scenario only because the source rate did not pass its passive-background reporting gate",False,not_reportable_passive_background_model_rejected,total_negative_electrical_charge_equivalents; 100_percent_delivery_and_utilization; not_electron_specific; not_a_chemical_yield_prediction
5mM_Mn_nitrate_in_water_4kHz,"5 mM Mn nitrate, 4 kHz",5mM_Mn_nitrate_in_water,4.0,1.9500000000000002,False,2.5,5.0,1.0,1.7849264036098204e+16,1.7849264036098202e+16,1.7849264036098202e+16,5.482567076832366,5.482567076832366,5.482567076832366,"composition-matched 5 mM Mn-ion inventory; electrical charge-equivalent clock, not chemical conversion; diagnostic scenario only because the source rate did not pass its passive-background reporting gate",False,not_reportable_passive_background_model_rejected,total_negative_electrical_charge_equivalents; 100_percent_delivery_and_utilization; not_electron_specific; not_a_chemical_yield_prediction
5mM_Mn_nitrate_in_water_4kHz,"5 mM Mn nitrate, 4 kHz",5mM_Mn_nitrate_in_water,4.0,2.0,False,2.5,5.0,1.0,1.7849264036098204e+16,1.7849264036098202e+16,1.7849264036098202e+16,5.6231457198280665,5.623145719828067,5.623145719828067,"composition-matched 5 mM Mn-ion inventory; electrical charge-equivalent clock, not chemical conversion; diagnostic scenario only because the source rate did not pass its passive-background reporting gate",False,not_reportable_passive_background_model_rejected,total_negative_electrical_charge_equivalents; 100_percent_delivery_and_utilization; not_electron_specific; not_a_chemical_yield_prediction
5mM_Mn_nitrate_in_water_4kHz,"5 mM Mn nitrate, 4 kHz",5mM_Mn_nitrate_in_water,4.0,2.0500000000000003,False,2.5,5.0,1.0,1.7849264036098204e+16,1.7849264036098202e+16,1.7849264036098202e+16,5.763724362823768,5.763724362823769,5.763724362823769,"composition-matched 5 mM Mn-ion inventory; electrical charge-equivalent clock, not chemical conversion; diagnostic scenario only because the source rate did not pass its passive-background reporting gate",False,not_reportable_passive_background_model_rejected,total_negative_electrical_charge_equivalents; 100_percent_delivery_and_utilization; not_electron_specific; not_a_chemical_yield_prediction
5mM_Mn_nitrate_in_water_4kHz,"5 mM Mn nitrate, 4 kHz",5mM_Mn_nitrate_in_water,4.0,2.1,False,2.5,5.0,1.0,1.7849264036098204e+16,1.7849264036098202e+16,1.7849264036098202e+16,5.904303005819471,5.904303005819471,5.904303005819471,"composition-matched 5 mM Mn-ion inventory; electrical charge-equivalent clock, not chemical conversion; diagnostic scenario only because the source rate did not pass its passive-background reporting gate",False,not_reportable_passive_background_model_rejected,total_negative_electrical_charge_equivalents; 100_percent_delivery_and_utilization; not_electron_specific; not_a_chemical_yield_prediction
5mM_Mn_nitrate_in_water_4kHz,"5 mM Mn nitrate, 4 kHz",5mM_Mn_nitrate_in_water,4.0,2.15,False,2.5,5.0,1.0,1.7849264036098204e+16,1.7849264036098202e+16,1.7849264036098202e+16,6.0448816488151715,6.044881648815172,6.044881648815172,"composition-matched 5 mM Mn-ion inventory; electrical charge-equivalent clock, not chemical conversion; diagnostic scenario only because the source rate did not pass its passive-background reporting gate",False,not_reportable_passive_background_model_rejected,total_negative_electrical_charge_equivalents; 100_percent_delivery_and_utilization; not_electron_specific; not_a_chemical_yield_prediction
5mM_Mn_nitrate_in_water_4kHz,"5 mM Mn nitrate, 4 kHz",5mM_Mn_nitrate_in_water,4.0,2.2,False,2.5,5.0,1.0,1.7849264036098204e+16,1.7849264036098202e+16,1.7849264036098202e+16,6.185460291810873,6.185460291810874,6.185460291810874,"composition-matched 5 mM Mn-ion inventory; electrical charge-equivalent clock, not chemical conversion; diagnostic scenario only because the source rate did not pass its passive-background reporting gate",False,not_reportable_passive_background_model_rejected,total_negative_electrical_charge_equivalents; 100_percent_delivery_and_utilization; not_electron_specific; not_a_chemical_yield_prediction
5mM_Mn_nitrate_in_water_4kHz,"5 mM Mn nitrate, 4 kHz",5mM_Mn_nitrate_in_water,4.0,2.25,False,2.5,5.0,1.0,1.7849264036098204e+16,1.7849264036098202e+16,1.7849264036098202e+16,6.326038934806575,6.326038934806576,6.326038934806576,"composition-matched 5 mM Mn-ion inventory; electrical charge-equivalent clock, not chemical conversion; diagnostic scenario only because the source rate did not pass its passive-background reporting gate",False,not_reportable_passive_background_model_rejected,total_negative_electrical_charge_equivalents; 100_percent_delivery_and_utilization; not_electron_specific; not_a_chemical_yield_prediction
5mM_Mn_nitrate_in_water_4kHz,"5 mM Mn nitrate, 4 kHz",5mM_Mn_nitrate_in_water,4.0,2.3000000000000003,False,2.5,5.0,1.0,1.7849264036098204e+16,1.7849264036098202e+16,1.7849264036098202e+16,6.466617577802277,6.466617577802278,6.466617577802278,"composition-matched 5 mM Mn-ion inventory; electrical charge-equivalent clock, not chemical conversion; diagnostic scenario only because the source rate did not pass its passive-background reporting gate",False,not_reportable_passive_background_model_rejected,total_negative_electrical_charge_equivalents; 100_percent_delivery_and_utilization; not_electron_specific; not_a_chemical_yield_prediction
5mM_Mn_nitrate_in_water_4kHz,"5 mM Mn nitrate, 4 kHz",5mM_Mn_nitrate_in_water,4.0,2.35,False,2.5,5.0,1.0,1.7849264036098204e+16,1.7849264036098202e+16,1.7849264036098202e+16,6.607196220797978,6.607196220797979,6.607196220797979,"composition-matched 5 mM Mn-ion inventory; electrical charge-equivalent clock, not chemical conversion; diagnostic scenario only because the source rate did not pass its passive-background reporting gate",False,not_reportable_passive_background_model_rejected,total_negative_electrical_charge_equivalents; 100_percent_delivery_and_utilization; not_electron_specific; not_a_chemical_yield_prediction
5mM_Mn_nitrate_in_water_4kHz,"5 mM Mn nitrate, 4 kHz",5mM_Mn_nitrate_in_water,4.0,2.4000000000000004,False,2.5,5.0,1.0,1.7849264036098204e+16,1.7849264036098202e+16,1.7849264036098202e+16,6.747774863793681,6.747774863793682,6.747774863793682,"composition-matched 5 mM Mn-ion inventory; electrical charge-equivalent clock, not chemical conversion; diagnostic scenario only because the source rate did not pass its passive-background reporting gate",False,not_reportable_passive_background_model_rejected,total_negative_electrical_charge_equivalents; 100_percent_delivery_and_utilization; not_electron_specific; not_a_chemical_yield_prediction
5mM_Mn_nitrate_in_water_4kHz,"5 mM Mn nitrate, 4 kHz",5mM_Mn_nitrate_in_water,4.0,2.45,False,2.5,5.0,1.0,1.7849264036098204e+16,1.7849264036098202e+16,1.7849264036098202e+16,6.8883535067893815,6.888353506789382,6.888353506789382,"composition-matched 5 mM Mn-ion inventory; electrical charge-equivalent clock, not chemical conversion; diagnostic scenario only because the source rate did not pass its passive-background reporting gate",False,not_reportable_passive_background_model_rejected,total_negative_electrical_charge_equivalents; 100_percent_delivery_and_utilization; not_electron_specific; not_a_chemical_yield_prediction
5mM_Mn_nitrate_in_water_4kHz,"5 mM Mn nitrate, 4 kHz",5mM_Mn_nitrate_in_water,4.0,2.5,True,2.5,5.0,1.0,1.7849264036098204e+16,1.7849264036098202e+16,1.7849264036098202e+16,7.028932149785083,7.028932149785083,7.028932149785083,"composition-matched 5 mM Mn-ion inventory; electrical charge-equivalent clock, not chemical conversion; diagnostic scenario only because the source rate did not pass its passive-background reporting gate",False,not_reportable_passive_background_model_rejected,total_negative_electrical_charge_equivalents; 100_percent_delivery_and_utilization; not_electron_specific; not_a_chemical_yield_prediction
5mM_Mn_nitrate_in_water_4kHz,"5 mM Mn nitrate, 4 kHz",5mM_Mn_nitrate_in_water,4.0,2.5500000000000003,False,2.5,5.0,1.0,1.7849264036098204e+16,1.7849264036098202e+16,1.7849264036098202e+16,7.169510792780786,7.169510792780787,7.169510792780787,"composition-matched 5 mM Mn-ion inventory; electrical charge-equivalent clock, not chemical conversion; diagnostic scenario only because the source rate did not pass its passive-background reporting gate",False,not_reportable_passive_background_model_rejected,total_negative_electrical_charge_equivalents; 100_percent_delivery_and_utilization; not_electron_specific; not_a_chemical_yield_prediction
5mM_Mn_nitrate_in_water_4kHz,"5 mM Mn nitrate, 4 kHz",5mM_Mn_nitrate_in_water,4.0,2.6,False,2.5,5.0,1.0,1.7849264036098204e+16,1.7849264036098202e+16,1.7849264036098202e+16,7.3100894357764865,7.310089435776487,7.310089435776487,"composition-matched 5 mM Mn-ion inventory; electrical charge-equivalent clock, not chemical conversion; diagnostic scenario only because the source rate did not pass its passive-background reporting gate",False,not_reportable_passive_background_model_rejected,total_negative_electrical_charge_equivalents; 100_percent_delivery_and_utilization; not_electron_specific; not_a_chemical_yield_prediction
5mM_Mn_nitrate_in_water_4kHz,"5 mM Mn nitrate, 4 kHz",5mM_Mn_nitrate_in_water,4.0,2.6500000000000004,False,2.5,5.0,1.0,1.7849264036098204e+16,1.7849264036098202e+16,1.7849264036098202e+16,7.45066807877219,7.450668078772191,7.450668078772191,"composition-matched 5 mM Mn-ion inventory; electrical charge-equivalent clock, not chemical conversion; diagnostic scenario only because the source rate did not pass its passive-background reporting gate",False,not_reportable_passive_background_model_rejected,total_negative_electrical_charge_equivalents; 100_percent_delivery_and_utilization; not_electron_specific; not_a_chemical_yield_prediction
5mM_Mn_nitrate_in_water_4kHz,"5 mM Mn nitrate, 4 kHz",5mM_Mn_nitrate_in_water,4.0,2.7,False,2.5,5.0,1.0,1.7849264036098204e+16,1.7849264036098202e+16,1.7849264036098202e+16,7.591246721767891,7.591246721767892,7.591246721767892,"composition-matched 5 mM Mn-ion inventory; electrical charge-equivalent clock, not chemical conversion; diagnostic scenario only because the source rate did not pass its passive-background reporting gate",False,not_reportable_passive_background_model_rejected,total_negative_electrical_charge_equivalents; 100_percent_delivery_and_utilization; not_electron_specific; not_a_chemical_yield_prediction
5mM_Mn_nitrate_in_water_4kHz,"5 mM Mn nitrate, 4 kHz",5mM_Mn_nitrate_in_water,4.0,2.75,False,2.5,5.0,1.0,1.7849264036098204e+16,1.7849264036098202e+16,1.7849264036098202e+16,7.7318253647635915,7.731825364763592,7.731825364763592,"composition-matched 5 mM Mn-ion inventory; electrical charge-equivalent clock, not chemical conversion; diagnostic scenario only because the source rate did not pass its passive-background reporting gate",False,not_reportable_passive_background_model_rejected,total_negative_electrical_charge_equivalents; 100_percent_delivery_and_utilization; not_electron_specific; not_a_chemical_yield_prediction
5mM_Mn_nitrate_in_water_4kHz,"5 mM Mn nitrate, 4 kHz",5mM_Mn_nitrate_in_water,4.0,2.8000000000000003,False,2.5,5.0,1.0,1.7849264036098204e+16,1.7849264036098202e+16,1.7849264036098202e+16,7.872404007759294,7.872404007759295,7.872404007759295,"composition-matched 5 mM Mn-ion inventory; electrical charge-equivalent clock, not chemical conversion; diagnostic scenario only because the source rate did not pass its passive-background reporting gate",False,not_reportable_passive_background_model_rejected,total_negative_electrical_charge_equivalents; 100_percent_delivery_and_utilization; not_electron_specific; not_a_chemical_yield_prediction
5mM_Mn_nitrate_in_water_4kHz,"5 mM Mn nitrate, 4 kHz",5mM_Mn_nitrate_in_water,4.0,2.85,False,2.5,5.0,1.0,1.7849264036098204e+16,1.7849264036098202e+16,1.7849264036098202e+16,8.012982650754994,8.012982650754996,8.012982650754996,"composition-matched 5 mM Mn-ion inventory; electrical charge-equivalent clock, not chemical conversion; diagnostic scenario only because the source rate did not pass its passive-background reporting gate",False,not_reportable_passive_background_model_rejected,total_negative_electrical_charge_equivalents; 100_percent_delivery_and_utilization; not_electron_specific; not_a_chemical_yield_prediction
5mM_Mn_nitrate_in_water_4kHz,"5 mM Mn nitrate, 4 kHz",5mM_Mn_nitrate_in_water,4.0,2.9000000000000004,False,2.5,5.0,1.0,1.7849264036098204e+16,1.7849264036098202e+16,1.7849264036098202e+16,8.153561293750696,8.153561293750698,8.153561293750698,"composition-matched 5 mM Mn-ion inventory; electrical charge-equivalent clock, not chemical conversion; diagnostic scenario only because the source rate did not pass its passive-background reporting gate",False,not_reportable_passive_background_model_rejected,total_negative_electrical_charge_equivalents; 100_percent_delivery_and_utilization; not_electron_specific; not_a_chemical_yield_prediction
5mM_Mn_nitrate_in_water_4kHz,"5 mM Mn nitrate, 4 kHz",5mM_Mn_nitrate_in_water,4.0,2.95,False,2.5,5.0,1.0,1.7849264036098204e+16,1.7849264036098202e+16,1.7849264036098202e+16,8.294139936746397,8.294139936746399,8.294139936746399,"composition-matched 5 mM Mn-ion inventory; electrical charge-equivalent clock, not chemical conversion; diagnostic scenario only because the source rate did not pass its passive-background reporting gate",False,not_reportable_passive_background_model_rejected,total_negative_electrical_charge_equivalents; 100_percent_delivery_and_utilization; not_electron_specific; not_a_chemical_yield_prediction
5mM_Mn_nitrate_in_water_4kHz,"5 mM Mn nitrate, 4 kHz",5mM_Mn_nitrate_in_water,4.0,3.0,False,2.5,5.0,1.0,1.7849264036098204e+16,1.7849264036098202e+16,1.7849264036098202e+16,8.434718579742102,8.434718579742102,8.434718579742102,"composition-matched 5 mM Mn-ion inventory; electrical charge-equivalent clock, not chemical conversion; diagnostic scenario only because the source rate did not pass its passive-background reporting gate",False,not_reportable_passive_background_model_rejected,total_negative_electrical_charge_equivalents; 100_percent_delivery_and_utilization; not_electron_specific; not_a_chemical_yield_prediction
5mM_Mn_nitrate_in_water_4kHz,"5 mM Mn nitrate, 4 kHz",5mM_Mn_nitrate_in_water,4.0,3.0500000000000003,False,2.5,5.0,1.0,1.7849264036098204e+16,1.7849264036098202e+16,1.7849264036098202e+16,8.575297222737802,8.575297222737802,8.575297222737802,"composition-matched 5 mM Mn-ion inventory; electrical charge-equivalent clock, not chemical conversion; diagnostic scenario only because the source rate did not pass its passive-background reporting gate",False,not_reportable_passive_background_model_rejected,total_negative_electrical_charge_equivalents; 100_percent_delivery_and_utilization; not_electron_specific; not_a_chemical_yield_prediction
5mM_Mn_nitrate_in_water_4kHz,"5 mM Mn nitrate, 4 kHz",5mM_Mn_nitrate_in_water,4.0,3.1,False,2.5,5.0,1.0,1.7849264036098204e+16,1.7849264036098202e+16,1.7849264036098202e+16,8.715875865733503,8.715875865733503,8.715875865733503,"composition-matched 5 mM Mn-ion inventory; electrical charge-equivalent clock, not chemical conversion; diagnostic scenario only because the source rate did not pass its passive-background reporting gate",False,not_reportable_passive_background_model_rejected,total_negative_electrical_charge_equivalents; 100_percent_delivery_and_utilization; not_electron_specific; not_a_chemical_yield_prediction
5mM_Mn_nitrate_in_water_4kHz,"5 mM Mn nitrate, 4 kHz",5mM_Mn_nitrate_in_water,4.0,3.1500000000000004,False,2.5,5.0,1.0,1.7849264036098204e+16,1.7849264036098202e+16,1.7849264036098202e+16,8.856454508729206,8.856454508729207,8.856454508729207,"composition-matched 5 mM Mn-ion inventory; electrical charge-equivalent clock, not chemical conversion; diagnostic scenario only because the source rate did not pass its passive-background reporting gate",False,not_reportable_passive_background_model_rejected,total_negative_electrical_charge_equivalents; 100_percent_delivery_and_utilization; not_electron_specific; not_a_chemical_yield_prediction
5mM_Mn_nitrate_in_water_4kHz,"5 mM Mn nitrate, 4 kHz",5mM_Mn_nitrate_in_water,4.0,3.2,False,2.5,5.0,1.0,1.7849264036098204e+16,1.7849264036098202e+16,1.7849264036098202e+16,8.997033151724906,8.997033151724908,8.997033151724908,"composition-matched 5 mM Mn-ion inventory; electrical charge-equivalent clock, not chemical conversion; diagnostic scenario only because the source rate did not pass its passive-background reporting gate",False,not_reportable_passive_background_model_rejected,total_negative_electrical_charge_equivalents; 100_percent_delivery_and_utilization; not_electron_specific; not_a_chemical_yield_prediction
5mM_Mn_nitrate_in_water_4kHz,"5 mM Mn nitrate, 4 kHz",5mM_Mn_nitrate_in_water,4.0,3.25,False,2.5,5.0,1.0,1.7849264036098204e+16,1.7849264036098202e+16,1.7849264036098202e+16,9.137611794720607,9.137611794720609,9.137611794720609,"composition-matched 5 mM Mn-ion inventory; electrical charge-equivalent clock, not chemical conversion; diagnostic scenario only because the source rate did not pass its passive-background reporting gate",False,not_reportable_passive_background_model_rejected,total_negative_electrical_charge_equivalents; 100_percent_delivery_and_utilization; not_electron_specific; not_a_chemical_yield_prediction
5mM_Mn_nitrate_in_water_4kHz,"5 mM Mn nitrate, 4 kHz",5mM_Mn_nitrate_in_water,4.0,3.3000000000000003,False,2.5,5.0,1.0,1.7849264036098204e+16,1.7849264036098202e+16,1.7849264036098202e+16,9.278190437716312,9.278190437716312,9.278190437716312,"composition-matched 5 mM Mn-ion inventory; electrical charge-equivalent clock, not chemical conversion; diagnostic scenario only because the source rate did not pass its passive-background reporting gate",False,not_reportable_passive_background_model_rejected,total_negative_electrical_charge_equivalents; 100_percent_delivery_and_utilization; not_electron_specific; not_a_chemical_yield_prediction
5mM_Mn_nitrate_in_water_4kHz,"5 mM Mn nitrate, 4 kHz",5mM_Mn_nitrate_in_water,4.0,3.35,False,2.5,5.0,1.0,1.7849264036098204e+16,1.7849264036098202e+16,1.7849264036098202e+16,9.418769080712012,9.418769080712012,9.418769080712012,"composition-matched 5 mM Mn-ion inventory; electrical charge-equivalent clock, not chemical conversion; diagnostic scenario only because the source rate did not pass its passive-background reporting gate",False,not_reportable_passive_background_model_rejected,total_negative_electrical_charge_equivalents; 100_percent_delivery_and_utilization; not_electron_specific; not_a_chemical_yield_prediction
5mM_Mn_nitrate_in_water_4kHz,"5 mM Mn nitrate, 4 kHz",5mM_Mn_nitrate_in_water,4.0,3.4000000000000004,False,2.5,5.0,1.0,1.7849264036098204e+16,1.7849264036098202e+16,1.7849264036098202e+16,9.559347723707715,9.559347723707717,9.559347723707717,"composition-matched 5 mM Mn-ion inventory; electrical charge-equivalent clock, not chemical conversion; diagnostic scenario only because the source rate did not pass its passive-background reporting gate",False,not_reportable_passive_background_model_rejected,total_negative_electrical_charge_equivalents; 100_percent_delivery_and_utilization; not_electron_specific; not_a_chemical_yield_prediction
5mM_Mn_nitrate_in_water_4kHz,"5 mM Mn nitrate, 4 kHz",5mM_Mn_nitrate_in_water,4.0,3.45,False,2.5,5.0,1.0,1.7849264036098204e+16,1.7849264036098202e+16,1.7849264036098202e+16,9.699926366703416,9.699926366703417,9.699926366703417,"composition-matched 5 mM Mn-ion inventory; electrical charge-equivalent clock, not chemical conversion; diagnostic scenario only because the source rate did not pass its passive-background reporting gate",False,not_reportable_passive_background_model_rejected,total_negative_electrical_charge_equivalents; 100_percent_delivery_and_utilization; not_electron_specific; not_a_chemical_yield_prediction
5mM_Mn_nitrate_in_water_4kHz,"5 mM Mn nitrate, 4 kHz",5mM_Mn_nitrate_in_water,4.0,3.5,False,2.5,5.0,1.0,1.7849264036098204e+16,1.7849264036098202e+16,1.7849264036098202e+16,9.840505009699116,9.840505009699118,9.840505009699118,"composition-matched 5 mM Mn-ion inventory; electrical charge-equivalent clock, not chemical conversion; diagnostic scenario only because the source rate did not pass its passive-background reporting gate",False,not_reportable_passive_background_model_rejected,total_negative_electrical_charge_equivalents; 100_percent_delivery_and_utilization; not_electron_specific; not_a_chemical_yield_prediction
5mM_Mn_nitrate_in_water_4kHz,"5 mM Mn nitrate, 4 kHz",5mM_Mn_nitrate_in_water,4.0,3.5500000000000003,False,2.5,5.0,1.0,1.7849264036098204e+16,1.7849264036098202e+16,1.7849264036098202e+16,9.981083652694817,9.981083652694819,9.981083652694819,"composition-matched 5 mM Mn-ion inventory; electrical charge-equivalent clock, not chemical conversion; diagnostic scenario only because the source rate did not pass its passive-background reporting gate",False,not_reportable_passive_background_model_rejected,total_negative_electrical_charge_equivalents; 100_percent_delivery_and_utilization; not_electron_specific; not_a_chemical_yield_prediction
5mM_Mn_nitrate_in_water_4kHz,"5 mM Mn nitrate, 4 kHz",5mM_Mn_nitrate_in_water,4.0,3.6,False,2.5,5.0,1.0,1.7849264036098204e+16,1.7849264036098202e+16,1.7849264036098202e+16,10.121662295690522,10.121662295690522,10.121662295690522,"composition-matched 5 mM Mn-ion inventory; electrical charge-equivalent clock, not chemical conversion; diagnostic scenario only because the source rate did not pass its passive-background reporting gate",False,not_reportable_passive_background_model_rejected,total_negative_electrical_charge_equivalents; 100_percent_delivery_and_utilization; not_electron_specific; not_a_chemical_yield_prediction
5mM_Mn_nitrate_in_water_4kHz,"5 mM Mn nitrate, 4 kHz",5mM_Mn_nitrate_in_water,4.0,3.6500000000000004,False,2.5,5.0,1.0,1.7849264036098204e+16,1.7849264036098202e+16,1.7849264036098202e+16,10.262240938686222,10.262240938686222,10.262240938686222,"composition-matched 5 mM Mn-ion inventory; electrical charge-equivalent clock, not chemical conversion; diagnostic scenario only because the source rate did not pass its passive-background reporting gate",False,not_reportable_passive_background_model_rejected,total_negative_electrical_charge_equivalents; 100_percent_delivery_and_utilization; not_electron_specific; not_a_chemical_yield_prediction
5mM_Mn_nitrate_in_water_4kHz,"5 mM Mn nitrate, 4 kHz",5mM_Mn_nitrate_in_water,4.0,3.7,False,2.5,5.0,1.0,1.7849264036098204e+16,1.7849264036098202e+16,1.7849264036098202e+16,10.402819581681923,10.402819581681925,10.402819581681925,"composition-matched 5 mM Mn-ion inventory; electrical charge-equivalent clock, not chemical conversion; diagnostic scenario only because the source rate did not pass its passive-background reporting gate",False,not_reportable_passive_background_model_rejected,total_negative_electrical_charge_equivalents; 100_percent_delivery_and_utilization; not_electron_specific; not_a_chemical_yield_prediction
5mM_Mn_nitrate_in_water_4kHz,"5 mM Mn nitrate, 4 kHz",5mM_Mn_nitrate_in_water,4.0,3.75,False,2.5,5.0,1.0,1.7849264036098204e+16,1.7849264036098202e+16,1.7849264036098202e+16,10.543398224677624,10.543398224677626,10.543398224677626,"composition-matched 5 mM Mn-ion inventory; electrical charge-equivalent clock, not chemical conversion; diagnostic scenario only because the source rate did not pass its passive-background reporting gate",False,not_reportable_passive_background_model_rejected,total_negative_electrical_charge_equivalents; 100_percent_delivery_and_utilization; not_electron_specific; not_a_chemical_yield_prediction
5mM_Mn_nitrate_in_water_4kHz,"5 mM Mn nitrate, 4 kHz",5mM_Mn_nitrate_in_water,4.0,3.8000000000000003,False,2.5,5.0,1.0,1.7849264036098204e+16,1.7849264036098202e+16,1.7849264036098202e+16,10.683976867673326,10.683976867673328,10.683976867673328,"composition-matched 5 mM Mn-ion inventory; electrical charge-equivalent clock, not chemical conversion; diagnostic scenario only because the source rate did not pass its passive-background reporting gate",False,not_reportable_passive_background_model_rejected,total_negative_electrical_charge_equivalents; 100_percent_delivery_and_utilization; not_electron_specific; not_a_chemical_yield_prediction
5mM_Mn_nitrate_in_water_4kHz,"5 mM Mn nitrate, 4 kHz",5mM_Mn_nitrate_in_water,4.0,3.85,False,2.5,5.0,1.0,1.7849264036098204e+16,1.7849264036098202e+16,1.7849264036098202e+16,10.824555510669027,10.824555510669029,10.824555510669029,"composition-matched 5 mM Mn-ion inventory; electrical charge-equivalent clock, not chemical conversion; diagnostic scenario only because the source rate did not pass its passive-background reporting gate",False,not_reportable_passive_background_model_rejected,total_negative_electrical_charge_equivalents; 100_percent_delivery_and_utilization; not_electron_specific; not_a_chemical_yield_prediction
5mM_Mn_nitrate_in_water_4kHz,"5 mM Mn nitrate, 4 kHz",5mM_Mn_nitrate_in_water,4.0,3.9000000000000004,False,2.5,5.0,1.0,1.7849264036098204e+16,1.7849264036098202e+16,1.7849264036098202e+16,10.965134153664732,10.965134153664732,10.965134153664732,"composition-matched 5 mM Mn-ion inventory; electrical charge-equivalent clock, not chemical conversion; diagnostic scenario only because the source rate did not pass its passive-background reporting gate",False,not_reportable_passive_background_model_rejected,total_negative_electrical_charge_equivalents; 100_percent_delivery_and_utilization; not_electron_specific; not_a_chemical_yield_prediction
5mM_Mn_nitrate_in_water_4kHz,"5 mM Mn nitrate, 4 kHz",5mM_Mn_nitrate_in_water,4.0,3.95,False,2.5,5.0,1.0,1.7849264036098204e+16,1.7849264036098202e+16,1.7849264036098202e+16,11.105712796660432,11.105712796660434,11.105712796660434,"composition-matched 5 mM Mn-ion inventory; electrical charge-equivalent clock, not chemical conversion; diagnostic scenario only because the source rate did not pass its passive-background reporting gate",False,not_reportable_passive_background_model_rejected,total_negative_electrical_charge_equivalents; 100_percent_delivery_and_utilization; not_electron_specific; not_a_chemical_yield_prediction
5mM_Mn_nitrate_in_water_4kHz,"5 mM Mn nitrate, 4 kHz",5mM_Mn_nitrate_in_water,4.0,4.0,False,2.5,5.0,1.0,1.7849264036098204e+16,1.7849264036098202e+16,1.7849264036098202e+16,11.246291439656133,11.246291439656135,11.246291439656135,"composition-matched 5 mM Mn-ion inventory; electrical charge-equivalent clock, not chemical conversion; diagnostic scenario only because the source rate did not pass its passive-background reporting gate",False,not_reportable_passive_background_model_rejected,total_negative_electrical_charge_equivalents; 100_percent_delivery_and_utilization; not_electron_specific; not_a_chemical_yield_prediction
5mM_Mn_nitrate_in_water_4kHz,"5 mM Mn nitrate, 4 kHz",5mM_Mn_nitrate_in_water,4.0,4.05,False,2.5,5.0,1.0,1.7849264036098204e+16,1.7849264036098202e+16,1.7849264036098202e+16,11.386870082651834,11.386870082651836,11.386870082651836,"composition-matched 5 mM Mn-ion inventory; electrical charge-equivalent clock, not chemical conversion; diagnostic scenario only because the source rate did not pass its passive-background reporting gate",False,not_reportable_passive_background_model_rejected,total_negative_electrical_charge_equivalents; 100_percent_delivery_and_utilization; not_electron_specific; not_a_chemical_yield_prediction
5mM_Mn_nitrate_in_water_4kHz,"5 mM Mn nitrate, 4 kHz",5mM_Mn_nitrate_in_water,4.0,4.1000000000000005,False,2.5,5.0,1.0,1.7849264036098204e+16,1.7849264036098202e+16,1.7849264036098202e+16,11.527448725647536,11.527448725647538,11.527448725647538,"composition-matched 5 mM Mn-ion inventory; electrical charge-equivalent clock, not chemical conversion; diagnostic scenario only because the source rate did not pass its passive-background reporting gate",False,not_reportable_passive_background_model_rejected,total_negative_electrical_charge_equivalents; 100_percent_delivery_and_utilization; not_electron_specific; not_a_chemical_yield_prediction
5mM_Mn_nitrate_in_water_4kHz,"5 mM Mn nitrate, 4 kHz",5mM_Mn_nitrate_in_water,4.0,4.15,False,2.5,5.0,1.0,1.7849264036098204e+16,1.7849264036098202e+16,1.7849264036098202e+16,11.66802736864324,11.66802736864324,11.66802736864324,"composition-matched 5 mM Mn-ion inventory; electrical charge-equivalent clock, not chemical conversion; diagnostic scenario only because the source rate did not pass its passive-background reporting gate",False,not_reportable_passive_background_model_rejected,total_negative_electrical_charge_equivalents; 100_percent_delivery_and_utilization; not_electron_specific; not_a_chemical_yield_prediction
5mM_Mn_nitrate_in_water_4kHz,"5 mM Mn nitrate, 4 kHz",5mM_Mn_nitrate_in_water,4.0,4.2,False,2.5,5.0,1.0,1.7849264036098204e+16,1.7849264036098202e+16,1.7849264036098202e+16,11.808606011638942,11.808606011638942,11.808606011638942,"composition-matched 5 mM Mn-ion inventory; electrical charge-equivalent clock, not chemical conversion; diagnostic scenario only because the source rate did not pass its passive-background reporting gate",False,not_reportable_passive_background_model_rejected,total_negative_electrical_charge_equivalents; 100_percent_delivery_and_utilization; not_electron_specific; not_a_chemical_yield_prediction
5mM_Mn_nitrate_in_water_4kHz,"5 mM Mn nitrate, 4 kHz",5mM_Mn_nitrate_in_water,4.0,4.25,False,2.5,5.0,1.0,1.7849264036098204e+16,1.7849264036098202e+16,1.7849264036098202e+16,11.949184654634642,11.949184654634644,11.949184654634644,"composition-matched 5 mM Mn-ion inventory; electrical charge-equivalent clock, not chemical conversion; diagnostic scenario only because the source rate did not pass its passive-background reporting gate",False,not_reportable_passive_background_model_rejected,total_negative_electrical_charge_equivalents; 100_percent_delivery_and_utilization; not_electron_specific; not_a_chemical_yield_prediction
5mM_Mn_nitrate_in_water_4kHz,"5 mM Mn nitrate, 4 kHz",5mM_Mn_nitrate_in_water,4.0,4.3,False,2.5,5.0,1.0,1.7849264036098204e+16,1.7849264036098202e+16,1.7849264036098202e+16,12.089763297630343,12.089763297630345,12.089763297630345,"composition-matched 5 mM Mn-ion inventory; electrical charge-equivalent clock, not chemical conversion; diagnostic scenario only because the source rate did not pass its passive-background reporting gate",False,not_reportable_passive_background_model_rejected,total_negative_electrical_charge_equivalents; 100_percent_delivery_and_utilization; not_electron_specific; not_a_chemical_yield_prediction
5mM_Mn_nitrate_in_water_4kHz,"5 mM Mn nitrate, 4 kHz",5mM_Mn_nitrate_in_water,4.0,4.3500000000000005,False,2.5,5.0,1.0,1.7849264036098204e+16,1.7849264036098202e+16,1.7849264036098202e+16,12.230341940626046,12.230341940626047,12.230341940626047,"composition-matched 5 mM Mn-ion inventory; electrical charge-equivalent clock, not chemical conversion; diagnostic scenario only because the source rate did not pass its passive-background reporting gate",False,not_reportable_passive_background_model_rejected,total_negative_electrical_charge_equivalents; 100_percent_delivery_and_utilization; not_electron_specific; not_a_chemical_yield_prediction
5mM_Mn_nitrate_in_water_4kHz,"5 mM Mn nitrate, 4 kHz",5mM_Mn_nitrate_in_water,4.0,4.4,False,2.5,5.0,1.0,1.7849264036098204e+16,1.7849264036098202e+16,1.7849264036098202e+16,12.370920583621746,12.370920583621748,12.370920583621748,"composition-matched 5 mM Mn-ion inventory; electrical charge-equivalent clock, not chemical conversion; diagnostic scenario only because the source rate did not pass its passive-background reporting gate",False,not_reportable_passive_background_model_rejected,total_negative_electrical_charge_equivalents; 100_percent_delivery_and_utilization; not_electron_specific; not_a_chemical_yield_prediction
5mM_Mn_nitrate_in_water_4kHz,"5 mM Mn nitrate, 4 kHz",5mM_Mn_nitrate_in_water,4.0,4.45,False,2.5,5.0,1.0,1.7849264036098204e+16,1.7849264036098202e+16,1.7849264036098202e+16,12.511499226617449,12.511499226617449,12.511499226617449,"composition-matched 5 mM Mn-ion inventory; electrical charge-equivalent clock, not chemical conversion; diagnostic scenario only because the source rate did not pass its passive-background reporting gate",False,not_reportable_passive_background_model_rejected,total_negative_electrical_charge_equivalents; 100_percent_delivery_and_utilization; not_electron_specific; not_a_chemical_yield_prediction
5mM_Mn_nitrate_in_water_4kHz,"5 mM Mn nitrate, 4 kHz",5mM_Mn_nitrate_in_water,4.0,4.5,False,2.5,5.0,1.0,1.7849264036098204e+16,1.7849264036098202e+16,1.7849264036098202e+16,12.65207786961315,12.652077869613152,12.652077869613152,"composition-matched 5 mM Mn-ion inventory; electrical charge-equivalent clock, not chemical conversion; diagnostic scenario only because the source rate did not pass its passive-background reporting gate",False,not_reportable_passive_background_model_rejected,total_negative_electrical_charge_equivalents; 100_percent_delivery_and_utilization; not_electron_specific; not_a_chemical_yield_prediction
5mM_Mn_nitrate_in_water_4kHz,"5 mM Mn nitrate, 4 kHz",5mM_Mn_nitrate_in_water,4.0,4.55,False,2.5,5.0,1.0,1.7849264036098204e+16,1.7849264036098202e+16,1.7849264036098202e+16,12.79265651260885,12.792656512608852,12.792656512608852,"composition-matched 5 mM Mn-ion inventory; electrical charge-equivalent clock, not chemical conversion; diagnostic scenario only because the source rate did not pass its passive-background reporting gate",False,not_reportable_passive_background_model_rejected,total_negative_electrical_charge_equivalents; 100_percent_delivery_and_utilization; not_electron_specific; not_a_chemical_yield_prediction
5mM_Mn_nitrate_in_water_4kHz,"5 mM Mn nitrate, 4 kHz",5mM_Mn_nitrate_in_water,4.0,4.6000000000000005,False,2.5,5.0,1.0,1.7849264036098204e+16,1.7849264036098202e+16,1.7849264036098202e+16,12.933235155604555,12.933235155604557,12.933235155604557,"composition-matched 5 mM Mn-ion inventory; electrical charge-equivalent clock, not chemical conversion; diagnostic scenario only because the source rate did not pass its passive-background reporting gate",False,not_reportable_passive_background_model_rejected,total_negative_electrical_charge_equivalents; 100_percent_delivery_and_utilization; not_electron_specific; not_a_chemical_yield_prediction
5mM_Mn_nitrate_in_water_4kHz,"5 mM Mn nitrate, 4 kHz",5mM_Mn_nitrate_in_water,4.0,4.65,False,2.5,5.0,1.0,1.7849264036098204e+16,1.7849264036098202e+16,1.7849264036098202e+16,13.073813798600256,13.073813798600257,13.073813798600257,"composition-matched 5 mM Mn-ion inventory; electrical charge-equivalent clock, not chemical conversion; diagnostic scenario only because the source rate did not pass its passive-background reporting gate",False,not_reportable_passive_background_model_rejected,total_negative_electrical_charge_equivalents; 100_percent_delivery_and_utilization; not_electron_specific; not_a_chemical_yield_prediction
5mM_Mn_nitrate_in_water_4kHz,"5 mM Mn nitrate, 4 kHz",5mM_Mn_nitrate_in_water,4.0,4.7,False,2.5,5.0,1.0,1.7849264036098204e+16,1.7849264036098202e+16,1.7849264036098202e+16,13.214392441595956,13.214392441595958,13.214392441595958,"composition-matched 5 mM Mn-ion inventory; electrical charge-equivalent clock, not chemical conversion; diagnostic scenario only because the source rate did not pass its passive-background reporting gate",False,not_reportable_passive_background_model_rejected,total_negative_electrical_charge_equivalents; 100_percent_delivery_and_utilization; not_electron_specific; not_a_chemical_yield_prediction
5mM_Mn_nitrate_in_water_4kHz,"5 mM Mn nitrate, 4 kHz",5mM_Mn_nitrate_in_water,4.0,4.75,False,2.5,5.0,1.0,1.7849264036098204e+16,1.7849264036098202e+16,1.7849264036098202e+16,13.354971084591659,13.354971084591659,13.354971084591659,"composition-matched 5 mM Mn-ion inventory; electrical charge-equivalent clock, not chemical conversion; diagnostic scenario only because the source rate did not pass its passive-background reporting gate",False,not_reportable_passive_background_model_rejected,total_negative_electrical_charge_equivalents; 100_percent_delivery_and_utilization; not_electron_specific; not_a_chemical_yield_prediction
5mM_Mn_nitrate_in_water_4kHz,"5 mM Mn nitrate, 4 kHz",5mM_Mn_nitrate_in_water,4.0,4.800000000000001,False,2.5,5.0,1.0,1.7849264036098204e+16,1.7849264036098202e+16,1.7849264036098202e+16,13.495549727587361,13.495549727587363,13.495549727587363,"composition-matched 5 mM Mn-ion inventory; electrical charge-equivalent clock, not chemical conversion; diagnostic scenario only because the source rate did not pass its passive-background reporting gate",False,not_reportable_passive_background_model_rejected,total_negative_electrical_charge_equivalents; 100_percent_delivery_and_utilization; not_electron_specific; not_a_chemical_yield_prediction
5mM_Mn_nitrate_in_water_4kHz,"5 mM Mn nitrate, 4 kHz",5mM_Mn_nitrate_in_water,4.0,4.8500000000000005,False,2.5,5.0,1.0,1.7849264036098204e+16,1.7849264036098202e+16,1.7849264036098202e+16,13.636128370583062,13.636128370583064,13.636128370583064,"composition-matched 5 mM Mn-ion inventory; electrical charge-equivalent clock, not chemical conversion; diagnostic scenario only because the source rate did not pass its passive-background reporting gate",False,not_reportable_passive_background_model_rejected,total_negative_electrical_charge_equivalents; 100_percent_delivery_and_utilization; not_electron_specific; not_a_chemical_yield_prediction
5mM_Mn_nitrate_in_water_4kHz,"5 mM Mn nitrate, 4 kHz",5mM_Mn_nitrate_in_water,4.0,4.9,False,2.5,5.0,1.0,1.7849264036098204e+16,1.7849264036098202e+16,1.7849264036098202e+16,13.776707013578763,13.776707013578765,13.776707013578765,"composition-matched 5 mM Mn-ion inventory; electrical charge-equivalent clock, not chemical conversion; diagnostic scenario only because the source rate did not pass its passive-background reporting gate",False,not_reportable_passive_background_model_rejected,total_negative_electrical_charge_equivalents; 100_percent_delivery_and_utilization; not_electron_specific; not_a_chemical_yield_prediction
5mM_Mn_nitrate_in_water_4kHz,"5 mM Mn nitrate, 4 kHz",5mM_Mn_nitrate_in_water,4.0,4.95,False,2.5,5.0,1.0,1.7849264036098204e+16,1.7849264036098202e+16,1.7849264036098202e+16,13.917285656574464,13.917285656574466,13.917285656574466,"composition-matched 5 mM Mn-ion inventory; electrical charge-equivalent clock, not chemical conversion; diagnostic scenario only because the source rate did not pass its passive-background reporting gate",False,not_reportable_passive_background_model_rejected,total_negative_electrical_charge_equivalents; 100_percent_delivery_and_utilization; not_electron_specific; not_a_chemical_yield_prediction
5mM_Mn_nitrate_in_water_4kHz,"5 mM Mn nitrate, 4 kHz",5mM_Mn_nitrate_in_water,4.0,5.0,False,2.5,5.0,1.0,1.7849264036098204e+16,1.7849264036098202e+16,1.7849264036098202e+16,14.057864299570166,14.057864299570166,14.057864299570166,"composition-matched 5 mM Mn-ion inventory; electrical charge-equivalent clock, not chemical conversion; diagnostic scenario only because the source rate did not pass its passive-background reporting gate",False,not_reportable_passive_background_model_rejected,total_negative_electrical_charge_equivalents; 100_percent_delivery_and_utilization; not_electron_specific; not_a_chemical_yield_prediction
5mM_Mn_nitrate_in_water_10kHz,"5 mM Mn nitrate, 10 kHz",5mM_Mn_nitrate_in_water,10.0,0.0,False,2.5,5.0,1.0,2.505809834797101e+16,2.5058098347971012e+16,2.5058098347971012e+16,0.0,0.0,0.0,"composition-matched 5 mM Mn-ion inventory; electrical charge-equivalent clock, not chemical conversion; diagnostic scenario only because the source rate did not pass its passive-background reporting gate",False,not_reportable_passive_background_model_rejected,total_negative_electrical_charge_equivalents; 100_percent_delivery_and_utilization; not_electron_specific; not_a_chemical_yield_prediction
5mM_Mn_nitrate_in_water_10kHz,"5 mM Mn nitrate, 10 kHz",5mM_Mn_nitrate_in_water,10.0,0.05,False,2.5,5.0,1.0,2.505809834797101e+16,2.5058098347971012e+16,2.5058098347971012e+16,0.10013630251674076,0.10013630251674073,0.10013630251674073,"composition-matched 5 mM Mn-ion inventory; electrical charge-equivalent clock, not chemical conversion; diagnostic scenario only because the source rate did not pass its passive-background reporting gate",False,not_reportable_passive_background_model_rejected,total_negative_electrical_charge_equivalents; 100_percent_delivery_and_utilization; not_electron_specific; not_a_chemical_yield_prediction
5mM_Mn_nitrate_in_water_10kHz,"5 mM Mn nitrate, 10 kHz",5mM_Mn_nitrate_in_water,10.0,0.1,False,2.5,5.0,1.0,2.505809834797101e+16,2.5058098347971012e+16,2.5058098347971012e+16,0.20027260503348152,0.20027260503348146,0.20027260503348146,"composition-matched 5 mM Mn-ion inventory; electrical charge-equivalent clock, not chemical conversion; diagnostic scenario only because the source rate did not pass its passive-background reporting gate",False,not_reportable_passive_background_model_rejected,total_negative_electrical_charge_equivalents; 100_percent_delivery_and_utilization; not_electron_specific; not_a_chemical_yield_prediction
5mM_Mn_nitrate_in_water_10kHz,"5 mM Mn nitrate, 10 kHz",5mM_Mn_nitrate_in_water,10.0,0.15000000000000002,False,2.5,5.0,1.0,2.505809834797101e+16,2.5058098347971012e+16,2.5058098347971012e+16,0.30040890755022226,0.3004089075502222,0.3004089075502222,"composition-matched 5 mM Mn-ion inventory; electrical charge-equivalent clock, not chemical conversion; diagnostic scenario only because the source rate did not pass its passive-background reporting gate",False,not_reportable_passive_background_model_rejected,total_negative_electrical_charge_equivalents; 100_percent_delivery_and_utilization; not_electron_specific; not_a_chemical_yield_prediction
5mM_Mn_nitrate_in_water_10kHz,"5 mM Mn nitrate, 10 kHz",5mM_Mn_nitrate_in_water,10.0,0.2,False,2.5,5.0,1.0,2.505809834797101e+16,2.5058098347971012e+16,2.5058098347971012e+16,0.40054521006696303,0.4005452100669629,0.4005452100669629,"composition-matched 5 mM Mn-ion inventory; electrical charge-equivalent clock, not chemical conversion; diagnostic scenario only because the source rate did not pass its passive-background reporting gate",False,not_reportable_passive_background_model_rejected,total_negative_electrical_charge_equivalents; 100_percent_delivery_and_utilization; not_electron_specific; not_a_chemical_yield_prediction
5mM_Mn_nitrate_in_water_10kHz,"5 mM Mn nitrate, 10 kHz",5mM_Mn_nitrate_in_water,10.0,0.25,False,2.5,5.0,1.0,2.505809834797101e+16,2.5058098347971012e+16,2.5058098347971012e+16,0.5006815125837037,0.5006815125837036,0.5006815125837036,"composition-matched 5 mM Mn-ion inventory; electrical charge-equivalent clock, not chemical conversion; diagnostic scenario only because the source rate did not pass its passive-background reporting gate",False,not_reportable_passive_background_model_rejected,total_negative_electrical_charge_equivalents; 100_percent_delivery_and_utilization; not_electron_specific; not_a_chemical_yield_prediction
5mM_Mn_nitrate_in_water_10kHz,"5 mM Mn nitrate, 10 kHz",5mM_Mn_nitrate_in_water,10.0,0.30000000000000004,False,2.5,5.0,1.0,2.505809834797101e+16,2.5058098347971012e+16,2.5058098347971012e+16,0.6008178151004445,0.6008178151004444,0.6008178151004444,"composition-matched 5 mM Mn-ion inventory; electrical charge-equivalent clock, not chemical conversion; diagnostic scenario only because the source rate did not pass its passive-background reporting gate",False,not_reportable_passive_background_model_rejected,total_negative_electrical_charge_equivalents; 100_percent_delivery_and_utilization; not_electron_specific; not_a_chemical_yield_prediction
5mM_Mn_nitrate_in_water_10kHz,"5 mM Mn nitrate, 10 kHz",5mM_Mn_nitrate_in_water,10.0,0.35000000000000003,False,2.5,5.0,1.0,2.505809834797101e+16,2.5058098347971012e+16,2.5058098347971012e+16,0.7009541176171853,0.7009541176171852,0.7009541176171852,"composition-matched 5 mM Mn-ion inventory; electrical charge-equivalent clock, not chemical conversion; diagnostic scenario only because the source rate did not pass its passive-background reporting gate",False,not_reportable_passive_background_model_rejected,total_negative_electrical_charge_equivalents; 100_percent_delivery_and_utilization; not_electron_specific; not_a_chemical_yield_prediction
5mM_Mn_nitrate_in_water_10kHz,"5 mM Mn nitrate, 10 kHz",5mM_Mn_nitrate_in_water,10.0,0.4,False,2.5,5.0,1.0,2.505809834797101e+16,2.5058098347971012e+16,2.5058098347971012e+16,0.8010904201339261,0.8010904201339258,0.8010904201339258,"composition-matched 5 mM Mn-ion inventory; electrical charge-equivalent clock, not chemical conversion; diagnostic scenario only because the source rate did not pass its passive-background reporting gate",False,not_reportable_passive_background_model_rejected,total_negative_electrical_charge_equivalents; 100_percent_delivery_and_utilization; not_electron_specific; not_a_chemical_yield_prediction
5mM_Mn_nitrate_in_water_10kHz,"5 mM Mn nitrate, 10 kHz",5mM_Mn_nitrate_in_water,10.0,0.45,False,2.5,5.0,1.0,2.505809834797101e+16,2.5058098347971012e+16,2.5058098347971012e+16,0.9012267226506668,0.9012267226506667,0.9012267226506667,"composition-matched 5 mM Mn-ion inventory; electrical charge-equivalent clock, not chemical conversion; diagnostic scenario only because the source rate did not pass its passive-background reporting gate",False,not_reportable_passive_background_model_rejected,total_negative_electrical_charge_equivalents; 100_percent_delivery_and_utilization; not_electron_specific; not_a_chemical_yield_prediction
5mM_Mn_nitrate_in_water_10kHz,"5 mM Mn nitrate, 10 kHz",5mM_Mn_nitrate_in_water,10.0,0.5,False,2.5,5.0,1.0,2.505809834797101e+16,2.5058098347971012e+16,2.5058098347971012e+16,1.0013630251674075,1.0013630251674073,1.0013630251674073,"composition-matched 5 mM Mn-ion inventory; electrical charge-equivalent clock, not chemical conversion; diagnostic scenario only because the source rate did not pass its passive-background reporting gate",False,not_reportable_passive_background_model_rejected,total_negative_electrical_charge_equivalents; 100_percent_delivery_and_utilization; not_electron_specific; not_a_chemical_yield_prediction
5mM_Mn_nitrate_in_water_10kHz,"5 mM Mn nitrate, 10 kHz",5mM_Mn_nitrate_in_water,10.0,0.55,False,2.5,5.0,1.0,2.505809834797101e+16,2.5058098347971012e+16,2.5058098347971012e+16,1.1014993276841483,1.101499327684148,1.101499327684148,"composition-matched 5 mM Mn-ion inventory; electrical charge-equivalent clock, not chemical conversion; diagnostic scenario only because the source rate did not pass its passive-background reporting gate",False,not_reportable_passive_background_model_rejected,total_negative_electrical_charge_equivalents; 100_percent_delivery_and_utilization; not_electron_specific; not_a_chemical_yield_prediction
5mM_Mn_nitrate_in_water_10kHz,"5 mM Mn nitrate, 10 kHz",5mM_Mn_nitrate_in_water,10.0,0.6000000000000001,False,2.5,5.0,1.0,2.505809834797101e+16,2.5058098347971012e+16,2.5058098347971012e+16,1.201635630200889,1.2016356302008888,1.2016356302008888,"composition-matched 5 mM Mn-ion inventory; electrical charge-equivalent clock, not chemical conversion; diagnostic scenario only because the source rate did not pass its passive-background reporting gate",False,not_reportable_passive_background_model_rejected,total_negative_electrical_charge_equivalents; 100_percent_delivery_and_utilization; not_electron_specific; not_a_chemical_yield_prediction
5mM_Mn_nitrate_in_water_10kHz,"5 mM Mn nitrate, 10 kHz",5mM_Mn_nitrate_in_water,10.0,0.65,False,2.5,5.0,1.0,2.505809834797101e+16,2.5058098347971012e+16,2.5058098347971012e+16,1.3017719327176298,1.3017719327176296,1.3017719327176296,"composition-matched 5 mM Mn-ion inventory; electrical charge-equivalent clock, not chemical conversion; diagnostic scenario only because the source rate did not pass its passive-background reporting gate",False,not_reportable_passive_background_model_rejected,total_negative_electrical_charge_equivalents; 100_percent_delivery_and_utilization; not_electron_specific; not_a_chemical_yield_prediction
5mM_Mn_nitrate_in_water_10kHz,"5 mM Mn nitrate, 10 kHz",5mM_Mn_nitrate_in_water,10.0,0.7000000000000001,False,2.5,5.0,1.0,2.505809834797101e+16,2.5058098347971012e+16,2.5058098347971012e+16,1.4019082352343706,1.4019082352343704,1.4019082352343704,"composition-matched 5 mM Mn-ion inventory; electrical charge-equivalent clock, not chemical conversion; diagnostic scenario only because the source rate did not pass its passive-background reporting gate",False,not_reportable_passive_background_model_rejected,total_negative_electrical_charge_equivalents; 100_percent_delivery_and_utilization; not_electron_specific; not_a_chemical_yield_prediction
5mM_Mn_nitrate_in_water_10kHz,"5 mM Mn nitrate, 10 kHz",5mM_Mn_nitrate_in_water,10.0,0.75,False,2.5,5.0,1.0,2.505809834797101e+16,2.5058098347971012e+16,2.5058098347971012e+16,1.5020445377511114,1.5020445377511111,1.5020445377511111,"composition-matched 5 mM Mn-ion inventory; electrical charge-equivalent clock, not chemical conversion; diagnostic scenario only because the source rate did not pass its passive-background reporting gate",False,not_reportable_passive_background_model_rejected,total_negative_electrical_charge_equivalents; 100_percent_delivery_and_utilization; not_electron_specific; not_a_chemical_yield_prediction
5mM_Mn_nitrate_in_water_10kHz,"5 mM Mn nitrate, 10 kHz",5mM_Mn_nitrate_in_water,10.0,0.8,False,2.5,5.0,1.0,2.505809834797101e+16,2.5058098347971012e+16,2.5058098347971012e+16,1.6021808402678521,1.6021808402678517,1.6021808402678517,"composition-matched 5 mM Mn-ion inventory; electrical charge-equivalent clock, not chemical conversion; diagnostic scenario only because the source rate did not pass its passive-background reporting gate",False,not_reportable_passive_background_model_rejected,total_negative_electrical_charge_equivalents; 100_percent_delivery_and_utilization; not_electron_specific; not_a_chemical_yield_prediction
5mM_Mn_nitrate_in_water_10kHz,"5 mM Mn nitrate, 10 kHz",5mM_Mn_nitrate_in_water,10.0,0.8500000000000001,False,2.5,5.0,1.0,2.505809834797101e+16,2.5058098347971012e+16,2.5058098347971012e+16,1.702317142784593,1.7023171427845927,1.7023171427845927,"composition-matched 5 mM Mn-ion inventory; electrical charge-equivalent clock, not chemical conversion; diagnostic scenario only because the source rate did not pass its passive-background reporting gate",False,not_reportable_passive_background_model_rejected,total_negative_electrical_charge_equivalents; 100_percent_delivery_and_utilization; not_electron_specific; not_a_chemical_yield_prediction
5mM_Mn_nitrate_in_water_10kHz,"5 mM Mn nitrate, 10 kHz",5mM_Mn_nitrate_in_water,10.0,0.9,False,2.5,5.0,1.0,2.505809834797101e+16,2.5058098347971012e+16,2.5058098347971012e+16,1.8024534453013337,1.8024534453013334,1.8024534453013334,"composition-matched 5 mM Mn-ion inventory; electrical charge-equivalent clock, not chemical conversion; diagnostic scenario only because the source rate did not pass its passive-background reporting gate",False,not_reportable_passive_background_model_rejected,total_negative_electrical_charge_equivalents; 100_percent_delivery_and_utilization; not_electron_specific; not_a_chemical_yield_prediction
5mM_Mn_nitrate_in_water_10kHz,"5 mM Mn nitrate, 10 kHz",5mM_Mn_nitrate_in_water,10.0,0.9500000000000001,False,2.5,5.0,1.0,2.505809834797101e+16,2.5058098347971012e+16,2.5058098347971012e+16,1.9025897478180742,1.902589747818074,1.902589747818074,"composition-matched 5 mM Mn-ion inventory; electrical charge-equivalent clock, not chemical conversion; diagnostic scenario only because the source rate did not pass its passive-background reporting gate",False,not_reportable_passive_background_model_rejected,total_negative_electrical_charge_equivalents; 100_percent_delivery_and_utilization; not_electron_specific; not_a_chemical_yield_prediction
5mM_Mn_nitrate_in_water_10kHz,"5 mM Mn nitrate, 10 kHz",5mM_Mn_nitrate_in_water,10.0,1.0,False,2.5,5.0,1.0,2.505809834797101e+16,2.5058098347971012e+16,2.5058098347971012e+16,2.002726050334815,2.0027260503348145,2.0027260503348145,"composition-matched 5 mM Mn-ion inventory; electrical charge-equivalent clock, not chemical conversion; diagnostic scenario only because the source rate did not pass its passive-background reporting gate",False,not_reportable_passive_background_model_rejected,total_negative_electrical_charge_equivalents; 100_percent_delivery_and_utilization; not_electron_specific; not_a_chemical_yield_prediction
5mM_Mn_nitrate_in_water_10kHz,"5 mM Mn nitrate, 10 kHz",5mM_Mn_nitrate_in_water,10.0,1.05,False,2.5,5.0,1.0,2.505809834797101e+16,2.5058098347971012e+16,2.5058098347971012e+16,2.102862352851556,2.1028623528515555,2.1028623528515555,"composition-matched 5 mM Mn-ion inventory; electrical charge-equivalent clock, not chemical conversion; diagnostic scenario only because the source rate did not pass its passive-background reporting gate",False,not_reportable_passive_background_model_rejected,total_negative_electrical_charge_equivalents; 100_percent_delivery_and_utilization; not_electron_specific; not_a_chemical_yield_prediction
5mM_Mn_nitrate_in_water_10kHz,"5 mM Mn nitrate, 10 kHz",5mM_Mn_nitrate_in_water,10.0,1.1,False,2.5,5.0,1.0,2.505809834797101e+16,2.5058098347971012e+16,2.5058098347971012e+16,2.2029986553682965,2.202998655368296,2.202998655368296,"composition-matched 5 mM Mn-ion inventory; electrical charge-equivalent clock, not chemical conversion; diagnostic scenario only because the source rate did not pass its passive-background reporting gate",False,not_reportable_passive_background_model_rejected,total_negative_electrical_charge_equivalents; 100_percent_delivery_and_utilization; not_electron_specific; not_a_chemical_yield_prediction
5mM_Mn_nitrate_in_water_10kHz,"5 mM Mn nitrate, 10 kHz",5mM_Mn_nitrate_in_water,10.0,1.1500000000000001,False,2.5,5.0,1.0,2.505809834797101e+16,2.5058098347971012e+16,2.5058098347971012e+16,2.3031349578850375,2.303134957885037,2.303134957885037,"composition-matched 5 mM Mn-ion inventory; electrical charge-equivalent clock, not chemical conversion; diagnostic scenario only because the source rate did not pass its passive-background reporting gate",False,not_reportable_passive_background_model_rejected,total_negative_electrical_charge_equivalents; 100_percent_delivery_and_utilization; not_electron_specific; not_a_chemical_yield_prediction
5mM_Mn_nitrate_in_water_10kHz,"5 mM Mn nitrate, 10 kHz",5mM_Mn_nitrate_in_water,10.0,1.2000000000000002,False,2.5,5.0,1.0,2.505809834797101e+16,2.5058098347971012e+16,2.5058098347971012e+16,2.403271260401778,2.4032712604017776,2.4032712604017776,"composition-matched 5 mM Mn-ion inventory; electrical charge-equivalent clock, not chemical conversion; diagnostic scenario only because the source rate did not pass its passive-background reporting gate",False,not_reportable_passive_background_model_rejected,total_negative_electrical_charge_equivalents; 100_percent_delivery_and_utilization; not_electron_specific; not_a_chemical_yield_prediction
5mM_Mn_nitrate_in_water_10kHz,"5 mM Mn nitrate, 10 kHz",5mM_Mn_nitrate_in_water,10.0,1.25,False,2.5,5.0,1.0,2.505809834797101e+16,2.5058098347971012e+16,2.5058098347971012e+16,2.5034075629185186,2.503407562918518,2.503407562918518,"composition-matched 5 mM Mn-ion inventory; electrical charge-equivalent clock, not chemical conversion; diagnostic scenario only because the source rate did not pass its passive-background reporting gate",False,not_reportable_passive_background_model_rejected,total_negative_electrical_charge_equivalents; 100_percent_delivery_and_utilization; not_electron_specific; not_a_chemical_yield_prediction
5mM_Mn_nitrate_in_water_10kHz,"5 mM Mn nitrate, 10 kHz",5mM_Mn_nitrate_in_water,10.0,1.3,False,2.5,5.0,1.0,2.505809834797101e+16,2.5058098347971012e+16,2.5058098347971012e+16,2.6035438654352596,2.603543865435259,2.603543865435259,"composition-matched 5 mM Mn-ion inventory; electrical charge-equivalent clock, not chemical conversion; diagnostic scenario only because the source rate did not pass its passive-background reporting gate",False,not_reportable_passive_background_model_rejected,total_negative_electrical_charge_equivalents; 100_percent_delivery_and_utilization; not_electron_specific; not_a_chemical_yield_prediction
5mM_Mn_nitrate_in_water_10kHz,"5 mM Mn nitrate, 10 kHz",5mM_Mn_nitrate_in_water,10.0,1.35,False,2.5,5.0,1.0,2.505809834797101e+16,2.5058098347971012e+16,2.5058098347971012e+16,2.7036801679520006,2.703680167952,2.703680167952,"composition-matched 5 mM Mn-ion inventory; electrical charge-equivalent clock, not chemical conversion; diagnostic scenario only because the source rate did not pass its passive-background reporting gate",False,not_reportable_passive_background_model_rejected,total_negative_electrical_charge_equivalents; 100_percent_delivery_and_utilization; not_electron_specific; not_a_chemical_yield_prediction
5mM_Mn_nitrate_in_water_10kHz,"5 mM Mn nitrate, 10 kHz",5mM_Mn_nitrate_in_water,10.0,1.4000000000000001,False,2.5,5.0,1.0,2.505809834797101e+16,2.5058098347971012e+16,2.5058098347971012e+16,2.803816470468741,2.8038164704687407,2.8038164704687407,"composition-matched 5 mM Mn-ion inventory; electrical charge-equivalent clock, not chemical conversion; diagnostic scenario only because the source rate did not pass its passive-background reporting gate",False,not_reportable_passive_background_model_rejected,total_negative_electrical_charge_equivalents; 100_percent_delivery_and_utilization; not_electron_specific; not_a_chemical_yield_prediction
5mM_Mn_nitrate_in_water_10kHz,"5 mM Mn nitrate, 10 kHz",5mM_Mn_nitrate_in_water,10.0,1.4500000000000002,False,2.5,5.0,1.0,2.505809834797101e+16,2.5058098347971012e+16,2.5058098347971012e+16,2.9039527729854817,2.9039527729854813,2.9039527729854813,"composition-matched 5 mM Mn-ion inventory; electrical charge-equivalent clock, not chemical conversion; diagnostic scenario only because the source rate did not pass its passive-background reporting gate",False,not_reportable_passive_background_model_rejected,total_negative_electrical_charge_equivalents; 100_percent_delivery_and_utilization; not_electron_specific; not_a_chemical_yield_prediction
5mM_Mn_nitrate_in_water_10kHz,"5 mM Mn nitrate, 10 kHz",5mM_Mn_nitrate_in_water,10.0,1.5,False,2.5,5.0,1.0,2.505809834797101e+16,2.5058098347971012e+16,2.5058098347971012e+16,3.0040890755022227,3.0040890755022223,3.0040890755022223,"composition-matched 5 mM Mn-ion inventory; electrical charge-equivalent clock, not chemical conversion; diagnostic scenario only because the source rate did not pass its passive-background reporting gate",False,not_reportable_passive_background_model_rejected,total_negative_electrical_charge_equivalents; 100_percent_delivery_and_utilization; not_electron_specific; not_a_chemical_yield_prediction
5mM_Mn_nitrate_in_water_10kHz,"5 mM Mn nitrate, 10 kHz",5mM_Mn_nitrate_in_water,10.0,1.55,False,2.5,5.0,1.0,2.505809834797101e+16,2.5058098347971012e+16,2.5058098347971012e+16,3.1042253780189633,3.1042253780189624,3.1042253780189624,"composition-matched 5 mM Mn-ion inventory; electrical charge-equivalent clock, not chemical conversion; diagnostic scenario only because the source rate did not pass its passive-background reporting gate",False,not_reportable_passive_background_model_rejected,total_negative_electrical_charge_equivalents; 100_percent_delivery_and_utilization; not_electron_specific; not_a_chemical_yield_prediction
5mM_Mn_nitrate_in_water_10kHz,"5 mM Mn nitrate, 10 kHz",5mM_Mn_nitrate_in_water,10.0,1.6,False,2.5,5.0,1.0,2.505809834797101e+16,2.5058098347971012e+16,2.5058098347971012e+16,3.2043616805357042,3.2043616805357034,3.2043616805357034,"composition-matched 5 mM Mn-ion inventory; electrical charge-equivalent clock, not chemical conversion; diagnostic scenario only because the source rate did not pass its passive-background reporting gate",False,not_reportable_passive_background_model_rejected,total_negative_electrical_charge_equivalents; 100_percent_delivery_and_utilization; not_electron_specific; not_a_chemical_yield_prediction
5mM_Mn_nitrate_in_water_10kHz,"5 mM Mn nitrate, 10 kHz",5mM_Mn_nitrate_in_water,10.0,1.6500000000000001,False,2.5,5.0,1.0,2.505809834797101e+16,2.5058098347971012e+16,2.5058098347971012e+16,3.304497983052445,3.3044979830524444,3.3044979830524444,"composition-matched 5 mM Mn-ion inventory; electrical charge-equivalent clock, not chemical conversion; diagnostic scenario only because the source rate did not pass its passive-background reporting gate",False,not_reportable_passive_background_model_rejected,total_negative_electrical_charge_equivalents; 100_percent_delivery_and_utilization; not_electron_specific; not_a_chemical_yield_prediction
5mM_Mn_nitrate_in_water_10kHz,"5 mM Mn nitrate, 10 kHz",5mM_Mn_nitrate_in_water,10.0,1.7000000000000002,False,2.5,5.0,1.0,2.505809834797101e+16,2.5058098347971012e+16,2.5058098347971012e+16,3.404634285569186,3.4046342855691853,3.4046342855691853,"composition-matched 5 mM Mn-ion inventory; electrical charge-equivalent clock, not chemical conversion; diagnostic scenario only because the source rate did not pass its passive-background reporting gate",False,not_reportable_passive_background_model_rejected,total_negative_electrical_charge_equivalents; 100_percent_delivery_and_utilization; not_electron_specific; not_a_chemical_yield_prediction
5mM_Mn_nitrate_in_water_10kHz,"5 mM Mn nitrate, 10 kHz",5mM_Mn_nitrate_in_water,10.0,1.75,False,2.5,5.0,1.0,2.505809834797101e+16,2.5058098347971012e+16,2.5058098347971012e+16,3.5047705880859263,3.504770588085926,3.504770588085926,"composition-matched 5 mM Mn-ion inventory; electrical charge-equivalent clock, not chemical conversion; diagnostic scenario only because the source rate did not pass its passive-background reporting gate",False,not_reportable_passive_background_model_rejected,total_negative_electrical_charge_equivalents; 100_percent_delivery_and_utilization; not_electron_specific; not_a_chemical_yield_prediction
5mM_Mn_nitrate_in_water_10kHz,"5 mM Mn nitrate, 10 kHz",5mM_Mn_nitrate_in_water,10.0,1.8,False,2.5,5.0,1.0,2.505809834797101e+16,2.5058098347971012e+16,2.5058098347971012e+16,3.6049068906026673,3.604906890602667,3.604906890602667,"composition-matched 5 mM Mn-ion inventory; electrical charge-equivalent clock, not chemical conversion; diagnostic scenario only because the source rate did not pass its passive-background reporting gate",False,not_reportable_passive_background_model_rejected,total_negative_electrical_charge_equivalents; 100_percent_delivery_and_utilization; not_electron_specific; not_a_chemical_yield_prediction
5mM_Mn_nitrate_in_water_10kHz,"5 mM Mn nitrate, 10 kHz",5mM_Mn_nitrate_in_water,10.0,1.85,False,2.5,5.0,1.0,2.505809834797101e+16,2.5058098347971012e+16,2.5058098347971012e+16,3.7050431931194074,3.705043193119407,3.705043193119407,"composition-matched 5 mM Mn-ion inventory; electrical charge-equivalent clock, not chemical conversion; diagnostic scenario only because the source rate did not pass its passive-background reporting gate",False,not_reportable_passive_background_model_rejected,total_negative_electrical_charge_equivalents; 100_percent_delivery_and_utilization; not_electron_specific; not_a_chemical_yield_prediction
5mM_Mn_nitrate_in_water_10kHz,"5 mM Mn nitrate, 10 kHz",5mM_Mn_nitrate_in_water,10.0,1.9000000000000001,False,2.5,5.0,1.0,2.505809834797101e+16,2.5058098347971012e+16,2.5058098347971012e+16,3.8051794956361484,3.805179495636148,3.805179495636148,"composition-matched 5 mM Mn-ion inventory; electrical charge-equivalent clock, not chemical conversion; diagnostic scenario only because the source rate did not pass its passive-background reporting gate",False,not_reportable_passive_background_model_rejected,total_negative_electrical_charge_equivalents; 100_percent_delivery_and_utilization; not_electron_specific; not_a_chemical_yield_prediction
5mM_Mn_nitrate_in_water_10kHz,"5 mM Mn nitrate, 10 kHz",5mM_Mn_nitrate_in_water,10.0,1.9500000000000002,False,2.5,5.0,1.0,2.505809834797101e+16,2.5058098347971012e+16,2.5058098347971012e+16,3.9053157981528894,3.905315798152889,3.905315798152889,"composition-matched 5 mM Mn-ion inventory; electrical charge-equivalent clock, not chemical conversion; diagnostic scenario only because the source rate did not pass its passive-background reporting gate",False,not_reportable_passive_background_model_rejected,total_negative_electrical_charge_equivalents; 100_percent_delivery_and_utilization; not_electron_specific; not_a_chemical_yield_prediction
5mM_Mn_nitrate_in_water_10kHz,"5 mM Mn nitrate, 10 kHz",5mM_Mn_nitrate_in_water,10.0,2.0,False,2.5,5.0,1.0,2.505809834797101e+16,2.5058098347971012e+16,2.5058098347971012e+16,4.00545210066963,4.005452100669629,4.005452100669629,"composition-matched 5 mM Mn-ion inventory; electrical charge-equivalent clock, not chemical conversion; diagnostic scenario only because the source rate did not pass its passive-background reporting gate",False,not_reportable_passive_background_model_rejected,total_negative_electrical_charge_equivalents; 100_percent_delivery_and_utilization; not_electron_specific; not_a_chemical_yield_prediction
5mM_Mn_nitrate_in_water_10kHz,"5 mM Mn nitrate, 10 kHz",5mM_Mn_nitrate_in_water,10.0,2.0500000000000003,False,2.5,5.0,1.0,2.505809834797101e+16,2.5058098347971012e+16,2.5058098347971012e+16,4.1055884031863705,4.1055884031863705,4.1055884031863705,"composition-matched 5 mM Mn-ion inventory; electrical charge-equivalent clock, not chemical conversion; diagnostic scenario only because the source rate did not pass its passive-background reporting gate",False,not_reportable_passive_background_model_rejected,total_negative_electrical_charge_equivalents; 100_percent_delivery_and_utilization; not_electron_specific; not_a_chemical_yield_prediction
5mM_Mn_nitrate_in_water_10kHz,"5 mM Mn nitrate, 10 kHz",5mM_Mn_nitrate_in_water,10.0,2.1,False,2.5,5.0,1.0,2.505809834797101e+16,2.5058098347971012e+16,2.5058098347971012e+16,4.205724705703112,4.205724705703111,4.205724705703111,"composition-matched 5 mM Mn-ion inventory; electrical charge-equivalent clock, not chemical conversion; diagnostic scenario only because the source rate did not pass its passive-background reporting gate",False,not_reportable_passive_background_model_rejected,total_negative_electrical_charge_equivalents; 100_percent_delivery_and_utilization; not_electron_specific; not_a_chemical_yield_prediction
5mM_Mn_nitrate_in_water_10kHz,"5 mM Mn nitrate, 10 kHz",5mM_Mn_nitrate_in_water,10.0,2.15,False,2.5,5.0,1.0,2.505809834797101e+16,2.5058098347971012e+16,2.5058098347971012e+16,4.3058610082198525,4.305861008219852,4.305861008219852,"composition-matched 5 mM Mn-ion inventory; electrical charge-equivalent clock, not chemical conversion; diagnostic scenario only because the source rate did not pass its passive-background reporting gate",False,not_reportable_passive_background_model_rejected,total_negative_electrical_charge_equivalents; 100_percent_delivery_and_utilization; not_electron_specific; not_a_chemical_yield_prediction
5mM_Mn_nitrate_in_water_10kHz,"5 mM Mn nitrate, 10 kHz",5mM_Mn_nitrate_in_water,10.0,2.2,False,2.5,5.0,1.0,2.505809834797101e+16,2.5058098347971012e+16,2.5058098347971012e+16,4.405997310736593,4.405997310736592,4.405997310736592,"composition-matched 5 mM Mn-ion inventory; electrical charge-equivalent clock, not chemical conversion; diagnostic scenario only because the source rate did not pass its passive-background reporting gate",False,not_reportable_passive_background_model_rejected,total_negative_electrical_charge_equivalents; 100_percent_delivery_and_utilization; not_electron_specific; not_a_chemical_yield_prediction
5mM_Mn_nitrate_in_water_10kHz,"5 mM Mn nitrate, 10 kHz",5mM_Mn_nitrate_in_water,10.0,2.25,False,2.5,5.0,1.0,2.505809834797101e+16,2.5058098347971012e+16,2.5058098347971012e+16,4.506133613253334,4.506133613253333,4.506133613253333,"composition-matched 5 mM Mn-ion inventory; electrical charge-equivalent clock, not chemical conversion; diagnostic scenario only because the source rate did not pass its passive-background reporting gate",False,not_reportable_passive_background_model_rejected,total_negative_electrical_charge_equivalents; 100_percent_delivery_and_utilization; not_electron_specific; not_a_chemical_yield_prediction
5mM_Mn_nitrate_in_water_10kHz,"5 mM Mn nitrate, 10 kHz",5mM_Mn_nitrate_in_water,10.0,2.3000000000000003,False,2.5,5.0,1.0,2.505809834797101e+16,2.5058098347971012e+16,2.5058098347971012e+16,4.606269915770075,4.606269915770074,4.606269915770074,"composition-matched 5 mM Mn-ion inventory; electrical charge-equivalent clock, not chemical conversion; diagnostic scenario only because the source rate did not pass its passive-background reporting gate",False,not_reportable_passive_background_model_rejected,total_negative_electrical_charge_equivalents; 100_percent_delivery_and_utilization; not_electron_specific; not_a_chemical_yield_prediction
5mM_Mn_nitrate_in_water_10kHz,"5 mM Mn nitrate, 10 kHz",5mM_Mn_nitrate_in_water,10.0,2.35,False,2.5,5.0,1.0,2.505809834797101e+16,2.5058098347971012e+16,2.5058098347971012e+16,4.706406218286816,4.706406218286815,4.706406218286815,"composition-matched 5 mM Mn-ion inventory; electrical charge-equivalent clock, not chemical conversion; diagnostic scenario only because the source rate did not pass its passive-background reporting gate",False,not_reportable_passive_background_model_rejected,total_negative_electrical_charge_equivalents; 100_percent_delivery_and_utilization; not_electron_specific; not_a_chemical_yield_prediction
5mM_Mn_nitrate_in_water_10kHz,"5 mM Mn nitrate, 10 kHz",5mM_Mn_nitrate_in_water,10.0,2.4000000000000004,False,2.5,5.0,1.0,2.505809834797101e+16,2.5058098347971012e+16,2.5058098347971012e+16,4.806542520803556,4.806542520803555,4.806542520803555,"composition-matched 5 mM Mn-ion inventory; electrical charge-equivalent clock, not chemical conversion; diagnostic scenario only because the source rate did not pass its passive-background reporting gate",False,not_reportable_passive_background_model_rejected,total_negative_electrical_charge_equivalents; 100_percent_delivery_and_utilization; not_electron_specific; not_a_chemical_yield_prediction
5mM_Mn_nitrate_in_water_10kHz,"5 mM Mn nitrate, 10 kHz",5mM_Mn_nitrate_in_water,10.0,2.45,False,2.5,5.0,1.0,2.505809834797101e+16,2.5058098347971012e+16,2.5058098347971012e+16,4.906678823320297,4.906678823320296,4.906678823320296,"composition-matched 5 mM Mn-ion inventory; electrical charge-equivalent clock, not chemical conversion; diagnostic scenario only because the source rate did not pass its passive-background reporting gate",False,not_reportable_passive_background_model_rejected,total_negative_electrical_charge_equivalents; 100_percent_delivery_and_utilization; not_electron_specific; not_a_chemical_yield_prediction
5mM_Mn_nitrate_in_water_10kHz,"5 mM Mn nitrate, 10 kHz",5mM_Mn_nitrate_in_water,10.0,2.5,True,2.5,5.0,1.0,2.505809834797101e+16,2.5058098347971012e+16,2.5058098347971012e+16,5.006815125837037,5.006815125837036,5.006815125837036,"composition-matched 5 mM Mn-ion inventory; electrical charge-equivalent clock, not chemical conversion; diagnostic scenario only because the source rate did not pass its passive-background reporting gate",False,not_reportable_passive_background_model_rejected,total_negative_electrical_charge_equivalents; 100_percent_delivery_and_utilization; not_electron_specific; not_a_chemical_yield_prediction
5mM_Mn_nitrate_in_water_10kHz,"5 mM Mn nitrate, 10 kHz",5mM_Mn_nitrate_in_water,10.0,2.5500000000000003,False,2.5,5.0,1.0,2.505809834797101e+16,2.5058098347971012e+16,2.5058098347971012e+16,5.106951428353779,5.106951428353778,5.106951428353778,"composition-matched 5 mM Mn-ion inventory; electrical charge-equivalent clock, not chemical conversion; diagnostic scenario only because the source rate did not pass its passive-background reporting gate",False,not_reportable_passive_background_model_rejected,total_negative_electrical_charge_equivalents; 100_percent_delivery_and_utilization; not_electron_specific; not_a_chemical_yield_prediction
5mM_Mn_nitrate_in_water_10kHz,"5 mM Mn nitrate, 10 kHz",5mM_Mn_nitrate_in_water,10.0,2.6,False,2.5,5.0,1.0,2.505809834797101e+16,2.5058098347971012e+16,2.5058098347971012e+16,5.207087730870519,5.207087730870518,5.207087730870518,"composition-matched 5 mM Mn-ion inventory; electrical charge-equivalent clock, not chemical conversion; diagnostic scenario only because the source rate did not pass its passive-background reporting gate",False,not_reportable_passive_background_model_rejected,total_negative_electrical_charge_equivalents; 100_percent_delivery_and_utilization; not_electron_specific; not_a_chemical_yield_prediction
5mM_Mn_nitrate_in_water_10kHz,"5 mM Mn nitrate, 10 kHz",5mM_Mn_nitrate_in_water,10.0,2.6500000000000004,False,2.5,5.0,1.0,2.505809834797101e+16,2.5058098347971012e+16,2.5058098347971012e+16,5.307224033387261,5.30722403338726,5.30722403338726,"composition-matched 5 mM Mn-ion inventory; electrical charge-equivalent clock, not chemical conversion; diagnostic scenario only because the source rate did not pass its passive-background reporting gate",False,not_reportable_passive_background_model_rejected,total_negative_electrical_charge_equivalents; 100_percent_delivery_and_utilization; not_electron_specific; not_a_chemical_yield_prediction
5mM_Mn_nitrate_in_water_10kHz,"5 mM Mn nitrate, 10 kHz",5mM_Mn_nitrate_in_water,10.0,2.7,False,2.5,5.0,1.0,2.505809834797101e+16,2.5058098347971012e+16,2.5058098347971012e+16,5.407360335904001,5.407360335904,5.407360335904,"composition-matched 5 mM Mn-ion inventory; electrical charge-equivalent clock, not chemical conversion; diagnostic scenario only because the source rate did not pass its passive-background reporting gate",False,not_reportable_passive_background_model_rejected,total_negative_electrical_charge_equivalents; 100_percent_delivery_and_utilization; not_electron_specific; not_a_chemical_yield_prediction
5mM_Mn_nitrate_in_water_10kHz,"5 mM Mn nitrate, 10 kHz",5mM_Mn_nitrate_in_water,10.0,2.75,False,2.5,5.0,1.0,2.505809834797101e+16,2.5058098347971012e+16,2.5058098347971012e+16,5.507496638420741,5.50749663842074,5.50749663842074,"composition-matched 5 mM Mn-ion inventory; electrical charge-equivalent clock, not chemical conversion; diagnostic scenario only because the source rate did not pass its passive-background reporting gate",False,not_reportable_passive_background_model_rejected,total_negative_electrical_charge_equivalents; 100_percent_delivery_and_utilization; not_electron_specific; not_a_chemical_yield_prediction
5mM_Mn_nitrate_in_water_10kHz,"5 mM Mn nitrate, 10 kHz",5mM_Mn_nitrate_in_water,10.0,2.8000000000000003,False,2.5,5.0,1.0,2.505809834797101e+16,2.5058098347971012e+16,2.5058098347971012e+16,5.607632940937482,5.607632940937481,5.607632940937481,"composition-matched 5 mM Mn-ion inventory; electrical charge-equivalent clock, not chemical conversion; diagnostic scenario only because the source rate did not pass its passive-background reporting gate",False,not_reportable_passive_background_model_rejected,total_negative_electrical_charge_equivalents; 100_percent_delivery_and_utilization; not_electron_specific; not_a_chemical_yield_prediction
5mM_Mn_nitrate_in_water_10kHz,"5 mM Mn nitrate, 10 kHz",5mM_Mn_nitrate_in_water,10.0,2.85,False,2.5,5.0,1.0,2.505809834797101e+16,2.5058098347971012e+16,2.5058098347971012e+16,5.707769243454223,5.707769243454222,5.707769243454222,"composition-matched 5 mM Mn-ion inventory; electrical charge-equivalent clock, not chemical conversion; diagnostic scenario only because the source rate did not pass its passive-background reporting gate",False,not_reportable_passive_background_model_rejected,total_negative_electrical_charge_equivalents; 100_percent_delivery_and_utilization; not_electron_specific; not_a_chemical_yield_prediction
5mM_Mn_nitrate_in_water_10kHz,"5 mM Mn nitrate, 10 kHz",5mM_Mn_nitrate_in_water,10.0,2.9000000000000004,False,2.5,5.0,1.0,2.505809834797101e+16,2.5058098347971012e+16,2.5058098347971012e+16,5.807905545970963,5.8079055459709625,5.8079055459709625,"composition-matched 5 mM Mn-ion inventory; electrical charge-equivalent clock, not chemical conversion; diagnostic scenario only because the source rate did not pass its passive-background reporting gate",False,not_reportable_passive_background_model_rejected,total_negative_electrical_charge_equivalents; 100_percent_delivery_and_utilization; not_electron_specific; not_a_chemical_yield_prediction
5mM_Mn_nitrate_in_water_10kHz,"5 mM Mn nitrate, 10 kHz",5mM_Mn_nitrate_in_water,10.0,2.95,False,2.5,5.0,1.0,2.505809834797101e+16,2.5058098347971012e+16,2.5058098347971012e+16,5.908041848487704,5.908041848487703,5.908041848487703,"composition-matched 5 mM Mn-ion inventory; electrical charge-equivalent clock, not chemical conversion; diagnostic scenario only because the source rate did not pass its passive-background reporting gate",False,not_reportable_passive_background_model_rejected,total_negative_electrical_charge_equivalents; 100_percent_delivery_and_utilization; not_electron_specific; not_a_chemical_yield_prediction
5mM_Mn_nitrate_in_water_10kHz,"5 mM Mn nitrate, 10 kHz",5mM_Mn_nitrate_in_water,10.0,3.0,False,2.5,5.0,1.0,2.505809834797101e+16,2.5058098347971012e+16,2.5058098347971012e+16,6.008178151004445,6.0081781510044445,6.0081781510044445,"composition-matched 5 mM Mn-ion inventory; electrical charge-equivalent clock, not chemical conversion; diagnostic scenario only because the source rate did not pass its passive-background reporting gate",False,not_reportable_passive_background_model_rejected,total_negative_electrical_charge_equivalents; 100_percent_delivery_and_utilization; not_electron_specific; not_a_chemical_yield_prediction
5mM_Mn_nitrate_in_water_10kHz,"5 mM Mn nitrate, 10 kHz",5mM_Mn_nitrate_in_water,10.0,3.0500000000000003,False,2.5,5.0,1.0,2.505809834797101e+16,2.5058098347971012e+16,2.5058098347971012e+16,6.108314453521186,6.108314453521185,6.108314453521185,"composition-matched 5 mM Mn-ion inventory; electrical charge-equivalent clock, not chemical conversion; diagnostic scenario only because the source rate did not pass its passive-background reporting gate",False,not_reportable_passive_background_model_rejected,total_negative_electrical_charge_equivalents; 100_percent_delivery_and_utilization; not_electron_specific; not_a_chemical_yield_prediction
5mM_Mn_nitrate_in_water_10kHz,"5 mM Mn nitrate, 10 kHz",5mM_Mn_nitrate_in_water,10.0,3.1,False,2.5,5.0,1.0,2.505809834797101e+16,2.5058098347971012e+16,2.5058098347971012e+16,6.2084507560379265,6.208450756037925,6.208450756037925,"composition-matched 5 mM Mn-ion inventory; electrical charge-equivalent clock, not chemical conversion; diagnostic scenario only because the source rate did not pass its passive-background reporting gate",False,not_reportable_passive_background_model_rejected,total_negative_electrical_charge_equivalents; 100_percent_delivery_and_utilization; not_electron_specific; not_a_chemical_yield_prediction
5mM_Mn_nitrate_in_water_10kHz,"5 mM Mn nitrate, 10 kHz",5mM_Mn_nitrate_in_water,10.0,3.1500000000000004,False,2.5,5.0,1.0,2.505809834797101e+16,2.5058098347971012e+16,2.5058098347971012e+16,6.308587058554668,6.308587058554667,6.308587058554667,"composition-matched 5 mM Mn-ion inventory; electrical charge-equivalent clock, not chemical conversion; diagnostic scenario only because the source rate did not pass its passive-background reporting gate",False,not_reportable_passive_background_model_rejected,total_negative_electrical_charge_equivalents; 100_percent_delivery_and_utilization; not_electron_specific; not_a_chemical_yield_prediction
5mM_Mn_nitrate_in_water_10kHz,"5 mM Mn nitrate, 10 kHz",5mM_Mn_nitrate_in_water,10.0,3.2,False,2.5,5.0,1.0,2.505809834797101e+16,2.5058098347971012e+16,2.5058098347971012e+16,6.4087233610714085,6.408723361071407,6.408723361071407,"composition-matched 5 mM Mn-ion inventory; electrical charge-equivalent clock, not chemical conversion; diagnostic scenario only because the source rate did not pass its passive-background reporting gate",False,not_reportable_passive_background_model_rejected,total_negative_electrical_charge_equivalents; 100_percent_delivery_and_utilization; not_electron_specific; not_a_chemical_yield_prediction
5mM_Mn_nitrate_in_water_10kHz,"5 mM Mn nitrate, 10 kHz",5mM_Mn_nitrate_in_water,10.0,3.25,False,2.5,5.0,1.0,2.505809834797101e+16,2.5058098347971012e+16,2.5058098347971012e+16,6.508859663588148,6.508859663588147,6.508859663588147,"composition-matched 5 mM Mn-ion inventory; electrical charge-equivalent clock, not chemical conversion; diagnostic scenario only because the source rate did not pass its passive-background reporting gate",False,not_reportable_passive_background_model_rejected,total_negative_electrical_charge_equivalents; 100_percent_delivery_and_utilization; not_electron_specific; not_a_chemical_yield_prediction
5mM_Mn_nitrate_in_water_10kHz,"5 mM Mn nitrate, 10 kHz",5mM_Mn_nitrate_in_water,10.0,3.3000000000000003,False,2.5,5.0,1.0,2.505809834797101e+16,2.5058098347971012e+16,2.5058098347971012e+16,6.60899596610489,6.608995966104889,6.608995966104889,"composition-matched 5 mM Mn-ion inventory; electrical charge-equivalent clock, not chemical conversion; diagnostic scenario only because the source rate did not pass its passive-background reporting gate",False,not_reportable_passive_background_model_rejected,total_negative_electrical_charge_equivalents; 100_percent_delivery_and_utilization; not_electron_specific; not_a_chemical_yield_prediction
5mM_Mn_nitrate_in_water_10kHz,"5 mM Mn nitrate, 10 kHz",5mM_Mn_nitrate_in_water,10.0,3.35,False,2.5,5.0,1.0,2.505809834797101e+16,2.5058098347971012e+16,2.5058098347971012e+16,6.70913226862163,6.709132268621629,6.709132268621629,"composition-matched 5 mM Mn-ion inventory; electrical charge-equivalent clock, not chemical conversion; diagnostic scenario only because the source rate did not pass its passive-background reporting gate",False,not_reportable_passive_background_model_rejected,total_negative_electrical_charge_equivalents; 100_percent_delivery_and_utilization; not_electron_specific; not_a_chemical_yield_prediction
5mM_Mn_nitrate_in_water_10kHz,"5 mM Mn nitrate, 10 kHz",5mM_Mn_nitrate_in_water,10.0,3.4000000000000004,False,2.5,5.0,1.0,2.505809834797101e+16,2.5058098347971012e+16,2.5058098347971012e+16,6.809268571138372,6.809268571138371,6.809268571138371,"composition-matched 5 mM Mn-ion inventory; electrical charge-equivalent clock, not chemical conversion; diagnostic scenario only because the source rate did not pass its passive-background reporting gate",False,not_reportable_passive_background_model_rejected,total_negative_electrical_charge_equivalents; 100_percent_delivery_and_utilization; not_electron_specific; not_a_chemical_yield_prediction
5mM_Mn_nitrate_in_water_10kHz,"5 mM Mn nitrate, 10 kHz",5mM_Mn_nitrate_in_water,10.0,3.45,False,2.5,5.0,1.0,2.505809834797101e+16,2.5058098347971012e+16,2.5058098347971012e+16,6.909404873655112,6.909404873655111,6.909404873655111,"composition-matched 5 mM Mn-ion inventory; electrical charge-equivalent clock, not chemical conversion; diagnostic scenario only because the source rate did not pass its passive-background reporting gate",False,not_reportable_passive_background_model_rejected,total_negative_electrical_charge_equivalents; 100_percent_delivery_and_utilization; not_electron_specific; not_a_chemical_yield_prediction
5mM_Mn_nitrate_in_water_10kHz,"5 mM Mn nitrate, 10 kHz",5mM_Mn_nitrate_in_water,10.0,3.5,False,2.5,5.0,1.0,2.505809834797101e+16,2.5058098347971012e+16,2.5058098347971012e+16,7.009541176171853,7.009541176171852,7.009541176171852,"composition-matched 5 mM Mn-ion inventory; electrical charge-equivalent clock, not chemical conversion; diagnostic scenario only because the source rate did not pass its passive-background reporting gate",False,not_reportable_passive_background_model_rejected,total_negative_electrical_charge_equivalents; 100_percent_delivery_and_utilization; not_electron_specific; not_a_chemical_yield_prediction
5mM_Mn_nitrate_in_water_10kHz,"5 mM Mn nitrate, 10 kHz",5mM_Mn_nitrate_in_water,10.0,3.5500000000000003,False,2.5,5.0,1.0,2.505809834797101e+16,2.5058098347971012e+16,2.5058098347971012e+16,7.109677478688593,7.1096774786885915,7.1096774786885915,"composition-matched 5 mM Mn-ion inventory; electrical charge-equivalent clock, not chemical conversion; diagnostic scenario only because the source rate did not pass its passive-background reporting gate",False,not_reportable_passive_background_model_rejected,total_negative_electrical_charge_equivalents; 100_percent_delivery_and_utilization; not_electron_specific; not_a_chemical_yield_prediction
5mM_Mn_nitrate_in_water_10kHz,"5 mM Mn nitrate, 10 kHz",5mM_Mn_nitrate_in_water,10.0,3.6,False,2.5,5.0,1.0,2.505809834797101e+16,2.5058098347971012e+16,2.5058098347971012e+16,7.209813781205335,7.209813781205334,7.209813781205334,"composition-matched 5 mM Mn-ion inventory; electrical charge-equivalent clock, not chemical conversion; diagnostic scenario only because the source rate did not pass its passive-background reporting gate",False,not_reportable_passive_background_model_rejected,total_negative_electrical_charge_equivalents; 100_percent_delivery_and_utilization; not_electron_specific; not_a_chemical_yield_prediction
5mM_Mn_nitrate_in_water_10kHz,"5 mM Mn nitrate, 10 kHz",5mM_Mn_nitrate_in_water,10.0,3.6500000000000004,False,2.5,5.0,1.0,2.505809834797101e+16,2.5058098347971012e+16,2.5058098347971012e+16,7.309950083722075,7.309950083722073,7.309950083722073,"composition-matched 5 mM Mn-ion inventory; electrical charge-equivalent clock, not chemical conversion; diagnostic scenario only because the source rate did not pass its passive-background reporting gate",False,not_reportable_passive_background_model_rejected,total_negative_electrical_charge_equivalents; 100_percent_delivery_and_utilization; not_electron_specific; not_a_chemical_yield_prediction
5mM_Mn_nitrate_in_water_10kHz,"5 mM Mn nitrate, 10 kHz",5mM_Mn_nitrate_in_water,10.0,3.7,False,2.5,5.0,1.0,2.505809834797101e+16,2.5058098347971012e+16,2.5058098347971012e+16,7.410086386238815,7.410086386238814,7.410086386238814,"composition-matched 5 mM Mn-ion inventory; electrical charge-equivalent clock, not chemical conversion; diagnostic scenario only because the source rate did not pass its passive-background reporting gate",False,not_reportable_passive_background_model_rejected,total_negative_electrical_charge_equivalents; 100_percent_delivery_and_utilization; not_electron_specific; not_a_chemical_yield_prediction
5mM_Mn_nitrate_in_water_10kHz,"5 mM Mn nitrate, 10 kHz",5mM_Mn_nitrate_in_water,10.0,3.75,False,2.5,5.0,1.0,2.505809834797101e+16,2.5058098347971012e+16,2.5058098347971012e+16,7.510222688755555,7.5102226887555545,7.5102226887555545,"composition-matched 5 mM Mn-ion inventory; electrical charge-equivalent clock, not chemical conversion; diagnostic scenario only because the source rate did not pass its passive-background reporting gate",False,not_reportable_passive_background_model_rejected,total_negative_electrical_charge_equivalents; 100_percent_delivery_and_utilization; not_electron_specific; not_a_chemical_yield_prediction
5mM_Mn_nitrate_in_water_10kHz,"5 mM Mn nitrate, 10 kHz",5mM_Mn_nitrate_in_water,10.0,3.8000000000000003,False,2.5,5.0,1.0,2.505809834797101e+16,2.5058098347971012e+16,2.5058098347971012e+16,7.610358991272297,7.610358991272296,7.610358991272296,"composition-matched 5 mM Mn-ion inventory; electrical charge-equivalent clock, not chemical conversion; diagnostic scenario only because the source rate did not pass its passive-background reporting gate",False,not_reportable_passive_background_model_rejected,total_negative_electrical_charge_equivalents; 100_percent_delivery_and_utilization; not_electron_specific; not_a_chemical_yield_prediction
5mM_Mn_nitrate_in_water_10kHz,"5 mM Mn nitrate, 10 kHz",5mM_Mn_nitrate_in_water,10.0,3.85,False,2.5,5.0,1.0,2.505809834797101e+16,2.5058098347971012e+16,2.5058098347971012e+16,7.710495293789037,7.7104952937890365,7.7104952937890365,"composition-matched 5 mM Mn-ion inventory; electrical charge-equivalent clock, not chemical conversion; diagnostic scenario only because the source rate did not pass its passive-background reporting gate",False,not_reportable_passive_background_model_rejected,total_negative_electrical_charge_equivalents; 100_percent_delivery_and_utilization; not_electron_specific; not_a_chemical_yield_prediction
5mM_Mn_nitrate_in_water_10kHz,"5 mM Mn nitrate, 10 kHz",5mM_Mn_nitrate_in_water,10.0,3.9000000000000004,False,2.5,5.0,1.0,2.505809834797101e+16,2.5058098347971012e+16,2.5058098347971012e+16,7.810631596305779,7.810631596305778,7.810631596305778,"composition-matched 5 mM Mn-ion inventory; electrical charge-equivalent clock, not chemical conversion; diagnostic scenario only because the source rate did not pass its passive-background reporting gate",False,not_reportable_passive_background_model_rejected,total_negative_electrical_charge_equivalents; 100_percent_delivery_and_utilization; not_electron_specific; not_a_chemical_yield_prediction
5mM_Mn_nitrate_in_water_10kHz,"5 mM Mn nitrate, 10 kHz",5mM_Mn_nitrate_in_water,10.0,3.95,False,2.5,5.0,1.0,2.505809834797101e+16,2.5058098347971012e+16,2.5058098347971012e+16,7.910767898822519,7.9107678988225185,7.9107678988225185,"composition-matched 5 mM Mn-ion inventory; electrical charge-equivalent clock, not chemical conversion; diagnostic scenario only because the source rate did not pass its passive-background reporting gate",False,not_reportable_passive_background_model_rejected,total_negative_electrical_charge_equivalents; 100_percent_delivery_and_utilization; not_electron_specific; not_a_chemical_yield_prediction
5mM_Mn_nitrate_in_water_10kHz,"5 mM Mn nitrate, 10 kHz",5mM_Mn_nitrate_in_water,10.0,4.0,False,2.5,5.0,1.0,2.505809834797101e+16,2.5058098347971012e+16,2.5058098347971012e+16,8.01090420133926,8.010904201339258,8.010904201339258,"composition-matched 5 mM Mn-ion inventory; electrical charge-equivalent clock, not chemical conversion; diagnostic scenario only because the source rate did not pass its passive-background reporting gate",False,not_reportable_passive_background_model_rejected,total_negative_electrical_charge_equivalents; 100_percent_delivery_and_utilization; not_electron_specific; not_a_chemical_yield_prediction
5mM_Mn_nitrate_in_water_10kHz,"5 mM Mn nitrate, 10 kHz",5mM_Mn_nitrate_in_water,10.0,4.05,False,2.5,5.0,1.0,2.505809834797101e+16,2.5058098347971012e+16,2.5058098347971012e+16,8.111040503856,8.111040503856,8.111040503856,"composition-matched 5 mM Mn-ion inventory; electrical charge-equivalent clock, not chemical conversion; diagnostic scenario only because the source rate did not pass its passive-background reporting gate",False,not_reportable_passive_background_model_rejected,total_negative_electrical_charge_equivalents; 100_percent_delivery_and_utilization; not_electron_specific; not_a_chemical_yield_prediction
5mM_Mn_nitrate_in_water_10kHz,"5 mM Mn nitrate, 10 kHz",5mM_Mn_nitrate_in_water,10.0,4.1000000000000005,False,2.5,5.0,1.0,2.505809834797101e+16,2.5058098347971012e+16,2.5058098347971012e+16,8.211176806372741,8.211176806372741,8.211176806372741,"composition-matched 5 mM Mn-ion inventory; electrical charge-equivalent clock, not chemical conversion; diagnostic scenario only because the source rate did not pass its passive-background reporting gate",False,not_reportable_passive_background_model_rejected,total_negative_electrical_charge_equivalents; 100_percent_delivery_and_utilization; not_electron_specific; not_a_chemical_yield_prediction
5mM_Mn_nitrate_in_water_10kHz,"5 mM Mn nitrate, 10 kHz",5mM_Mn_nitrate_in_water,10.0,4.15,False,2.5,5.0,1.0,2.505809834797101e+16,2.5058098347971012e+16,2.5058098347971012e+16,8.311313108889482,8.311313108889482,8.311313108889482,"composition-matched 5 mM Mn-ion inventory; electrical charge-equivalent clock, not chemical conversion; diagnostic scenario only because the source rate did not pass its passive-background reporting gate",False,not_reportable_passive_background_model_rejected,total_negative_electrical_charge_equivalents; 100_percent_delivery_and_utilization; not_electron_specific; not_a_chemical_yield_prediction
5mM_Mn_nitrate_in_water_10kHz,"5 mM Mn nitrate, 10 kHz",5mM_Mn_nitrate_in_water,10.0,4.2,False,2.5,5.0,1.0,2.505809834797101e+16,2.5058098347971012e+16,2.5058098347971012e+16,8.411449411406224,8.411449411406222,8.411449411406222,"composition-matched 5 mM Mn-ion inventory; electrical charge-equivalent clock, not chemical conversion; diagnostic scenario only because the source rate did not pass its passive-background reporting gate",False,not_reportable_passive_background_model_rejected,total_negative_electrical_charge_equivalents; 100_percent_delivery_and_utilization; not_electron_specific; not_a_chemical_yield_prediction
5mM_Mn_nitrate_in_water_10kHz,"5 mM Mn nitrate, 10 kHz",5mM_Mn_nitrate_in_water,10.0,4.25,False,2.5,5.0,1.0,2.505809834797101e+16,2.5058098347971012e+16,2.5058098347971012e+16,8.511585713922964,8.511585713922962,8.511585713922962,"composition-matched 5 mM Mn-ion inventory; electrical charge-equivalent clock, not chemical conversion; diagnostic scenario only because the source rate did not pass its passive-background reporting gate",False,not_reportable_passive_background_model_rejected,total_negative_electrical_charge_equivalents; 100_percent_delivery_and_utilization; not_electron_specific; not_a_chemical_yield_prediction
5mM_Mn_nitrate_in_water_10kHz,"5 mM Mn nitrate, 10 kHz",5mM_Mn_nitrate_in_water,10.0,4.3,False,2.5,5.0,1.0,2.505809834797101e+16,2.5058098347971012e+16,2.5058098347971012e+16,8.611722016439705,8.611722016439703,8.611722016439703,"composition-matched 5 mM Mn-ion inventory; electrical charge-equivalent clock, not chemical conversion; diagnostic scenario only because the source rate did not pass its passive-background reporting gate",False,not_reportable_passive_background_model_rejected,total_negative_electrical_charge_equivalents; 100_percent_delivery_and_utilization; not_electron_specific; not_a_chemical_yield_prediction
5mM_Mn_nitrate_in_water_10kHz,"5 mM Mn nitrate, 10 kHz",5mM_Mn_nitrate_in_water,10.0,4.3500000000000005,False,2.5,5.0,1.0,2.505809834797101e+16,2.5058098347971012e+16,2.5058098347971012e+16,8.711858318956446,8.711858318956445,8.711858318956445,"composition-matched 5 mM Mn-ion inventory; electrical charge-equivalent clock, not chemical conversion; diagnostic scenario only because the source rate did not pass its passive-background reporting gate",False,not_reportable_passive_background_model_rejected,total_negative_electrical_charge_equivalents; 100_percent_delivery_and_utilization; not_electron_specific; not_a_chemical_yield_prediction
5mM_Mn_nitrate_in_water_10kHz,"5 mM Mn nitrate, 10 kHz",5mM_Mn_nitrate_in_water,10.0,4.4,False,2.5,5.0,1.0,2.505809834797101e+16,2.5058098347971012e+16,2.5058098347971012e+16,8.811994621473186,8.811994621473184,8.811994621473184,"composition-matched 5 mM Mn-ion inventory; electrical charge-equivalent clock, not chemical conversion; diagnostic scenario only because the source rate did not pass its passive-background reporting gate",False,not_reportable_passive_background_model_rejected,total_negative_electrical_charge_equivalents; 100_percent_delivery_and_utilization; not_electron_specific; not_a_chemical_yield_prediction
5mM_Mn_nitrate_in_water_10kHz,"5 mM Mn nitrate, 10 kHz",5mM_Mn_nitrate_in_water,10.0,4.45,False,2.5,5.0,1.0,2.505809834797101e+16,2.5058098347971012e+16,2.5058098347971012e+16,8.912130923989926,8.912130923989926,8.912130923989926,"composition-matched 5 mM Mn-ion inventory; electrical charge-equivalent clock, not chemical conversion; diagnostic scenario only because the source rate did not pass its passive-background reporting gate",False,not_reportable_passive_background_model_rejected,total_negative_electrical_charge_equivalents; 100_percent_delivery_and_utilization; not_electron_specific; not_a_chemical_yield_prediction
5mM_Mn_nitrate_in_water_10kHz,"5 mM Mn nitrate, 10 kHz",5mM_Mn_nitrate_in_water,10.0,4.5,False,2.5,5.0,1.0,2.505809834797101e+16,2.5058098347971012e+16,2.5058098347971012e+16,9.012267226506667,9.012267226506665,9.012267226506665,"composition-matched 5 mM Mn-ion inventory; electrical charge-equivalent clock, not chemical conversion; diagnostic scenario only because the source rate did not pass its passive-background reporting gate",False,not_reportable_passive_background_model_rejected,total_negative_electrical_charge_equivalents; 100_percent_delivery_and_utilization; not_electron_specific; not_a_chemical_yield_prediction
5mM_Mn_nitrate_in_water_10kHz,"5 mM Mn nitrate, 10 kHz",5mM_Mn_nitrate_in_water,10.0,4.55,False,2.5,5.0,1.0,2.505809834797101e+16,2.5058098347971012e+16,2.5058098347971012e+16,9.112403529023407,9.112403529023405,9.112403529023405,"composition-matched 5 mM Mn-ion inventory; electrical charge-equivalent clock, not chemical conversion; diagnostic scenario only because the source rate did not pass its passive-background reporting gate",False,not_reportable_passive_background_model_rejected,total_negative_electrical_charge_equivalents; 100_percent_delivery_and_utilization; not_electron_specific; not_a_chemical_yield_prediction
5mM_Mn_nitrate_in_water_10kHz,"5 mM Mn nitrate, 10 kHz",5mM_Mn_nitrate_in_water,10.0,4.6000000000000005,False,2.5,5.0,1.0,2.505809834797101e+16,2.5058098347971012e+16,2.5058098347971012e+16,9.21253983154015,9.212539831540148,9.212539831540148,"composition-matched 5 mM Mn-ion inventory; electrical charge-equivalent clock, not chemical conversion; diagnostic scenario only because the source rate did not pass its passive-background reporting gate",False,not_reportable_passive_background_model_rejected,total_negative_electrical_charge_equivalents; 100_percent_delivery_and_utilization; not_electron_specific; not_a_chemical_yield_prediction
5mM_Mn_nitrate_in_water_10kHz,"5 mM Mn nitrate, 10 kHz",5mM_Mn_nitrate_in_water,10.0,4.65,False,2.5,5.0,1.0,2.505809834797101e+16,2.5058098347971012e+16,2.5058098347971012e+16,9.31267613405689,9.31267613405689,9.31267613405689,"composition-matched 5 mM Mn-ion inventory; electrical charge-equivalent clock, not chemical conversion; diagnostic scenario only because the source rate did not pass its passive-background reporting gate",False,not_reportable_passive_background_model_rejected,total_negative_electrical_charge_equivalents; 100_percent_delivery_and_utilization; not_electron_specific; not_a_chemical_yield_prediction
5mM_Mn_nitrate_in_water_10kHz,"5 mM Mn nitrate, 10 kHz",5mM_Mn_nitrate_in_water,10.0,4.7,False,2.5,5.0,1.0,2.505809834797101e+16,2.5058098347971012e+16,2.5058098347971012e+16,9.412812436573631,9.41281243657363,9.41281243657363,"composition-matched 5 mM Mn-ion inventory; electrical charge-equivalent clock, not chemical conversion; diagnostic scenario only because the source rate did not pass its passive-background reporting gate",False,not_reportable_passive_background_model_rejected,total_negative_electrical_charge_equivalents; 100_percent_delivery_and_utilization; not_electron_specific; not_a_chemical_yield_prediction
5mM_Mn_nitrate_in_water_10kHz,"5 mM Mn nitrate, 10 kHz",5mM_Mn_nitrate_in_water,10.0,4.75,False,2.5,5.0,1.0,2.505809834797101e+16,2.5058098347971012e+16,2.5058098347971012e+16,9.51294873909037,9.512948739090369,9.512948739090369,"composition-matched 5 mM Mn-ion inventory; electrical charge-equivalent clock, not chemical conversion; diagnostic scenario only because the source rate did not pass its passive-background reporting gate",False,not_reportable_passive_background_model_rejected,total_negative_electrical_charge_equivalents; 100_percent_delivery_and_utilization; not_electron_specific; not_a_chemical_yield_prediction
5mM_Mn_nitrate_in_water_10kHz,"5 mM Mn nitrate, 10 kHz",5mM_Mn_nitrate_in_water,10.0,4.800000000000001,False,2.5,5.0,1.0,2.505809834797101e+16,2.5058098347971012e+16,2.5058098347971012e+16,9.613085041607112,9.61308504160711,9.61308504160711,"composition-matched 5 mM Mn-ion inventory; electrical charge-equivalent clock, not chemical conversion; diagnostic scenario only because the source rate did not pass its passive-background reporting gate",False,not_reportable_passive_background_model_rejected,total_negative_electrical_charge_equivalents; 100_percent_delivery_and_utilization; not_electron_specific; not_a_chemical_yield_prediction
5mM_Mn_nitrate_in_water_10kHz,"5 mM Mn nitrate, 10 kHz",5mM_Mn_nitrate_in_water,10.0,4.8500000000000005,False,2.5,5.0,1.0,2.505809834797101e+16,2.5058098347971012e+16,2.5058098347971012e+16,9.713221344123854,9.713221344123852,9.713221344123852,"composition-matched 5 mM Mn-ion inventory; electrical charge-equivalent clock, not chemical conversion; diagnostic scenario only because the source rate did not pass its passive-background reporting gate",False,not_reportable_passive_background_model_rejected,total_negative_electrical_charge_equivalents; 100_percent_delivery_and_utilization; not_electron_specific; not_a_chemical_yield_prediction
5mM_Mn_nitrate_in_water_10kHz,"5 mM Mn nitrate, 10 kHz",5mM_Mn_nitrate_in_water,10.0,4.9,False,2.5,5.0,1.0,2.505809834797101e+16,2.5058098347971012e+16,2.5058098347971012e+16,9.813357646640593,9.813357646640592,9.813357646640592,"composition-matched 5 mM Mn-ion inventory; electrical charge-equivalent clock, not chemical conversion; diagnostic scenario only because the source rate did not pass its passive-background reporting gate",False,not_reportable_passive_background_model_rejected,total_negative_electrical_charge_equivalents; 100_percent_delivery_and_utilization; not_electron_specific; not_a_chemical_yield_prediction
5mM_Mn_nitrate_in_water_10kHz,"5 mM Mn nitrate, 10 kHz",5mM_Mn_nitrate_in_water,10.0,4.95,False,2.5,5.0,1.0,2.505809834797101e+16,2.5058098347971012e+16,2.5058098347971012e+16,9.913493949157333,9.913493949157331,9.913493949157331,"composition-matched 5 mM Mn-ion inventory; electrical charge-equivalent clock, not chemical conversion; diagnostic scenario only because the source rate did not pass its passive-background reporting gate",False,not_reportable_passive_background_model_rejected,total_negative_electrical_charge_equivalents; 100_percent_delivery_and_utilization; not_electron_specific; not_a_chemical_yield_prediction
5mM_Mn_nitrate_in_water_10kHz,"5 mM Mn nitrate, 10 kHz",5mM_Mn_nitrate_in_water,10.0,5.0,False,2.5,5.0,1.0,2.505809834797101e+16,2.5058098347971012e+16,2.5058098347971012e+16,10.013630251674075,10.013630251674073,10.013630251674073,"composition-matched 5 mM Mn-ion inventory; electrical charge-equivalent clock, not chemical conversion; diagnostic scenario only because the source rate did not pass its passive-background reporting gate",False,not_reportable_passive_background_model_rejected,total_negative_electrical_charge_equivalents; 100_percent_delivery_and_utilization; not_electron_specific; not_a_chemical_yield_prediction
5mM_Mn_nitrate_in_water_20kHz,"5 mM Mn nitrate, 20 kHz",5mM_Mn_nitrate_in_water,20.0,0.0,False,2.5,5.0,1.0,7.2024684661319e+16,7.2024684661319e+16,7.2024684661319e+16,0.0,0.0,0.0,"composition-matched 5 mM Mn-ion inventory; electrical charge-equivalent clock, not chemical conversion; diagnostic scenario only because the source rate did not pass its passive-background reporting gate",False,not_reportable_passive_background_model_rejected,total_negative_electrical_charge_equivalents; 100_percent_delivery_and_utilization; not_electron_specific; not_a_chemical_yield_prediction
5mM_Mn_nitrate_in_water_20kHz,"5 mM Mn nitrate, 20 kHz",5mM_Mn_nitrate_in_water,20.0,0.05,False,2.5,5.0,1.0,7.2024684661319e+16,7.2024684661319e+16,7.2024684661319e+16,0.034838407532997516,0.034838407532997516,0.034838407532997516,"composition-matched 5 mM Mn-ion inventory; electrical charge-equivalent clock, not chemical conversion; diagnostic scenario only because the source rate did not pass its passive-background reporting gate",False,not_reportable_passive_background_model_rejected,total_negative_electrical_charge_equivalents; 100_percent_delivery_and_utilization; not_electron_specific; not_a_chemical_yield_prediction
5mM_Mn_nitrate_in_water_20kHz,"5 mM Mn nitrate, 20 kHz",5mM_Mn_nitrate_in_water,20.0,0.1,False,2.5,5.0,1.0,7.2024684661319e+16,7.2024684661319e+16,7.2024684661319e+16,0.06967681506599503,0.06967681506599503,0.06967681506599503,"composition-matched 5 mM Mn-ion inventory; electrical charge-equivalent clock, not chemical conversion; diagnostic scenario only because the source rate did not pass its passive-background reporting gate",False,not_reportable_passive_background_model_rejected,total_negative_electrical_charge_equivalents; 100_percent_delivery_and_utilization; not_electron_specific; not_a_chemical_yield_prediction
5mM_Mn_nitrate_in_water_20kHz,"5 mM Mn nitrate, 20 kHz",5mM_Mn_nitrate_in_water,20.0,0.15000000000000002,False,2.5,5.0,1.0,7.2024684661319e+16,7.2024684661319e+16,7.2024684661319e+16,0.10451522259899255,0.10451522259899255,0.10451522259899255,"composition-matched 5 mM Mn-ion inventory; electrical charge-equivalent clock, not chemical conversion; diagnostic scenario only because the source rate did not pass its passive-background reporting gate",False,not_reportable_passive_background_model_rejected,total_negative_electrical_charge_equivalents; 100_percent_delivery_and_utilization; not_electron_specific; not_a_chemical_yield_prediction
5mM_Mn_nitrate_in_water_20kHz,"5 mM Mn nitrate, 20 kHz",5mM_Mn_nitrate_in_water,20.0,0.2,False,2.5,5.0,1.0,7.2024684661319e+16,7.2024684661319e+16,7.2024684661319e+16,0.13935363013199006,0.13935363013199006,0.13935363013199006,"composition-matched 5 mM Mn-ion inventory; electrical charge-equivalent clock, not chemical conversion; diagnostic scenario only because the source rate did not pass its passive-background reporting gate",False,not_reportable_passive_background_model_rejected,total_negative_electrical_charge_equivalents; 100_percent_delivery_and_utilization; not_electron_specific; not_a_chemical_yield_prediction
5mM_Mn_nitrate_in_water_20kHz,"5 mM Mn nitrate, 20 kHz",5mM_Mn_nitrate_in_water,20.0,0.25,False,2.5,5.0,1.0,7.2024684661319e+16,7.2024684661319e+16,7.2024684661319e+16,0.1741920376649876,0.1741920376649876,0.1741920376649876,"composition-matched 5 mM Mn-ion inventory; electrical charge-equivalent clock, not chemical conversion; diagnostic scenario only because the source rate did not pass its passive-background reporting gate",False,not_reportable_passive_background_model_rejected,total_negative_electrical_charge_equivalents; 100_percent_delivery_and_utilization; not_electron_specific; not_a_chemical_yield_prediction
5mM_Mn_nitrate_in_water_20kHz,"5 mM Mn nitrate, 20 kHz",5mM_Mn_nitrate_in_water,20.0,0.30000000000000004,False,2.5,5.0,1.0,7.2024684661319e+16,7.2024684661319e+16,7.2024684661319e+16,0.2090304451979851,0.2090304451979851,0.2090304451979851,"composition-matched 5 mM Mn-ion inventory; electrical charge-equivalent clock, not chemical conversion; diagnostic scenario only because the source rate did not pass its passive-background reporting gate",False,not_reportable_passive_background_model_rejected,total_negative_electrical_charge_equivalents; 100_percent_delivery_and_utilization; not_electron_specific; not_a_chemical_yield_prediction
5mM_Mn_nitrate_in_water_20kHz,"5 mM Mn nitrate, 20 kHz",5mM_Mn_nitrate_in_water,20.0,0.35000000000000003,False,2.5,5.0,1.0,7.2024684661319e+16,7.2024684661319e+16,7.2024684661319e+16,0.24386885273098263,0.24386885273098263,0.24386885273098263,"composition-matched 5 mM Mn-ion inventory; electrical charge-equivalent clock, not chemical conversion; diagnostic scenario only because the source rate did not pass its passive-background reporting gate",False,not_reportable_passive_background_model_rejected,total_negative_electrical_charge_equivalents; 100_percent_delivery_and_utilization; not_electron_specific; not_a_chemical_yield_prediction
5mM_Mn_nitrate_in_water_20kHz,"5 mM Mn nitrate, 20 kHz",5mM_Mn_nitrate_in_water,20.0,0.4,False,2.5,5.0,1.0,7.2024684661319e+16,7.2024684661319e+16,7.2024684661319e+16,0.27870726026398013,0.27870726026398013,0.27870726026398013,"composition-matched 5 mM Mn-ion inventory; electrical charge-equivalent clock, not chemical conversion; diagnostic scenario only because the source rate did not pass its passive-background reporting gate",False,not_reportable_passive_background_model_rejected,total_negative_electrical_charge_equivalents; 100_percent_delivery_and_utilization; not_electron_specific; not_a_chemical_yield_prediction
5mM_Mn_nitrate_in_water_20kHz,"5 mM Mn nitrate, 20 kHz",5mM_Mn_nitrate_in_water,20.0,0.45,False,2.5,5.0,1.0,7.2024684661319e+16,7.2024684661319e+16,7.2024684661319e+16,0.3135456677969777,0.3135456677969777,0.3135456677969777,"composition-matched 5 mM Mn-ion inventory; electrical charge-equivalent clock, not chemical conversion; diagnostic scenario only because the source rate did not pass its passive-background reporting gate",False,not_reportable_passive_background_model_rejected,total_negative_electrical_charge_equivalents; 100_percent_delivery_and_utilization; not_electron_specific; not_a_chemical_yield_prediction
5mM_Mn_nitrate_in_water_20kHz,"5 mM Mn nitrate, 20 kHz",5mM_Mn_nitrate_in_water,20.0,0.5,False,2.5,5.0,1.0,7.2024684661319e+16,7.2024684661319e+16,7.2024684661319e+16,0.3483840753299752,0.3483840753299752,0.3483840753299752,"composition-matched 5 mM Mn-ion inventory; electrical charge-equivalent clock, not chemical conversion; diagnostic scenario only because the source rate did not pass its passive-background reporting gate",False,not_reportable_passive_background_model_rejected,total_negative_electrical_charge_equivalents; 100_percent_delivery_and_utilization; not_electron_specific; not_a_chemical_yield_prediction
5mM_Mn_nitrate_in_water_20kHz,"5 mM Mn nitrate, 20 kHz",5mM_Mn_nitrate_in_water,20.0,0.55,False,2.5,5.0,1.0,7.2024684661319e+16,7.2024684661319e+16,7.2024684661319e+16,0.38322248286297267,0.38322248286297267,0.38322248286297267,"composition-matched 5 mM Mn-ion inventory; electrical charge-equivalent clock, not chemical conversion; diagnostic scenario only because the source rate did not pass its passive-background reporting gate",False,not_reportable_passive_background_model_rejected,total_negative_electrical_charge_equivalents; 100_percent_delivery_and_utilization; not_electron_specific; not_a_chemical_yield_prediction
5mM_Mn_nitrate_in_water_20kHz,"5 mM Mn nitrate, 20 kHz",5mM_Mn_nitrate_in_water,20.0,0.6000000000000001,False,2.5,5.0,1.0,7.2024684661319e+16,7.2024684661319e+16,7.2024684661319e+16,0.4180608903959702,0.4180608903959702,0.4180608903959702,"composition-matched 5 mM Mn-ion inventory; electrical charge-equivalent clock, not chemical conversion; diagnostic scenario only because the source rate did not pass its passive-background reporting gate",False,not_reportable_passive_background_model_rejected,total_negative_electrical_charge_equivalents; 100_percent_delivery_and_utilization; not_electron_specific; not_a_chemical_yield_prediction
5mM_Mn_nitrate_in_water_20kHz,"5 mM Mn nitrate, 20 kHz",5mM_Mn_nitrate_in_water,20.0,0.65,False,2.5,5.0,1.0,7.2024684661319e+16,7.2024684661319e+16,7.2024684661319e+16,0.4528992979289677,0.4528992979289677,0.4528992979289677,"composition-matched 5 mM Mn-ion inventory; electrical charge-equivalent clock, not chemical conversion; diagnostic scenario only because the source rate did not pass its passive-background reporting gate",False,not_reportable_passive_background_model_rejected,total_negative_electrical_charge_equivalents; 100_percent_delivery_and_utilization; not_electron_specific; not_a_chemical_yield_prediction
5mM_Mn_nitrate_in_water_20kHz,"5 mM Mn nitrate, 20 kHz",5mM_Mn_nitrate_in_water,20.0,0.7000000000000001,False,2.5,5.0,1.0,7.2024684661319e+16,7.2024684661319e+16,7.2024684661319e+16,0.48773770546196527,0.48773770546196527,0.48773770546196527,"composition-matched 5 mM Mn-ion inventory; electrical charge-equivalent clock, not chemical conversion; diagnostic scenario only because the source rate did not pass its passive-background reporting gate",False,not_reportable_passive_background_model_rejected,total_negative_electrical_charge_equivalents; 100_percent_delivery_and_utilization; not_electron_specific; not_a_chemical_yield_prediction
5mM_Mn_nitrate_in_water_20kHz,"5 mM Mn nitrate, 20 kHz",5mM_Mn_nitrate_in_water,20.0,0.75,False,2.5,5.0,1.0,7.2024684661319e+16,7.2024684661319e+16,7.2024684661319e+16,0.5225761129949628,0.5225761129949628,0.5225761129949628,"composition-matched 5 mM Mn-ion inventory; electrical charge-equivalent clock, not chemical conversion; diagnostic scenario only because the source rate did not pass its passive-background reporting gate",False,not_reportable_passive_background_model_rejected,total_negative_electrical_charge_equivalents; 100_percent_delivery_and_utilization; not_electron_specific; not_a_chemical_yield_prediction
5mM_Mn_nitrate_in_water_20kHz,"5 mM Mn nitrate, 20 kHz",5mM_Mn_nitrate_in_water,20.0,0.8,False,2.5,5.0,1.0,7.2024684661319e+16,7.2024684661319e+16,7.2024684661319e+16,0.5574145205279603,0.5574145205279603,0.5574145205279603,"composition-matched 5 mM Mn-ion inventory; electrical charge-equivalent clock, not chemical conversion; diagnostic scenario only because the source rate did not pass its passive-background reporting gate",False,not_reportable_passive_background_model_rejected,total_negative_electrical_charge_equivalents; 100_percent_delivery_and_utilization; not_electron_specific; not_a_chemical_yield_prediction
5mM_Mn_nitrate_in_water_20kHz,"5 mM Mn nitrate, 20 kHz",5mM_Mn_nitrate_in_water,20.0,0.8500000000000001,False,2.5,5.0,1.0,7.2024684661319e+16,7.2024684661319e+16,7.2024684661319e+16,0.5922529280609579,0.5922529280609579,0.5922529280609579,"composition-matched 5 mM Mn-ion inventory; electrical charge-equivalent clock, not chemical conversion; diagnostic scenario only because the source rate did not pass its passive-background reporting gate",False,not_reportable_passive_background_model_rejected,total_negative_electrical_charge_equivalents; 100_percent_delivery_and_utilization; not_electron_specific; not_a_chemical_yield_prediction
5mM_Mn_nitrate_in_water_20kHz,"5 mM Mn nitrate, 20 kHz",5mM_Mn_nitrate_in_water,20.0,0.9,False,2.5,5.0,1.0,7.2024684661319e+16,7.2024684661319e+16,7.2024684661319e+16,0.6270913355939554,0.6270913355939554,0.6270913355939554,"composition-matched 5 mM Mn-ion inventory; electrical charge-equivalent clock, not chemical conversion; diagnostic scenario only because the source rate did not pass its passive-background reporting gate",False,not_reportable_passive_background_model_rejected,total_negative_electrical_charge_equivalents; 100_percent_delivery_and_utilization; not_electron_specific; not_a_chemical_yield_prediction
5mM_Mn_nitrate_in_water_20kHz,"5 mM Mn nitrate, 20 kHz",5mM_Mn_nitrate_in_water,20.0,0.9500000000000001,False,2.5,5.0,1.0,7.2024684661319e+16,7.2024684661319e+16,7.2024684661319e+16,0.6619297431269529,0.6619297431269529,0.6619297431269529,"composition-matched 5 mM Mn-ion inventory; electrical charge-equivalent clock, not chemical conversion; diagnostic scenario only because the source rate did not pass its passive-background reporting gate",False,not_reportable_passive_background_model_rejected,total_negative_electrical_charge_equivalents; 100_percent_delivery_and_utilization; not_electron_specific; not_a_chemical_yield_prediction
5mM_Mn_nitrate_in_water_20kHz,"5 mM Mn nitrate, 20 kHz",5mM_Mn_nitrate_in_water,20.0,1.0,False,2.5,5.0,1.0,7.2024684661319e+16,7.2024684661319e+16,7.2024684661319e+16,0.6967681506599503,0.6967681506599503,0.6967681506599503,"composition-matched 5 mM Mn-ion inventory; electrical charge-equivalent clock, not chemical conversion; diagnostic scenario only because the source rate did not pass its passive-background reporting gate",False,not_reportable_passive_background_model_rejected,total_negative_electrical_charge_equivalents; 100_percent_delivery_and_utilization; not_electron_specific; not_a_chemical_yield_prediction
5mM_Mn_nitrate_in_water_20kHz,"5 mM Mn nitrate, 20 kHz",5mM_Mn_nitrate_in_water,20.0,1.05,False,2.5,5.0,1.0,7.2024684661319e+16,7.2024684661319e+16,7.2024684661319e+16,0.7316065581929478,0.7316065581929478,0.7316065581929478,"composition-matched 5 mM Mn-ion inventory; electrical charge-equivalent clock, not chemical conversion; diagnostic scenario only because the source rate did not pass its passive-background reporting gate",False,not_reportable_passive_background_model_rejected,total_negative_electrical_charge_equivalents; 100_percent_delivery_and_utilization; not_electron_specific; not_a_chemical_yield_prediction
5mM_Mn_nitrate_in_water_20kHz,"5 mM Mn nitrate, 20 kHz",5mM_Mn_nitrate_in_water,20.0,1.1,False,2.5,5.0,1.0,7.2024684661319e+16,7.2024684661319e+16,7.2024684661319e+16,0.7664449657259453,0.7664449657259453,0.7664449657259453,"composition-matched 5 mM Mn-ion inventory; electrical charge-equivalent clock, not chemical conversion; diagnostic scenario only because the source rate did not pass its passive-background reporting gate",False,not_reportable_passive_background_model_rejected,total_negative_electrical_charge_equivalents; 100_percent_delivery_and_utilization; not_electron_specific; not_a_chemical_yield_prediction
5mM_Mn_nitrate_in_water_20kHz,"5 mM Mn nitrate, 20 kHz",5mM_Mn_nitrate_in_water,20.0,1.1500000000000001,False,2.5,5.0,1.0,7.2024684661319e+16,7.2024684661319e+16,7.2024684661319e+16,0.8012833732589429,0.8012833732589429,0.8012833732589429,"composition-matched 5 mM Mn-ion inventory; electrical charge-equivalent clock, not chemical conversion; diagnostic scenario only because the source rate did not pass its passive-background reporting gate",False,not_reportable_passive_background_model_rejected,total_negative_electrical_charge_equivalents; 100_percent_delivery_and_utilization; not_electron_specific; not_a_chemical_yield_prediction
5mM_Mn_nitrate_in_water_20kHz,"5 mM Mn nitrate, 20 kHz",5mM_Mn_nitrate_in_water,20.0,1.2000000000000002,False,2.5,5.0,1.0,7.2024684661319e+16,7.2024684661319e+16,7.2024684661319e+16,0.8361217807919404,0.8361217807919404,0.8361217807919404,"composition-matched 5 mM Mn-ion inventory; electrical charge-equivalent clock, not chemical conversion; diagnostic scenario only because the source rate did not pass its passive-background reporting gate",False,not_reportable_passive_background_model_rejected,total_negative_electrical_charge_equivalents; 100_percent_delivery_and_utilization; not_electron_specific; not_a_chemical_yield_prediction
5mM_Mn_nitrate_in_water_20kHz,"5 mM Mn nitrate, 20 kHz",5mM_Mn_nitrate_in_water,20.0,1.25,False,2.5,5.0,1.0,7.2024684661319e+16,7.2024684661319e+16,7.2024684661319e+16,0.8709601883249378,0.8709601883249378,0.8709601883249378,"composition-matched 5 mM Mn-ion inventory; electrical charge-equivalent clock, not chemical conversion; diagnostic scenario only because the source rate did not pass its passive-background reporting gate",False,not_reportable_passive_background_model_rejected,total_negative_electrical_charge_equivalents; 100_percent_delivery_and_utilization; not_electron_specific; not_a_chemical_yield_prediction
5mM_Mn_nitrate_in_water_20kHz,"5 mM Mn nitrate, 20 kHz",5mM_Mn_nitrate_in_water,20.0,1.3,False,2.5,5.0,1.0,7.2024684661319e+16,7.2024684661319e+16,7.2024684661319e+16,0.9057985958579354,0.9057985958579354,0.9057985958579354,"composition-matched 5 mM Mn-ion inventory; electrical charge-equivalent clock, not chemical conversion; diagnostic scenario only because the source rate did not pass its passive-background reporting gate",False,not_reportable_passive_background_model_rejected,total_negative_electrical_charge_equivalents; 100_percent_delivery_and_utilization; not_electron_specific; not_a_chemical_yield_prediction
5mM_Mn_nitrate_in_water_20kHz,"5 mM Mn nitrate, 20 kHz",5mM_Mn_nitrate_in_water,20.0,1.35,False,2.5,5.0,1.0,7.2024684661319e+16,7.2024684661319e+16,7.2024684661319e+16,0.940637003390933,0.940637003390933,0.940637003390933,"composition-matched 5 mM Mn-ion inventory; electrical charge-equivalent clock, not chemical conversion; diagnostic scenario only because the source rate did not pass its passive-background reporting gate",False,not_reportable_passive_background_model_rejected,total_negative_electrical_charge_equivalents; 100_percent_delivery_and_utilization; not_electron_specific; not_a_chemical_yield_prediction
5mM_Mn_nitrate_in_water_20kHz,"5 mM Mn nitrate, 20 kHz",5mM_Mn_nitrate_in_water,20.0,1.4000000000000001,False,2.5,5.0,1.0,7.2024684661319e+16,7.2024684661319e+16,7.2024684661319e+16,0.9754754109239305,0.9754754109239305,0.9754754109239305,"composition-matched 5 mM Mn-ion inventory; electrical charge-equivalent clock, not chemical conversion; diagnostic scenario only because the source rate did not pass its passive-background reporting gate",False,not_reportable_passive_background_model_rejected,total_negative_electrical_charge_equivalents; 100_percent_delivery_and_utilization; not_electron_specific; not_a_chemical_yield_prediction
5mM_Mn_nitrate_in_water_20kHz,"5 mM Mn nitrate, 20 kHz",5mM_Mn_nitrate_in_water,20.0,1.4500000000000002,False,2.5,5.0,1.0,7.2024684661319e+16,7.2024684661319e+16,7.2024684661319e+16,1.010313818456928,1.010313818456928,1.010313818456928,"composition-matched 5 mM Mn-ion inventory; electrical charge-equivalent clock, not chemical conversion; diagnostic scenario only because the source rate did not pass its passive-background reporting gate",False,not_reportable_passive_background_model_rejected,total_negative_electrical_charge_equivalents; 100_percent_delivery_and_utilization; not_electron_specific; not_a_chemical_yield_prediction
5mM_Mn_nitrate_in_water_20kHz,"5 mM Mn nitrate, 20 kHz",5mM_Mn_nitrate_in_water,20.0,1.5,False,2.5,5.0,1.0,7.2024684661319e+16,7.2024684661319e+16,7.2024684661319e+16,1.0451522259899255,1.0451522259899255,1.0451522259899255,"composition-matched 5 mM Mn-ion inventory; electrical charge-equivalent clock, not chemical conversion; diagnostic scenario only because the source rate did not pass its passive-background reporting gate",False,not_reportable_passive_background_model_rejected,total_negative_electrical_charge_equivalents; 100_percent_delivery_and_utilization; not_electron_specific; not_a_chemical_yield_prediction
5mM_Mn_nitrate_in_water_20kHz,"5 mM Mn nitrate, 20 kHz",5mM_Mn_nitrate_in_water,20.0,1.55,False,2.5,5.0,1.0,7.2024684661319e+16,7.2024684661319e+16,7.2024684661319e+16,1.079990633522923,1.079990633522923,1.079990633522923,"composition-matched 5 mM Mn-ion inventory; electrical charge-equivalent clock, not chemical conversion; diagnostic scenario only because the source rate did not pass its passive-background reporting gate",False,not_reportable_passive_background_model_rejected,total_negative_electrical_charge_equivalents; 100_percent_delivery_and_utilization; not_electron_specific; not_a_chemical_yield_prediction
5mM_Mn_nitrate_in_water_20kHz,"5 mM Mn nitrate, 20 kHz",5mM_Mn_nitrate_in_water,20.0,1.6,False,2.5,5.0,1.0,7.2024684661319e+16,7.2024684661319e+16,7.2024684661319e+16,1.1148290410559205,1.1148290410559205,1.1148290410559205,"composition-matched 5 mM Mn-ion inventory; electrical charge-equivalent clock, not chemical conversion; diagnostic scenario only because the source rate did not pass its passive-background reporting gate",False,not_reportable_passive_background_model_rejected,total_negative_electrical_charge_equivalents; 100_percent_delivery_and_utilization; not_electron_specific; not_a_chemical_yield_prediction
5mM_Mn_nitrate_in_water_20kHz,"5 mM Mn nitrate, 20 kHz",5mM_Mn_nitrate_in_water,20.0,1.6500000000000001,False,2.5,5.0,1.0,7.2024684661319e+16,7.2024684661319e+16,7.2024684661319e+16,1.149667448588918,1.149667448588918,1.149667448588918,"composition-matched 5 mM Mn-ion inventory; electrical charge-equivalent clock, not chemical conversion; diagnostic scenario only because the source rate did not pass its passive-background reporting gate",False,not_reportable_passive_background_model_rejected,total_negative_electrical_charge_equivalents; 100_percent_delivery_and_utilization; not_electron_specific; not_a_chemical_yield_prediction
5mM_Mn_nitrate_in_water_20kHz,"5 mM Mn nitrate, 20 kHz",5mM_Mn_nitrate_in_water,20.0,1.7000000000000002,False,2.5,5.0,1.0,7.2024684661319e+16,7.2024684661319e+16,7.2024684661319e+16,1.1845058561219157,1.1845058561219157,1.1845058561219157,"composition-matched 5 mM Mn-ion inventory; electrical charge-equivalent clock, not chemical conversion; diagnostic scenario only because the source rate did not pass its passive-background reporting gate",False,not_reportable_passive_background_model_rejected,total_negative_electrical_charge_equivalents; 100_percent_delivery_and_utilization; not_electron_specific; not_a_chemical_yield_prediction
5mM_Mn_nitrate_in_water_20kHz,"5 mM Mn nitrate, 20 kHz",5mM_Mn_nitrate_in_water,20.0,1.75,False,2.5,5.0,1.0,7.2024684661319e+16,7.2024684661319e+16,7.2024684661319e+16,1.219344263654913,1.219344263654913,1.219344263654913,"composition-matched 5 mM Mn-ion inventory; electrical charge-equivalent clock, not chemical conversion; diagnostic scenario only because the source rate did not pass its passive-background reporting gate",False,not_reportable_passive_background_model_rejected,total_negative_electrical_charge_equivalents; 100_percent_delivery_and_utilization; not_electron_specific; not_a_chemical_yield_prediction
5mM_Mn_nitrate_in_water_20kHz,"5 mM Mn nitrate, 20 kHz",5mM_Mn_nitrate_in_water,20.0,1.8,False,2.5,5.0,1.0,7.2024684661319e+16,7.2024684661319e+16,7.2024684661319e+16,1.2541826711879107,1.2541826711879107,1.2541826711879107,"composition-matched 5 mM Mn-ion inventory; electrical charge-equivalent clock, not chemical conversion; diagnostic scenario only because the source rate did not pass its passive-background reporting gate",False,not_reportable_passive_background_model_rejected,total_negative_electrical_charge_equivalents; 100_percent_delivery_and_utilization; not_electron_specific; not_a_chemical_yield_prediction
5mM_Mn_nitrate_in_water_20kHz,"5 mM Mn nitrate, 20 kHz",5mM_Mn_nitrate_in_water,20.0,1.85,False,2.5,5.0,1.0,7.2024684661319e+16,7.2024684661319e+16,7.2024684661319e+16,1.289021078720908,1.289021078720908,1.289021078720908,"composition-matched 5 mM Mn-ion inventory; electrical charge-equivalent clock, not chemical conversion; diagnostic scenario only because the source rate did not pass its passive-background reporting gate",False,not_reportable_passive_background_model_rejected,total_negative_electrical_charge_equivalents; 100_percent_delivery_and_utilization; not_electron_specific; not_a_chemical_yield_prediction
5mM_Mn_nitrate_in_water_20kHz,"5 mM Mn nitrate, 20 kHz",5mM_Mn_nitrate_in_water,20.0,1.9000000000000001,False,2.5,5.0,1.0,7.2024684661319e+16,7.2024684661319e+16,7.2024684661319e+16,1.3238594862539057,1.3238594862539057,1.3238594862539057,"composition-matched 5 mM Mn-ion inventory; electrical charge-equivalent clock, not chemical conversion; diagnostic scenario only because the source rate did not pass its passive-background reporting gate",False,not_reportable_passive_background_model_rejected,total_negative_electrical_charge_equivalents; 100_percent_delivery_and_utilization; not_electron_specific; not_a_chemical_yield_prediction
5mM_Mn_nitrate_in_water_20kHz,"5 mM Mn nitrate, 20 kHz",5mM_Mn_nitrate_in_water,20.0,1.9500000000000002,False,2.5,5.0,1.0,7.2024684661319e+16,7.2024684661319e+16,7.2024684661319e+16,1.3586978937869032,1.3586978937869032,1.3586978937869032,"composition-matched 5 mM Mn-ion inventory; electrical charge-equivalent clock, not chemical conversion; diagnostic scenario only because the source rate did not pass its passive-background reporting gate",False,not_reportable_passive_background_model_rejected,total_negative_electrical_charge_equivalents; 100_percent_delivery_and_utilization; not_electron_specific; not_a_chemical_yield_prediction
5mM_Mn_nitrate_in_water_20kHz,"5 mM Mn nitrate, 20 kHz",5mM_Mn_nitrate_in_water,20.0,2.0,False,2.5,5.0,1.0,7.2024684661319e+16,7.2024684661319e+16,7.2024684661319e+16,1.3935363013199007,1.3935363013199007,1.3935363013199007,"composition-matched 5 mM Mn-ion inventory; electrical charge-equivalent clock, not chemical conversion; diagnostic scenario only because the source rate did not pass its passive-background reporting gate",False,not_reportable_passive_background_model_rejected,total_negative_electrical_charge_equivalents; 100_percent_delivery_and_utilization; not_electron_specific; not_a_chemical_yield_prediction
5mM_Mn_nitrate_in_water_20kHz,"5 mM Mn nitrate, 20 kHz",5mM_Mn_nitrate_in_water,20.0,2.0500000000000003,False,2.5,5.0,1.0,7.2024684661319e+16,7.2024684661319e+16,7.2024684661319e+16,1.4283747088528982,1.4283747088528982,1.4283747088528982,"composition-matched 5 mM Mn-ion inventory; electrical charge-equivalent clock, not chemical conversion; diagnostic scenario only because the source rate did not pass its passive-background reporting gate",False,not_reportable_passive_background_model_rejected,total_negative_electrical_charge_equivalents; 100_percent_delivery_and_utilization; not_electron_specific; not_a_chemical_yield_prediction
5mM_Mn_nitrate_in_water_20kHz,"5 mM Mn nitrate, 20 kHz",5mM_Mn_nitrate_in_water,20.0,2.1,False,2.5,5.0,1.0,7.2024684661319e+16,7.2024684661319e+16,7.2024684661319e+16,1.4632131163858957,1.4632131163858957,1.4632131163858957,"composition-matched 5 mM Mn-ion inventory; electrical charge-equivalent clock, not chemical conversion; diagnostic scenario only because the source rate did not pass its passive-background reporting gate",False,not_reportable_passive_background_model_rejected,total_negative_electrical_charge_equivalents; 100_percent_delivery_and_utilization; not_electron_specific; not_a_chemical_yield_prediction
5mM_Mn_nitrate_in_water_20kHz,"5 mM Mn nitrate, 20 kHz",5mM_Mn_nitrate_in_water,20.0,2.15,False,2.5,5.0,1.0,7.2024684661319e+16,7.2024684661319e+16,7.2024684661319e+16,1.4980515239188932,1.4980515239188932,1.4980515239188932,"composition-matched 5 mM Mn-ion inventory; electrical charge-equivalent clock, not chemical conversion; diagnostic scenario only because the source rate did not pass its passive-background reporting gate",False,not_reportable_passive_background_model_rejected,total_negative_electrical_charge_equivalents; 100_percent_delivery_and_utilization; not_electron_specific; not_a_chemical_yield_prediction
5mM_Mn_nitrate_in_water_20kHz,"5 mM Mn nitrate, 20 kHz",5mM_Mn_nitrate_in_water,20.0,2.2,False,2.5,5.0,1.0,7.2024684661319e+16,7.2024684661319e+16,7.2024684661319e+16,1.5328899314518907,1.5328899314518907,1.5328899314518907,"composition-matched 5 mM Mn-ion inventory; electrical charge-equivalent clock, not chemical conversion; diagnostic scenario only because the source rate did not pass its passive-background reporting gate",False,not_reportable_passive_background_model_rejected,total_negative_electrical_charge_equivalents; 100_percent_delivery_and_utilization; not_electron_specific; not_a_chemical_yield_prediction
5mM_Mn_nitrate_in_water_20kHz,"5 mM Mn nitrate, 20 kHz",5mM_Mn_nitrate_in_water,20.0,2.25,False,2.5,5.0,1.0,7.2024684661319e+16,7.2024684661319e+16,7.2024684661319e+16,1.5677283389848882,1.5677283389848882,1.5677283389848882,"composition-matched 5 mM Mn-ion inventory; electrical charge-equivalent clock, not chemical conversion; diagnostic scenario only because the source rate did not pass its passive-background reporting gate",False,not_reportable_passive_background_model_rejected,total_negative_electrical_charge_equivalents; 100_percent_delivery_and_utilization; not_electron_specific; not_a_chemical_yield_prediction
5mM_Mn_nitrate_in_water_20kHz,"5 mM Mn nitrate, 20 kHz",5mM_Mn_nitrate_in_water,20.0,2.3000000000000003,False,2.5,5.0,1.0,7.2024684661319e+16,7.2024684661319e+16,7.2024684661319e+16,1.6025667465178859,1.6025667465178859,1.6025667465178859,"composition-matched 5 mM Mn-ion inventory; electrical charge-equivalent clock, not chemical conversion; diagnostic scenario only because the source rate did not pass its passive-background reporting gate",False,not_reportable_passive_background_model_rejected,total_negative_electrical_charge_equivalents; 100_percent_delivery_and_utilization; not_electron_specific; not_a_chemical_yield_prediction
5mM_Mn_nitrate_in_water_20kHz,"5 mM Mn nitrate, 20 kHz",5mM_Mn_nitrate_in_water,20.0,2.35,False,2.5,5.0,1.0,7.2024684661319e+16,7.2024684661319e+16,7.2024684661319e+16,1.6374051540508834,1.6374051540508834,1.6374051540508834,"composition-matched 5 mM Mn-ion inventory; electrical charge-equivalent clock, not chemical conversion; diagnostic scenario only because the source rate did not pass its passive-background reporting gate",False,not_reportable_passive_background_model_rejected,total_negative_electrical_charge_equivalents; 100_percent_delivery_and_utilization; not_electron_specific; not_a_chemical_yield_prediction
5mM_Mn_nitrate_in_water_20kHz,"5 mM Mn nitrate, 20 kHz",5mM_Mn_nitrate_in_water,20.0,2.4000000000000004,False,2.5,5.0,1.0,7.2024684661319e+16,7.2024684661319e+16,7.2024684661319e+16,1.6722435615838809,1.6722435615838809,1.6722435615838809,"composition-matched 5 mM Mn-ion inventory; electrical charge-equivalent clock, not chemical conversion; diagnostic scenario only because the source rate did not pass its passive-background reporting gate",False,not_reportable_passive_background_model_rejected,total_negative_electrical_charge_equivalents; 100_percent_delivery_and_utilization; not_electron_specific; not_a_chemical_yield_prediction
5mM_Mn_nitrate_in_water_20kHz,"5 mM Mn nitrate, 20 kHz",5mM_Mn_nitrate_in_water,20.0,2.45,False,2.5,5.0,1.0,7.2024684661319e+16,7.2024684661319e+16,7.2024684661319e+16,1.7070819691168782,1.7070819691168782,1.7070819691168782,"composition-matched 5 mM Mn-ion inventory; electrical charge-equivalent clock, not chemical conversion; diagnostic scenario only because the source rate did not pass its passive-background reporting gate",False,not_reportable_passive_background_model_rejected,total_negative_electrical_charge_equivalents; 100_percent_delivery_and_utilization; not_electron_specific; not_a_chemical_yield_prediction
5mM_Mn_nitrate_in_water_20kHz,"5 mM Mn nitrate, 20 kHz",5mM_Mn_nitrate_in_water,20.0,2.5,True,2.5,5.0,1.0,7.2024684661319e+16,7.2024684661319e+16,7.2024684661319e+16,1.7419203766498756,1.7419203766498756,1.7419203766498756,"composition-matched 5 mM Mn-ion inventory; electrical charge-equivalent clock, not chemical conversion; diagnostic scenario only because the source rate did not pass its passive-background reporting gate",False,not_reportable_passive_background_model_rejected,total_negative_electrical_charge_equivalents; 100_percent_delivery_and_utilization; not_electron_specific; not_a_chemical_yield_prediction
5mM_Mn_nitrate_in_water_20kHz,"5 mM Mn nitrate, 20 kHz",5mM_Mn_nitrate_in_water,20.0,2.5500000000000003,False,2.5,5.0,1.0,7.2024684661319e+16,7.2024684661319e+16,7.2024684661319e+16,1.7767587841828734,1.7767587841828734,1.7767587841828734,"composition-matched 5 mM Mn-ion inventory; electrical charge-equivalent clock, not chemical conversion; diagnostic scenario only because the source rate did not pass its passive-background reporting gate",False,not_reportable_passive_background_model_rejected,total_negative_electrical_charge_equivalents; 100_percent_delivery_and_utilization; not_electron_specific; not_a_chemical_yield_prediction
5mM_Mn_nitrate_in_water_20kHz,"5 mM Mn nitrate, 20 kHz",5mM_Mn_nitrate_in_water,20.0,2.6,False,2.5,5.0,1.0,7.2024684661319e+16,7.2024684661319e+16,7.2024684661319e+16,1.8115971917158709,1.8115971917158709,1.8115971917158709,"composition-matched 5 mM Mn-ion inventory; electrical charge-equivalent clock, not chemical conversion; diagnostic scenario only because the source rate did not pass its passive-background reporting gate",False,not_reportable_passive_background_model_rejected,total_negative_electrical_charge_equivalents; 100_percent_delivery_and_utilization; not_electron_specific; not_a_chemical_yield_prediction
5mM_Mn_nitrate_in_water_20kHz,"5 mM Mn nitrate, 20 kHz",5mM_Mn_nitrate_in_water,20.0,2.6500000000000004,False,2.5,5.0,1.0,7.2024684661319e+16,7.2024684661319e+16,7.2024684661319e+16,1.8464355992488686,1.8464355992488686,1.8464355992488686,"composition-matched 5 mM Mn-ion inventory; electrical charge-equivalent clock, not chemical conversion; diagnostic scenario only because the source rate did not pass its passive-background reporting gate",False,not_reportable_passive_background_model_rejected,total_negative_electrical_charge_equivalents; 100_percent_delivery_and_utilization; not_electron_specific; not_a_chemical_yield_prediction
5mM_Mn_nitrate_in_water_20kHz,"5 mM Mn nitrate, 20 kHz",5mM_Mn_nitrate_in_water,20.0,2.7,False,2.5,5.0,1.0,7.2024684661319e+16,7.2024684661319e+16,7.2024684661319e+16,1.881274006781866,1.881274006781866,1.881274006781866,"composition-matched 5 mM Mn-ion inventory; electrical charge-equivalent clock, not chemical conversion; diagnostic scenario only because the source rate did not pass its passive-background reporting gate",False,not_reportable_passive_background_model_rejected,total_negative_electrical_charge_equivalents; 100_percent_delivery_and_utilization; not_electron_specific; not_a_chemical_yield_prediction
5mM_Mn_nitrate_in_water_20kHz,"5 mM Mn nitrate, 20 kHz",5mM_Mn_nitrate_in_water,20.0,2.75,False,2.5,5.0,1.0,7.2024684661319e+16,7.2024684661319e+16,7.2024684661319e+16,1.9161124143148633,1.9161124143148633,1.9161124143148633,"composition-matched 5 mM Mn-ion inventory; electrical charge-equivalent clock, not chemical conversion; diagnostic scenario only because the source rate did not pass its passive-background reporting gate",False,not_reportable_passive_background_model_rejected,total_negative_electrical_charge_equivalents; 100_percent_delivery_and_utilization; not_electron_specific; not_a_chemical_yield_prediction
5mM_Mn_nitrate_in_water_20kHz,"5 mM Mn nitrate, 20 kHz",5mM_Mn_nitrate_in_water,20.0,2.8000000000000003,False,2.5,5.0,1.0,7.2024684661319e+16,7.2024684661319e+16,7.2024684661319e+16,1.950950821847861,1.950950821847861,1.950950821847861,"composition-matched 5 mM Mn-ion inventory; electrical charge-equivalent clock, not chemical conversion; diagnostic scenario only because the source rate did not pass its passive-background reporting gate",False,not_reportable_passive_background_model_rejected,total_negative_electrical_charge_equivalents; 100_percent_delivery_and_utilization; not_electron_specific; not_a_chemical_yield_prediction
5mM_Mn_nitrate_in_water_20kHz,"5 mM Mn nitrate, 20 kHz",5mM_Mn_nitrate_in_water,20.0,2.85,False,2.5,5.0,1.0,7.2024684661319e+16,7.2024684661319e+16,7.2024684661319e+16,1.9857892293808583,1.9857892293808583,1.9857892293808583,"composition-matched 5 mM Mn-ion inventory; electrical charge-equivalent clock, not chemical conversion; diagnostic scenario only because the source rate did not pass its passive-background reporting gate",False,not_reportable_passive_background_model_rejected,total_negative_electrical_charge_equivalents; 100_percent_delivery_and_utilization; not_electron_specific; not_a_chemical_yield_prediction
5mM_Mn_nitrate_in_water_20kHz,"5 mM Mn nitrate, 20 kHz",5mM_Mn_nitrate_in_water,20.0,2.9000000000000004,False,2.5,5.0,1.0,7.2024684661319e+16,7.2024684661319e+16,7.2024684661319e+16,2.020627636913856,2.020627636913856,2.020627636913856,"composition-matched 5 mM Mn-ion inventory; electrical charge-equivalent clock, not chemical conversion; diagnostic scenario only because the source rate did not pass its passive-background reporting gate",False,not_reportable_passive_background_model_rejected,total_negative_electrical_charge_equivalents; 100_percent_delivery_and_utilization; not_electron_specific; not_a_chemical_yield_prediction
5mM_Mn_nitrate_in_water_20kHz,"5 mM Mn nitrate, 20 kHz",5mM_Mn_nitrate_in_water,20.0,2.95,False,2.5,5.0,1.0,7.2024684661319e+16,7.2024684661319e+16,7.2024684661319e+16,2.0554660444468533,2.0554660444468533,2.0554660444468533,"composition-matched 5 mM Mn-ion inventory; electrical charge-equivalent clock, not chemical conversion; diagnostic scenario only because the source rate did not pass its passive-background reporting gate",False,not_reportable_passive_background_model_rejected,total_negative_electrical_charge_equivalents; 100_percent_delivery_and_utilization; not_electron_specific; not_a_chemical_yield_prediction
5mM_Mn_nitrate_in_water_20kHz,"5 mM Mn nitrate, 20 kHz",5mM_Mn_nitrate_in_water,20.0,3.0,False,2.5,5.0,1.0,7.2024684661319e+16,7.2024684661319e+16,7.2024684661319e+16,2.090304451979851,2.090304451979851,2.090304451979851,"composition-matched 5 mM Mn-ion inventory; electrical charge-equivalent clock, not chemical conversion; diagnostic scenario only because the source rate did not pass its passive-background reporting gate",False,not_reportable_passive_background_model_rejected,total_negative_electrical_charge_equivalents; 100_percent_delivery_and_utilization; not_electron_specific; not_a_chemical_yield_prediction
5mM_Mn_nitrate_in_water_20kHz,"5 mM Mn nitrate, 20 kHz",5mM_Mn_nitrate_in_water,20.0,3.0500000000000003,False,2.5,5.0,1.0,7.2024684661319e+16,7.2024684661319e+16,7.2024684661319e+16,2.1251428595128483,2.1251428595128483,2.1251428595128483,"composition-matched 5 mM Mn-ion inventory; electrical charge-equivalent clock, not chemical conversion; diagnostic scenario only because the source rate did not pass its passive-background reporting gate",False,not_reportable_passive_background_model_rejected,total_negative_electrical_charge_equivalents; 100_percent_delivery_and_utilization; not_electron_specific; not_a_chemical_yield_prediction
5mM_Mn_nitrate_in_water_20kHz,"5 mM Mn nitrate, 20 kHz",5mM_Mn_nitrate_in_water,20.0,3.1,False,2.5,5.0,1.0,7.2024684661319e+16,7.2024684661319e+16,7.2024684661319e+16,2.159981267045846,2.159981267045846,2.159981267045846,"composition-matched 5 mM Mn-ion inventory; electrical charge-equivalent clock, not chemical conversion; diagnostic scenario only because the source rate did not pass its passive-background reporting gate",False,not_reportable_passive_background_model_rejected,total_negative_electrical_charge_equivalents; 100_percent_delivery_and_utilization; not_electron_specific; not_a_chemical_yield_prediction
5mM_Mn_nitrate_in_water_20kHz,"5 mM Mn nitrate, 20 kHz",5mM_Mn_nitrate_in_water,20.0,3.1500000000000004,False,2.5,5.0,1.0,7.2024684661319e+16,7.2024684661319e+16,7.2024684661319e+16,2.1948196745788437,2.1948196745788437,2.1948196745788437,"composition-matched 5 mM Mn-ion inventory; electrical charge-equivalent clock, not chemical conversion; diagnostic scenario only because the source rate did not pass its passive-background reporting gate",False,not_reportable_passive_background_model_rejected,total_negative_electrical_charge_equivalents; 100_percent_delivery_and_utilization; not_electron_specific; not_a_chemical_yield_prediction
5mM_Mn_nitrate_in_water_20kHz,"5 mM Mn nitrate, 20 kHz",5mM_Mn_nitrate_in_water,20.0,3.2,False,2.5,5.0,1.0,7.2024684661319e+16,7.2024684661319e+16,7.2024684661319e+16,2.229658082111841,2.229658082111841,2.229658082111841,"composition-matched 5 mM Mn-ion inventory; electrical charge-equivalent clock, not chemical conversion; diagnostic scenario only because the source rate did not pass its passive-background reporting gate",False,not_reportable_passive_background_model_rejected,total_negative_electrical_charge_equivalents; 100_percent_delivery_and_utilization; not_electron_specific; not_a_chemical_yield_prediction
5mM_Mn_nitrate_in_water_20kHz,"5 mM Mn nitrate, 20 kHz",5mM_Mn_nitrate_in_water,20.0,3.25,False,2.5,5.0,1.0,7.2024684661319e+16,7.2024684661319e+16,7.2024684661319e+16,2.2644964896448383,2.2644964896448383,2.2644964896448383,"composition-matched 5 mM Mn-ion inventory; electrical charge-equivalent clock, not chemical conversion; diagnostic scenario only because the source rate did not pass its passive-background reporting gate",False,not_reportable_passive_background_model_rejected,total_negative_electrical_charge_equivalents; 100_percent_delivery_and_utilization; not_electron_specific; not_a_chemical_yield_prediction
5mM_Mn_nitrate_in_water_20kHz,"5 mM Mn nitrate, 20 kHz",5mM_Mn_nitrate_in_water,20.0,3.3000000000000003,False,2.5,5.0,1.0,7.2024684661319e+16,7.2024684661319e+16,7.2024684661319e+16,2.299334897177836,2.299334897177836,2.299334897177836,"composition-matched 5 mM Mn-ion inventory; electrical charge-equivalent clock, not chemical conversion; diagnostic scenario only because the source rate did not pass its passive-background reporting gate",False,not_reportable_passive_background_model_rejected,total_negative_electrical_charge_equivalents; 100_percent_delivery_and_utilization; not_electron_specific; not_a_chemical_yield_prediction
5mM_Mn_nitrate_in_water_20kHz,"5 mM Mn nitrate, 20 kHz",5mM_Mn_nitrate_in_water,20.0,3.35,False,2.5,5.0,1.0,7.2024684661319e+16,7.2024684661319e+16,7.2024684661319e+16,2.3341733047108337,2.3341733047108337,2.3341733047108337,"composition-matched 5 mM Mn-ion inventory; electrical charge-equivalent clock, not chemical conversion; diagnostic scenario only because the source rate did not pass its passive-background reporting gate",False,not_reportable_passive_background_model_rejected,total_negative_electrical_charge_equivalents; 100_percent_delivery_and_utilization; not_electron_specific; not_a_chemical_yield_prediction
5mM_Mn_nitrate_in_water_20kHz,"5 mM Mn nitrate, 20 kHz",5mM_Mn_nitrate_in_water,20.0,3.4000000000000004,False,2.5,5.0,1.0,7.2024684661319e+16,7.2024684661319e+16,7.2024684661319e+16,2.3690117122438314,2.3690117122438314,2.3690117122438314,"composition-matched 5 mM Mn-ion inventory; electrical charge-equivalent clock, not chemical conversion; diagnostic scenario only because the source rate did not pass its passive-background reporting gate",False,not_reportable_passive_background_model_rejected,total_negative_electrical_charge_equivalents; 100_percent_delivery_and_utilization; not_electron_specific; not_a_chemical_yield_prediction
5mM_Mn_nitrate_in_water_20kHz,"5 mM Mn nitrate, 20 kHz",5mM_Mn_nitrate_in_water,20.0,3.45,False,2.5,5.0,1.0,7.2024684661319e+16,7.2024684661319e+16,7.2024684661319e+16,2.4038501197768287,2.4038501197768287,2.4038501197768287,"composition-matched 5 mM Mn-ion inventory; electrical charge-equivalent clock, not chemical conversion; diagnostic scenario only because the source rate did not pass its passive-background reporting gate",False,not_reportable_passive_background_model_rejected,total_negative_electrical_charge_equivalents; 100_percent_delivery_and_utilization; not_electron_specific; not_a_chemical_yield_prediction
5mM_Mn_nitrate_in_water_20kHz,"5 mM Mn nitrate, 20 kHz",5mM_Mn_nitrate_in_water,20.0,3.5,False,2.5,5.0,1.0,7.2024684661319e+16,7.2024684661319e+16,7.2024684661319e+16,2.438688527309826,2.438688527309826,2.438688527309826,"composition-matched 5 mM Mn-ion inventory; electrical charge-equivalent clock, not chemical conversion; diagnostic scenario only because the source rate did not pass its passive-background reporting gate",False,not_reportable_passive_background_model_rejected,total_negative_electrical_charge_equivalents; 100_percent_delivery_and_utilization; not_electron_specific; not_a_chemical_yield_prediction
5mM_Mn_nitrate_in_water_20kHz,"5 mM Mn nitrate, 20 kHz",5mM_Mn_nitrate_in_water,20.0,3.5500000000000003,False,2.5,5.0,1.0,7.2024684661319e+16,7.2024684661319e+16,7.2024684661319e+16,2.4735269348428237,2.4735269348428237,2.4735269348428237,"composition-matched 5 mM Mn-ion inventory; electrical charge-equivalent clock, not chemical conversion; diagnostic scenario only because the source rate did not pass its passive-background reporting gate",False,not_reportable_passive_background_model_rejected,total_negative_electrical_charge_equivalents; 100_percent_delivery_and_utilization; not_electron_specific; not_a_chemical_yield_prediction
5mM_Mn_nitrate_in_water_20kHz,"5 mM Mn nitrate, 20 kHz",5mM_Mn_nitrate_in_water,20.0,3.6,False,2.5,5.0,1.0,7.2024684661319e+16,7.2024684661319e+16,7.2024684661319e+16,2.5083653423758214,2.5083653423758214,2.5083653423758214,"composition-matched 5 mM Mn-ion inventory; electrical charge-equivalent clock, not chemical conversion; diagnostic scenario only because the source rate did not pass its passive-background reporting gate",False,not_reportable_passive_background_model_rejected,total_negative_electrical_charge_equivalents; 100_percent_delivery_and_utilization; not_electron_specific; not_a_chemical_yield_prediction
5mM_Mn_nitrate_in_water_20kHz,"5 mM Mn nitrate, 20 kHz",5mM_Mn_nitrate_in_water,20.0,3.6500000000000004,False,2.5,5.0,1.0,7.2024684661319e+16,7.2024684661319e+16,7.2024684661319e+16,2.5432037499088187,2.5432037499088187,2.5432037499088187,"composition-matched 5 mM Mn-ion inventory; electrical charge-equivalent clock, not chemical conversion; diagnostic scenario only because the source rate did not pass its passive-background reporting gate",False,not_reportable_passive_background_model_rejected,total_negative_electrical_charge_equivalents; 100_percent_delivery_and_utilization; not_electron_specific; not_a_chemical_yield_prediction
5mM_Mn_nitrate_in_water_20kHz,"5 mM Mn nitrate, 20 kHz",5mM_Mn_nitrate_in_water,20.0,3.7,False,2.5,5.0,1.0,7.2024684661319e+16,7.2024684661319e+16,7.2024684661319e+16,2.578042157441816,2.578042157441816,2.578042157441816,"composition-matched 5 mM Mn-ion inventory; electrical charge-equivalent clock, not chemical conversion; diagnostic scenario only because the source rate did not pass its passive-background reporting gate",False,not_reportable_passive_background_model_rejected,total_negative_electrical_charge_equivalents; 100_percent_delivery_and_utilization; not_electron_specific; not_a_chemical_yield_prediction
5mM_Mn_nitrate_in_water_20kHz,"5 mM Mn nitrate, 20 kHz",5mM_Mn_nitrate_in_water,20.0,3.75,False,2.5,5.0,1.0,7.2024684661319e+16,7.2024684661319e+16,7.2024684661319e+16,2.6128805649748132,2.6128805649748132,2.6128805649748132,"composition-matched 5 mM Mn-ion inventory; electrical charge-equivalent clock, not chemical conversion; diagnostic scenario only because the source rate did not pass its passive-background reporting gate",False,not_reportable_passive_background_model_rejected,total_negative_electrical_charge_equivalents; 100_percent_delivery_and_utilization; not_electron_specific; not_a_chemical_yield_prediction
5mM_Mn_nitrate_in_water_20kHz,"5 mM Mn nitrate, 20 kHz",5mM_Mn_nitrate_in_water,20.0,3.8000000000000003,False,2.5,5.0,1.0,7.2024684661319e+16,7.2024684661319e+16,7.2024684661319e+16,2.6477189725078114,2.6477189725078114,2.6477189725078114,"composition-matched 5 mM Mn-ion inventory; electrical charge-equivalent clock, not chemical conversion; diagnostic scenario only because the source rate did not pass its passive-background reporting gate",False,not_reportable_passive_background_model_rejected,total_negative_electrical_charge_equivalents; 100_percent_delivery_and_utilization; not_electron_specific; not_a_chemical_yield_prediction
5mM_Mn_nitrate_in_water_20kHz,"5 mM Mn nitrate, 20 kHz",5mM_Mn_nitrate_in_water,20.0,3.85,False,2.5,5.0,1.0,7.2024684661319e+16,7.2024684661319e+16,7.2024684661319e+16,2.6825573800408087,2.6825573800408087,2.6825573800408087,"composition-matched 5 mM Mn-ion inventory; electrical charge-equivalent clock, not chemical conversion; diagnostic scenario only because the source rate did not pass its passive-background reporting gate",False,not_reportable_passive_background_model_rejected,total_negative_electrical_charge_equivalents; 100_percent_delivery_and_utilization; not_electron_specific; not_a_chemical_yield_prediction
5mM_Mn_nitrate_in_water_20kHz,"5 mM Mn nitrate, 20 kHz",5mM_Mn_nitrate_in_water,20.0,3.9000000000000004,False,2.5,5.0,1.0,7.2024684661319e+16,7.2024684661319e+16,7.2024684661319e+16,2.7173957875738064,2.7173957875738064,2.7173957875738064,"composition-matched 5 mM Mn-ion inventory; electrical charge-equivalent clock, not chemical conversion; diagnostic scenario only because the source rate did not pass its passive-background reporting gate",False,not_reportable_passive_background_model_rejected,total_negative_electrical_charge_equivalents; 100_percent_delivery_and_utilization; not_electron_specific; not_a_chemical_yield_prediction
5mM_Mn_nitrate_in_water_20kHz,"5 mM Mn nitrate, 20 kHz",5mM_Mn_nitrate_in_water,20.0,3.95,False,2.5,5.0,1.0,7.2024684661319e+16,7.2024684661319e+16,7.2024684661319e+16,2.7522341951068037,2.7522341951068037,2.7522341951068037,"composition-matched 5 mM Mn-ion inventory; electrical charge-equivalent clock, not chemical conversion; diagnostic scenario only because the source rate did not pass its passive-background reporting gate",False,not_reportable_passive_background_model_rejected,total_negative_electrical_charge_equivalents; 100_percent_delivery_and_utilization; not_electron_specific; not_a_chemical_yield_prediction
5mM_Mn_nitrate_in_water_20kHz,"5 mM Mn nitrate, 20 kHz",5mM_Mn_nitrate_in_water,20.0,4.0,False,2.5,5.0,1.0,7.2024684661319e+16,7.2024684661319e+16,7.2024684661319e+16,2.7870726026398014,2.7870726026398014,2.7870726026398014,"composition-matched 5 mM Mn-ion inventory; electrical charge-equivalent clock, not chemical conversion; diagnostic scenario only because the source rate did not pass its passive-background reporting gate",False,not_reportable_passive_background_model_rejected,total_negative_electrical_charge_equivalents; 100_percent_delivery_and_utilization; not_electron_specific; not_a_chemical_yield_prediction
5mM_Mn_nitrate_in_water_20kHz,"5 mM Mn nitrate, 20 kHz",5mM_Mn_nitrate_in_water,20.0,4.05,False,2.5,5.0,1.0,7.2024684661319e+16,7.2024684661319e+16,7.2024684661319e+16,2.8219110101727987,2.8219110101727987,2.8219110101727987,"composition-matched 5 mM Mn-ion inventory; electrical charge-equivalent clock, not chemical conversion; diagnostic scenario only because the source rate did not pass its passive-background reporting gate",False,not_reportable_passive_background_model_rejected,total_negative_electrical_charge_equivalents; 100_percent_delivery_and_utilization; not_electron_specific; not_a_chemical_yield_prediction
5mM_Mn_nitrate_in_water_20kHz,"5 mM Mn nitrate, 20 kHz",5mM_Mn_nitrate_in_water,20.0,4.1000000000000005,False,2.5,5.0,1.0,7.2024684661319e+16,7.2024684661319e+16,7.2024684661319e+16,2.8567494177057964,2.8567494177057964,2.8567494177057964,"composition-matched 5 mM Mn-ion inventory; electrical charge-equivalent clock, not chemical conversion; diagnostic scenario only because the source rate did not pass its passive-background reporting gate",False,not_reportable_passive_background_model_rejected,total_negative_electrical_charge_equivalents; 100_percent_delivery_and_utilization; not_electron_specific; not_a_chemical_yield_prediction
5mM_Mn_nitrate_in_water_20kHz,"5 mM Mn nitrate, 20 kHz",5mM_Mn_nitrate_in_water,20.0,4.15,False,2.5,5.0,1.0,7.2024684661319e+16,7.2024684661319e+16,7.2024684661319e+16,2.891587825238794,2.891587825238794,2.891587825238794,"composition-matched 5 mM Mn-ion inventory; electrical charge-equivalent clock, not chemical conversion; diagnostic scenario only because the source rate did not pass its passive-background reporting gate",False,not_reportable_passive_background_model_rejected,total_negative_electrical_charge_equivalents; 100_percent_delivery_and_utilization; not_electron_specific; not_a_chemical_yield_prediction
5mM_Mn_nitrate_in_water_20kHz,"5 mM Mn nitrate, 20 kHz",5mM_Mn_nitrate_in_water,20.0,4.2,False,2.5,5.0,1.0,7.2024684661319e+16,7.2024684661319e+16,7.2024684661319e+16,2.9264262327717914,2.9264262327717914,2.9264262327717914,"composition-matched 5 mM Mn-ion inventory; electrical charge-equivalent clock, not chemical conversion; diagnostic scenario only because the source rate did not pass its passive-background reporting gate",False,not_reportable_passive_background_model_rejected,total_negative_electrical_charge_equivalents; 100_percent_delivery_and_utilization; not_electron_specific; not_a_chemical_yield_prediction
5mM_Mn_nitrate_in_water_20kHz,"5 mM Mn nitrate, 20 kHz",5mM_Mn_nitrate_in_water,20.0,4.25,False,2.5,5.0,1.0,7.2024684661319e+16,7.2024684661319e+16,7.2024684661319e+16,2.961264640304789,2.961264640304789,2.961264640304789,"composition-matched 5 mM Mn-ion inventory; electrical charge-equivalent clock, not chemical conversion; diagnostic scenario only because the source rate did not pass its passive-background reporting gate",False,not_reportable_passive_background_model_rejected,total_negative_electrical_charge_equivalents; 100_percent_delivery_and_utilization; not_electron_specific; not_a_chemical_yield_prediction
5mM_Mn_nitrate_in_water_20kHz,"5 mM Mn nitrate, 20 kHz",5mM_Mn_nitrate_in_water,20.0,4.3,False,2.5,5.0,1.0,7.2024684661319e+16,7.2024684661319e+16,7.2024684661319e+16,2.9961030478377864,2.9961030478377864,2.9961030478377864,"composition-matched 5 mM Mn-ion inventory; electrical charge-equivalent clock, not chemical conversion; diagnostic scenario only because the source rate did not pass its passive-background reporting gate",False,not_reportable_passive_background_model_rejected,total_negative_electrical_charge_equivalents; 100_percent_delivery_and_utilization; not_electron_specific; not_a_chemical_yield_prediction
5mM_Mn_nitrate_in_water_20kHz,"5 mM Mn nitrate, 20 kHz",5mM_Mn_nitrate_in_water,20.0,4.3500000000000005,False,2.5,5.0,1.0,7.2024684661319e+16,7.2024684661319e+16,7.2024684661319e+16,3.030941455370784,3.030941455370784,3.030941455370784,"composition-matched 5 mM Mn-ion inventory; electrical charge-equivalent clock, not chemical conversion; diagnostic scenario only because the source rate did not pass its passive-background reporting gate",False,not_reportable_passive_background_model_rejected,total_negative_electrical_charge_equivalents; 100_percent_delivery_and_utilization; not_electron_specific; not_a_chemical_yield_prediction
5mM_Mn_nitrate_in_water_20kHz,"5 mM Mn nitrate, 20 kHz",5mM_Mn_nitrate_in_water,20.0,4.4,False,2.5,5.0,1.0,7.2024684661319e+16,7.2024684661319e+16,7.2024684661319e+16,3.0657798629037813,3.0657798629037813,3.0657798629037813,"composition-matched 5 mM Mn-ion inventory; electrical charge-equivalent clock, not chemical conversion; diagnostic scenario only because the source rate did not pass its passive-background reporting gate",False,not_reportable_passive_background_model_rejected,total_negative_electrical_charge_equivalents; 100_percent_delivery_and_utilization; not_electron_specific; not_a_chemical_yield_prediction
5mM_Mn_nitrate_in_water_20kHz,"5 mM Mn nitrate, 20 kHz",5mM_Mn_nitrate_in_water,20.0,4.45,False,2.5,5.0,1.0,7.2024684661319e+16,7.2024684661319e+16,7.2024684661319e+16,3.1006182704367786,3.1006182704367786,3.1006182704367786,"composition-matched 5 mM Mn-ion inventory; electrical charge-equivalent clock, not chemical conversion; diagnostic scenario only because the source rate did not pass its passive-background reporting gate",False,not_reportable_passive_background_model_rejected,total_negative_electrical_charge_equivalents; 100_percent_delivery_and_utilization; not_electron_specific; not_a_chemical_yield_prediction
5mM_Mn_nitrate_in_water_20kHz,"5 mM Mn nitrate, 20 kHz",5mM_Mn_nitrate_in_water,20.0,4.5,False,2.5,5.0,1.0,7.2024684661319e+16,7.2024684661319e+16,7.2024684661319e+16,3.1354566779697763,3.1354566779697763,3.1354566779697763,"composition-matched 5 mM Mn-ion inventory; electrical charge-equivalent clock, not chemical conversion; diagnostic scenario only because the source rate did not pass its passive-background reporting gate",False,not_reportable_passive_background_model_rejected,total_negative_electrical_charge_equivalents; 100_percent_delivery_and_utilization; not_electron_specific; not_a_chemical_yield_prediction
5mM_Mn_nitrate_in_water_20kHz,"5 mM Mn nitrate, 20 kHz",5mM_Mn_nitrate_in_water,20.0,4.55,False,2.5,5.0,1.0,7.2024684661319e+16,7.2024684661319e+16,7.2024684661319e+16,3.1702950855027736,3.1702950855027736,3.1702950855027736,"composition-matched 5 mM Mn-ion inventory; electrical charge-equivalent clock, not chemical conversion; diagnostic scenario only because the source rate did not pass its passive-background reporting gate",False,not_reportable_passive_background_model_rejected,total_negative_electrical_charge_equivalents; 100_percent_delivery_and_utilization; not_electron_specific; not_a_chemical_yield_prediction
5mM_Mn_nitrate_in_water_20kHz,"5 mM Mn nitrate, 20 kHz",5mM_Mn_nitrate_in_water,20.0,4.6000000000000005,False,2.5,5.0,1.0,7.2024684661319e+16,7.2024684661319e+16,7.2024684661319e+16,3.2051334930357718,3.2051334930357718,3.2051334930357718,"composition-matched 5 mM Mn-ion inventory; electrical charge-equivalent clock, not chemical conversion; diagnostic scenario only because the source rate did not pass its passive-background reporting gate",False,not_reportable_passive_background_model_rejected,total_negative_electrical_charge_equivalents; 100_percent_delivery_and_utilization; not_electron_specific; not_a_chemical_yield_prediction
5mM_Mn_nitrate_in_water_20kHz,"5 mM Mn nitrate, 20 kHz",5mM_Mn_nitrate_in_water,20.0,4.65,False,2.5,5.0,1.0,7.2024684661319e+16,7.2024684661319e+16,7.2024684661319e+16,3.239971900568769,3.239971900568769,3.239971900568769,"composition-matched 5 mM Mn-ion inventory; electrical charge-equivalent clock, not chemical conversion; diagnostic scenario only because the source rate did not pass its passive-background reporting gate",False,not_reportable_passive_background_model_rejected,total_negative_electrical_charge_equivalents; 100_percent_delivery_and_utilization; not_electron_specific; not_a_chemical_yield_prediction
5mM_Mn_nitrate_in_water_20kHz,"5 mM Mn nitrate, 20 kHz",5mM_Mn_nitrate_in_water,20.0,4.7,False,2.5,5.0,1.0,7.2024684661319e+16,7.2024684661319e+16,7.2024684661319e+16,3.2748103081017668,3.2748103081017668,3.2748103081017668,"composition-matched 5 mM Mn-ion inventory; electrical charge-equivalent clock, not chemical conversion; diagnostic scenario only because the source rate did not pass its passive-background reporting gate",False,not_reportable_passive_background_model_rejected,total_negative_electrical_charge_equivalents; 100_percent_delivery_and_utilization; not_electron_specific; not_a_chemical_yield_prediction
5mM_Mn_nitrate_in_water_20kHz,"5 mM Mn nitrate, 20 kHz",5mM_Mn_nitrate_in_water,20.0,4.75,False,2.5,5.0,1.0,7.2024684661319e+16,7.2024684661319e+16,7.2024684661319e+16,3.309648715634764,3.309648715634764,3.309648715634764,"composition-matched 5 mM Mn-ion inventory; electrical charge-equivalent clock, not chemical conversion; diagnostic scenario only because the source rate did not pass its passive-background reporting gate",False,not_reportable_passive_background_model_rejected,total_negative_electrical_charge_equivalents; 100_percent_delivery_and_utilization; not_electron_specific; not_a_chemical_yield_prediction
5mM_Mn_nitrate_in_water_20kHz,"5 mM Mn nitrate, 20 kHz",5mM_Mn_nitrate_in_water,20.0,4.800000000000001,False,2.5,5.0,1.0,7.2024684661319e+16,7.2024684661319e+16,7.2024684661319e+16,3.3444871231677618,3.3444871231677618,3.3444871231677618,"composition-matched 5 mM Mn-ion inventory; electrical charge-equivalent clock, not chemical conversion; diagnostic scenario only because the source rate did not pass its passive-background reporting gate",False,not_reportable_passive_background_model_rejected,total_negative_electrical_charge_equivalents; 100_percent_delivery_and_utilization; not_electron_specific; not_a_chemical_yield_prediction
5mM_Mn_nitrate_in_water_20kHz,"5 mM Mn nitrate, 20 kHz",5mM_Mn_nitrate_in_water,20.0,4.8500000000000005,False,2.5,5.0,1.0,7.2024684661319e+16,7.2024684661319e+16,7.2024684661319e+16,3.379325530700759,3.379325530700759,3.379325530700759,"composition-matched 5 mM Mn-ion inventory; electrical charge-equivalent clock, not chemical conversion; diagnostic scenario only because the source rate did not pass its passive-background reporting gate",False,not_reportable_passive_background_model_rejected,total_negative_electrical_charge_equivalents; 100_percent_delivery_and_utilization; not_electron_specific; not_a_chemical_yield_prediction
5mM_Mn_nitrate_in_water_20kHz,"5 mM Mn nitrate, 20 kHz",5mM_Mn_nitrate_in_water,20.0,4.9,False,2.5,5.0,1.0,7.2024684661319e+16,7.2024684661319e+16,7.2024684661319e+16,3.4141639382337563,3.4141639382337563,3.4141639382337563,"composition-matched 5 mM Mn-ion inventory; electrical charge-equivalent clock, not chemical conversion; diagnostic scenario only because the source rate did not pass its passive-background reporting gate",False,not_reportable_passive_background_model_rejected,total_negative_electrical_charge_equivalents; 100_percent_delivery_and_utilization; not_electron_specific; not_a_chemical_yield_prediction
5mM_Mn_nitrate_in_water_20kHz,"5 mM Mn nitrate, 20 kHz",5mM_Mn_nitrate_in_water,20.0,4.95,False,2.5,5.0,1.0,7.2024684661319e+16,7.2024684661319e+16,7.2024684661319e+16,3.449002345766754,3.449002345766754,3.449002345766754,"composition-matched 5 mM Mn-ion inventory; electrical charge-equivalent clock, not chemical conversion; diagnostic scenario only because the source rate did not pass its passive-background reporting gate",False,not_reportable_passive_background_model_rejected,total_negative_electrical_charge_equivalents; 100_percent_delivery_and_utilization; not_electron_specific; not_a_chemical_yield_prediction
5mM_Mn_nitrate_in_water_20kHz,"5 mM Mn nitrate, 20 kHz",5mM_Mn_nitrate_in_water,20.0,5.0,False,2.5,5.0,1.0,7.2024684661319e+16,7.2024684661319e+16,7.2024684661319e+16,3.4838407532997513,3.4838407532997513,3.4838407532997513,"composition-matched 5 mM Mn-ion inventory; electrical charge-equivalent clock, not chemical conversion; diagnostic scenario only because the source rate did not pass its passive-background reporting gate",False,not_reportable_passive_background_model_rejected,total_negative_electrical_charge_equivalents; 100_percent_delivery_and_utilization; not_electron_specific; not_a_chemical_yield_prediction
