condition,condition_label,material,burst_kHz,polarity,bin_index,bin_left,bin_right,source_x_key,source_y_key,x_median,x_ci_low,x_ci_high,estimate,ci_low,ci_high,n_captures,n_observations,within_capture_statistic,across_capture_statistic,uncertainty,midpoint_s,model_dependent_charge_nC,model_dependent_charge_nC_ci_low,model_dependent_charge_nC_ci_high
argon_only_4kHz,"Argon / no liquid, 4 kHz",argon_only,4.0,negative,0,0.00015877719730235902,0.0009521928319715143,midpoint_s,model_dependent_charge_nC,0.0005469093293432859,0.0005469093293432859,0.0005469093293432859,-74.08664311903446,-74.08664311903446,-74.08664311903446,2,8,median,median,95_percent_circular_moving_block_bootstrap_over_captures,0.0005469093293432859,-74.08664311903446,-74.08664311903446,-74.08664311903446
argon_only_4kHz,"Argon / no liquid, 4 kHz",argon_only,4.0,negative,1,0.0009521928319715143,0.0017456084666406695,midpoint_s,model_dependent_charge_nC,0.0014218099733223617,0.0014218099733223617,0.0014218099733223617,-72.95765364089094,-72.95765364089094,-72.95765364089094,2,6,median,median,95_percent_circular_moving_block_bootstrap_over_captures,0.0014218099733223617,-72.95765364089094,-72.95765364089094,-72.95765364089094
argon_only_4kHz,"Argon / no liquid, 4 kHz",argon_only,4.0,negative,2,0.0017456084666406695,0.0025390241013098246,midpoint_s,model_dependent_charge_nC,0.002171717510963552,0.002171717510963552,0.002171717510963552,-79.101391576751,-79.101391576751,-79.101391576751,2,6,median,median,95_percent_circular_moving_block_bootstrap_over_captures,0.002171717510963552,-79.101391576751,-79.101391576751,-79.101391576751
argon_only_4kHz,"Argon / no liquid, 4 kHz",argon_only,4.0,negative,3,0.0025390241013098246,0.00333243973597898,midpoint_s,model_dependent_charge_nC,0.002921623113941035,0.002921623113941035,0.002921623113941035,-89.33864554095283,-89.33864554095283,-89.33864554095283,2,6,median,median,95_percent_circular_moving_block_bootstrap_over_captures,0.002921623113941035,-89.33864554095283,-89.33864554095283,-89.33864554095283
argon_only_4kHz,"Argon / no liquid, 4 kHz",argon_only,4.0,negative,4,0.00333243973597898,0.004125855370648135,midpoint_s,model_dependent_charge_nC,0.0036715496594982543,0.0036715496594982543,0.0036715496594982543,-79.55922529559776,-79.55922529559776,-79.55922529559776,2,6,median,median,95_percent_circular_moving_block_bootstrap_over_captures,0.0036715496594982543,-79.55922529559776,-79.55922529559776,-79.55922529559776
argon_only_4kHz,"Argon / no liquid, 4 kHz",argon_only,4.0,negative,5,0.004125855370648135,0.00491927100531729,midpoint_s,model_dependent_charge_nC,0.00448396084266519,0.00448396084266519,0.00448396084266519,-74.28888776186065,-74.28888776186065,-74.28888776186065,2,7,median,median,95_percent_circular_moving_block_bootstrap_over_captures,0.00448396084266519,-74.28888776186065,-74.28888776186065,-74.28888776186065
argon_only_4kHz,"Argon / no liquid, 4 kHz",argon_only,4.0,negative,6,0.00491927100531729,0.005712686639986446,midpoint_s,model_dependent_charge_nC,0.005358857319821442,0.005358857319821442,0.005358857319821442,-76.71456648814964,-76.71456648814964,-76.71456648814964,2,7,median,median,95_percent_circular_moving_block_bootstrap_over_captures,0.005358857319821442,-76.71456648814964,-76.71456648814964,-76.71456648814964
argon_only_4kHz,"Argon / no liquid, 4 kHz",argon_only,4.0,negative,7,0.005712686639986446,0.006506102274655601,midpoint_s,model_dependent_charge_nC,0.006171273611624766,0.006171273611624766,0.006171273611624766,-72.19712599824189,-72.19712599824189,-72.19712599824189,2,6,median,median,95_percent_circular_moving_block_bootstrap_over_captures,0.006171273611624766,-72.19712599824189,-72.19712599824189,-72.19712599824189
argon_only_4kHz,"Argon / no liquid, 4 kHz",argon_only,4.0,negative,8,0.006506102274655601,0.007299517909324756,midpoint_s,model_dependent_charge_nC,0.006921179820052102,0.006921179820052102,0.006921179820052102,-84.41620047356795,-84.41620047356795,-84.41620047356795,2,6,median,median,95_percent_circular_moving_block_bootstrap_over_captures,0.006921179820052102,-84.41620047356795,-84.41620047356795,-84.41620047356795
argon_only_4kHz,"Argon / no liquid, 4 kHz",argon_only,4.0,negative,9,0.007299517909324756,0.00809293354399391,midpoint_s,model_dependent_charge_nC,0.00767108543627607,0.00767108543627607,0.00767108543627607,-83.71546818818805,-83.71546818818805,-83.71546818818805,2,6,median,median,95_percent_circular_moving_block_bootstrap_over_captures,0.00767108543627607,-83.71546818818805,-83.71546818818805,-83.71546818818805
argon_only_4kHz,"Argon / no liquid, 4 kHz",argon_only,4.0,negative,10,0.00809293354399391,0.008886349178663067,midpoint_s,model_dependent_charge_nC,0.00842101724256601,0.00842101724256601,0.00842101724256601,-74.33568284510244,-74.33568284510244,-74.33568284510244,2,6,median,median,95_percent_circular_moving_block_bootstrap_over_captures,0.00842101724256601,-74.33568284510244,-74.33568284510244,-74.33568284510244
argon_only_4kHz,"Argon / no liquid, 4 kHz",argon_only,4.0,negative,11,0.008886349178663067,0.009679764813332221,midpoint_s,model_dependent_charge_nC,0.009295911799854964,0.009295911799854964,0.009295911799854964,-70.16998514015111,-70.16998514015111,-70.16998514015111,2,8,median,median,95_percent_circular_moving_block_bootstrap_over_captures,0.009295911799854964,-70.16998514015111,-70.16998514015111,-70.16998514015111
argon_only_4kHz,"Argon / no liquid, 4 kHz",argon_only,4.0,positive,0,0.00015877719730235902,0.0009521928319715143,midpoint_s,model_dependent_charge_nC,0.0005426126123515833,0.0005426126123515833,0.0005426126123515833,11.27629126067319,11.27629126067319,11.27629126067319,2,8,median,median,95_percent_circular_moving_block_bootstrap_over_captures,0.0005426126123515833,11.27629126067319,11.27629126067319,11.27629126067319
argon_only_4kHz,"Argon / no liquid, 4 kHz",argon_only,4.0,positive,1,0.0009521928319715143,0.0017456084666406695,midpoint_s,model_dependent_charge_nC,0.0014175500441694112,0.0014175500441694112,0.0014175500441694112,12.996187035469184,12.996187035469184,12.996187035469184,2,6,median,median,95_percent_circular_moving_block_bootstrap_over_captures,0.0014175500441694112,12.996187035469184,12.996187035469184,12.996187035469184
argon_only_4kHz,"Argon / no liquid, 4 kHz",argon_only,4.0,positive,2,0.0017456084666406695,0.0025390241013098246,midpoint_s,model_dependent_charge_nC,0.0021673691204271523,0.0021673691204271523,0.0021673691204271523,17.397410139221215,17.397410139221215,17.397410139221215,2,6,median,median,95_percent_circular_moving_block_bootstrap_over_captures,0.0021673691204271523,17.397410139221215,17.397410139221215,17.397410139221215
argon_only_4kHz,"Argon / no liquid, 4 kHz",argon_only,4.0,positive,3,0.0025390241013098246,0.00333243973597898,midpoint_s,model_dependent_charge_nC,0.002917397282742796,0.002917397282742796,0.002917397282742796,-4.150878375025513,-4.150878375025513,-4.150878375025513,2,6,median,median,95_percent_circular_moving_block_bootstrap_over_captures,0.002917397282742796,-4.150878375025513,-4.150878375025513,-4.150878375025513
argon_only_4kHz,"Argon / no liquid, 4 kHz",argon_only,4.0,positive,4,0.00333243973597898,0.004125855370648135,midpoint_s,model_dependent_charge_nC,0.003667241945474909,0.003667241945474909,0.003667241945474909,14.46751987541623,14.46751987541623,14.46751987541623,2,6,median,median,95_percent_circular_moving_block_bootstrap_over_captures,0.003667241945474909,14.46751987541623,14.46751987541623,14.46751987541623
argon_only_4kHz,"Argon / no liquid, 4 kHz",argon_only,4.0,positive,5,0.004125855370648135,0.00491927100531729,midpoint_s,model_dependent_charge_nC,0.004479737146500161,0.004479737146500161,0.004479737146500161,15.913856127686515,15.913856127686515,15.913856127686515,2,7,median,median,95_percent_circular_moving_block_bootstrap_over_captures,0.004479737146500161,15.913856127686515,15.913856127686515,15.913856127686515
argon_only_4kHz,"Argon / no liquid, 4 kHz",argon_only,4.0,positive,6,0.00491927100531729,0.005712686639986446,midpoint_s,model_dependent_charge_nC,0.005354612734273653,0.005354612734273653,0.005354612734273653,4.773036669567826,4.773036669567826,4.773036669567826,2,7,median,median,95_percent_circular_moving_block_bootstrap_over_captures,0.005354612734273653,4.773036669567826,4.773036669567826,4.773036669567826
argon_only_4kHz,"Argon / no liquid, 4 kHz",argon_only,4.0,positive,7,0.005712686639986446,0.006506102274655601,midpoint_s,model_dependent_charge_nC,0.006166994887018527,0.006166994887018527,0.006166994887018527,14.349373557183014,14.349373557183014,14.349373557183014,2,6,median,median,95_percent_circular_moving_block_bootstrap_over_captures,0.006166994887018527,14.349373557183014,14.349373557183014,14.349373557183014
argon_only_4kHz,"Argon / no liquid, 4 kHz",argon_only,4.0,positive,8,0.006506102274655601,0.007299517909324756,midpoint_s,model_dependent_charge_nC,0.006916879656449289,0.006916879656449289,0.006916879656449289,-0.28435842833972913,-0.28435842833972913,-0.28435842833972913,2,6,median,median,95_percent_circular_moving_block_bootstrap_over_captures,0.006916879656449289,-0.28435842833972913,-0.28435842833972913,-0.28435842833972913
argon_only_4kHz,"Argon / no liquid, 4 kHz",argon_only,4.0,positive,9,0.007299517909324756,0.00809293354399391,midpoint_s,model_dependent_charge_nC,0.007666837934825472,0.007666837934825472,0.007666837934825472,9.939678654616209,9.939678654616209,9.939678654616209,2,6,median,median,95_percent_circular_moving_block_bootstrap_over_captures,0.007666837934825472,9.939678654616209,9.939678654616209,9.939678654616209
argon_only_4kHz,"Argon / no liquid, 4 kHz",argon_only,4.0,positive,10,0.00809293354399391,0.008886349178663067,midpoint_s,model_dependent_charge_nC,0.008416713533497888,0.008416713533497888,0.008416713533497888,9.038898364059811,9.038898364059811,9.038898364059811,2,6,median,median,95_percent_circular_moving_block_bootstrap_over_captures,0.008416713533497888,9.038898364059811,9.038898364059811,9.038898364059811
argon_only_4kHz,"Argon / no liquid, 4 kHz",argon_only,4.0,positive,11,0.008886349178663067,0.009679764813332221,midpoint_s,model_dependent_charge_nC,0.009291621549734598,0.009291621549734598,0.009291621549734598,9.510440859514805,9.510440859514805,9.510440859514805,2,8,median,median,95_percent_circular_moving_block_bootstrap_over_captures,0.009291621549734598,9.510440859514805,9.510440859514805,9.510440859514805
argon_only_10kHz,"Argon / no liquid, 10 kHz",argon_only,10.0,negative,0,4.229416118495932e-05,0.0008625758127110996,midpoint_s,model_dependent_charge_nC,0.0004412368609267822,0.0004412368609267822,0.0004412368609267822,-112.5476220018661,-112.5476220018661,-112.5476220018661,2,17,median,median,95_percent_circular_moving_block_bootstrap_over_captures,0.0004412368609267822,-112.5476220018661,-112.5476220018661,-112.5476220018661
argon_only_10kHz,"Argon / no liquid, 10 kHz",argon_only,10.0,negative,1,0.0008625758127110996,0.0016828574642372399,midpoint_s,model_dependent_charge_nC,0.0012661335585942295,0.0012661335585942295,0.0012661335585942295,-111.5855673823136,-111.5855673823136,-111.5855673823136,2,16,median,median,95_percent_circular_moving_block_bootstrap_over_captures,0.0012661335585942295,-111.5855673823136,-111.5855673823136,-111.5855673823136
argon_only_10kHz,"Argon / no liquid, 10 kHz",argon_only,10.0,negative,2,0.0016828574642372399,0.0025031391157633804,midpoint_s,model_dependent_charge_nC,0.002091039414518037,0.002091039414518037,0.002091039414518037,-111.63007508001361,-111.63007508001361,-111.63007508001361,2,17,median,median,95_percent_circular_moving_block_bootstrap_over_captures,0.002091039414518037,-111.63007508001361,-111.63007508001361,-111.63007508001361
argon_only_10kHz,"Argon / no liquid, 10 kHz",argon_only,10.0,negative,3,0.0025031391157633804,0.0033234207672895207,midpoint_s,model_dependent_charge_nC,0.0029159490173805203,0.0029159490173805203,0.0029159490173805203,-113.6226870081501,-113.6226870081501,-113.6226870081501,2,16,median,median,95_percent_circular_moving_block_bootstrap_over_captures,0.0029159490173805203,-113.6226870081501,-113.6226870081501,-113.6226870081501
argon_only_10kHz,"Argon / no liquid, 10 kHz",argon_only,10.0,negative,4,0.0033234207672895207,0.004143702418815661,midpoint_s,model_dependent_charge_nC,0.003715851003801173,0.003715851003801173,0.003715851003801173,-113.19520193066434,-113.19520193066434,-113.19520193066434,2,16,median,median,95_percent_circular_moving_block_bootstrap_over_captures,0.003715851003801173,-113.19520193066434,-113.19520193066434,-113.19520193066434
argon_only_10kHz,"Argon / no liquid, 10 kHz",argon_only,10.0,negative,5,0.004143702418815661,0.004963984070341801,midpoint_s,model_dependent_charge_nC,0.004540762451163027,0.004540762451163027,0.004540762451163027,-113.38299103841901,-113.38299103841901,-113.38299103841901,2,17,median,median,95_percent_circular_moving_block_bootstrap_over_captures,0.004540762451163027,-113.38299103841901,-113.38299103841901,-113.38299103841901
argon_only_10kHz,"Argon / no liquid, 10 kHz",argon_only,10.0,negative,6,0.004963984070341801,0.0057842657218679415,midpoint_s,model_dependent_charge_nC,0.005365679865947399,0.005365679865947399,0.005365679865947399,-113.95472149178345,-113.95472149178345,-113.95472149178345,2,16,median,median,95_percent_circular_moving_block_bootstrap_over_captures,0.005365679865947399,-113.95472149178345,-113.95472149178345,-113.95472149178345
argon_only_10kHz,"Argon / no liquid, 10 kHz",argon_only,10.0,negative,7,0.0057842657218679415,0.006604547373394082,midpoint_s,model_dependent_charge_nC,0.006190582059725747,0.006190582059725747,0.006190582059725747,-115.37031082968002,-115.37031082968002,-115.37031082968002,2,17,median,median,95_percent_circular_moving_block_bootstrap_over_captures,0.006190582059725747,-115.37031082968002,-115.37031082968002,-115.37031082968002
argon_only_10kHz,"Argon / no liquid, 10 kHz",argon_only,10.0,negative,8,0.006604547373394082,0.007424829024920222,midpoint_s,model_dependent_charge_nC,0.007015470708500042,0.007015470708500042,0.007015470708500042,-104.93182946549453,-104.93182946549453,-104.93182946549453,2,16,median,median,95_percent_circular_moving_block_bootstrap_over_captures,0.007015470708500042,-104.93182946549453,-104.93182946549453,-104.93182946549453
argon_only_10kHz,"Argon / no liquid, 10 kHz",argon_only,10.0,negative,9,0.007424829024920222,0.008245110676446362,midpoint_s,model_dependent_charge_nC,0.00784037337342643,0.00784037337342643,0.00784037337342643,-111.80635629753343,-111.80635629753343,-111.80635629753343,2,17,median,median,95_percent_circular_moving_block_bootstrap_over_captures,0.00784037337342643,-111.80635629753343,-111.80635629753343,-111.80635629753343
argon_only_10kHz,"Argon / no liquid, 10 kHz",argon_only,10.0,negative,10,0.008245110676446362,0.009065392327972502,midpoint_s,model_dependent_charge_nC,0.008665283093484844,0.008665283093484844,0.008665283093484844,-114.93141472170623,-114.93141472170623,-114.93141472170623,2,16,median,median,95_percent_circular_moving_block_bootstrap_over_captures,0.008665283093484844,-114.93141472170623,-114.93141472170623,-114.93141472170623
argon_only_10kHz,"Argon / no liquid, 10 kHz",argon_only,10.0,negative,11,0.009065392327972502,0.009885673979498643,midpoint_s,model_dependent_charge_nC,0.00949018635875774,0.00949018635875774,0.00949018635875774,-112.41942912170926,-112.41942912170926,-112.41942912170926,2,17,median,median,95_percent_circular_moving_block_bootstrap_over_captures,0.00949018635875774,-112.41942912170926,-112.41942912170926,-112.41942912170926
argon_only_10kHz,"Argon / no liquid, 10 kHz",argon_only,10.0,positive,0,4.229416118495932e-05,0.0008625758127110996,midpoint_s,model_dependent_charge_nC,0.00043777207439574055,0.00043777207439574055,0.00043777207439574055,-30.62313319476391,-30.62313319476391,-30.62313319476391,2,17,median,median,95_percent_circular_moving_block_bootstrap_over_captures,0.00043777207439574055,-30.62313319476391,-30.62313319476391,-30.62313319476391
argon_only_10kHz,"Argon / no liquid, 10 kHz",argon_only,10.0,positive,1,0.0008625758127110996,0.0016828574642372399,midpoint_s,model_dependent_charge_nC,0.0012626782318836403,0.0012626782318836403,0.0012626782318836403,-27.93042661370849,-27.93042661370849,-27.93042661370849,2,16,median,median,95_percent_circular_moving_block_bootstrap_over_captures,0.0012626782318836403,-27.93042661370849,-27.93042661370849,-27.93042661370849
argon_only_10kHz,"Argon / no liquid, 10 kHz",argon_only,10.0,positive,2,0.0016828574642372399,0.0025031391157633804,midpoint_s,model_dependent_charge_nC,0.0020875896158009857,0.0020875896158009857,0.0020875896158009857,-33.97398022383592,-33.97398022383592,-33.97398022383592,2,17,median,median,95_percent_circular_moving_block_bootstrap_over_captures,0.0020875896158009857,-33.97398022383592,-33.97398022383592,-33.97398022383592
argon_only_10kHz,"Argon / no liquid, 10 kHz",argon_only,10.0,positive,3,0.0025031391157633804,0.0033234207672895207,midpoint_s,model_dependent_charge_nC,0.002912495882695787,0.002912495882695787,0.002912495882695787,-33.614709111189896,-33.614709111189896,-33.614709111189896,2,16,median,median,95_percent_circular_moving_block_bootstrap_over_captures,0.002912495882695787,-33.614709111189896,-33.614709111189896,-33.614709111189896
argon_only_10kHz,"Argon / no liquid, 10 kHz",argon_only,10.0,positive,4,0.0033234207672895207,0.004143702418815661,midpoint_s,model_dependent_charge_nC,0.003737392585358326,0.003737392585358326,0.003737392585358326,-27.88379962065702,-27.88379962065702,-27.88379962065702,2,17,median,median,95_percent_circular_moving_block_bootstrap_over_captures,0.003737392585358326,-27.88379962065702,-27.88379962065702,-27.88379962065702
argon_only_10kHz,"Argon / no liquid, 10 kHz",argon_only,10.0,positive,5,0.004143702418815661,0.004963984070341801,midpoint_s,model_dependent_charge_nC,0.004562305224156372,0.004562305224156372,0.004562305224156372,-30.061239527984316,-30.061239527984316,-30.061239527984316,2,16,median,median,95_percent_circular_moving_block_bootstrap_over_captures,0.004562305224156372,-30.061239527984316,-30.061239527984316,-30.061239527984316
argon_only_10kHz,"Argon / no liquid, 10 kHz",argon_only,10.0,positive,6,0.004963984070341801,0.0057842657218679415,midpoint_s,model_dependent_charge_nC,0.005387211635491874,0.005387211635491874,0.005387211635491874,-31.21027654234717,-31.21027654234717,-31.21027654234717,2,17,median,median,95_percent_circular_moving_block_bootstrap_over_captures,0.005387211635491874,-31.21027654234717,-31.21027654234717,-31.21027654234717
argon_only_10kHz,"Argon / no liquid, 10 kHz",argon_only,10.0,positive,7,0.0057842657218679415,0.006604547373394082,midpoint_s,model_dependent_charge_nC,0.006212124681604084,0.006212124681604084,0.006212124681604084,-36.282978694530975,-36.282978694530975,-36.282978694530975,2,16,median,median,95_percent_circular_moving_block_bootstrap_over_captures,0.006212124681604084,-36.282978694530975,-36.282978694530975,-36.282978694530975
argon_only_10kHz,"Argon / no liquid, 10 kHz",argon_only,10.0,positive,8,0.006604547373394082,0.007424829024920222,midpoint_s,model_dependent_charge_nC,0.007012016355281485,0.007012016355281485,0.007012016355281485,-28.446967720422663,-28.446967720422663,-28.446967720422663,2,16,median,median,95_percent_circular_moving_block_bootstrap_over_captures,0.007012016355281485,-28.446967720422663,-28.446967720422663,-28.446967720422663
argon_only_10kHz,"Argon / no liquid, 10 kHz",argon_only,10.0,positive,9,0.007424829024920222,0.008245110676446362,midpoint_s,model_dependent_charge_nC,0.007836917963881803,0.007836917963881803,0.007836917963881803,-31.592601217534664,-31.592601217534664,-31.592601217534664,2,17,median,median,95_percent_circular_moving_block_bootstrap_over_captures,0.007836917963881803,-31.592601217534664,-31.592601217534664,-31.592601217534664
argon_only_10kHz,"Argon / no liquid, 10 kHz",argon_only,10.0,positive,10,0.008245110676446362,0.009065392327972502,midpoint_s,model_dependent_charge_nC,0.008661833411256488,0.008661833411256488,0.008661833411256488,-31.597587131010265,-31.597587131010265,-31.597587131010265,2,16,median,median,95_percent_circular_moving_block_bootstrap_over_captures,0.008661833411256488,-31.597587131010265,-31.597587131010265,-31.597587131010265
argon_only_10kHz,"Argon / no liquid, 10 kHz",argon_only,10.0,positive,11,0.009065392327972502,0.009885673979498643,midpoint_s,model_dependent_charge_nC,0.009486732357401243,0.009486732357401243,0.009486732357401243,-28.70663576902266,-28.70663576902266,-28.70663576902266,2,17,median,median,95_percent_circular_moving_block_bootstrap_over_captures,0.009486732357401243,-28.70663576902266,-28.70663576902266,-28.70663576902266
argon_only_20kHz,"Argon / no liquid, 20 kHz",argon_only,20.0,negative,0,3.449031593287986e-05,0.000859805460837944,midpoint_s,model_dependent_charge_nC,0.0004360934400203949,0.0004360934400203949,0.0004360934400203949,401.6877051538528,401.6877051538528,401.6877051538528,2,33,median,median,95_percent_circular_moving_block_bootstrap_over_captures,0.0004360934400203949,401.6877051538528,401.6877051538528,401.6877051538528
argon_only_20kHz,"Argon / no liquid, 20 kHz",argon_only,20.0,negative,1,0.000859805460837944,0.001685120605743008,midpoint_s,model_dependent_charge_nC,0.0012734864388563945,0.0012734864388563945,0.0012734864388563945,402.01532682903,402.01532682903,402.01532682903,2,34,median,median,95_percent_circular_moving_block_bootstrap_over_captures,0.0012734864388563945,402.01532682903,402.01532682903,402.01532682903
argon_only_20kHz,"Argon / no liquid, 20 kHz",argon_only,20.0,negative,2,0.001685120605743008,0.0025104357506480724,midpoint_s,model_dependent_charge_nC,0.002098396617320083,0.002098396617320083,0.002098396617320083,400.20911367644976,400.20911367644976,400.20911367644976,2,32,median,median,95_percent_circular_moving_block_bootstrap_over_captures,0.002098396617320083,400.20911367644976,400.20911367644976,400.20911367644976
argon_only_20kHz,"Argon / no liquid, 20 kHz",argon_only,20.0,negative,3,0.0025104357506480724,0.0033357508955531366,midpoint_s,model_dependent_charge_nC,0.002923309185837386,0.002923309185837386,0.002923309185837386,400.9584131600624,400.9584131600624,400.9584131600624,2,34,median,median,95_percent_circular_moving_block_bootstrap_over_captures,0.002923309185837386,400.9584131600624,400.9584131600624,400.9584131600624
argon_only_20kHz,"Argon / no liquid, 20 kHz",argon_only,20.0,negative,4,0.0033357508955531366,0.0041610660404582,midpoint_s,model_dependent_charge_nC,0.0037482157174602787,0.0037482157174602787,0.0037482157174602787,398.9359681469402,398.9359681469402,398.9359681469402,2,32,median,median,95_percent_circular_moving_block_bootstrap_over_captures,0.0037482157174602787,398.9359681469402,398.9359681469402,398.9359681469402
argon_only_20kHz,"Argon / no liquid, 20 kHz",argon_only,20.0,negative,5,0.0041610660404582,0.0049863811853632645,midpoint_s,model_dependent_charge_nC,0.004573126739866732,0.004573126739866732,0.004573126739866732,401.5741048323032,401.5741048323032,401.5741048323032,2,34,median,median,95_percent_circular_moving_block_bootstrap_over_captures,0.004573126739866732,401.5741048323032,401.5741048323032,401.5741048323032
argon_only_20kHz,"Argon / no liquid, 20 kHz",argon_only,20.0,negative,6,0.0049863811853632645,0.005811696330268329,midpoint_s,model_dependent_charge_nC,0.005398019602760236,0.005398019602760236,0.005398019602760236,402.7284013150216,402.7284013150216,402.7284013150216,2,32,median,median,95_percent_circular_moving_block_bootstrap_over_captures,0.005398019602760236,402.7284013150216,402.7284013150216,402.7284013150216
argon_only_20kHz,"Argon / no liquid, 20 kHz",argon_only,20.0,negative,7,0.005811696330268329,0.006637011475173393,midpoint_s,model_dependent_charge_nC,0.0062229363285841435,0.0062229363285841435,0.0062229363285841435,400.4516236920855,400.4516236920855,400.4516236920855,2,34,median,median,95_percent_circular_moving_block_bootstrap_over_captures,0.0062229363285841435,400.4516236920855,400.4516236920855,400.4516236920855
argon_only_20kHz,"Argon / no liquid, 20 kHz",argon_only,20.0,negative,8,0.006637011475173393,0.0074623266200784565,midpoint_s,model_dependent_charge_nC,0.007060339588164053,0.007060339588164053,0.007060339588164053,400.8423248653485,400.8423248653485,400.8423248653485,2,33,median,median,95_percent_circular_moving_block_bootstrap_over_captures,0.007060339588164053,400.8423248653485,400.8423248653485,400.8423248653485
argon_only_20kHz,"Argon / no liquid, 20 kHz",argon_only,20.0,negative,9,0.0074623266200784565,0.008287641764983521,midpoint_s,model_dependent_charge_nC,0.007885257158776625,0.007885257158776625,0.007885257158776625,400.5504098337188,400.5504098337188,400.5504098337188,2,33,median,median,95_percent_circular_moving_block_bootstrap_over_captures,0.007885257158776625,400.5504098337188,400.5504098337188,400.5504098337188
argon_only_20kHz,"Argon / no liquid, 20 kHz",argon_only,20.0,negative,10,0.008287641764983521,0.009112956909888587,midpoint_s,model_dependent_charge_nC,0.008710161385650872,0.008710161385650872,0.008710161385650872,402.69154368513125,402.69154368513125,402.69154368513125,2,33,median,median,95_percent_circular_moving_block_bootstrap_over_captures,0.008710161385650872,402.69154368513125,402.69154368513125,402.69154368513125
argon_only_20kHz,"Argon / no liquid, 20 kHz",argon_only,20.0,negative,11,0.009112956909888587,0.00993827205479365,midpoint_s,model_dependent_charge_nC,0.009535057487499794,0.009535057487499794,0.009535057487499794,402.5035016572408,402.5035016572408,402.5035016572408,2,33,median,median,95_percent_circular_moving_block_bootstrap_over_captures,0.009535057487499794,402.5035016572408,402.5035016572408,402.5035016572408
argon_only_20kHz,"Argon / no liquid, 20 kHz",argon_only,20.0,positive,0,3.449031593287986e-05,0.000859805460837944,midpoint_s,model_dependent_charge_nC,0.0004409714880814537,0.0004409714880814537,0.0004409714880814537,371.1856927806193,371.1856927806193,371.1856927806193,2,33,median,median,95_percent_circular_moving_block_bootstrap_over_captures,0.0004409714880814537,371.1856927806193,371.1856927806193,371.1856927806193
argon_only_20kHz,"Argon / no liquid, 20 kHz",argon_only,20.0,positive,1,0.000859805460837944,0.001685120605743008,midpoint_s,model_dependent_charge_nC,0.0012633680720939592,0.0012633680720939592,0.0012633680720939592,265.2805443891715,265.2805443891715,265.2805443891715,2,33,median,median,95_percent_circular_moving_block_bootstrap_over_captures,0.0012633680720939592,265.2805443891715,265.2805443891715,265.2805443891715
argon_only_20kHz,"Argon / no liquid, 20 kHz",argon_only,20.0,positive,2,0.001685120605743008,0.0025104357506480724,midpoint_s,model_dependent_charge_nC,0.0020857974750116037,0.0020857974750116037,0.0020857974750116037,267.70148019555944,267.70148019555944,267.70148019555944,2,33,median,median,95_percent_circular_moving_block_bootstrap_over_captures,0.0020857974750116037,267.70148019555944,267.70148019555944,267.70148019555944
argon_only_20kHz,"Argon / no liquid, 20 kHz",argon_only,20.0,positive,3,0.0025104357506480724,0.0033357508955531366,midpoint_s,model_dependent_charge_nC,0.0029231941888582377,0.0029231941888582377,0.0029231941888582377,261.97901372201966,261.97901372201966,261.97901372201966,2,34,median,median,95_percent_circular_moving_block_bootstrap_over_captures,0.0029231941888582377,261.97901372201966,261.97901372201966,261.97901372201966
argon_only_20kHz,"Argon / no liquid, 20 kHz",argon_only,20.0,positive,4,0.0033357508955531366,0.0041610660404582,midpoint_s,model_dependent_charge_nC,0.003748118111847546,0.003748118111847546,0.003748118111847546,261.0410181079825,261.0410181079825,261.0410181079825,2,32,median,median,95_percent_circular_moving_block_bootstrap_over_captures,0.003748118111847546,261.0410181079825,261.0410181079825,261.0410181079825
argon_only_20kHz,"Argon / no liquid, 20 kHz",argon_only,20.0,positive,5,0.0041610660404582,0.0049863811853632645,midpoint_s,model_dependent_charge_nC,0.004572991455892259,0.004572991455892259,0.004572991455892259,264.5744325868018,264.5744325868018,264.5744325868018,2,34,median,median,95_percent_circular_moving_block_bootstrap_over_captures,0.004572991455892259,264.5744325868018,264.5744325868018,264.5744325868018
argon_only_20kHz,"Argon / no liquid, 20 kHz",argon_only,20.0,positive,6,0.0049863811853632645,0.005811696330268329,midpoint_s,model_dependent_charge_nC,0.005402915057874675,0.005402915057874675,0.005402915057874675,266.3096840055904,266.3096840055904,266.3096840055904,2,32,median,median,95_percent_circular_moving_block_bootstrap_over_captures,0.005402915057874675,266.3096840055904,266.3096840055904,266.3096840055904
argon_only_20kHz,"Argon / no liquid, 20 kHz",argon_only,20.0,positive,7,0.005811696330268329,0.006637011475173393,midpoint_s,model_dependent_charge_nC,0.006205338238002085,0.006205338238002085,0.006205338238002085,262.06953904996703,262.06953904996703,262.06953904996703,2,33,median,median,95_percent_circular_moving_block_bootstrap_over_captures,0.006205338238002085,262.06953904996703,262.06953904996703,262.06953904996703
argon_only_20kHz,"Argon / no liquid, 20 kHz",argon_only,20.0,positive,8,0.006637011475173393,0.0074623266200784565,midpoint_s,model_dependent_charge_nC,0.007035262840428163,0.007035262840428163,0.007035262840428163,265.97845671652954,265.97845671652954,265.97845671652954,2,33,median,median,95_percent_circular_moving_block_bootstrap_over_captures,0.007035262840428163,265.97845671652954,265.97845671652954,265.97845671652954
argon_only_20kHz,"Argon / no liquid, 20 kHz",argon_only,20.0,positive,9,0.0074623266200784565,0.008287641764983521,midpoint_s,model_dependent_charge_nC,0.007872633713104177,0.007872633713104177,0.007872633713104177,264.37780192942415,264.37780192942415,264.37780192942415,2,34,median,median,95_percent_circular_moving_block_bootstrap_over_captures,0.007872633713104177,264.37780192942415,264.37780192942415,264.37780192942415
argon_only_20kHz,"Argon / no liquid, 20 kHz",argon_only,20.0,positive,10,0.008287641764983521,0.009112956909888587,midpoint_s,model_dependent_charge_nC,0.008700044222858892,0.008700044222858892,0.008700044222858892,262.0959612789615,262.0959612789615,262.0959612789615,2,32,median,median,95_percent_circular_moving_block_bootstrap_over_captures,0.008700044222858892,262.0959612789615,262.0959612789615,262.0959612789615
argon_only_20kHz,"Argon / no liquid, 20 kHz",argon_only,20.0,positive,11,0.009112956909888587,0.00993827205479365,midpoint_s,model_dependent_charge_nC,0.009527425505392255,0.009527425505392255,0.009527425505392255,372.5754320025615,372.5754320025615,372.5754320025615,2,34,median,median,95_percent_circular_moving_block_bootstrap_over_captures,0.009527425505392255,372.5754320025615,372.5754320025615,372.5754320025615
pure_water_4kHz,"Pure water, 4 kHz",pure_water,4.0,negative,0,9.455831167421889e-05,0.0008977234551394328,midpoint_s,model_dependent_charge_nC,0.00047834308404373074,0.00047834308404373074,0.00047834308404373074,-256.3840682880172,-256.3840682880172,-256.3840682880172,2,7,median,median,95_percent_circular_moving_block_bootstrap_over_captures,0.00047834308404373074,-256.3840682880172,-256.3840682880172,-256.3840682880172
pure_water_4kHz,"Pure water, 4 kHz",pure_water,4.0,negative,1,0.0008977234551394328,0.0017008885986046465,midpoint_s,model_dependent_charge_nC,0.0012907467188821098,0.0012907467188821098,0.0012907467188821098,-253.97769568047244,-253.97769568047244,-253.97769568047244,2,6,median,median,95_percent_circular_moving_block_bootstrap_over_captures,0.0012907467188821098,-253.97769568047244,-253.97769568047244,-253.97769568047244
pure_water_4kHz,"Pure water, 4 kHz",pure_water,4.0,negative,2,0.0017008885986046465,0.0025040537420698604,midpoint_s,model_dependent_charge_nC,0.002103165597710915,0.002103165597710915,0.002103165597710915,-261.1443205943783,-261.1443205943783,-261.1443205943783,2,7,median,median,95_percent_circular_moving_block_bootstrap_over_captures,0.002103165597710915,-261.1443205943783,-261.1443205943783,-261.1443205943783
pure_water_4kHz,"Pure water, 4 kHz",pure_water,4.0,negative,3,0.0025040537420698604,0.0033072188855350743,midpoint_s,model_dependent_charge_nC,0.002915566276433485,0.002915566276433485,0.002915566276433485,-255.46890450964872,-255.46890450964872,-255.46890450964872,2,6,median,median,95_percent_circular_moving_block_bootstrap_over_captures,0.002915566276433485,-255.46890450964872,-255.46890450964872,-255.46890450964872
pure_water_4kHz,"Pure water, 4 kHz",pure_water,4.0,negative,4,0.0033072188855350743,0.004110384029000288,midpoint_s,model_dependent_charge_nC,0.0037279763728029994,0.0037279763728029994,0.0037279763728029994,-262.05480175017925,-262.05480175017925,-262.05480175017925,2,7,median,median,95_percent_circular_moving_block_bootstrap_over_captures,0.0037279763728029994,-262.05480175017925,-262.05480175017925,-262.05480175017925
pure_water_4kHz,"Pure water, 4 kHz",pure_water,4.0,negative,5,0.004110384029000288,0.0049135491724655025,midpoint_s,model_dependent_charge_nC,0.004540380440946467,0.004540380440946467,0.004540380440946467,-253.3061219426145,-253.3061219426145,-253.3061219426145,2,6,median,median,95_percent_circular_moving_block_bootstrap_over_captures,0.004540380440946467,-253.3061219426145,-253.3061219426145,-253.3061219426145
pure_water_4kHz,"Pure water, 4 kHz",pure_water,4.0,negative,6,0.0049135491724655025,0.005716714315930717,midpoint_s,model_dependent_charge_nC,0.0052903026798425835,0.0052903026798425835,0.0052903026798425835,-263.36282229403156,-263.36282229403156,-263.36282229403156,2,6,median,median,95_percent_circular_moving_block_bootstrap_over_captures,0.0052903026798425835,-263.36282229403156,-263.36282229403156,-263.36282229403156
pure_water_4kHz,"Pure water, 4 kHz",pure_water,4.0,negative,7,0.005716714315930717,0.00651987945939593,midpoint_s,model_dependent_charge_nC,0.006102697826218234,0.006102697826218234,0.006102697826218234,-251.74244545921266,-251.74244545921266,-251.74244545921266,2,7,median,median,95_percent_circular_moving_block_bootstrap_over_captures,0.006102697826218234,-251.74244545921266,-251.74244545921266,-251.74244545921266
pure_water_4kHz,"Pure water, 4 kHz",pure_water,4.0,negative,8,0.00651987945939593,0.007323044602861144,midpoint_s,model_dependent_charge_nC,0.006915112568258658,0.006915112568258658,0.006915112568258658,-261.6326771799593,-261.6326771799593,-261.6326771799593,2,6,median,median,95_percent_circular_moving_block_bootstrap_over_captures,0.006915112568258658,-261.6326771799593,-261.6326771799593,-261.6326771799593
pure_water_4kHz,"Pure water, 4 kHz",pure_water,4.0,negative,9,0.007323044602861144,0.008126209746326357,midpoint_s,model_dependent_charge_nC,0.0077275167962293076,0.0077275167962293076,0.0077275167962293076,-260.7989217824728,-260.7989217824728,-260.7989217824728,2,7,median,median,95_percent_circular_moving_block_bootstrap_over_captures,0.0077275167962293076,-260.7989217824728,-260.7989217824728,-260.7989217824728
pure_water_4kHz,"Pure water, 4 kHz",pure_water,4.0,negative,10,0.008126209746326357,0.008929374889791572,midpoint_s,model_dependent_charge_nC,0.008539941430222058,0.008539941430222058,0.008539941430222058,-264.5020716795768,-264.5020716795768,-264.5020716795768,2,6,median,median,95_percent_circular_moving_block_bootstrap_over_captures,0.008539941430222058,-264.5020716795768,-264.5020716795768,-264.5020716795768
pure_water_4kHz,"Pure water, 4 kHz",pure_water,4.0,negative,11,0.008929374889791572,0.009732540033256786,midpoint_s,model_dependent_charge_nC,0.009352337849004726,0.009352337849004726,0.009352337849004726,-256.16482771731734,-256.16482771731734,-256.16482771731734,2,7,median,median,95_percent_circular_moving_block_bootstrap_over_captures,0.009352337849004726,-256.16482771731734,-256.16482771731734,-256.16482771731734
pure_water_4kHz,"Pure water, 4 kHz",pure_water,4.0,positive,0,9.455831167421889e-05,0.0008977234551394328,midpoint_s,model_dependent_charge_nC,0.0004747637768946455,0.0004747637768946455,0.0004747637768946455,-75.10425381678117,-75.10425381678117,-75.10425381678117,2,7,median,median,95_percent_circular_moving_block_bootstrap_over_captures,0.0004747637768946455,-75.10425381678117,-75.10425381678117,-75.10425381678117
pure_water_4kHz,"Pure water, 4 kHz",pure_water,4.0,positive,1,0.0008977234551394328,0.0017008885986046465,midpoint_s,model_dependent_charge_nC,0.001287167329673884,0.001287167329673884,0.001287167329673884,-76.08928964100792,-76.08928964100792,-76.08928964100792,2,6,median,median,95_percent_circular_moving_block_bootstrap_over_captures,0.001287167329673884,-76.08928964100792,-76.08928964100792,-76.08928964100792
pure_water_4kHz,"Pure water, 4 kHz",pure_water,4.0,positive,2,0.0017008885986046465,0.0025040537420698604,midpoint_s,model_dependent_charge_nC,0.002099576055825216,0.002099576055825216,0.002099576055825216,-80.3081214360034,-80.3081214360034,-80.3081214360034,2,7,median,median,95_percent_circular_moving_block_bootstrap_over_captures,0.002099576055825216,-80.3081214360034,-80.3081214360034,-80.3081214360034
pure_water_4kHz,"Pure water, 4 kHz",pure_water,4.0,positive,3,0.0025040537420698604,0.0033072188855350743,midpoint_s,model_dependent_charge_nC,0.002911995202731056,0.002911995202731056,0.002911995202731056,-79.2080971044353,-79.2080971044353,-79.2080971044353,2,6,median,median,95_percent_circular_moving_block_bootstrap_over_captures,0.002911995202731056,-79.2080971044353,-79.2080971044353,-79.2080971044353
pure_water_4kHz,"Pure water, 4 kHz",pure_water,4.0,positive,4,0.0033072188855350743,0.004110384029000288,midpoint_s,model_dependent_charge_nC,0.0037243937405466295,0.0037243937405466295,0.0037243937405466295,-83.80682217378452,-83.80682217378452,-83.80682217378452,2,7,median,median,95_percent_circular_moving_block_bootstrap_over_captures,0.0037243937405466295,-83.80682217378452,-83.80682217378452,-83.80682217378452
pure_water_4kHz,"Pure water, 4 kHz",pure_water,4.0,positive,5,0.004110384029000288,0.0049135491724655025,midpoint_s,model_dependent_charge_nC,0.004536813345243749,0.004536813345243749,0.004536813345243749,-71.27447818652377,-71.27447818652377,-71.27447818652377,2,6,median,median,95_percent_circular_moving_block_bootstrap_over_captures,0.004536813345243749,-71.27447818652377,-71.27447818652377,-71.27447818652377
pure_water_4kHz,"Pure water, 4 kHz",pure_water,4.0,positive,6,0.0049135491724655025,0.005716714315930717,midpoint_s,model_dependent_charge_nC,0.0052867255950393675,0.0052867255950393675,0.0052867255950393675,-84.04804695229946,-84.04804695229946,-84.04804695229946,2,6,median,median,95_percent_circular_moving_block_bootstrap_over_captures,0.0052867255950393675,-84.04804695229946,-84.04804695229946,-84.04804695229946
pure_water_4kHz,"Pure water, 4 kHz",pure_water,4.0,positive,7,0.005716714315930717,0.00651987945939593,midpoint_s,model_dependent_charge_nC,0.0060991156376980415,0.0060991156376980415,0.0060991156376980415,-77.20449242863567,-77.20449242863567,-77.20449242863567,2,7,median,median,95_percent_circular_moving_block_bootstrap_over_captures,0.0060991156376980415,-77.20449242863567,-77.20449242863567,-77.20449242863567
pure_water_4kHz,"Pure water, 4 kHz",pure_water,4.0,positive,8,0.00651987945939593,0.007323044602861144,midpoint_s,model_dependent_charge_nC,0.00691153561041692,0.00691153561041692,0.00691153561041692,-78.28445894618037,-78.28445894618037,-78.28445894618037,2,6,median,median,95_percent_circular_moving_block_bootstrap_over_captures,0.00691153561041692,-78.28445894618037,-78.28445894618037,-78.28445894618037
pure_water_4kHz,"Pure water, 4 kHz",pure_water,4.0,positive,9,0.007323044602861144,0.008126209746326357,midpoint_s,model_dependent_charge_nC,0.007723941488730715,0.007723941488730715,0.007723941488730715,-80.89255905985704,-80.89255905985704,-80.89255905985704,2,7,median,median,95_percent_circular_moving_block_bootstrap_over_captures,0.007723941488730715,-80.89255905985704,-80.89255905985704,-80.89255905985704
pure_water_4kHz,"Pure water, 4 kHz",pure_water,4.0,positive,10,0.008126209746326357,0.008929374889791572,midpoint_s,model_dependent_charge_nC,0.008536347189560345,0.008536347189560345,0.008536347189560345,-79.6369720792998,-79.6369720792998,-79.6369720792998,2,6,median,median,95_percent_circular_moving_block_bootstrap_over_captures,0.008536347189560345,-79.6369720792998,-79.6369720792998,-79.6369720792998
pure_water_4kHz,"Pure water, 4 kHz",pure_water,4.0,positive,11,0.008929374889791572,0.009732540033256786,midpoint_s,model_dependent_charge_nC,0.009348754917589675,0.009348754917589675,0.009348754917589675,-73.68753090894461,-73.68753090894461,-73.68753090894461,2,7,median,median,95_percent_circular_moving_block_bootstrap_over_captures,0.009348754917589675,-73.68753090894461,-73.68753090894461,-73.68753090894461
pure_water_10kHz,"Pure water, 10 kHz",pure_water,10.0,negative,0,5.057521389527585e-05,0.0008704695685706696,midpoint_s,model_dependent_charge_nC,0.0004471517722456379,0.0004471517722456379,0.0004471517722456379,-235.105208586949,-235.105208586949,-235.105208586949,2,17,median,median,95_percent_circular_moving_block_bootstrap_over_captures,0.0004471517722456379,-235.105208586949,-235.105208586949,-235.105208586949
pure_water_10kHz,"Pure water, 10 kHz",pure_water,10.0,negative,1,0.0008704695685706696,0.0016903639232460634,midpoint_s,model_dependent_charge_nC,0.0012970654306022522,0.0012970654306022522,0.0012970654306022522,-235.68990402382656,-235.68990402382656,-235.68990402382656,2,17,median,median,95_percent_circular_moving_block_bootstrap_over_captures,0.0012970654306022522,-235.68990402382656,-235.68990402382656,-235.68990402382656
pure_water_10kHz,"Pure water, 10 kHz",pure_water,10.0,negative,2,0.0016903639232460634,0.002510258277921457,midpoint_s,model_dependent_charge_nC,0.002121968378909868,0.002121968378909868,0.002121968378909868,-236.09112471345867,-236.09112471345867,-236.09112471345867,2,16,median,median,95_percent_circular_moving_block_bootstrap_over_captures,0.002121968378909868,-236.09112471345867,-236.09112471345867,-236.09112471345867
pure_water_10kHz,"Pure water, 10 kHz",pure_water,10.0,negative,3,0.002510258277921457,0.003330152632596851,midpoint_s,model_dependent_charge_nC,0.002921878681397907,0.002921878681397907,0.002921878681397907,-241.7134770541113,-241.7134770541113,-241.7134770541113,2,16,median,median,95_percent_circular_moving_block_bootstrap_over_captures,0.002921878681397907,-241.7134770541113,-241.7134770541113,-241.7134770541113
pure_water_10kHz,"Pure water, 10 kHz",pure_water,10.0,negative,4,0.003330152632596851,0.004150046987272245,midpoint_s,model_dependent_charge_nC,0.0037217836784357123,0.0037217836784357123,0.0037217836784357123,-237.4762093641956,-237.4762093641956,-237.4762093641956,2,16,median,median,95_percent_circular_moving_block_bootstrap_over_captures,0.0037217836784357123,-237.4762093641956,-237.4762093641956,-237.4762093641956
pure_water_10kHz,"Pure water, 10 kHz",pure_water,10.0,negative,5,0.004150046987272245,0.004969941341947639,midpoint_s,model_dependent_charge_nC,0.004546698085783755,0.004546698085783755,0.004546698085783755,-234.04000120905772,-234.04000120905772,-234.04000120905772,2,17,median,median,95_percent_circular_moving_block_bootstrap_over_captures,0.004546698085783755,-234.04000120905772,-234.04000120905772,-234.04000120905772
pure_water_10kHz,"Pure water, 10 kHz",pure_water,10.0,negative,6,0.004969941341947639,0.005789835696623033,midpoint_s,model_dependent_charge_nC,0.005396603002640861,0.005396603002640861,0.005396603002640861,-237.89758538210899,-237.89758538210899,-237.89758538210899,2,17,median,median,95_percent_circular_moving_block_bootstrap_over_captures,0.005396603002640861,-237.89758538210899,-237.89758538210899,-237.89758538210899
pure_water_10kHz,"Pure water, 10 kHz",pure_water,10.0,negative,7,0.005789835696623033,0.006609730051298427,midpoint_s,model_dependent_charge_nC,0.006221510541604396,0.006221510541604396,0.006221510541604396,-235.47383544859474,-235.47383544859474,-235.47383544859474,2,16,median,median,95_percent_circular_moving_block_bootstrap_over_captures,0.006221510541604396,-235.47383544859474,-235.47383544859474,-235.47383544859474
pure_water_10kHz,"Pure water, 10 kHz",pure_water,10.0,negative,8,0.006609730051298427,0.007429624405973821,midpoint_s,model_dependent_charge_nC,0.00702141674198001,0.00702141674198001,0.00702141674198001,-235.8739687146494,-235.8739687146494,-235.8739687146494,2,16,median,median,95_percent_circular_moving_block_bootstrap_over_captures,0.00702141674198001,-235.8739687146494,-235.8739687146494,-235.8739687146494
pure_water_10kHz,"Pure water, 10 kHz",pure_water,10.0,negative,9,0.007429624405973821,0.008249518760649213,midpoint_s,model_dependent_charge_nC,0.007821328556592538,0.007821328556592538,0.007821328556592538,-236.24499610741483,-236.24499610741483,-236.24499610741483,2,16,median,median,95_percent_circular_moving_block_bootstrap_over_captures,0.007821328556592538,-236.24499610741483,-236.24499610741483,-236.24499610741483
pure_water_10kHz,"Pure water, 10 kHz",pure_water,10.0,negative,10,0.008249518760649213,0.009069413115324608,midpoint_s,model_dependent_charge_nC,0.008646231977236718,0.008646231977236718,0.008646231977236718,-238.64047638299502,-238.64047638299502,-238.64047638299502,2,17,median,median,95_percent_circular_moving_block_bootstrap_over_captures,0.008646231977236718,-238.64047638299502,-238.64047638299502,-238.64047638299502
pure_water_10kHz,"Pure water, 10 kHz",pure_water,10.0,negative,11,0.009069413115324608,0.00988930747,midpoint_s,model_dependent_charge_nC,0.009496140485551302,0.009496140485551302,0.009496140485551302,-237.16118660712078,-237.16118660712078,-237.16118660712078,2,17,median,median,95_percent_circular_moving_block_bootstrap_over_captures,0.009496140485551302,-237.16118660712078,-237.16118660712078,-237.16118660712078
pure_water_10kHz,"Pure water, 10 kHz",pure_water,10.0,positive,0,5.057521389527585e-05,0.0008704695685706696,midpoint_s,model_dependent_charge_nC,0.0004437482440731343,0.0004437482440731343,0.0004437482440731343,-94.53144221960332,-94.53144221960332,-94.53144221960332,2,17,median,median,95_percent_circular_moving_block_bootstrap_over_captures,0.0004437482440731343,-94.53144221960332,-94.53144221960332,-94.53144221960332
pure_water_10kHz,"Pure water, 10 kHz",pure_water,10.0,positive,1,0.0008704695685706696,0.0016903639232460634,midpoint_s,model_dependent_charge_nC,0.0012936519929175883,0.0012936519929175883,0.0012936519929175883,-92.02069302498467,-92.02069302498467,-92.02069302498467,2,17,median,median,95_percent_circular_moving_block_bootstrap_over_captures,0.0012936519929175883,-92.02069302498467,-92.02069302498467,-92.02069302498467
pure_water_10kHz,"Pure water, 10 kHz",pure_water,10.0,positive,2,0.0016903639232460634,0.002510258277921457,midpoint_s,model_dependent_charge_nC,0.0021185515392764735,0.0021185515392764735,0.0021185515392764735,-91.47523089311636,-91.47523089311636,-91.47523089311636,2,16,median,median,95_percent_circular_moving_block_bootstrap_over_captures,0.0021185515392764735,-91.47523089311636,-91.47523089311636,-91.47523089311636
pure_water_10kHz,"Pure water, 10 kHz",pure_water,10.0,positive,3,0.002510258277921457,0.003330152632596851,midpoint_s,model_dependent_charge_nC,0.0029184596785523167,0.0029184596785523167,0.0029184596785523167,-91.78317656351454,-91.78317656351454,-91.78317656351454,2,16,median,median,95_percent_circular_moving_block_bootstrap_over_captures,0.0029184596785523167,-91.78317656351454,-91.78317656351454,-91.78317656351454
pure_water_10kHz,"Pure water, 10 kHz",pure_water,10.0,positive,4,0.003330152632596851,0.004150046987272245,midpoint_s,model_dependent_charge_nC,0.0037183742663254088,0.0037183742663254088,0.0037183742663254088,-88.26229664992545,-88.26229664992545,-88.26229664992545,2,16,median,median,95_percent_circular_moving_block_bootstrap_over_captures,0.0037183742663254088,-88.26229664992545,-88.26229664992545,-88.26229664992545
pure_water_10kHz,"Pure water, 10 kHz",pure_water,10.0,positive,5,0.004150046987272245,0.004969941341947639,midpoint_s,model_dependent_charge_nC,0.004543289304117645,0.004543289304117645,0.004543289304117645,-94.89035142563328,-94.89035142563328,-94.89035142563328,2,17,median,median,95_percent_circular_moving_block_bootstrap_over_captures,0.004543289304117645,-94.89035142563328,-94.89035142563328,-94.89035142563328
pure_water_10kHz,"Pure water, 10 kHz",pure_water,10.0,positive,6,0.004969941341947639,0.005789835696623033,midpoint_s,model_dependent_charge_nC,0.005393197156568914,0.005393197156568914,0.005393197156568914,-96.20516929333036,-96.20516929333036,-96.20516929333036,2,17,median,median,95_percent_circular_moving_block_bootstrap_over_captures,0.005393197156568914,-96.20516929333036,-96.20516929333036,-96.20516929333036
pure_water_10kHz,"Pure water, 10 kHz",pure_water,10.0,positive,7,0.005789835696623033,0.006609730051298427,midpoint_s,model_dependent_charge_nC,0.006218099852494307,0.006218099852494307,0.006218099852494307,-93.54822097464759,-93.54822097464759,-93.54822097464759,2,16,median,median,95_percent_circular_moving_block_bootstrap_over_captures,0.006218099852494307,-93.54822097464759,-93.54822097464759,-93.54822097464759
pure_water_10kHz,"Pure water, 10 kHz",pure_water,10.0,positive,8,0.006609730051298427,0.007429624405973821,midpoint_s,model_dependent_charge_nC,0.007018005866582754,0.007018005866582754,0.007018005866582754,-96.49266269844492,-96.49266269844492,-96.49266269844492,2,16,median,median,95_percent_circular_moving_block_bootstrap_over_captures,0.007018005866582754,-96.49266269844492,-96.49266269844492,-96.49266269844492
pure_water_10kHz,"Pure water, 10 kHz",pure_water,10.0,positive,9,0.007429624405973821,0.008249518760649213,midpoint_s,model_dependent_charge_nC,0.007817914995424599,0.007817914995424599,0.007817914995424599,-91.97592340866652,-91.97592340866652,-91.97592340866652,2,16,median,median,95_percent_circular_moving_block_bootstrap_over_captures,0.007817914995424599,-91.97592340866652,-91.97592340866652,-91.97592340866652
pure_water_10kHz,"Pure water, 10 kHz",pure_water,10.0,positive,10,0.008249518760649213,0.009069413115324608,midpoint_s,model_dependent_charge_nC,0.008642826300246171,0.008642826300246171,0.008642826300246171,-95.90404666958564,-95.90404666958564,-95.90404666958564,2,17,median,median,95_percent_circular_moving_block_bootstrap_over_captures,0.008642826300246171,-95.90404666958564,-95.90404666958564,-95.90404666958564
pure_water_10kHz,"Pure water, 10 kHz",pure_water,10.0,positive,11,0.009069413115324608,0.00988930747,midpoint_s,model_dependent_charge_nC,0.009492728985582934,0.009492728985582934,0.009492728985582934,-92.54437141378642,-92.54437141378642,-92.54437141378642,2,17,median,median,95_percent_circular_moving_block_bootstrap_over_captures,0.009492728985582934,-92.54437141378642,-92.54437141378642,-92.54437141378642
pure_water_20kHz,"Pure water, 20 kHz",pure_water,20.0,negative,0,2.6184155759554985e-05,0.0008520596433988894,midpoint_s,model_dependent_charge_nC,0.0004298308586468745,0.0004298308586468745,0.0004298308586468745,-182.55644163691306,-182.55644163691306,-182.55644163691306,2,34,median,median,95_percent_circular_moving_block_bootstrap_over_captures,0.0004298308586468745,-182.55644163691306,-182.55644163691306,-182.55644163691306
pure_water_20kHz,"Pure water, 20 kHz",pure_water,20.0,negative,1,0.0008520596433988894,0.0016779351310382239,midpoint_s,model_dependent_charge_nC,0.0012672428767591597,0.0012672428767591597,0.0012672428767591597,-180.07392418457894,-180.07392418457894,-180.07392418457894,2,33,median,median,95_percent_circular_moving_block_bootstrap_over_captures,0.0012672428767591597,-180.07392418457894,-180.07392418457894,-180.07392418457894
pure_water_20kHz,"Pure water, 20 kHz",pure_water,20.0,negative,2,0.0016779351310382239,0.002503810618677558,midpoint_s,model_dependent_charge_nC,0.0020921709862832265,0.0020921709862832265,0.0020921709862832265,-192.52758624583913,-192.52758624583913,-192.52758624583913,2,33,median,median,95_percent_circular_moving_block_bootstrap_over_captures,0.0020921709862832265,-192.52758624583913,-192.52758624583913,-192.52758624583913
pure_water_20kHz,"Pure water, 20 kHz",pure_water,20.0,negative,3,0.002503810618677558,0.0033296861063168925,midpoint_s,model_dependent_charge_nC,0.0029170843942217645,0.0029170843942217645,0.0029170843942217645,-191.03858105967745,-191.03858105967745,-191.03858105967745,2,33,median,median,95_percent_circular_moving_block_bootstrap_over_captures,0.0029170843942217645,-191.03858105967745,-191.03858105967745,-191.03858105967745
pure_water_20kHz,"Pure water, 20 kHz",pure_water,20.0,negative,4,0.0033296861063168925,0.0041555615939562265,midpoint_s,model_dependent_charge_nC,0.003741997898254101,0.003741997898254101,0.003741997898254101,-193.92310629779502,-193.92310629779502,-193.92310629779502,2,33,median,median,95_percent_circular_moving_block_bootstrap_over_captures,0.003741997898254101,-193.92310629779502,-193.92310629779502,-193.92310629779502
pure_water_20kHz,"Pure water, 20 kHz",pure_water,20.0,negative,5,0.0041555615939562265,0.004981437081595561,midpoint_s,model_dependent_charge_nC,0.004566895436428288,0.004566895436428288,0.004566895436428288,-184.55019876937058,-184.55019876937058,-184.55019876937058,2,33,median,median,95_percent_circular_moving_block_bootstrap_over_captures,0.004566895436428288,-184.55019876937058,-184.55019876937058,-184.55019876937058
pure_water_20kHz,"Pure water, 20 kHz",pure_water,20.0,negative,6,0.004981437081595561,0.005807312569234896,midpoint_s,model_dependent_charge_nC,0.00539178771279342,0.00539178771279342,0.00539178771279342,-187.2666014393938,-187.2666014393938,-187.2666014393938,2,33,median,median,95_percent_circular_moving_block_bootstrap_over_captures,0.00539178771279342,-187.2666014393938,-187.2666014393938,-187.2666014393938
pure_water_20kHz,"Pure water, 20 kHz",pure_water,20.0,negative,7,0.005807312569234896,0.00663318805687423,midpoint_s,model_dependent_charge_nC,0.006229196752209868,0.006229196752209868,0.006229196752209868,-183.5815892866292,-183.5815892866292,-183.5815892866292,2,34,median,median,95_percent_circular_moving_block_bootstrap_over_captures,0.006229196752209868,-183.5815892866292,-183.5815892866292,-183.5815892866292
pure_water_20kHz,"Pure water, 20 kHz",pure_water,20.0,negative,8,0.00663318805687423,0.007459063544513565,midpoint_s,model_dependent_charge_nC,0.0070541025867448,0.0070541025867448,0.0070541025867448,-187.1163082250392,-187.1163082250392,-187.1163082250392,2,32,median,median,95_percent_circular_moving_block_bootstrap_over_captures,0.0070541025867448,-187.1163082250392,-187.1163082250392,-187.1163082250392
pure_water_20kHz,"Pure water, 20 kHz",pure_water,20.0,negative,9,0.007459063544513565,0.008284939032152898,midpoint_s,model_dependent_charge_nC,0.007879008744676957,0.007879008744676957,0.007879008744676957,-185.58725290126472,-185.58725290126472,-185.58725290126472,2,34,median,median,95_percent_circular_moving_block_bootstrap_over_captures,0.007879008744676957,-185.58725290126472,-185.58725290126472,-185.58725290126472
pure_water_20kHz,"Pure water, 20 kHz",pure_water,20.0,negative,10,0.008284939032152898,0.009110814519792234,midpoint_s,model_dependent_charge_nC,0.00870392516874424,0.00870392516874424,0.00870392516874424,-185.98485230730392,-185.98485230730392,-185.98485230730392,2,32,median,median,95_percent_circular_moving_block_bootstrap_over_captures,0.00870392516874424,-185.98485230730392,-185.98485230730392,-185.98485230730392
pure_water_20kHz,"Pure water, 20 kHz",pure_water,20.0,negative,11,0.009110814519792234,0.009936690007431567,midpoint_s,model_dependent_charge_nC,0.009528833793745264,0.009528833793745264,0.009528833793745264,-187.20832496345224,-187.20832496345224,-187.20832496345224,2,34,median,median,95_percent_circular_moving_block_bootstrap_over_captures,0.009528833793745264,-187.20832496345224,-187.20832496345224,-187.20832496345224
pure_water_20kHz,"Pure water, 20 kHz",pure_water,20.0,positive,0,2.6184155759554985e-05,0.0008520596433988894,midpoint_s,model_dependent_charge_nC,0.000434048935791719,0.000434048935791719,0.000434048935791719,-314.85260285264917,-314.85260285264917,-314.85260285264917,2,34,median,median,95_percent_circular_moving_block_bootstrap_over_captures,0.000434048935791719,-314.85260285264917,-314.85260285264917,-314.85260285264917
pure_water_20kHz,"Pure water, 20 kHz",pure_water,20.0,positive,1,0.0008520596433988894,0.0016779351310382239,midpoint_s,model_dependent_charge_nC,0.0012589572661715564,0.0012589572661715564,0.0012589572661715564,-314.2782107056648,-314.2782107056648,-314.2782107056648,2,32,median,median,95_percent_circular_moving_block_bootstrap_over_captures,0.0012589572661715564,-314.2782107056648,-314.2782107056648,-314.2782107056648
pure_water_20kHz,"Pure water, 20 kHz",pure_water,20.0,positive,2,0.0016779351310382239,0.002503810618677558,midpoint_s,model_dependent_charge_nC,0.0020839040777283673,0.0020839040777283673,0.0020839040777283673,-322.0276956630736,-322.0276956630736,-322.0276956630736,2,34,median,median,95_percent_circular_moving_block_bootstrap_over_captures,0.0020839040777283673,-322.0276956630736,-322.0276956630736,-322.0276956630736
pure_water_20kHz,"Pure water, 20 kHz",pure_water,20.0,positive,3,0.002503810618677558,0.0033296861063168925,midpoint_s,model_dependent_charge_nC,0.0029088075427255817,0.0029088075427255817,0.0029088075427255817,-322.60485654041463,-322.60485654041463,-322.60485654041463,2,32,median,median,95_percent_circular_moving_block_bootstrap_over_captures,0.0029088075427255817,-322.60485654041463,-322.60485654041463,-322.60485654041463
pure_water_20kHz,"Pure water, 20 kHz",pure_water,20.0,positive,4,0.0033296861063168925,0.0041555615939562265,midpoint_s,model_dependent_charge_nC,0.003733737242787685,0.003733737242787685,0.003733737242787685,-321.53093189905485,-321.53093189905485,-321.53093189905485,2,34,median,median,95_percent_circular_moving_block_bootstrap_over_captures,0.003733737242787685,-321.53093189905485,-321.53093189905485,-321.53093189905485
pure_water_20kHz,"Pure water, 20 kHz",pure_water,20.0,positive,5,0.0041555615939562265,0.004981437081595561,midpoint_s,model_dependent_charge_nC,0.004571125561138371,0.004571125561138371,0.004571125561138371,-316.4658821497683,-316.4658821497683,-316.4658821497683,2,33,median,median,95_percent_circular_moving_block_bootstrap_over_captures,0.004571125561138371,-316.4658821497683,-316.4658821497683,-316.4658821497683
pure_water_20kHz,"Pure water, 20 kHz",pure_water,20.0,positive,6,0.004981437081595561,0.005807312569234896,midpoint_s,model_dependent_charge_nC,0.005396010114176397,0.005396010114176397,0.005396010114176397,-320.4145828449975,-320.4145828449975,-320.4145828449975,2,33,median,median,95_percent_circular_moving_block_bootstrap_over_captures,0.005396010114176397,-320.4145828449975,-320.4145828449975,-320.4145828449975
pure_water_20kHz,"Pure water, 20 kHz",pure_water,20.0,positive,7,0.005807312569234896,0.00663318805687423,midpoint_s,model_dependent_charge_nC,0.006220927044235508,0.006220927044235508,0.006220927044235508,-312.0766855040784,-312.0766855040784,-312.0766855040784,2,33,median,median,95_percent_circular_moving_block_bootstrap_over_captures,0.006220927044235508,-312.0766855040784,-312.0766855040784,-312.0766855040784
pure_water_20kHz,"Pure water, 20 kHz",pure_water,20.0,positive,8,0.00663318805687423,0.007459063544513565,midpoint_s,model_dependent_charge_nC,0.007045838208035532,0.007045838208035532,0.007045838208035532,-318.18438361556275,-318.18438361556275,-318.18438361556275,2,33,median,median,95_percent_circular_moving_block_bootstrap_over_captures,0.007045838208035532,-318.18438361556275,-318.18438361556275,-318.18438361556275
pure_water_20kHz,"Pure water, 20 kHz",pure_water,20.0,positive,9,0.007459063544513565,0.008284939032152898,midpoint_s,model_dependent_charge_nC,0.007870743659845416,0.007870743659845416,0.007870743659845416,-317.24422533531697,-317.24422533531697,-317.24422533531697,2,33,median,median,95_percent_circular_moving_block_bootstrap_over_captures,0.007870743659845416,-317.24422533531697,-317.24422533531697,-317.24422533531697
pure_water_20kHz,"Pure water, 20 kHz",pure_water,20.0,positive,10,0.008284939032152898,0.009110814519792234,midpoint_s,model_dependent_charge_nC,0.00869564541594503,0.00869564541594503,0.00869564541594503,-322.93246633751824,-322.93246633751824,-322.93246633751824,2,33,median,median,95_percent_circular_moving_block_bootstrap_over_captures,0.00869564541594503,-322.93246633751824,-322.93246633751824,-322.93246633751824
pure_water_20kHz,"Pure water, 20 kHz",pure_water,20.0,positive,11,0.009110814519792234,0.009936690007431567,midpoint_s,model_dependent_charge_nC,0.009533051012781402,0.009533051012781402,0.009533051012781402,-319.8650535675313,-319.8650535675313,-319.8650535675313,2,34,median,median,95_percent_circular_moving_block_bootstrap_over_captures,0.009533051012781402,-319.8650535675313,-319.8650535675313,-319.8650535675313
BMIM_nitrate_4kHz,"BMIM nitrate, 4 kHz",BMIM_nitrate,4.0,negative,0,0.00013174816627029828,0.0009331607898569879,midpoint_s,model_dependent_charge_nC,0.0005052445966510172,0.0005052445966510172,0.0005052445966510172,319.6568870217267,319.6568870217267,319.6568870217267,2,7,median,median,95_percent_circular_moving_block_bootstrap_over_captures,0.0005052445966510172,319.6568870217267,319.6568870217267,319.6568870217267
BMIM_nitrate_4kHz,"BMIM nitrate, 4 kHz",BMIM_nitrate,4.0,negative,1,0.0009331607898569879,0.0017345734134436774,midpoint_s,model_dependent_charge_nC,0.0013176655668754784,0.0013176655668754784,0.0013176655668754784,311.91346482371455,311.91346482371455,311.91346482371455,2,6,median,median,95_percent_circular_moving_block_bootstrap_over_captures,0.0013176655668754784,311.91346482371455,311.91346482371455,311.91346482371455
BMIM_nitrate_4kHz,"BMIM nitrate, 4 kHz",BMIM_nitrate,4.0,negative,2,0.0017345734134436774,0.002535986037030367,midpoint_s,model_dependent_charge_nC,0.0021300550750267405,0.0021300550750267405,0.0021300550750267405,305.0378341960975,305.0378341960975,305.0378341960975,2,7,median,median,95_percent_circular_moving_block_bootstrap_over_captures,0.0021300550750267405,305.0378341960975,305.0378341960975,305.0378341960975
BMIM_nitrate_4kHz,"BMIM nitrate, 4 kHz",BMIM_nitrate,4.0,negative,3,0.002535986037030367,0.003337398660617057,midpoint_s,model_dependent_charge_nC,0.0029424621047940015,0.0029424621047940015,0.0029424621047940015,309.8984539483183,309.8984539483183,309.8984539483183,2,6,median,median,95_percent_circular_moving_block_bootstrap_over_captures,0.0029424621047940015,309.8984539483183,309.8984539483183,309.8984539483183
BMIM_nitrate_4kHz,"BMIM nitrate, 4 kHz",BMIM_nitrate,4.0,negative,4,0.003337398660617057,0.004138811284203746,midpoint_s,model_dependent_charge_nC,0.0037548752856465585,0.0037548752856465585,0.0037548752856465585,318.9136294045762,318.9136294045762,318.9136294045762,2,7,median,median,95_percent_circular_moving_block_bootstrap_over_captures,0.0037548752856465585,318.9136294045762,318.9136294045762,318.9136294045762
BMIM_nitrate_4kHz,"BMIM nitrate, 4 kHz",BMIM_nitrate,4.0,negative,5,0.004138811284203746,0.004940223907790435,midpoint_s,model_dependent_charge_nC,0.00456728297673166,0.00456728297673166,0.00456728297673166,316.6031370644374,316.6031370644374,316.6031370644374,2,6,median,median,95_percent_circular_moving_block_bootstrap_over_captures,0.00456728297673166,316.6031370644374,316.6031370644374,316.6031370644374
BMIM_nitrate_4kHz,"BMIM nitrate, 4 kHz",BMIM_nitrate,4.0,negative,6,0.004940223907790435,0.005741636531377125,midpoint_s,model_dependent_charge_nC,0.005317199084945073,0.005317199084945073,0.005317199084945073,309.2998162723435,309.2998162723435,309.2998162723435,2,6,median,median,95_percent_circular_moving_block_bootstrap_over_captures,0.005317199084945073,309.2998162723435,309.2998162723435,309.2998162723435
BMIM_nitrate_4kHz,"BMIM nitrate, 4 kHz",BMIM_nitrate,4.0,negative,7,0.005741636531377125,0.006543049154963815,midpoint_s,model_dependent_charge_nC,0.006129602093162091,0.006129602093162091,0.006129602093162091,311.17522574732175,311.17522574732175,311.17522574732175,2,7,median,median,95_percent_circular_moving_block_bootstrap_over_captures,0.006129602093162091,311.17522574732175,311.17522574732175,311.17522574732175
BMIM_nitrate_4kHz,"BMIM nitrate, 4 kHz",BMIM_nitrate,4.0,negative,8,0.006543049154963815,0.0073444617785505045,midpoint_s,model_dependent_charge_nC,0.006942012867534949,0.006942012867534949,0.006942012867534949,319.7971084818354,319.7971084818354,319.7971084818354,2,6,median,median,95_percent_circular_moving_block_bootstrap_over_captures,0.006942012867534949,319.7971084818354,319.7971084818354,319.7971084818354
BMIM_nitrate_4kHz,"BMIM nitrate, 4 kHz",BMIM_nitrate,4.0,negative,9,0.0073444617785505045,0.008145874402137194,midpoint_s,model_dependent_charge_nC,0.007754414054121679,0.007754414054121679,0.007754414054121679,316.71452445718876,316.71452445718876,316.71452445718876,2,7,median,median,95_percent_circular_moving_block_bootstrap_over_captures,0.007754414054121679,316.71452445718876,316.71452445718876,316.71452445718876
BMIM_nitrate_4kHz,"BMIM nitrate, 4 kHz",BMIM_nitrate,4.0,negative,10,0.008145874402137194,0.008947287025723885,midpoint_s,model_dependent_charge_nC,0.00856682165797883,0.00856682165797883,0.00856682165797883,318.91952913938394,318.91952913938394,318.91952913938394,2,6,median,median,95_percent_circular_moving_block_bootstrap_over_captures,0.00856682165797883,318.91952913938394,318.91952913938394,318.91952913938394
BMIM_nitrate_4kHz,"BMIM nitrate, 4 kHz",BMIM_nitrate,4.0,negative,11,0.008947287025723885,0.009748699649310574,midpoint_s,model_dependent_charge_nC,0.009379229200380722,0.009379229200380722,0.009379229200380722,324.3422351173224,324.3422351173224,324.3422351173224,2,7,median,median,95_percent_circular_moving_block_bootstrap_over_captures,0.009379229200380722,324.3422351173224,324.3422351173224,324.3422351173224
BMIM_nitrate_4kHz,"BMIM nitrate, 4 kHz",BMIM_nitrate,4.0,positive,0,0.00013174816627029828,0.0009331607898569879,midpoint_s,model_dependent_charge_nC,0.0005011898743096929,0.0005011898743096929,0.0005011898743096929,81.01786680165111,81.01786680165111,81.01786680165111,2,7,median,median,95_percent_circular_moving_block_bootstrap_over_captures,0.0005011898743096929,81.01786680165111,81.01786680165111,81.01786680165111
BMIM_nitrate_4kHz,"BMIM nitrate, 4 kHz",BMIM_nitrate,4.0,positive,1,0.0009331607898569879,0.0017345734134436774,midpoint_s,model_dependent_charge_nC,0.0013135778882471382,0.0013135778882471382,0.0013135778882471382,77.1837441476436,77.1837441476436,77.1837441476436,2,6,median,median,95_percent_circular_moving_block_bootstrap_over_captures,0.0013135778882471382,77.1837441476436,77.1837441476436,77.1837441476436
BMIM_nitrate_4kHz,"BMIM nitrate, 4 kHz",BMIM_nitrate,4.0,positive,2,0.0017345734134436774,0.002535986037030367,midpoint_s,model_dependent_charge_nC,0.0021259750993591264,0.0021259750993591264,0.0021259750993591264,73.12730016677033,73.12730016677033,73.12730016677033,2,7,median,median,95_percent_circular_moving_block_bootstrap_over_captures,0.0021259750993591264,73.12730016677033,73.12730016677033,73.12730016677033
BMIM_nitrate_4kHz,"BMIM nitrate, 4 kHz",BMIM_nitrate,4.0,positive,3,0.002535986037030367,0.003337398660617057,midpoint_s,model_dependent_charge_nC,0.002938402962495564,0.002938402962495564,0.002938402962495564,78.92726273663905,78.92726273663905,78.92726273663905,2,6,median,median,95_percent_circular_moving_block_bootstrap_over_captures,0.002938402962495564,78.92726273663905,78.92726273663905,78.92726273663905
BMIM_nitrate_4kHz,"BMIM nitrate, 4 kHz",BMIM_nitrate,4.0,positive,4,0.003337398660617057,0.004138811284203746,midpoint_s,model_dependent_charge_nC,0.003750781008346183,0.003750781008346183,0.003750781008346183,77.84616230088112,77.84616230088112,77.84616230088112,2,7,median,median,95_percent_circular_moving_block_bootstrap_over_captures,0.003750781008346183,77.84616230088112,77.84616230088112,77.84616230088112
BMIM_nitrate_4kHz,"BMIM nitrate, 4 kHz",BMIM_nitrate,4.0,positive,5,0.004138811284203746,0.004940223907790435,midpoint_s,model_dependent_charge_nC,0.00456320759076919,0.00456320759076919,0.00456320759076919,81.3361905502997,81.3361905502997,81.3361905502997,2,6,median,median,95_percent_circular_moving_block_bootstrap_over_captures,0.00456320759076919,81.3361905502997,81.3361905502997,81.3361905502997
BMIM_nitrate_4kHz,"BMIM nitrate, 4 kHz",BMIM_nitrate,4.0,positive,6,0.004940223907790435,0.005741636531377125,midpoint_s,model_dependent_charge_nC,0.005313121547787002,0.005313121547787002,0.005313121547787002,74.89706006464804,74.89706006464804,74.89706006464804,2,6,median,median,95_percent_circular_moving_block_bootstrap_over_captures,0.005313121547787002,74.89706006464804,74.89706006464804,74.89706006464804
BMIM_nitrate_4kHz,"BMIM nitrate, 4 kHz",BMIM_nitrate,4.0,positive,7,0.005741636531377125,0.006543049154963815,midpoint_s,model_dependent_charge_nC,0.006125521927526996,0.006125521927526996,0.006125521927526996,76.6809963312931,76.6809963312931,76.6809963312931,2,7,median,median,95_percent_circular_moving_block_bootstrap_over_captures,0.006125521927526996,76.6809963312931,76.6809963312931,76.6809963312931
BMIM_nitrate_4kHz,"BMIM nitrate, 4 kHz",BMIM_nitrate,4.0,positive,8,0.006543049154963815,0.0073444617785505045,midpoint_s,model_dependent_charge_nC,0.006937945031794944,0.006937945031794944,0.006937945031794944,84.40970175678848,84.40970175678848,84.40970175678848,2,6,median,median,95_percent_circular_moving_block_bootstrap_over_captures,0.006937945031794944,84.40970175678848,84.40970175678848,84.40970175678848
BMIM_nitrate_4kHz,"BMIM nitrate, 4 kHz",BMIM_nitrate,4.0,positive,9,0.0073444617785505045,0.008145874402137194,midpoint_s,model_dependent_charge_nC,0.007750342058080893,0.007750342058080893,0.007750342058080893,82.91034067795997,82.91034067795997,82.91034067795997,2,7,median,median,95_percent_circular_moving_block_bootstrap_over_captures,0.007750342058080893,82.91034067795997,82.91034067795997,82.91034067795997
BMIM_nitrate_4kHz,"BMIM nitrate, 4 kHz",BMIM_nitrate,4.0,positive,10,0.008145874402137194,0.008947287025723885,midpoint_s,model_dependent_charge_nC,0.008562747320809277,0.008562747320809277,0.008562747320809277,85.43068899875507,85.43068899875507,85.43068899875507,2,6,median,median,95_percent_circular_moving_block_bootstrap_over_captures,0.008562747320809277,85.43068899875507,85.43068899875507,85.43068899875507
BMIM_nitrate_4kHz,"BMIM nitrate, 4 kHz",BMIM_nitrate,4.0,positive,11,0.008947287025723885,0.009748699649310574,midpoint_s,model_dependent_charge_nC,0.009375159059269781,0.009375159059269781,0.009375159059269781,85.85572009726883,85.85572009726883,85.85572009726883,2,7,median,median,95_percent_circular_moving_block_bootstrap_over_captures,0.009375159059269781,85.85572009726883,85.85572009726883,85.85572009726883
BMIM_nitrate_10kHz,"BMIM nitrate, 10 kHz",BMIM_nitrate,10.0,negative,0,8.099656350759742e-05,0.0008985782482813931,midpoint_s,model_dependent_charge_nC,0.0004865700483758234,0.0004865700483758234,0.0004865700483758234,308.30383616428753,308.30383616428753,308.30383616428753,2,18,median,median,95_percent_circular_moving_block_bootstrap_over_captures,0.0004865700483758234,308.30383616428753,308.30383616428753,308.30383616428753
BMIM_nitrate_10kHz,"BMIM nitrate, 10 kHz",BMIM_nitrate,10.0,negative,1,0.0008985782482813931,0.0017161599330551888,midpoint_s,model_dependent_charge_nC,0.0013365074007972908,0.0013365074007972908,0.0013365074007972908,310.9982827376749,310.9982827376749,310.9982827376749,2,16,median,median,95_percent_circular_moving_block_bootstrap_over_captures,0.0013365074007972908,310.9982827376749,310.9982827376749,310.9982827376749
BMIM_nitrate_10kHz,"BMIM nitrate, 10 kHz",BMIM_nitrate,10.0,negative,2,0.0017161599330551888,0.002533741617828984,midpoint_s,model_dependent_charge_nC,0.002136395091119494,0.002136395091119494,0.002136395091119494,313.94749594757354,313.94749594757354,313.94749594757354,2,16,median,median,95_percent_circular_moving_block_bootstrap_over_captures,0.002136395091119494,313.94749594757354,313.94749594757354,313.94749594757354
BMIM_nitrate_10kHz,"BMIM nitrate, 10 kHz",BMIM_nitrate,10.0,negative,3,0.002533741617828984,0.0033513233026027803,midpoint_s,model_dependent_charge_nC,0.002936304651900215,0.002936304651900215,0.002936304651900215,309.55181964918563,309.55181964918563,309.55181964918563,2,16,median,median,95_percent_circular_moving_block_bootstrap_over_captures,0.002936304651900215,309.55181964918563,309.55181964918563,309.55181964918563
BMIM_nitrate_10kHz,"BMIM nitrate, 10 kHz",BMIM_nitrate,10.0,negative,4,0.0033513233026027803,0.004168904987376576,midpoint_s,model_dependent_charge_nC,0.0037362121435695643,0.0037362121435695643,0.0037362121435695643,304.7890146930056,304.7890146930056,304.7890146930056,2,16,median,median,95_percent_circular_moving_block_bootstrap_over_captures,0.0037362121435695643,304.7890146930056,304.7890146930056,304.7890146930056
BMIM_nitrate_10kHz,"BMIM nitrate, 10 kHz",BMIM_nitrate,10.0,negative,5,0.004168904987376576,0.004986486672150371,midpoint_s,model_dependent_charge_nC,0.0045611005455279035,0.0045611005455279035,0.0045611005455279035,306.96496576674775,306.96496576674775,306.96496576674775,2,17,median,median,95_percent_circular_moving_block_bootstrap_over_captures,0.0045611005455279035,306.96496576674775,306.96496576674775,306.96496576674775
BMIM_nitrate_10kHz,"BMIM nitrate, 10 kHz",BMIM_nitrate,10.0,negative,6,0.004986486672150371,0.005804068356924167,midpoint_s,model_dependent_charge_nC,0.005411002649838058,0.005411002649838058,0.005411002649838058,296.83873499664924,296.83873499664924,296.83873499664924,2,17,median,median,95_percent_circular_moving_block_bootstrap_over_captures,0.005411002649838058,296.83873499664924,296.83873499664924,296.83873499664924
BMIM_nitrate_10kHz,"BMIM nitrate, 10 kHz",BMIM_nitrate,10.0,negative,7,0.005804068356924167,0.0066216500416979625,midpoint_s,model_dependent_charge_nC,0.006235912150616642,0.006235912150616642,0.006235912150616642,306.03263220435383,306.03263220435383,306.03263220435383,2,16,median,median,95_percent_circular_moving_block_bootstrap_over_captures,0.006235912150616642,306.03263220435383,306.03263220435383,306.03263220435383
BMIM_nitrate_10kHz,"BMIM nitrate, 10 kHz",BMIM_nitrate,10.0,negative,8,0.0066216500416979625,0.007439231726471758,midpoint_s,model_dependent_charge_nC,0.007035851590832244,0.007035851590832244,0.007035851590832244,316.20085684471894,316.20085684471894,316.20085684471894,2,16,median,median,95_percent_circular_moving_block_bootstrap_over_captures,0.007035851590832244,316.20085684471894,316.20085684471894,316.20085684471894
BMIM_nitrate_10kHz,"BMIM nitrate, 10 kHz",BMIM_nitrate,10.0,negative,9,0.007439231726471758,0.008256813411245555,midpoint_s,model_dependent_charge_nC,0.00783578705495936,0.00783578705495936,0.00783578705495936,325.46995802880565,325.46995802880565,325.46995802880565,2,16,median,median,95_percent_circular_moving_block_bootstrap_over_captures,0.00783578705495936,325.46995802880565,325.46995802880565,325.46995802880565
BMIM_nitrate_10kHz,"BMIM nitrate, 10 kHz",BMIM_nitrate,10.0,negative,10,0.008256813411245555,0.009074395096019351,midpoint_s,model_dependent_charge_nC,0.008635673095521407,0.008635673095521407,0.008635673095521407,321.7026614281867,321.7026614281867,321.7026614281867,2,16,median,median,95_percent_circular_moving_block_bootstrap_over_captures,0.008635673095521407,321.7026614281867,321.7026614281867,321.7026614281867
BMIM_nitrate_10kHz,"BMIM nitrate, 10 kHz",BMIM_nitrate,10.0,negative,11,0.009074395096019351,0.009891976780793146,midpoint_s,model_dependent_charge_nC,0.009485581689332298,0.009485581689332298,0.009485581689332298,314.90762366733975,314.90762366733975,314.90762366733975,2,18,median,median,95_percent_circular_moving_block_bootstrap_over_captures,0.009485581689332298,314.90762366733975,314.90762366733975,314.90762366733975
BMIM_nitrate_10kHz,"BMIM nitrate, 10 kHz",BMIM_nitrate,10.0,positive,0,8.099656350759742e-05,0.0008985782482813931,midpoint_s,model_dependent_charge_nC,0.00048699558418027164,0.00048699558418027164,0.00048699558418027164,197.89254727602776,197.89254727602776,197.89254727602776,2,18,median,median,95_percent_circular_moving_block_bootstrap_over_captures,0.00048699558418027164,197.89254727602776,197.89254727602776,197.89254727602776
BMIM_nitrate_10kHz,"BMIM nitrate, 10 kHz",BMIM_nitrate,10.0,positive,1,0.0008985782482813931,0.0017161599330551888,midpoint_s,model_dependent_charge_nC,0.0013347307573452756,0.0013347307573452756,0.0013347307573452756,138.28167695357337,138.28167695357337,138.28167695357337,2,16,median,median,95_percent_circular_moving_block_bootstrap_over_captures,0.0013347307573452756,138.28167695357337,138.28167695357337,138.28167695357337
BMIM_nitrate_10kHz,"BMIM nitrate, 10 kHz",BMIM_nitrate,10.0,positive,2,0.0017161599330551888,0.002533741617828984,midpoint_s,model_dependent_charge_nC,0.0021346021920211626,0.0021346021920211626,0.0021346021920211626,68.61172777422047,68.61172777422047,68.61172777422047,2,16,median,median,95_percent_circular_moving_block_bootstrap_over_captures,0.0021346021920211626,68.61172777422047,68.61172777422047,68.61172777422047
BMIM_nitrate_10kHz,"BMIM nitrate, 10 kHz",BMIM_nitrate,10.0,positive,3,0.002533741617828984,0.0033513233026027803,midpoint_s,model_dependent_charge_nC,0.0029345282800878406,0.0029345282800878406,0.0029345282800878406,201.10120181856337,201.10120181856337,201.10120181856337,2,16,median,median,95_percent_circular_moving_block_bootstrap_over_captures,0.0029345282800878406,201.10120181856337,201.10120181856337,201.10120181856337
BMIM_nitrate_10kHz,"BMIM nitrate, 10 kHz",BMIM_nitrate,10.0,positive,4,0.0033513233026027803,0.004168904987376576,midpoint_s,model_dependent_charge_nC,0.003738807848346932,0.003738807848346932,0.003738807848346932,135.78005311723598,135.78005311723598,135.78005311723598,2,16,median,median,95_percent_circular_moving_block_bootstrap_over_captures,0.003738807848346932,135.78005311723598,135.78005311723598,135.78005311723598
BMIM_nitrate_10kHz,"BMIM nitrate, 10 kHz",BMIM_nitrate,10.0,positive,5,0.004168904987376576,0.004986486672150371,midpoint_s,model_dependent_charge_nC,0.004559316249957597,0.004559316249957597,0.004559316249957597,61.80621550514684,61.80621550514684,61.80621550514684,2,17,median,median,95_percent_circular_moving_block_bootstrap_over_captures,0.004559316249957597,61.80621550514684,61.80621550514684,61.80621550514684
BMIM_nitrate_10kHz,"BMIM nitrate, 10 kHz",BMIM_nitrate,10.0,positive,6,0.004986486672150371,0.005804068356924167,midpoint_s,model_dependent_charge_nC,0.005409249807628906,0.005409249807628906,0.005409249807628906,51.125444254777506,51.125444254777506,51.125444254777506,2,17,median,median,95_percent_circular_moving_block_bootstrap_over_captures,0.005409249807628906,51.125444254777506,51.125444254777506,51.125444254777506
BMIM_nitrate_10kHz,"BMIM nitrate, 10 kHz",BMIM_nitrate,10.0,positive,7,0.005804068356924167,0.0066216500416979625,midpoint_s,model_dependent_charge_nC,0.00623414120325998,0.00623414120325998,0.00623414120325998,330.83714763502576,330.83714763502576,330.83714763502576,2,16,median,median,95_percent_circular_moving_block_bootstrap_over_captures,0.00623414120325998,330.83714763502576,330.83714763502576,330.83714763502576
BMIM_nitrate_10kHz,"BMIM nitrate, 10 kHz",BMIM_nitrate,10.0,positive,8,0.0066216500416979625,0.007439231726471758,midpoint_s,model_dependent_charge_nC,0.007038458531029532,0.007038458531029532,0.007038458531029532,203.75217318586255,203.75217318586255,203.75217318586255,2,16,median,median,95_percent_circular_moving_block_bootstrap_over_captures,0.007038458531029532,203.75217318586255,203.75217318586255,203.75217318586255
BMIM_nitrate_10kHz,"BMIM nitrate, 10 kHz",BMIM_nitrate,10.0,positive,9,0.007439231726471758,0.008256813411245555,midpoint_s,model_dependent_charge_nC,0.007840595858564614,0.007840595858564614,0.007840595858564614,331.88863074404037,331.88863074404037,331.88863074404037,2,16,median,median,95_percent_circular_moving_block_bootstrap_over_captures,0.007840595858564614,331.88863074404037,331.88863074404037,331.88863074404037
BMIM_nitrate_10kHz,"BMIM nitrate, 10 kHz",BMIM_nitrate,10.0,positive,10,0.008256813411245555,0.009074395096019351,midpoint_s,model_dependent_charge_nC,0.008640469035002478,0.008640469035002478,0.008640469035002478,331.7289941659234,331.7289941659234,331.7289941659234,2,16,median,median,95_percent_circular_moving_block_bootstrap_over_captures,0.008640469035002478,331.7289941659234,331.7289941659234,331.7289941659234
BMIM_nitrate_10kHz,"BMIM nitrate, 10 kHz",BMIM_nitrate,10.0,positive,11,0.009074395096019351,0.009891976780793146,midpoint_s,model_dependent_charge_nC,0.009485980436146523,0.009485980436146523,0.009485980436146523,334.9992335446952,334.9992335446952,334.9992335446952,2,18,median,median,95_percent_circular_moving_block_bootstrap_over_captures,0.009485980436146523,334.9992335446952,334.9992335446952,334.9992335446952
BMIM_nitrate_20kHz,"BMIM nitrate, 20 kHz",BMIM_nitrate,20.0,negative,0,1.8108645969589522e-05,0.0008444516426614621,midpoint_s,model_dependent_charge_nC,0.000428948991939958,0.000428948991939958,0.000428948991939958,363.79307508617376,363.79307508617376,363.79307508617376,2,34,median,median,95_percent_circular_moving_block_bootstrap_over_captures,0.000428948991939958,363.79307508617376,363.79307508617376,363.79307508617376
BMIM_nitrate_20kHz,"BMIM nitrate, 20 kHz",BMIM_nitrate,20.0,negative,1,0.0008444516426614621,0.0016707946393533346,midpoint_s,model_dependent_charge_nC,0.0012538493449086804,0.0012538493449086804,0.0012538493449086804,360.4189703801218,360.4189703801218,360.4189703801218,2,32,median,median,95_percent_circular_moving_block_bootstrap_over_captures,0.0012538493449086804,360.4189703801218,360.4189703801218,360.4189703801218
BMIM_nitrate_20kHz,"BMIM nitrate, 20 kHz",BMIM_nitrate,20.0,negative,2,0.0016707946393533346,0.0024971376360452074,midpoint_s,model_dependent_charge_nC,0.0020788427075459403,0.0020788427075459403,0.0020788427075459403,370.4811912621715,370.4811912621715,370.4811912621715,2,34,median,median,95_percent_circular_moving_block_bootstrap_over_captures,0.0020788427075459403,370.4811912621715,370.4811912621715,370.4811912621715
BMIM_nitrate_20kHz,"BMIM nitrate, 20 kHz",BMIM_nitrate,20.0,negative,3,0.0024971376360452074,0.00332348063273708,midpoint_s,model_dependent_charge_nC,0.002916222613687215,0.002916222613687215,0.002916222613687215,372.61675900757876,372.61675900757876,372.61675900757876,2,33,median,median,95_percent_circular_moving_block_bootstrap_over_captures,0.002916222613687215,372.61675900757876,372.61675900757876,372.61675900757876
BMIM_nitrate_20kHz,"BMIM nitrate, 20 kHz",BMIM_nitrate,20.0,negative,4,0.00332348063273708,0.004149823629428952,midpoint_s,model_dependent_charge_nC,0.0037411283878934836,0.0037411283878934836,0.0037411283878934836,371.9655555190279,371.9655555190279,371.9655555190279,2,33,median,median,95_percent_circular_moving_block_bootstrap_over_captures,0.0037411283878934836,371.9655555190279,371.9655555190279,371.9655555190279
BMIM_nitrate_20kHz,"BMIM nitrate, 20 kHz",BMIM_nitrate,20.0,negative,5,0.004149823629428952,0.004976166626120825,midpoint_s,model_dependent_charge_nC,0.004566009325772719,0.004566009325772719,0.004566009325772719,369.06023442868656,369.06023442868656,369.06023442868656,2,33,median,median,95_percent_circular_moving_block_bootstrap_over_captures,0.004566009325772719,369.06023442868656,369.06023442868656,369.06023442868656
BMIM_nitrate_20kHz,"BMIM nitrate, 20 kHz",BMIM_nitrate,20.0,negative,6,0.004976166626120825,0.005802509622812698,midpoint_s,model_dependent_charge_nC,0.005390917732886178,0.005390917732886178,0.005390917732886178,367.6942436431865,367.6942436431865,367.6942436431865,2,33,median,median,95_percent_circular_moving_block_bootstrap_over_captures,0.005390917732886178,367.6942436431865,367.6942436431865,367.6942436431865
BMIM_nitrate_20kHz,"BMIM nitrate, 20 kHz",BMIM_nitrate,20.0,negative,7,0.005802509622812698,0.00662885261950457,midpoint_s,model_dependent_charge_nC,0.006215806422261523,0.006215806422261523,0.006215806422261523,367.50201465207186,367.50201465207186,367.50201465207186,2,33,median,median,95_percent_circular_moving_block_bootstrap_over_captures,0.006215806422261523,367.50201465207186,367.50201465207186,367.50201465207186
BMIM_nitrate_20kHz,"BMIM nitrate, 20 kHz",BMIM_nitrate,20.0,negative,8,0.00662885261950457,0.007455195616196442,midpoint_s,model_dependent_charge_nC,0.007040701519299052,0.007040701519299052,0.007040701519299052,367.39822790129034,367.39822790129034,367.39822790129034,2,33,median,median,95_percent_circular_moving_block_bootstrap_over_captures,0.007040701519299052,367.39822790129034,367.39822790129034,367.39822790129034
BMIM_nitrate_20kHz,"BMIM nitrate, 20 kHz",BMIM_nitrate,20.0,negative,9,0.007455195616196442,0.008281538612888314,midpoint_s,model_dependent_charge_nC,0.007865614422119603,0.007865614422119603,0.007865614422119603,364.1114919011637,364.1114919011637,364.1114919011637,2,33,median,median,95_percent_circular_moving_block_bootstrap_over_captures,0.007865614422119603,364.1114919011637,364.1114919011637,364.1114919011637
BMIM_nitrate_20kHz,"BMIM nitrate, 20 kHz",BMIM_nitrate,20.0,negative,10,0.008281538612888314,0.009107881609580188,midpoint_s,model_dependent_charge_nC,0.008690520518908876,0.008690520518908876,0.008690520518908876,365.5250890895576,365.5250890895576,365.5250890895576,2,33,median,median,95_percent_circular_moving_block_bootstrap_over_captures,0.008690520518908876,365.5250890895576,365.5250890895576,365.5250890895576
BMIM_nitrate_20kHz,"BMIM nitrate, 20 kHz",BMIM_nitrate,20.0,negative,11,0.009107881609580188,0.00993422460627206,midpoint_s,model_dependent_charge_nC,0.009527911166526308,0.009527911166526308,0.009527911166526308,366.0526790784875,366.0526790784875,366.0526790784875,2,34,median,median,95_percent_circular_moving_block_bootstrap_over_captures,0.009527911166526308,366.0526790784875,366.0526790784875,366.0526790784875
BMIM_nitrate_20kHz,"BMIM nitrate, 20 kHz",BMIM_nitrate,20.0,positive,0,1.8108645969589522e-05,0.0008444516426614621,midpoint_s,model_dependent_charge_nC,0.00042443876167863284,0.00042443876167863284,0.00042443876167863284,123.78976654893526,123.78976654893526,123.78976654893526,2,34,median,median,95_percent_circular_moving_block_bootstrap_over_captures,0.00042443876167863284,123.78976654893526,123.78976654893526,123.78976654893526
BMIM_nitrate_20kHz,"BMIM nitrate, 20 kHz",BMIM_nitrate,20.0,positive,1,0.0008444516426614621,0.0016707946393533346,midpoint_s,model_dependent_charge_nC,0.0012617763048634835,0.0012617763048634835,0.0012617763048634835,120.20755487481554,120.20755487481554,120.20755487481554,2,33,median,median,95_percent_circular_moving_block_bootstrap_over_captures,0.0012617763048634835,120.20755487481554,120.20755487481554,120.20755487481554
BMIM_nitrate_20kHz,"BMIM nitrate, 20 kHz",BMIM_nitrate,20.0,positive,2,0.0016707946393533346,0.0024971376360452074,midpoint_s,model_dependent_charge_nC,0.002086908406212986,0.002086908406212986,0.002086908406212986,128.60311679825787,128.60311679825787,128.60311679825787,2,33,median,median,95_percent_circular_moving_block_bootstrap_over_captures,0.002086908406212986,128.60311679825787,128.60311679825787,128.60311679825787
BMIM_nitrate_20kHz,"BMIM nitrate, 20 kHz",BMIM_nitrate,20.0,positive,3,0.0024971376360452074,0.00332348063273708,midpoint_s,model_dependent_charge_nC,0.002899267095072452,0.002899267095072452,0.002899267095072452,130.32874892002553,130.32874892002553,130.32874892002553,2,32,median,median,95_percent_circular_moving_block_bootstrap_over_captures,0.002899267095072452,130.32874892002553,130.32874892002553,130.32874892002553
BMIM_nitrate_20kHz,"BMIM nitrate, 20 kHz",BMIM_nitrate,20.0,positive,4,0.00332348063273708,0.004149823629428952,midpoint_s,model_dependent_charge_nC,0.003724165797503358,0.003724165797503358,0.003724165797503358,130.82056640467826,130.82056640467826,130.82056640467826,2,34,median,median,95_percent_circular_moving_block_bootstrap_over_captures,0.003724165797503358,130.82056640467826,130.82056640467826,130.82056640467826
BMIM_nitrate_20kHz,"BMIM nitrate, 20 kHz",BMIM_nitrate,20.0,positive,5,0.004149823629428952,0.004976166626120825,midpoint_s,model_dependent_charge_nC,0.004561535400479268,0.004561535400479268,0.004561535400479268,128.4264487703521,128.4264487703521,128.4264487703521,2,33,median,median,95_percent_circular_moving_block_bootstrap_over_captures,0.004561535400479268,128.4264487703521,128.4264487703521,128.4264487703521
BMIM_nitrate_20kHz,"BMIM nitrate, 20 kHz",BMIM_nitrate,20.0,positive,6,0.004976166626120825,0.005802509622812698,midpoint_s,model_dependent_charge_nC,0.00538629866712432,0.00538629866712432,0.00538629866712432,127.59736074927079,127.59736074927079,127.59736074927079,2,33,median,median,95_percent_circular_moving_block_bootstrap_over_captures,0.00538629866712432,127.59736074927079,127.59736074927079,127.59736074927079
BMIM_nitrate_20kHz,"BMIM nitrate, 20 kHz",BMIM_nitrate,20.0,positive,7,0.005802509622812698,0.00662885261950457,midpoint_s,model_dependent_charge_nC,0.006211241463774371,0.006211241463774371,0.006211241463774371,125.91554630959017,125.91554630959017,125.91554630959017,2,33,median,median,95_percent_circular_moving_block_bootstrap_over_captures,0.006211241463774371,125.91554630959017,125.91554630959017,125.91554630959017
BMIM_nitrate_20kHz,"BMIM nitrate, 20 kHz",BMIM_nitrate,20.0,positive,8,0.00662885261950457,0.007455195616196442,midpoint_s,model_dependent_charge_nC,0.007036210260903635,0.007036210260903635,0.007036210260903635,127.47001965969811,127.47001965969811,127.47001965969811,2,33,median,median,95_percent_circular_moving_block_bootstrap_over_captures,0.007036210260903635,127.47001965969811,127.47001965969811,127.47001965969811
BMIM_nitrate_20kHz,"BMIM nitrate, 20 kHz",BMIM_nitrate,20.0,positive,9,0.007455195616196442,0.008281538612888314,midpoint_s,model_dependent_charge_nC,0.007873589591518192,0.007873589591518192,0.007873589591518192,123.40590987049049,123.40590987049049,123.40590987049049,2,34,median,median,95_percent_circular_moving_block_bootstrap_over_captures,0.007873589591518192,123.40590987049049,123.40590987049049,123.40590987049049
BMIM_nitrate_20kHz,"BMIM nitrate, 20 kHz",BMIM_nitrate,20.0,positive,10,0.008281538612888314,0.009107881609580188,midpoint_s,model_dependent_charge_nC,0.008703222845567774,0.008703222845567774,0.008703222845567774,224.6604945695022,224.6604945695022,224.6604945695022,2,32,median,median,95_percent_circular_moving_block_bootstrap_over_captures,0.008703222845567774,224.6604945695022,224.6604945695022,224.6604945695022
BMIM_nitrate_20kHz,"BMIM nitrate, 20 kHz",BMIM_nitrate,20.0,positive,11,0.009107881609580188,0.00993422460627206,midpoint_s,model_dependent_charge_nC,0.009528129909434194,0.009528129909434194,0.009528129909434194,228.1667402056994,228.1667402056994,228.1667402056994,2,34,median,median,95_percent_circular_moving_block_bootstrap_over_captures,0.009528129909434194,228.1667402056994,228.1667402056994,228.1667402056994
5mM_Mn_nitrate_in_water_4kHz,"5 mM Mn nitrate, 4 kHz",5mM_Mn_nitrate_in_water,4.0,negative,0,4.519065980665742e-05,0.0008503919795628571,midpoint_s,model_dependent_charge_nC,0.0004404670856240953,0.0004404670856240953,0.0004404670856240953,225.93781048674722,225.93781048674722,225.93781048674722,2,7,median,median,95_percent_circular_moving_block_bootstrap_over_captures,0.0004404670856240953,225.93781048674722,225.93781048674722,225.93781048674722
5mM_Mn_nitrate_in_water_4kHz,"5 mM Mn nitrate, 4 kHz",5mM_Mn_nitrate_in_water,4.0,negative,1,0.0008503919795628571,0.0016555932993190569,midpoint_s,model_dependent_charge_nC,0.0012530324725002393,0.0012530324725002393,0.0012530324725002393,225.6085472714954,225.6085472714954,225.6085472714954,2,6,median,median,95_percent_circular_moving_block_bootstrap_over_captures,0.0012530324725002393,225.6085472714954,225.6085472714954,225.6085472714954
5mM_Mn_nitrate_in_water_4kHz,"5 mM Mn nitrate, 4 kHz",5mM_Mn_nitrate_in_water,4.0,negative,2,0.0016555932993190569,0.0024607946190752564,midpoint_s,model_dependent_charge_nC,0.002065599101878327,0.002065599101878327,0.002065599101878327,233.51629066685007,233.51629066685007,233.51629066685007,2,7,median,median,95_percent_circular_moving_block_bootstrap_over_captures,0.002065599101878327,233.51629066685007,233.51629066685007,233.51629066685007
5mM_Mn_nitrate_in_water_4kHz,"5 mM Mn nitrate, 4 kHz",5mM_Mn_nitrate_in_water,4.0,negative,3,0.0024607946190752564,0.003265995938831456,midpoint_s,model_dependent_charge_nC,0.002878171809493048,0.002878171809493048,0.002878171809493048,237.05078584028084,237.05078584028084,237.05078584028084,2,6,median,median,95_percent_circular_moving_block_bootstrap_over_captures,0.002878171809493048,237.05078584028084,237.05078584028084,237.05078584028084
5mM_Mn_nitrate_in_water_4kHz,"5 mM Mn nitrate, 4 kHz",5mM_Mn_nitrate_in_water,4.0,negative,4,0.003265995938831456,0.004071197258587656,midpoint_s,model_dependent_charge_nC,0.003690753193470937,0.003690753193470937,0.003690753193470937,230.04427272326552,230.04427272326552,230.04427272326552,2,7,median,median,95_percent_circular_moving_block_bootstrap_over_captures,0.003690753193470937,230.04427272326552,230.04427272326552,230.04427272326552
5mM_Mn_nitrate_in_water_4kHz,"5 mM Mn nitrate, 4 kHz",5mM_Mn_nitrate_in_water,4.0,negative,5,0.004071197258587656,0.004876398578343856,midpoint_s,model_dependent_charge_nC,0.004503315073581542,0.004503315073581542,0.004503315073581542,226.26310593769242,226.26310593769242,226.26310593769242,2,6,median,median,95_percent_circular_moving_block_bootstrap_over_captures,0.004503315073581542,226.26310593769242,226.26310593769242,226.26310593769242
5mM_Mn_nitrate_in_water_4kHz,"5 mM Mn nitrate, 4 kHz",5mM_Mn_nitrate_in_water,4.0,negative,6,0.004876398578343856,0.005681599898100055,midpoint_s,model_dependent_charge_nC,0.005253380635732101,0.005253380635732101,0.005253380635732101,218.508775871091,218.508775871091,218.508775871091,2,6,median,median,95_percent_circular_moving_block_bootstrap_over_captures,0.005253380635732101,218.508775871091,218.508775871091,218.508775871091
5mM_Mn_nitrate_in_water_4kHz,"5 mM Mn nitrate, 4 kHz",5mM_Mn_nitrate_in_water,4.0,negative,7,0.005681599898100055,0.006486801217856255,midpoint_s,model_dependent_charge_nC,0.006065950250911839,0.006065950250911839,0.006065950250911839,230.83212557247305,230.83212557247305,230.83212557247305,2,7,median,median,95_percent_circular_moving_block_bootstrap_over_captures,0.006065950250911839,230.83212557247305,230.83212557247305,230.83212557247305
5mM_Mn_nitrate_in_water_4kHz,"5 mM Mn nitrate, 4 kHz",5mM_Mn_nitrate_in_water,4.0,negative,8,0.006486801217856255,0.007292002537612455,midpoint_s,model_dependent_charge_nC,0.006878527658294482,0.006878527658294482,0.006878527658294482,236.64463216825533,236.64463216825533,236.64463216825533,2,6,median,median,95_percent_circular_moving_block_bootstrap_over_captures,0.006878527658294482,236.64463216825533,236.64463216825533,236.64463216825533
5mM_Mn_nitrate_in_water_4kHz,"5 mM Mn nitrate, 4 kHz",5mM_Mn_nitrate_in_water,4.0,negative,9,0.007292002537612455,0.008097203857368654,midpoint_s,model_dependent_charge_nC,0.00769109506342473,0.00769109506342473,0.00769109506342473,233.83587445821556,233.83587445821556,233.83587445821556,2,7,median,median,95_percent_circular_moving_block_bootstrap_over_captures,0.00769109506342473,233.83587445821556,233.83587445821556,233.83587445821556
5mM_Mn_nitrate_in_water_4kHz,"5 mM Mn nitrate, 4 kHz",5mM_Mn_nitrate_in_water,4.0,negative,10,0.008097203857368654,0.008902405177124853,midpoint_s,model_dependent_charge_nC,0.008503662922651447,0.008503662922651447,0.008503662922651447,222.6390366343659,222.6390366343659,222.6390366343659,2,6,median,median,95_percent_circular_moving_block_bootstrap_over_captures,0.008503662922651447,222.6390366343659,222.6390366343659,222.6390366343659
5mM_Mn_nitrate_in_water_4kHz,"5 mM Mn nitrate, 4 kHz",5mM_Mn_nitrate_in_water,4.0,negative,11,0.008902405177124853,0.009707606496881054,midpoint_s,model_dependent_charge_nC,0.009316234965341926,0.009316234965341926,0.009316234965341926,223.97249990468458,223.97249990468458,223.97249990468458,2,7,median,median,95_percent_circular_moving_block_bootstrap_over_captures,0.009316234965341926,223.97249990468458,223.97249990468458,223.97249990468458
5mM_Mn_nitrate_in_water_4kHz,"5 mM Mn nitrate, 4 kHz",5mM_Mn_nitrate_in_water,4.0,positive,0,4.519065980665742e-05,0.0008503919795628571,midpoint_s,model_dependent_charge_nC,0.0004365627890263054,0.0004365627890263054,0.0004365627890263054,17.61470950539709,17.61470950539709,17.61470950539709,2,7,median,median,95_percent_circular_moving_block_bootstrap_over_captures,0.0004365627890263054,17.61470950539709,17.61470950539709,17.61470950539709
5mM_Mn_nitrate_in_water_4kHz,"5 mM Mn nitrate, 4 kHz",5mM_Mn_nitrate_in_water,4.0,positive,1,0.0008503919795628571,0.0016555932993190569,midpoint_s,model_dependent_charge_nC,0.0012491357861955691,0.0012491357861955691,0.0012491357861955691,25.391923716884435,25.391923716884435,25.391923716884435,2,6,median,median,95_percent_circular_moving_block_bootstrap_over_captures,0.0012491357861955691,25.391923716884435,25.391923716884435,25.391923716884435
5mM_Mn_nitrate_in_water_4kHz,"5 mM Mn nitrate, 4 kHz",5mM_Mn_nitrate_in_water,4.0,positive,2,0.0016555932993190569,0.0024607946190752564,midpoint_s,model_dependent_charge_nC,0.002061715278797647,0.002061715278797647,0.002061715278797647,30.627386730910423,30.627386730910423,30.627386730910423,2,7,median,median,95_percent_circular_moving_block_bootstrap_over_captures,0.002061715278797647,30.627386730910423,30.627386730910423,30.627386730910423
5mM_Mn_nitrate_in_water_4kHz,"5 mM Mn nitrate, 4 kHz",5mM_Mn_nitrate_in_water,4.0,positive,3,0.0024607946190752564,0.003265995938831456,midpoint_s,model_dependent_charge_nC,0.0028742865754183156,0.0028742865754183156,0.0028742865754183156,30.281215696374318,30.281215696374318,30.281215696374318,2,6,median,median,95_percent_circular_moving_block_bootstrap_over_captures,0.0028742865754183156,30.281215696374318,30.281215696374318,30.281215696374318
5mM_Mn_nitrate_in_water_4kHz,"5 mM Mn nitrate, 4 kHz",5mM_Mn_nitrate_in_water,4.0,positive,4,0.003265995938831456,0.004071197258587656,midpoint_s,model_dependent_charge_nC,0.0036868580867286983,0.0036868580867286983,0.0036868580867286983,20.959879932195175,20.959879932195175,20.959879932195175,2,7,median,median,95_percent_circular_moving_block_bootstrap_over_captures,0.0036868580867286983,20.959879932195175,20.959879932195175,20.959879932195175
5mM_Mn_nitrate_in_water_4kHz,"5 mM Mn nitrate, 4 kHz",5mM_Mn_nitrate_in_water,4.0,positive,5,0.004071197258587656,0.004876398578343856,midpoint_s,model_dependent_charge_nC,0.00449941292488503,0.00449941292488503,0.00449941292488503,17.439499197144187,17.439499197144187,17.439499197144187,2,6,median,median,95_percent_circular_moving_block_bootstrap_over_captures,0.00449941292488503,17.439499197144187,17.439499197144187,17.439499197144187
5mM_Mn_nitrate_in_water_4kHz,"5 mM Mn nitrate, 4 kHz",5mM_Mn_nitrate_in_water,4.0,positive,6,0.004876398578343856,0.005681599898100055,midpoint_s,model_dependent_charge_nC,0.0052494882973344575,0.0052494882973344575,0.0052494882973344575,14.972587050904387,14.972587050904387,14.972587050904387,2,6,median,median,95_percent_circular_moving_block_bootstrap_over_captures,0.0052494882973344575,14.972587050904387,14.972587050904387,14.972587050904387
5mM_Mn_nitrate_in_water_4kHz,"5 mM Mn nitrate, 4 kHz",5mM_Mn_nitrate_in_water,4.0,positive,7,0.005681599898100055,0.006486801217856255,midpoint_s,model_dependent_charge_nC,0.0060620503100321434,0.0060620503100321434,0.0060620503100321434,30.684016524963887,30.684016524963887,30.684016524963887,2,7,median,median,95_percent_circular_moving_block_bootstrap_over_captures,0.0060620503100321434,30.684016524963887,30.684016524963887,30.684016524963887
5mM_Mn_nitrate_in_water_4kHz,"5 mM Mn nitrate, 4 kHz",5mM_Mn_nitrate_in_water,4.0,positive,8,0.006486801217856255,0.007292002537612455,midpoint_s,model_dependent_charge_nC,0.006874643622523522,0.006874643622523522,0.006874643622523522,34.724152661913934,34.724152661913934,34.724152661913934,2,6,median,median,95_percent_circular_moving_block_bootstrap_over_captures,0.006874643622523522,34.724152661913934,34.724152661913934,34.724152661913934
5mM_Mn_nitrate_in_water_4kHz,"5 mM Mn nitrate, 4 kHz",5mM_Mn_nitrate_in_water,4.0,positive,9,0.007292002537612455,0.008097203857368654,midpoint_s,model_dependent_charge_nC,0.0076872053160952115,0.0076872053160952115,0.0076872053160952115,28.825560600428517,28.825560600428517,28.825560600428517,2,7,median,median,95_percent_circular_moving_block_bootstrap_over_captures,0.0076872053160952115,28.825560600428517,28.825560600428517,28.825560600428517
5mM_Mn_nitrate_in_water_4kHz,"5 mM Mn nitrate, 4 kHz",5mM_Mn_nitrate_in_water,4.0,positive,10,0.008097203857368654,0.008902405177124853,midpoint_s,model_dependent_charge_nC,0.00849977489205959,0.00849977489205959,0.00849977489205959,15.25032822036998,15.25032822036998,15.25032822036998,2,6,median,median,95_percent_circular_moving_block_bootstrap_over_captures,0.00849977489205959,15.25032822036998,15.25032822036998,15.25032822036998
5mM_Mn_nitrate_in_water_4kHz,"5 mM Mn nitrate, 4 kHz",5mM_Mn_nitrate_in_water,4.0,positive,11,0.008902405177124853,0.009707606496881054,midpoint_s,model_dependent_charge_nC,0.009312332936276696,0.009312332936276696,0.009312332936276696,19.537223819229496,19.537223819229496,19.537223819229496,2,7,median,median,95_percent_circular_moving_block_bootstrap_over_captures,0.009312332936276696,19.537223819229496,19.537223819229496,19.537223819229496
5mM_Mn_nitrate_in_water_10kHz,"5 mM Mn nitrate, 10 kHz",5mM_Mn_nitrate_in_water,10.0,negative,0,1.5702756272096393e-05,0.0008406085022931286,midpoint_s,model_dependent_charge_nC,0.0004172961226009531,0.0004172961226009531,0.0004172961226009531,130.2010465645557,130.2010465645557,130.2010465645557,2,17,median,median,95_percent_circular_moving_block_bootstrap_over_captures,0.0004172961226009531,130.2010465645557,130.2010465645557,130.2010465645557
5mM_Mn_nitrate_in_water_10kHz,"5 mM Mn nitrate, 10 kHz",5mM_Mn_nitrate_in_water,10.0,negative,1,0.0008406085022931286,0.0016655142483141608,midpoint_s,model_dependent_charge_nC,0.0012422004884849228,0.0012422004884849228,0.0012422004884849228,128.90608497482145,128.90608497482145,128.90608497482145,2,16,median,median,95_percent_circular_moving_block_bootstrap_over_captures,0.0012422004884849228,128.90608497482145,128.90608497482145,128.90608497482145
5mM_Mn_nitrate_in_water_10kHz,"5 mM Mn nitrate, 10 kHz",5mM_Mn_nitrate_in_water,10.0,negative,2,0.0016655142483141608,0.002490419994335193,midpoint_s,model_dependent_charge_nC,0.002067110980678285,0.002067110980678285,0.002067110980678285,126.28775060969579,126.28775060969579,126.28775060969579,2,17,median,median,95_percent_circular_moving_block_bootstrap_over_captures,0.002067110980678285,126.28775060969579,126.28775060969579,126.28775060969579
5mM_Mn_nitrate_in_water_10kHz,"5 mM Mn nitrate, 10 kHz",5mM_Mn_nitrate_in_water,10.0,negative,3,0.002490419994335193,0.003315325740356225,midpoint_s,model_dependent_charge_nC,0.0028920293173817736,0.0028920293173817736,0.0028920293173817736,132.66822821522544,132.66822821522544,132.66822821522544,2,16,median,median,95_percent_circular_moving_block_bootstrap_over_captures,0.0028920293173817736,132.66822821522544,132.66822821522544,132.66822821522544
5mM_Mn_nitrate_in_water_10kHz,"5 mM Mn nitrate, 10 kHz",5mM_Mn_nitrate_in_water,10.0,negative,4,0.003315325740356225,0.004140231486377257,midpoint_s,model_dependent_charge_nC,0.003716936115017924,0.003716936115017924,0.003716936115017924,130.248316570831,130.248316570831,130.248316570831,2,17,median,median,95_percent_circular_moving_block_bootstrap_over_captures,0.003716936115017924,130.248316570831,130.248316570831,130.248316570831
5mM_Mn_nitrate_in_water_10kHz,"5 mM Mn nitrate, 10 kHz",5mM_Mn_nitrate_in_water,10.0,negative,5,0.004140231486377257,0.0049651372323982895,midpoint_s,model_dependent_charge_nC,0.0045418452437202255,0.0045418452437202255,0.0045418452437202255,133.31394094070984,133.31394094070984,133.31394094070984,2,16,median,median,95_percent_circular_moving_block_bootstrap_over_captures,0.0045418452437202255,133.31394094070984,133.31394094070984,133.31394094070984
5mM_Mn_nitrate_in_water_10kHz,"5 mM Mn nitrate, 10 kHz",5mM_Mn_nitrate_in_water,10.0,negative,6,0.0049651372323982895,0.005790042978419322,midpoint_s,model_dependent_charge_nC,0.005366751069382681,0.005366751069382681,0.005366751069382681,132.55406789011474,132.55406789011474,132.55406789011474,2,17,median,median,95_percent_circular_moving_block_bootstrap_over_captures,0.005366751069382681,132.55406789011474,132.55406789011474,132.55406789011474
5mM_Mn_nitrate_in_water_10kHz,"5 mM Mn nitrate, 10 kHz",5mM_Mn_nitrate_in_water,10.0,negative,7,0.005790042978419322,0.006614948724440354,midpoint_s,model_dependent_charge_nC,0.006191653450955974,0.006191653450955974,0.006191653450955974,127.18761833122801,127.18761833122801,127.18761833122801,2,16,median,median,95_percent_circular_moving_block_bootstrap_over_captures,0.006191653450955974,127.18761833122801,127.18761833122801,127.18761833122801
5mM_Mn_nitrate_in_water_10kHz,"5 mM Mn nitrate, 10 kHz",5mM_Mn_nitrate_in_water,10.0,negative,8,0.006614948724440354,0.007439854470461386,midpoint_s,model_dependent_charge_nC,0.007016556761828503,0.007016556761828503,0.007016556761828503,124.79942087142214,124.79942087142214,124.79942087142214,2,17,median,median,95_percent_circular_moving_block_bootstrap_over_captures,0.007016556761828503,124.79942087142214,124.79942087142214,124.79942087142214
5mM_Mn_nitrate_in_water_10kHz,"5 mM Mn nitrate, 10 kHz",5mM_Mn_nitrate_in_water,10.0,negative,9,0.007439854470461386,0.008264760216482418,midpoint_s,model_dependent_charge_nC,0.007841468660889663,0.007841468660889663,0.007841468660889663,123.60254605107755,123.60254605107755,123.60254605107755,2,16,median,median,95_percent_circular_moving_block_bootstrap_over_captures,0.007841468660889663,123.60254605107755,123.60254605107755,123.60254605107755
5mM_Mn_nitrate_in_water_10kHz,"5 mM Mn nitrate, 10 kHz",5mM_Mn_nitrate_in_water,10.0,negative,10,0.008264760216482418,0.00908966596250345,midpoint_s,model_dependent_charge_nC,0.008666360812642479,0.008666360812642479,0.008666360812642479,128.4105352372309,128.4105352372309,128.4105352372309,2,17,median,median,95_percent_circular_moving_block_bootstrap_over_captures,0.008666360812642479,128.4105352372309,128.4105352372309,128.4105352372309
5mM_Mn_nitrate_in_water_10kHz,"5 mM Mn nitrate, 10 kHz",5mM_Mn_nitrate_in_water,10.0,negative,11,0.00908966596250345,0.009914571708524483,midpoint_s,model_dependent_charge_nC,0.00951628098104172,0.00951628098104172,0.00951628098104172,126.46519384685442,126.46519384685442,126.46519384685442,2,17,median,median,95_percent_circular_moving_block_bootstrap_over_captures,0.00951628098104172,126.46519384685442,126.46519384685442,126.46519384685442
5mM_Mn_nitrate_in_water_10kHz,"5 mM Mn nitrate, 10 kHz",5mM_Mn_nitrate_in_water,10.0,positive,0,1.5702756272096393e-05,0.0008406085022931286,midpoint_s,model_dependent_charge_nC,0.0004155065332744388,0.0004155065332744388,0.0004155065332744388,207.64602226191482,207.64602226191482,207.64602226191482,2,17,median,median,95_percent_circular_moving_block_bootstrap_over_captures,0.0004155065332744388,207.64602226191482,207.64602226191482,207.64602226191482
5mM_Mn_nitrate_in_water_10kHz,"5 mM Mn nitrate, 10 kHz",5mM_Mn_nitrate_in_water,10.0,positive,1,0.0008406085022931286,0.0016655142483141608,midpoint_s,model_dependent_charge_nC,0.0012425799878735093,0.0012425799878735093,0.0012425799878735093,148.1750266389687,148.1750266389687,148.1750266389687,2,16,median,median,95_percent_circular_moving_block_bootstrap_over_captures,0.0012425799878735093,148.1750266389687,148.1750266389687,148.1750266389687
5mM_Mn_nitrate_in_water_10kHz,"5 mM Mn nitrate, 10 kHz",5mM_Mn_nitrate_in_water,10.0,positive,2,0.0016655142483141608,0.002490419994335193,midpoint_s,model_dependent_charge_nC,0.0020696325345152416,0.0020696325345152416,0.0020696325345152416,207.43952287391886,207.43952287391886,207.43952287391886,2,17,median,median,95_percent_circular_moving_block_bootstrap_over_captures,0.0020696325345152416,207.43952287391886,207.43952287391886,207.43952287391886
5mM_Mn_nitrate_in_water_10kHz,"5 mM Mn nitrate, 10 kHz",5mM_Mn_nitrate_in_water,10.0,positive,3,0.002490419994335193,0.003315325740356225,midpoint_s,model_dependent_charge_nC,0.0028945499532344746,0.0028945499532344746,0.0028945499532344746,213.17796893992897,213.17796893992897,213.17796893992897,2,16,median,median,95_percent_circular_moving_block_bootstrap_over_captures,0.0028945499532344746,213.17796893992897,213.17796893992897,213.17796893992897
5mM_Mn_nitrate_in_water_10kHz,"5 mM Mn nitrate, 10 kHz",5mM_Mn_nitrate_in_water,10.0,positive,4,0.003315325740356225,0.004140231486377257,midpoint_s,model_dependent_charge_nC,0.003712995349457706,0.003712995349457706,0.003712995349457706,-15.249582821487463,-15.249582821487463,-15.249582821487463,2,17,median,median,95_percent_circular_moving_block_bootstrap_over_captures,0.003712995349457706,-15.249582821487463,-15.249582821487463,-15.249582821487463
5mM_Mn_nitrate_in_water_10kHz,"5 mM Mn nitrate, 10 kHz",5mM_Mn_nitrate_in_water,10.0,positive,5,0.004140231486377257,0.0049651372323982895,midpoint_s,model_dependent_charge_nC,0.004569369864869236,0.004569369864869236,0.004569369864869236,210.3543412661931,210.3543412661931,210.3543412661931,2,17,median,median,95_percent_circular_moving_block_bootstrap_over_captures,0.004569369864869236,210.3543412661931,210.3543412661931,210.3543412661931
5mM_Mn_nitrate_in_water_10kHz,"5 mM Mn nitrate, 10 kHz",5mM_Mn_nitrate_in_water,10.0,positive,6,0.0049651372323982895,0.005790042978419322,midpoint_s,model_dependent_charge_nC,0.005392120792127697,0.005392120792127697,0.005392120792127697,100.78663441718933,100.78663441718933,100.78663441718933,2,16,median,median,95_percent_circular_moving_block_bootstrap_over_captures,0.005392120792127697,100.78663441718933,100.78663441718933,100.78663441718933
5mM_Mn_nitrate_in_water_10kHz,"5 mM Mn nitrate, 10 kHz",5mM_Mn_nitrate_in_water,10.0,positive,7,0.005790042978419322,0.006614948724440354,midpoint_s,model_dependent_charge_nC,0.006194173328145987,0.006194173328145987,0.006194173328145987,95.21383732601318,95.21383732601318,95.21383732601318,2,16,median,median,95_percent_circular_moving_block_bootstrap_over_captures,0.006194173328145987,95.21383732601318,95.21383732601318,95.21383732601318
5mM_Mn_nitrate_in_water_10kHz,"5 mM Mn nitrate, 10 kHz",5mM_Mn_nitrate_in_water,10.0,positive,8,0.006614948724440354,0.007439854470461386,midpoint_s,model_dependent_charge_nC,0.00702123291865287,0.00702123291865287,0.00702123291865287,206.65647555197953,206.65647555197953,206.65647555197953,2,17,median,median,95_percent_circular_moving_block_bootstrap_over_captures,0.00702123291865287,206.65647555197953,206.65647555197953,206.65647555197953
5mM_Mn_nitrate_in_water_10kHz,"5 mM Mn nitrate, 10 kHz",5mM_Mn_nitrate_in_water,10.0,positive,9,0.007439854470461386,0.008264760216482418,midpoint_s,model_dependent_charge_nC,0.007868984220806471,0.007868984220806471,0.007868984220806471,38.029925597918066,38.029925597918066,38.029925597918066,2,17,median,median,95_percent_circular_moving_block_bootstrap_over_captures,0.007868984220806471,38.029925597918066,38.029925597918066,38.029925597918066
5mM_Mn_nitrate_in_water_10kHz,"5 mM Mn nitrate, 10 kHz",5mM_Mn_nitrate_in_water,10.0,positive,10,0.008264760216482418,0.00908966596250345,midpoint_s,model_dependent_charge_nC,0.008693879124372444,0.008693879124372444,0.008693879124372444,146.2588130242383,146.2588130242383,146.2588130242383,2,16,median,median,95_percent_circular_moving_block_bootstrap_over_captures,0.008693879124372444,146.2588130242383,146.2588130242383,146.2588130242383
5mM_Mn_nitrate_in_water_10kHz,"5 mM Mn nitrate, 10 kHz",5mM_Mn_nitrate_in_water,10.0,positive,11,0.00908966596250345,0.009914571708524483,midpoint_s,model_dependent_charge_nC,0.00951879660725001,0.00951879660725001,0.00951879660725001,150.27362926449024,150.27362926449024,150.27362926449024,2,17,median,median,95_percent_circular_moving_block_bootstrap_over_captures,0.00951879660725001,150.27362926449024,150.27362926449024,150.27362926449024
5mM_Mn_nitrate_in_water_20kHz,"5 mM Mn nitrate, 20 kHz",5mM_Mn_nitrate_in_water,20.0,negative,0,1.4594104637533533e-05,0.0008411688950161898,midpoint_s,model_dependent_charge_nC,0.0004267630004793607,0.0004267630004793607,0.0004267630004793607,292.7281475080126,292.7281475080126,292.7281475080126,2,34,median,median,95_percent_circular_moving_block_bootstrap_over_captures,0.0004267630004793607,292.7281475080126,292.7281475080126,292.7281475080126
5mM_Mn_nitrate_in_water_20kHz,"5 mM Mn nitrate, 20 kHz",5mM_Mn_nitrate_in_water,20.0,negative,1,0.0008411688950161898,0.0016677436853948463,midpoint_s,model_dependent_charge_nC,0.0012516615742444392,0.0012516615742444392,0.0012516615742444392,292.4411544782559,292.4411544782559,292.4411544782559,2,32,median,median,95_percent_circular_moving_block_bootstrap_over_captures,0.0012516615742444392,292.4411544782559,292.4411544782559,292.4411544782559
5mM_Mn_nitrate_in_water_20kHz,"5 mM Mn nitrate, 20 kHz",5mM_Mn_nitrate_in_water,20.0,negative,2,0.0016677436853948463,0.0024943184757735028,midpoint_s,model_dependent_charge_nC,0.002076555068833419,0.002076555068833419,0.002076555068833419,291.36860201202626,291.36860201202626,291.36860201202626,2,34,median,median,95_percent_circular_moving_block_bootstrap_over_captures,0.002076555068833419,291.36860201202626,291.36860201202626,291.36860201202626
5mM_Mn_nitrate_in_water_20kHz,"5 mM Mn nitrate, 20 kHz",5mM_Mn_nitrate_in_water,20.0,negative,3,0.0024943184757735028,0.003320893266152159,midpoint_s,model_dependent_charge_nC,0.002913974024688513,0.002913974024688513,0.002913974024688513,291.2278656620282,291.2278656620282,291.2278656620282,2,33,median,median,95_percent_circular_moving_block_bootstrap_over_captures,0.002913974024688513,291.2278656620282,291.2278656620282,291.2278656620282
5mM_Mn_nitrate_in_water_20kHz,"5 mM Mn nitrate, 20 kHz",5mM_Mn_nitrate_in_water,20.0,negative,4,0.003320893266152159,0.004147468056530815,midpoint_s,model_dependent_charge_nC,0.0037388750458307494,0.0037388750458307494,0.0037388750458307494,288.65354894900736,288.65354894900736,288.65354894900736,2,33,median,median,95_percent_circular_moving_block_bootstrap_over_captures,0.0037388750458307494,288.65354894900736,288.65354894900736,288.65354894900736
5mM_Mn_nitrate_in_water_20kHz,"5 mM Mn nitrate, 20 kHz",5mM_Mn_nitrate_in_water,20.0,negative,5,0.004147468056530815,0.004974042846909472,midpoint_s,model_dependent_charge_nC,0.004563783539870698,0.004563783539870698,0.004563783539870698,289.3767147774345,289.3767147774345,289.3767147774345,2,33,median,median,95_percent_circular_moving_block_bootstrap_over_captures,0.004563783539870698,289.3767147774345,289.3767147774345,289.3767147774345
5mM_Mn_nitrate_in_water_20kHz,"5 mM Mn nitrate, 20 kHz",5mM_Mn_nitrate_in_water,20.0,negative,6,0.004974042846909472,0.005800617637288128,midpoint_s,model_dependent_charge_nC,0.005388682229053541,0.005388682229053541,0.005388682229053541,289.4962850977577,289.4962850977577,289.4962850977577,2,33,median,median,95_percent_circular_moving_block_bootstrap_over_captures,0.005388682229053541,289.4962850977577,289.4962850977577,289.4962850977577
5mM_Mn_nitrate_in_water_20kHz,"5 mM Mn nitrate, 20 kHz",5mM_Mn_nitrate_in_water,20.0,negative,7,0.005800617637288128,0.006627192427666784,midpoint_s,model_dependent_charge_nC,0.006213605933584443,0.006213605933584443,0.006213605933584443,288.80461512199827,288.80461512199827,288.80461512199827,2,33,median,median,95_percent_circular_moving_block_bootstrap_over_captures,0.006213605933584443,288.80461512199827,288.80461512199827,288.80461512199827
5mM_Mn_nitrate_in_water_20kHz,"5 mM Mn nitrate, 20 kHz",5mM_Mn_nitrate_in_water,20.0,negative,8,0.006627192427666784,0.007453767218045441,midpoint_s,model_dependent_charge_nC,0.007038499457347302,0.007038499457347302,0.007038499457347302,289.65362337963535,289.65362337963535,289.65362337963535,2,33,median,median,95_percent_circular_moving_block_bootstrap_over_captures,0.007038499457347302,289.65362337963535,289.65362337963535,289.65362337963535
5mM_Mn_nitrate_in_water_20kHz,"5 mM Mn nitrate, 20 kHz",5mM_Mn_nitrate_in_water,20.0,negative,9,0.007453767218045441,0.008280342008424096,midpoint_s,model_dependent_charge_nC,0.007863401864723979,0.007863401864723979,0.007863401864723979,289.1847641283334,289.1847641283334,289.1847641283334,2,33,median,median,95_percent_circular_moving_block_bootstrap_over_captures,0.007863401864723979,289.1847641283334,289.1847641283334,289.1847641283334
5mM_Mn_nitrate_in_water_20kHz,"5 mM Mn nitrate, 20 kHz",5mM_Mn_nitrate_in_water,20.0,negative,10,0.008280342008424096,0.009106916798802753,midpoint_s,model_dependent_charge_nC,0.008688307379447525,0.008688307379447525,0.008688307379447525,288.3043035875618,288.3043035875618,288.3043035875618,2,33,median,median,95_percent_circular_moving_block_bootstrap_over_captures,0.008688307379447525,288.3043035875618,288.3043035875618,288.3043035875618
5mM_Mn_nitrate_in_water_20kHz,"5 mM Mn nitrate, 20 kHz",5mM_Mn_nitrate_in_water,20.0,negative,11,0.009106916798802753,0.00993349158918141,midpoint_s,model_dependent_charge_nC,0.009525716933082233,0.009525716933082233,0.009525716933082233,288.44174846261484,288.44174846261484,288.44174846261484,2,34,median,median,95_percent_circular_moving_block_bootstrap_over_captures,0.009525716933082233,288.44174846261484,288.44174846261484,288.44174846261484
5mM_Mn_nitrate_in_water_20kHz,"5 mM Mn nitrate, 20 kHz",5mM_Mn_nitrate_in_water,20.0,positive,0,1.4594104637533533e-05,0.0008411688950161898,midpoint_s,model_dependent_charge_nC,0.0004222775832170131,0.0004222775832170131,0.0004222775832170131,77.12374163458324,77.12374163458324,77.12374163458324,2,34,median,median,95_percent_circular_moving_block_bootstrap_over_captures,0.0004222775832170131,77.12374163458324,77.12374163458324,77.12374163458324
5mM_Mn_nitrate_in_water_20kHz,"5 mM Mn nitrate, 20 kHz",5mM_Mn_nitrate_in_water,20.0,positive,1,0.0008411688950161898,0.0016677436853948463,midpoint_s,model_dependent_charge_nC,0.0012596292161385898,0.0012596292161385898,0.0012596292161385898,81.07747779656792,81.07747779656792,81.07747779656792,2,33,median,median,95_percent_circular_moving_block_bootstrap_over_captures,0.0012596292161385898,81.07747779656792,81.07747779656792,81.07747779656792
5mM_Mn_nitrate_in_water_20kHz,"5 mM Mn nitrate, 20 kHz",5mM_Mn_nitrate_in_water,20.0,positive,2,0.0016677436853948463,0.0024943184757735028,midpoint_s,model_dependent_charge_nC,0.002084504114933333,0.002084504114933333,0.002084504114933333,77.95355956096643,77.95355956096643,77.95355956096643,2,33,median,median,95_percent_circular_moving_block_bootstrap_over_captures,0.002084504114933333,77.95355956096643,77.95355956096643,77.95355956096643
5mM_Mn_nitrate_in_water_20kHz,"5 mM Mn nitrate, 20 kHz",5mM_Mn_nitrate_in_water,20.0,positive,3,0.0024943184757735028,0.003320893266152159,midpoint_s,model_dependent_charge_nC,0.0029094079350897167,0.0029094079350897167,0.0029094079350897167,77.62718357644556,77.62718357644556,77.62718357644556,2,33,median,median,95_percent_circular_moving_block_bootstrap_over_captures,0.0029094079350897167,77.62718357644556,77.62718357644556,77.62718357644556
5mM_Mn_nitrate_in_water_20kHz,"5 mM Mn nitrate, 20 kHz",5mM_Mn_nitrate_in_water,20.0,positive,4,0.003320893266152159,0.004147468056530815,midpoint_s,model_dependent_charge_nC,0.0037342872424987947,0.0037342872424987947,0.0037342872424987947,77.119915909523,77.119915909523,77.119915909523,2,33,median,median,95_percent_circular_moving_block_bootstrap_over_captures,0.0037342872424987947,77.119915909523,77.119915909523,77.119915909523
5mM_Mn_nitrate_in_water_20kHz,"5 mM Mn nitrate, 20 kHz",5mM_Mn_nitrate_in_water,20.0,positive,5,0.004147468056530815,0.004974042846909472,midpoint_s,model_dependent_charge_nC,0.004559188917031124,0.004559188917031124,0.004559188917031124,77.97090027285955,77.97090027285955,77.97090027285955,2,33,median,median,95_percent_circular_moving_block_bootstrap_over_captures,0.004559188917031124,77.97090027285955,77.97090027285955,77.97090027285955
5mM_Mn_nitrate_in_water_20kHz,"5 mM Mn nitrate, 20 kHz",5mM_Mn_nitrate_in_water,20.0,positive,6,0.004974042846909472,0.005800617637288128,midpoint_s,model_dependent_charge_nC,0.005384065182650603,0.005384065182650603,0.005384065182650603,76.78501091220099,76.78501091220099,76.78501091220099,2,33,median,median,95_percent_circular_moving_block_bootstrap_over_captures,0.005384065182650603,76.78501091220099,76.78501091220099,76.78501091220099
5mM_Mn_nitrate_in_water_20kHz,"5 mM Mn nitrate, 20 kHz",5mM_Mn_nitrate_in_water,20.0,positive,7,0.005800617637288128,0.006627192427666784,midpoint_s,model_dependent_charge_nC,0.006209074372234174,0.006209074372234174,0.006209074372234174,76.91794024770667,76.91794024770667,76.91794024770667,2,33,median,median,95_percent_circular_moving_block_bootstrap_over_captures,0.006209074372234174,76.91794024770667,76.91794024770667,76.91794024770667
5mM_Mn_nitrate_in_water_20kHz,"5 mM Mn nitrate, 20 kHz",5mM_Mn_nitrate_in_water,20.0,positive,8,0.006627192427666784,0.007453767218045441,midpoint_s,model_dependent_charge_nC,0.007033956824420939,0.007033956824420939,0.007033956824420939,77.71841183619833,77.71841183619833,77.71841183619833,2,33,median,median,95_percent_circular_moving_block_bootstrap_over_captures,0.007033956824420939,77.71841183619833,77.71841183619833,77.71841183619833
5mM_Mn_nitrate_in_water_20kHz,"5 mM Mn nitrate, 20 kHz",5mM_Mn_nitrate_in_water,20.0,positive,9,0.007453767218045441,0.008280342008424096,midpoint_s,model_dependent_charge_nC,0.007871380394923837,0.007871380394923837,0.007871380394923837,74.58176548093056,74.58176548093056,74.58176548093056,2,34,median,median,95_percent_circular_moving_block_bootstrap_over_captures,0.007871380394923837,74.58176548093056,74.58176548093056,74.58176548093056
5mM_Mn_nitrate_in_water_20kHz,"5 mM Mn nitrate, 20 kHz",5mM_Mn_nitrate_in_water,20.0,positive,10,0.008280342008424096,0.009106916798802753,midpoint_s,model_dependent_charge_nC,0.008696263049402107,0.008696263049402107,0.008696263049402107,76.5066784318792,76.5066784318792,76.5066784318792,2,32,median,median,95_percent_circular_moving_block_bootstrap_over_captures,0.008696263049402107,76.5066784318792,76.5066784318792,76.5066784318792
5mM_Mn_nitrate_in_water_20kHz,"5 mM Mn nitrate, 20 kHz",5mM_Mn_nitrate_in_water,20.0,positive,11,0.009106916798802753,0.00993349158918141,midpoint_s,model_dependent_charge_nC,0.009521159984211314,0.009521159984211314,0.009521159984211314,76.06308819073271,76.06308819073271,76.06308819073271,2,34,median,median,95_percent_circular_moving_block_bootstrap_over_captures,0.009521159984211314,76.06308819073271,76.06308819073271,76.06308819073271
