member,material,burst_kHz,level,capture_index,selected
Lissajouswaveformsdifferentmediums/manganese nitrate in water/Lissajousfigure4kHz/Lissajousfigure4kHz_01.csv,5mM_Mn_nitrate_in_water,4,MAX,1,True
Lissajouswaveformsdifferentmediums/manganese nitrate in water/Lissajousfigure4kHz/Lissajousfigure4kHz_02.csv,5mM_Mn_nitrate_in_water,4,MAX,2,True
Lissajouswaveformsdifferentmediums/manganese nitrate in water/Lissajousfigure4kHz/Lissajousfigure4kHz_03.csv,5mM_Mn_nitrate_in_water,4,MAX,3,True
Lissajouswaveformsdifferentmediums/manganese nitrate in water/Lissajousfigure4kHz/Lissajousfigure4kHz_04.csv,5mM_Mn_nitrate_in_water,4,MAX,4,True
Lissajouswaveformsdifferentmediums/manganese nitrate in water/Lissajousfigure4kHz/Lissajousfigure4kHz_05.csv,5mM_Mn_nitrate_in_water,4,MAX,5,True
Lissajouswaveformsdifferentmediums/manganese nitrate in water/Lissajousfigure4kHz/Lissajousfigure4kHz_06.csv,5mM_Mn_nitrate_in_water,4,MAX,6,True
Lissajouswaveformsdifferentmediums/manganese nitrate in water/Lissajousfigure4kHz/Lissajousfigure4kHz_07.csv,5mM_Mn_nitrate_in_water,4,MAX,7,True
Lissajouswaveformsdifferentmediums/manganese nitrate in water/Lissajousfigure4kHz/Lissajousfigure4kHz_08.csv,5mM_Mn_nitrate_in_water,4,MAX,8,True
Lissajouswaveformsdifferentmediums/manganese nitrate in water/Lissajousfigure4kHz/Lissajousfigure4kHz_09.csv,5mM_Mn_nitrate_in_water,4,MAX,9,True
Lissajouswaveformsdifferentmediums/manganese nitrate in water/Lissajousfigure4kHz/Lissajousfigure4kHz_10.csv,5mM_Mn_nitrate_in_water,4,MAX,10,True
Lissajouswaveformsdifferentmediums/manganese nitrate in water/Lissajousfigure4kHz/Lissajousfigure4kHz_11.csv,5mM_Mn_nitrate_in_water,4,MAX,11,True
Lissajouswaveformsdifferentmediums/manganese nitrate in water/Lissajousfigure4kHz/Lissajousfigure4kHz_12.csv,5mM_Mn_nitrate_in_water,4,MAX,12,True
Lissajouswaveformsdifferentmediums/manganese nitrate in water/Lissajousfigure4kHz/Lissajousfigure4kHz_13.csv,5mM_Mn_nitrate_in_water,4,MAX,13,True
Lissajouswaveformsdifferentmediums/manganese nitrate in water/Lissajousfigure4kHz/Lissajousfigure4kHz_14.csv,5mM_Mn_nitrate_in_water,4,MAX,14,True
Lissajouswaveformsdifferentmediums/manganese nitrate in water/Lissajousfigure4kHz/Lissajousfigure4kHz_15.csv,5mM_Mn_nitrate_in_water,4,MAX,15,True
Lissajouswaveformsdifferentmediums/manganese nitrate in water/Lissajousfigure4kHz/Lissajousfigure4kHz_16.csv,5mM_Mn_nitrate_in_water,4,MAX,16,True
Lissajouswaveformsdifferentmediums/manganese nitrate in water/Lissajousfigure4kHz/Lissajousfigure4kHz_17.csv,5mM_Mn_nitrate_in_water,4,MAX,17,True
Lissajouswaveformsdifferentmediums/manganese nitrate in water/Lissajousfigure4kHz/Lissajousfigure4kHz_18.csv,5mM_Mn_nitrate_in_water,4,MAX,18,True
Lissajouswaveformsdifferentmediums/manganese nitrate in water/Lissajousfigure4kHz/Lissajousfigure4kHz_19.csv,5mM_Mn_nitrate_in_water,4,MAX,19,True
Lissajouswaveformsdifferentmediums/manganese nitrate in water/Lissajousfigure4kHz/Lissajousfigure4kHz_20.csv,5mM_Mn_nitrate_in_water,4,MAX,20,True
Lissajouswaveformsdifferentmediums/manganese nitrate in water/Lissajousfigure4kHz/Lissajousfigure4kHz_21.csv,5mM_Mn_nitrate_in_water,4,MAX,21,True
Lissajouswaveformsdifferentmediums/manganese nitrate in water/Lissajousfigure4kHz/Lissajousfigure4kHz_22.csv,5mM_Mn_nitrate_in_water,4,MAX,22,True
Lissajouswaveformsdifferentmediums/manganese nitrate in water/Lissajousfigure4kHz/Lissajousfigure4kHz_23.csv,5mM_Mn_nitrate_in_water,4,MAX,23,True
Lissajouswaveformsdifferentmediums/manganese nitrate in water/Lissajousfigure4kHz/Lissajousfigure4kHz_24.csv,5mM_Mn_nitrate_in_water,4,MAX,24,True
Lissajouswaveformsdifferentmediums/manganese nitrate in water/Lissajousfigure4kHz/Lissajousfigure4kHz_25.csv,5mM_Mn_nitrate_in_water,4,MAX,25,True
Lissajouswaveformsdifferentmediums/manganese nitrate in water/Lissajousfigure4kHz/Lissajousfigure4kHz_26.csv,5mM_Mn_nitrate_in_water,4,MAX,26,True
Lissajouswaveformsdifferentmediums/manganese nitrate in water/Lissajousfigure4kHz/Lissajousfigure4kHz_27.csv,5mM_Mn_nitrate_in_water,4,MAX,27,True
Lissajouswaveformsdifferentmediums/manganese nitrate in water/Lissajousfigure4kHz/Lissajousfigure4kHz_28.csv,5mM_Mn_nitrate_in_water,4,MAX,28,True
Lissajouswaveformsdifferentmediums/manganese nitrate in water/Lissajousfigure4kHz/Lissajousfigure4kHz_29.csv,5mM_Mn_nitrate_in_water,4,MAX,29,True
Lissajouswaveformsdifferentmediums/manganese nitrate in water/Lissajousfigure4kHz/Lissajousfigure4kHz_30.csv,5mM_Mn_nitrate_in_water,4,MAX,30,True
Lissajouswaveformsdifferentmediums/manganese nitrate in water/Lissajousfigure4kHz/Lissajousfigure4kHz_31.csv,5mM_Mn_nitrate_in_water,4,MAX,31,True
Lissajouswaveformsdifferentmediums/manganese nitrate in water/Lissajousfigure4kHz/Lissajousfigure4kHz_32.csv,5mM_Mn_nitrate_in_water,4,MAX,32,True
Lissajouswaveformsdifferentmediums/manganese nitrate in water/Lissajousfigure4kHz/Lissajousfigure4kHz_33.csv,5mM_Mn_nitrate_in_water,4,MAX,33,True
Lissajouswaveformsdifferentmediums/manganese nitrate in water/Lissajousfigure4kHz/Lissajousfigure4kHz_34.csv,5mM_Mn_nitrate_in_water,4,MAX,34,True
Lissajouswaveformsdifferentmediums/manganese nitrate in water/Lissajousfigure4kHz/Lissajousfigure4kHz_35.csv,5mM_Mn_nitrate_in_water,4,MAX,35,True
Lissajouswaveformsdifferentmediums/manganese nitrate in water/Lissajousfigure4kHz/Lissajousfigure4kHz_36.csv,5mM_Mn_nitrate_in_water,4,MAX,36,True
Lissajouswaveformsdifferentmediums/manganese nitrate in water/Lissajousfigure4kHz/Lissajousfigure4kHz_37.csv,5mM_Mn_nitrate_in_water,4,MAX,37,True
Lissajouswaveformsdifferentmediums/manganese nitrate in water/Lissajousfigure4kHz/Lissajousfigure4kHz_38.csv,5mM_Mn_nitrate_in_water,4,MAX,38,True
Lissajouswaveformsdifferentmediums/manganese nitrate in water/Lissajousfigure4kHz/Lissajousfigure4kHz_39.csv,5mM_Mn_nitrate_in_water,4,MAX,39,True
Lissajouswaveformsdifferentmediums/manganese nitrate in water/Lissajousfigure4kHz/Lissajousfigure4kHz_40.csv,5mM_Mn_nitrate_in_water,4,MAX,40,True
Lissajouswaveformsdifferentmediums/manganese nitrate in water/Lissajousfigure4kHz/Lissajousfigure4kHz_41.csv,5mM_Mn_nitrate_in_water,4,MAX,41,True
Lissajouswaveformsdifferentmediums/manganese nitrate in water/Lissajousfigure4kHz/Lissajousfigure4kHz_42.csv,5mM_Mn_nitrate_in_water,4,MAX,42,True
Lissajouswaveformsdifferentmediums/manganese nitrate in water/Lissajousfigure4kHz/Lissajousfigure4kHz_43.csv,5mM_Mn_nitrate_in_water,4,MAX,43,True
Lissajouswaveformsdifferentmediums/manganese nitrate in water/Lissajousfigure4kHz/Lissajousfigure4kHz_44.csv,5mM_Mn_nitrate_in_water,4,MAX,44,True
Lissajouswaveformsdifferentmediums/manganese nitrate in water/Lissajousfigure4kHz/Lissajousfigure4kHz_45.csv,5mM_Mn_nitrate_in_water,4,MAX,45,True
Lissajouswaveformsdifferentmediums/manganese nitrate in water/Lissajousfigure4kHz/Lissajousfigure4kHz_46.csv,5mM_Mn_nitrate_in_water,4,MAX,46,True
Lissajouswaveformsdifferentmediums/manganese nitrate in water/Lissajousfigure4kHz/Lissajousfigure4kHz_47.csv,5mM_Mn_nitrate_in_water,4,MAX,47,True
Lissajouswaveformsdifferentmediums/manganese nitrate in water/Lissajousfigure4kHz/Lissajousfigure4kHz_48.csv,5mM_Mn_nitrate_in_water,4,MAX,48,True
Lissajouswaveformsdifferentmediums/manganese nitrate in water/Lissajousfigure4kHz/Lissajousfigure4kHz_49.csv,5mM_Mn_nitrate_in_water,4,MAX,49,True
Lissajouswaveformsdifferentmediums/manganese nitrate in water/Lissajousfigure4kHz/Lissajousfigure4kHz_50.csv,5mM_Mn_nitrate_in_water,4,MAX,50,True
Lissajouswaveformsdifferentmediums/manganese nitrate in water/Lissajousfigure4kHz/Lissajousfigure4kHz_51.csv,5mM_Mn_nitrate_in_water,4,MAX,51,True
Lissajouswaveformsdifferentmediums/manganese nitrate in water/Lissajousfigure4kHz/Lissajousfigure4kHz_52.csv,5mM_Mn_nitrate_in_water,4,MAX,52,True
Lissajouswaveformsdifferentmediums/manganese nitrate in water/Lissajousfigure4kHz/Lissajousfigure4kHz_53.csv,5mM_Mn_nitrate_in_water,4,MAX,53,True
Lissajouswaveformsdifferentmediums/manganese nitrate in water/Lissajousfigure4kHz/Lissajousfigure4kHz_54.csv,5mM_Mn_nitrate_in_water,4,MAX,54,True
Lissajouswaveformsdifferentmediums/manganese nitrate in water/Lissajousfigure4kHz/Lissajousfigure4kHz_55.csv,5mM_Mn_nitrate_in_water,4,MAX,55,True
Lissajouswaveformsdifferentmediums/manganese nitrate in water/Lissajousfigure4kHz/Lissajousfigure4kHz_56.csv,5mM_Mn_nitrate_in_water,4,MAX,56,True
Lissajouswaveformsdifferentmediums/manganese nitrate in water/Lissajousfigure4kHz/Lissajousfigure4kHz_57.csv,5mM_Mn_nitrate_in_water,4,MAX,57,True
Lissajouswaveformsdifferentmediums/manganese nitrate in water/Lissajousfigure4kHz/Lissajousfigure4kHz_58.csv,5mM_Mn_nitrate_in_water,4,MAX,58,True
Lissajouswaveformsdifferentmediums/manganese nitrate in water/Lissajousfigure4kHz/Lissajousfigure4kHz_59.csv,5mM_Mn_nitrate_in_water,4,MAX,59,True
Lissajouswaveformsdifferentmediums/manganese nitrate in water/Lissajousfigure4kHz/Lissajousfigure4kHz_60.csv,5mM_Mn_nitrate_in_water,4,MAX,60,True
Lissajouswaveformsdifferentmediums/manganese nitrate in water/Lissajousfigure4kHz/Lissajousfigure4kHz_61.csv,5mM_Mn_nitrate_in_water,4,MAX,61,True
Lissajouswaveformsdifferentmediums/manganese nitrate in water/Lissajousfigure4kHz/Lissajousfigure4kHz_62.csv,5mM_Mn_nitrate_in_water,4,MAX,62,True
Lissajouswaveformsdifferentmediums/manganese nitrate in water/Lissajousfigure4kHz/Lissajousfigure4kHz_63.csv,5mM_Mn_nitrate_in_water,4,MAX,63,True
Lissajouswaveformsdifferentmediums/manganese nitrate in water/Lissajousfigure4kHz/Lissajousfigure4kHz_64.csv,5mM_Mn_nitrate_in_water,4,MAX,64,True
Lissajouswaveformsdifferentmediums/manganese nitrate in water/Lissajousfigure10kHz-0002/Lissajousfigure10kHz-0002_01.csv,5mM_Mn_nitrate_in_water,10,MAX,1,True
Lissajouswaveformsdifferentmediums/manganese nitrate in water/Lissajousfigure10kHz-0002/Lissajousfigure10kHz-0002_02.csv,5mM_Mn_nitrate_in_water,10,MAX,2,True
Lissajouswaveformsdifferentmediums/manganese nitrate in water/Lissajousfigure10kHz-0002/Lissajousfigure10kHz-0002_03.csv,5mM_Mn_nitrate_in_water,10,MAX,3,True
Lissajouswaveformsdifferentmediums/manganese nitrate in water/Lissajousfigure10kHz-0002/Lissajousfigure10kHz-0002_04.csv,5mM_Mn_nitrate_in_water,10,MAX,4,True
Lissajouswaveformsdifferentmediums/manganese nitrate in water/Lissajousfigure10kHz-0002/Lissajousfigure10kHz-0002_05.csv,5mM_Mn_nitrate_in_water,10,MAX,5,True
Lissajouswaveformsdifferentmediums/manganese nitrate in water/Lissajousfigure10kHz-0002/Lissajousfigure10kHz-0002_06.csv,5mM_Mn_nitrate_in_water,10,MAX,6,True
Lissajouswaveformsdifferentmediums/manganese nitrate in water/Lissajousfigure10kHz-0002/Lissajousfigure10kHz-0002_07.csv,5mM_Mn_nitrate_in_water,10,MAX,7,True
Lissajouswaveformsdifferentmediums/manganese nitrate in water/Lissajousfigure10kHz-0002/Lissajousfigure10kHz-0002_08.csv,5mM_Mn_nitrate_in_water,10,MAX,8,True
Lissajouswaveformsdifferentmediums/manganese nitrate in water/Lissajousfigure10kHz-0002/Lissajousfigure10kHz-0002_09.csv,5mM_Mn_nitrate_in_water,10,MAX,9,True
Lissajouswaveformsdifferentmediums/manganese nitrate in water/Lissajousfigure10kHz-0002/Lissajousfigure10kHz-0002_10.csv,5mM_Mn_nitrate_in_water,10,MAX,10,True
Lissajouswaveformsdifferentmediums/manganese nitrate in water/Lissajousfigure10kHz-0002/Lissajousfigure10kHz-0002_11.csv,5mM_Mn_nitrate_in_water,10,MAX,11,True
Lissajouswaveformsdifferentmediums/manganese nitrate in water/Lissajousfigure10kHz-0002/Lissajousfigure10kHz-0002_12.csv,5mM_Mn_nitrate_in_water,10,MAX,12,True
Lissajouswaveformsdifferentmediums/manganese nitrate in water/Lissajousfigure10kHz-0002/Lissajousfigure10kHz-0002_13.csv,5mM_Mn_nitrate_in_water,10,MAX,13,True
Lissajouswaveformsdifferentmediums/manganese nitrate in water/Lissajousfigure10kHz-0002/Lissajousfigure10kHz-0002_14.csv,5mM_Mn_nitrate_in_water,10,MAX,14,True
Lissajouswaveformsdifferentmediums/manganese nitrate in water/Lissajousfigure10kHz-0002/Lissajousfigure10kHz-0002_15.csv,5mM_Mn_nitrate_in_water,10,MAX,15,True
Lissajouswaveformsdifferentmediums/manganese nitrate in water/Lissajousfigure10kHz-0002/Lissajousfigure10kHz-0002_16.csv,5mM_Mn_nitrate_in_water,10,MAX,16,True
Lissajouswaveformsdifferentmediums/manganese nitrate in water/Lissajousfigure10kHz-0002/Lissajousfigure10kHz-0002_17.csv,5mM_Mn_nitrate_in_water,10,MAX,17,True
Lissajouswaveformsdifferentmediums/manganese nitrate in water/Lissajousfigure10kHz-0002/Lissajousfigure10kHz-0002_18.csv,5mM_Mn_nitrate_in_water,10,MAX,18,True
Lissajouswaveformsdifferentmediums/manganese nitrate in water/Lissajousfigure10kHz-0002/Lissajousfigure10kHz-0002_19.csv,5mM_Mn_nitrate_in_water,10,MAX,19,True
Lissajouswaveformsdifferentmediums/manganese nitrate in water/Lissajousfigure10kHz-0002/Lissajousfigure10kHz-0002_20.csv,5mM_Mn_nitrate_in_water,10,MAX,20,True
Lissajouswaveformsdifferentmediums/manganese nitrate in water/Lissajousfigure10kHz-0002/Lissajousfigure10kHz-0002_21.csv,5mM_Mn_nitrate_in_water,10,MAX,21,True
Lissajouswaveformsdifferentmediums/manganese nitrate in water/Lissajousfigure10kHz-0002/Lissajousfigure10kHz-0002_22.csv,5mM_Mn_nitrate_in_water,10,MAX,22,True
Lissajouswaveformsdifferentmediums/manganese nitrate in water/Lissajousfigure10kHz-0002/Lissajousfigure10kHz-0002_23.csv,5mM_Mn_nitrate_in_water,10,MAX,23,True
Lissajouswaveformsdifferentmediums/manganese nitrate in water/Lissajousfigure10kHz-0002/Lissajousfigure10kHz-0002_24.csv,5mM_Mn_nitrate_in_water,10,MAX,24,True
Lissajouswaveformsdifferentmediums/manganese nitrate in water/Lissajousfigure10kHz-0002/Lissajousfigure10kHz-0002_25.csv,5mM_Mn_nitrate_in_water,10,MAX,25,True
Lissajouswaveformsdifferentmediums/manganese nitrate in water/Lissajousfigure10kHz-0002/Lissajousfigure10kHz-0002_26.csv,5mM_Mn_nitrate_in_water,10,MAX,26,True
Lissajouswaveformsdifferentmediums/manganese nitrate in water/Lissajousfigure10kHz-0002/Lissajousfigure10kHz-0002_27.csv,5mM_Mn_nitrate_in_water,10,MAX,27,True
Lissajouswaveformsdifferentmediums/manganese nitrate in water/Lissajousfigure10kHz-0002/Lissajousfigure10kHz-0002_28.csv,5mM_Mn_nitrate_in_water,10,MAX,28,True
Lissajouswaveformsdifferentmediums/manganese nitrate in water/Lissajousfigure10kHz-0002/Lissajousfigure10kHz-0002_29.csv,5mM_Mn_nitrate_in_water,10,MAX,29,True
Lissajouswaveformsdifferentmediums/manganese nitrate in water/Lissajousfigure10kHz-0002/Lissajousfigure10kHz-0002_30.csv,5mM_Mn_nitrate_in_water,10,MAX,30,True
Lissajouswaveformsdifferentmediums/manganese nitrate in water/Lissajousfigure10kHz-0002/Lissajousfigure10kHz-0002_31.csv,5mM_Mn_nitrate_in_water,10,MAX,31,True
Lissajouswaveformsdifferentmediums/manganese nitrate in water/Lissajousfigure10kHz-0002/Lissajousfigure10kHz-0002_32.csv,5mM_Mn_nitrate_in_water,10,MAX,32,True
Lissajouswaveformsdifferentmediums/manganese nitrate in water/Lissajousfigure10kHz-0002/Lissajousfigure10kHz-0002_33.csv,5mM_Mn_nitrate_in_water,10,MAX,33,True
Lissajouswaveformsdifferentmediums/manganese nitrate in water/Lissajousfigure10kHz-0002/Lissajousfigure10kHz-0002_34.csv,5mM_Mn_nitrate_in_water,10,MAX,34,True
Lissajouswaveformsdifferentmediums/manganese nitrate in water/Lissajousfigure10kHz-0002/Lissajousfigure10kHz-0002_35.csv,5mM_Mn_nitrate_in_water,10,MAX,35,True
Lissajouswaveformsdifferentmediums/manganese nitrate in water/Lissajousfigure10kHz-0002/Lissajousfigure10kHz-0002_36.csv,5mM_Mn_nitrate_in_water,10,MAX,36,True
Lissajouswaveformsdifferentmediums/manganese nitrate in water/Lissajousfigure10kHz-0002/Lissajousfigure10kHz-0002_37.csv,5mM_Mn_nitrate_in_water,10,MAX,37,True
Lissajouswaveformsdifferentmediums/manganese nitrate in water/Lissajousfigure10kHz-0002/Lissajousfigure10kHz-0002_38.csv,5mM_Mn_nitrate_in_water,10,MAX,38,True
Lissajouswaveformsdifferentmediums/manganese nitrate in water/Lissajousfigure10kHz-0002/Lissajousfigure10kHz-0002_39.csv,5mM_Mn_nitrate_in_water,10,MAX,39,True
Lissajouswaveformsdifferentmediums/manganese nitrate in water/Lissajousfigure10kHz-0002/Lissajousfigure10kHz-0002_40.csv,5mM_Mn_nitrate_in_water,10,MAX,40,True
Lissajouswaveformsdifferentmediums/manganese nitrate in water/Lissajousfigure10kHz-0002/Lissajousfigure10kHz-0002_41.csv,5mM_Mn_nitrate_in_water,10,MAX,41,True
Lissajouswaveformsdifferentmediums/manganese nitrate in water/Lissajousfigure10kHz-0002/Lissajousfigure10kHz-0002_42.csv,5mM_Mn_nitrate_in_water,10,MAX,42,True
Lissajouswaveformsdifferentmediums/manganese nitrate in water/Lissajousfigure10kHz-0002/Lissajousfigure10kHz-0002_43.csv,5mM_Mn_nitrate_in_water,10,MAX,43,True
Lissajouswaveformsdifferentmediums/manganese nitrate in water/Lissajousfigure10kHz-0002/Lissajousfigure10kHz-0002_44.csv,5mM_Mn_nitrate_in_water,10,MAX,44,True
Lissajouswaveformsdifferentmediums/manganese nitrate in water/Lissajousfigure10kHz-0002/Lissajousfigure10kHz-0002_45.csv,5mM_Mn_nitrate_in_water,10,MAX,45,True
Lissajouswaveformsdifferentmediums/manganese nitrate in water/Lissajousfigure10kHz-0002/Lissajousfigure10kHz-0002_46.csv,5mM_Mn_nitrate_in_water,10,MAX,46,True
Lissajouswaveformsdifferentmediums/manganese nitrate in water/Lissajousfigure10kHz-0002/Lissajousfigure10kHz-0002_47.csv,5mM_Mn_nitrate_in_water,10,MAX,47,True
Lissajouswaveformsdifferentmediums/manganese nitrate in water/Lissajousfigure10kHz-0002/Lissajousfigure10kHz-0002_48.csv,5mM_Mn_nitrate_in_water,10,MAX,48,True
Lissajouswaveformsdifferentmediums/manganese nitrate in water/Lissajousfigure10kHz-0002/Lissajousfigure10kHz-0002_49.csv,5mM_Mn_nitrate_in_water,10,MAX,49,True
Lissajouswaveformsdifferentmediums/manganese nitrate in water/Lissajousfigure10kHz-0002/Lissajousfigure10kHz-0002_50.csv,5mM_Mn_nitrate_in_water,10,MAX,50,True
Lissajouswaveformsdifferentmediums/manganese nitrate in water/Lissajousfigure10kHz-0002/Lissajousfigure10kHz-0002_51.csv,5mM_Mn_nitrate_in_water,10,MAX,51,True
Lissajouswaveformsdifferentmediums/manganese nitrate in water/Lissajousfigure10kHz-0002/Lissajousfigure10kHz-0002_52.csv,5mM_Mn_nitrate_in_water,10,MAX,52,True
Lissajouswaveformsdifferentmediums/manganese nitrate in water/Lissajousfigure10kHz-0002/Lissajousfigure10kHz-0002_53.csv,5mM_Mn_nitrate_in_water,10,MAX,53,True
Lissajouswaveformsdifferentmediums/manganese nitrate in water/Lissajousfigure10kHz-0002/Lissajousfigure10kHz-0002_54.csv,5mM_Mn_nitrate_in_water,10,MAX,54,True
Lissajouswaveformsdifferentmediums/manganese nitrate in water/Lissajousfigure10kHz-0002/Lissajousfigure10kHz-0002_55.csv,5mM_Mn_nitrate_in_water,10,MAX,55,True
Lissajouswaveformsdifferentmediums/manganese nitrate in water/Lissajousfigure10kHz-0002/Lissajousfigure10kHz-0002_56.csv,5mM_Mn_nitrate_in_water,10,MAX,56,True
Lissajouswaveformsdifferentmediums/manganese nitrate in water/Lissajousfigure10kHz-0002/Lissajousfigure10kHz-0002_57.csv,5mM_Mn_nitrate_in_water,10,MAX,57,True
Lissajouswaveformsdifferentmediums/manganese nitrate in water/Lissajousfigure10kHz-0002/Lissajousfigure10kHz-0002_58.csv,5mM_Mn_nitrate_in_water,10,MAX,58,True
Lissajouswaveformsdifferentmediums/manganese nitrate in water/Lissajousfigure10kHz-0002/Lissajousfigure10kHz-0002_59.csv,5mM_Mn_nitrate_in_water,10,MAX,59,True
Lissajouswaveformsdifferentmediums/manganese nitrate in water/Lissajousfigure10kHz-0002/Lissajousfigure10kHz-0002_60.csv,5mM_Mn_nitrate_in_water,10,MAX,60,True
Lissajouswaveformsdifferentmediums/manganese nitrate in water/Lissajousfigure10kHz-0002/Lissajousfigure10kHz-0002_61.csv,5mM_Mn_nitrate_in_water,10,MAX,61,True
Lissajouswaveformsdifferentmediums/manganese nitrate in water/Lissajousfigure10kHz-0002/Lissajousfigure10kHz-0002_62.csv,5mM_Mn_nitrate_in_water,10,MAX,62,True
Lissajouswaveformsdifferentmediums/manganese nitrate in water/Lissajousfigure10kHz-0002/Lissajousfigure10kHz-0002_63.csv,5mM_Mn_nitrate_in_water,10,MAX,63,True
Lissajouswaveformsdifferentmediums/manganese nitrate in water/Lissajousfigure10kHz-0002/Lissajousfigure10kHz-0002_64.csv,5mM_Mn_nitrate_in_water,10,MAX,64,True
Lissajouswaveformsdifferentmediums/manganese nitrate in water/20 kHz/40% breakdown/0_4breakdown-0002/0_4breakdown-0002_01.csv,5mM_Mn_nitrate_in_water,20,40,1,True
Lissajouswaveformsdifferentmediums/manganese nitrate in water/20 kHz/40% breakdown/0_4breakdown-0002/0_4breakdown-0002_02.csv,5mM_Mn_nitrate_in_water,20,40,2,False
Lissajouswaveformsdifferentmediums/manganese nitrate in water/20 kHz/40% breakdown/0_4breakdown-0002/0_4breakdown-0002_03.csv,5mM_Mn_nitrate_in_water,20,40,3,False
Lissajouswaveformsdifferentmediums/manganese nitrate in water/20 kHz/40% breakdown/0_4breakdown-0002/0_4breakdown-0002_04.csv,5mM_Mn_nitrate_in_water,20,40,4,False
Lissajouswaveformsdifferentmediums/manganese nitrate in water/20 kHz/40% breakdown/0_4breakdown-0002/0_4breakdown-0002_05.csv,5mM_Mn_nitrate_in_water,20,40,5,True
Lissajouswaveformsdifferentmediums/manganese nitrate in water/20 kHz/40% breakdown/0_4breakdown-0002/0_4breakdown-0002_06.csv,5mM_Mn_nitrate_in_water,20,40,6,False
Lissajouswaveformsdifferentmediums/manganese nitrate in water/20 kHz/40% breakdown/0_4breakdown-0002/0_4breakdown-0002_07.csv,5mM_Mn_nitrate_in_water,20,40,7,False
Lissajouswaveformsdifferentmediums/manganese nitrate in water/20 kHz/40% breakdown/0_4breakdown-0002/0_4breakdown-0002_08.csv,5mM_Mn_nitrate_in_water,20,40,8,False
Lissajouswaveformsdifferentmediums/manganese nitrate in water/20 kHz/40% breakdown/0_4breakdown-0002/0_4breakdown-0002_09.csv,5mM_Mn_nitrate_in_water,20,40,9,True
Lissajouswaveformsdifferentmediums/manganese nitrate in water/20 kHz/40% breakdown/0_4breakdown-0002/0_4breakdown-0002_10.csv,5mM_Mn_nitrate_in_water,20,40,10,False
Lissajouswaveformsdifferentmediums/manganese nitrate in water/20 kHz/40% breakdown/0_4breakdown-0002/0_4breakdown-0002_11.csv,5mM_Mn_nitrate_in_water,20,40,11,False
Lissajouswaveformsdifferentmediums/manganese nitrate in water/20 kHz/40% breakdown/0_4breakdown-0002/0_4breakdown-0002_12.csv,5mM_Mn_nitrate_in_water,20,40,12,False
Lissajouswaveformsdifferentmediums/manganese nitrate in water/20 kHz/40% breakdown/0_4breakdown-0002/0_4breakdown-0002_13.csv,5mM_Mn_nitrate_in_water,20,40,13,False
Lissajouswaveformsdifferentmediums/manganese nitrate in water/20 kHz/40% breakdown/0_4breakdown-0002/0_4breakdown-0002_14.csv,5mM_Mn_nitrate_in_water,20,40,14,True
Lissajouswaveformsdifferentmediums/manganese nitrate in water/20 kHz/40% breakdown/0_4breakdown-0002/0_4breakdown-0002_15.csv,5mM_Mn_nitrate_in_water,20,40,15,False
Lissajouswaveformsdifferentmediums/manganese nitrate in water/20 kHz/40% breakdown/0_4breakdown-0002/0_4breakdown-0002_16.csv,5mM_Mn_nitrate_in_water,20,40,16,False
Lissajouswaveformsdifferentmediums/manganese nitrate in water/20 kHz/40% breakdown/0_4breakdown-0002/0_4breakdown-0002_17.csv,5mM_Mn_nitrate_in_water,20,40,17,False
Lissajouswaveformsdifferentmediums/manganese nitrate in water/20 kHz/40% breakdown/0_4breakdown-0002/0_4breakdown-0002_18.csv,5mM_Mn_nitrate_in_water,20,40,18,True
Lissajouswaveformsdifferentmediums/manganese nitrate in water/20 kHz/40% breakdown/0_4breakdown-0002/0_4breakdown-0002_19.csv,5mM_Mn_nitrate_in_water,20,40,19,False
Lissajouswaveformsdifferentmediums/manganese nitrate in water/20 kHz/40% breakdown/0_4breakdown-0002/0_4breakdown-0002_20.csv,5mM_Mn_nitrate_in_water,20,40,20,False
Lissajouswaveformsdifferentmediums/manganese nitrate in water/20 kHz/40% breakdown/0_4breakdown-0002/0_4breakdown-0002_21.csv,5mM_Mn_nitrate_in_water,20,40,21,False
Lissajouswaveformsdifferentmediums/manganese nitrate in water/20 kHz/40% breakdown/0_4breakdown-0002/0_4breakdown-0002_22.csv,5mM_Mn_nitrate_in_water,20,40,22,True
Lissajouswaveformsdifferentmediums/manganese nitrate in water/20 kHz/40% breakdown/0_4breakdown-0002/0_4breakdown-0002_23.csv,5mM_Mn_nitrate_in_water,20,40,23,False
Lissajouswaveformsdifferentmediums/manganese nitrate in water/20 kHz/40% breakdown/0_4breakdown-0002/0_4breakdown-0002_24.csv,5mM_Mn_nitrate_in_water,20,40,24,False
Lissajouswaveformsdifferentmediums/manganese nitrate in water/20 kHz/40% breakdown/0_4breakdown-0002/0_4breakdown-0002_25.csv,5mM_Mn_nitrate_in_water,20,40,25,False
Lissajouswaveformsdifferentmediums/manganese nitrate in water/20 kHz/40% breakdown/0_4breakdown-0002/0_4breakdown-0002_26.csv,5mM_Mn_nitrate_in_water,20,40,26,True
Lissajouswaveformsdifferentmediums/manganese nitrate in water/20 kHz/40% breakdown/0_4breakdown-0002/0_4breakdown-0002_27.csv,5mM_Mn_nitrate_in_water,20,40,27,False
Lissajouswaveformsdifferentmediums/manganese nitrate in water/20 kHz/40% breakdown/0_4breakdown-0002/0_4breakdown-0002_28.csv,5mM_Mn_nitrate_in_water,20,40,28,False
Lissajouswaveformsdifferentmediums/manganese nitrate in water/20 kHz/40% breakdown/0_4breakdown-0002/0_4breakdown-0002_29.csv,5mM_Mn_nitrate_in_water,20,40,29,False
Lissajouswaveformsdifferentmediums/manganese nitrate in water/20 kHz/40% breakdown/0_4breakdown-0002/0_4breakdown-0002_30.csv,5mM_Mn_nitrate_in_water,20,40,30,True
Lissajouswaveformsdifferentmediums/manganese nitrate in water/20 kHz/40% breakdown/0_4breakdown-0002/0_4breakdown-0002_31.csv,5mM_Mn_nitrate_in_water,20,40,31,False
Lissajouswaveformsdifferentmediums/manganese nitrate in water/20 kHz/40% breakdown/0_4breakdown-0002/0_4breakdown-0002_32.csv,5mM_Mn_nitrate_in_water,20,40,32,False
Lissajouswaveformsdifferentmediums/manganese nitrate in water/20 kHz/40% breakdown/0_4breakdown-0002/0_4breakdown-0002_33.csv,5mM_Mn_nitrate_in_water,20,40,33,False
Lissajouswaveformsdifferentmediums/manganese nitrate in water/20 kHz/40% breakdown/0_4breakdown-0002/0_4breakdown-0002_34.csv,5mM_Mn_nitrate_in_water,20,40,34,False
Lissajouswaveformsdifferentmediums/manganese nitrate in water/20 kHz/40% breakdown/0_4breakdown-0002/0_4breakdown-0002_35.csv,5mM_Mn_nitrate_in_water,20,40,35,True
Lissajouswaveformsdifferentmediums/manganese nitrate in water/20 kHz/40% breakdown/0_4breakdown-0002/0_4breakdown-0002_36.csv,5mM_Mn_nitrate_in_water,20,40,36,False
Lissajouswaveformsdifferentmediums/manganese nitrate in water/20 kHz/40% breakdown/0_4breakdown-0002/0_4breakdown-0002_37.csv,5mM_Mn_nitrate_in_water,20,40,37,False
Lissajouswaveformsdifferentmediums/manganese nitrate in water/20 kHz/40% breakdown/0_4breakdown-0002/0_4breakdown-0002_38.csv,5mM_Mn_nitrate_in_water,20,40,38,False
Lissajouswaveformsdifferentmediums/manganese nitrate in water/20 kHz/40% breakdown/0_4breakdown-0002/0_4breakdown-0002_39.csv,5mM_Mn_nitrate_in_water,20,40,39,True
Lissajouswaveformsdifferentmediums/manganese nitrate in water/20 kHz/40% breakdown/0_4breakdown-0002/0_4breakdown-0002_40.csv,5mM_Mn_nitrate_in_water,20,40,40,False
Lissajouswaveformsdifferentmediums/manganese nitrate in water/20 kHz/40% breakdown/0_4breakdown-0002/0_4breakdown-0002_41.csv,5mM_Mn_nitrate_in_water,20,40,41,False
Lissajouswaveformsdifferentmediums/manganese nitrate in water/20 kHz/40% breakdown/0_4breakdown-0002/0_4breakdown-0002_42.csv,5mM_Mn_nitrate_in_water,20,40,42,False
Lissajouswaveformsdifferentmediums/manganese nitrate in water/20 kHz/40% breakdown/0_4breakdown-0002/0_4breakdown-0002_43.csv,5mM_Mn_nitrate_in_water,20,40,43,True
Lissajouswaveformsdifferentmediums/manganese nitrate in water/20 kHz/40% breakdown/0_4breakdown-0002/0_4breakdown-0002_44.csv,5mM_Mn_nitrate_in_water,20,40,44,False
Lissajouswaveformsdifferentmediums/manganese nitrate in water/20 kHz/40% breakdown/0_4breakdown-0002/0_4breakdown-0002_45.csv,5mM_Mn_nitrate_in_water,20,40,45,False
Lissajouswaveformsdifferentmediums/manganese nitrate in water/20 kHz/40% breakdown/0_4breakdown-0002/0_4breakdown-0002_46.csv,5mM_Mn_nitrate_in_water,20,40,46,False
Lissajouswaveformsdifferentmediums/manganese nitrate in water/20 kHz/40% breakdown/0_4breakdown-0002/0_4breakdown-0002_47.csv,5mM_Mn_nitrate_in_water,20,40,47,True
Lissajouswaveformsdifferentmediums/manganese nitrate in water/20 kHz/40% breakdown/0_4breakdown-0002/0_4breakdown-0002_48.csv,5mM_Mn_nitrate_in_water,20,40,48,False
Lissajouswaveformsdifferentmediums/manganese nitrate in water/20 kHz/40% breakdown/0_4breakdown-0002/0_4breakdown-0002_49.csv,5mM_Mn_nitrate_in_water,20,40,49,False
Lissajouswaveformsdifferentmediums/manganese nitrate in water/20 kHz/40% breakdown/0_4breakdown-0002/0_4breakdown-0002_50.csv,5mM_Mn_nitrate_in_water,20,40,50,False
Lissajouswaveformsdifferentmediums/manganese nitrate in water/20 kHz/40% breakdown/0_4breakdown-0002/0_4breakdown-0002_51.csv,5mM_Mn_nitrate_in_water,20,40,51,True
Lissajouswaveformsdifferentmediums/manganese nitrate in water/20 kHz/40% breakdown/0_4breakdown-0002/0_4breakdown-0002_52.csv,5mM_Mn_nitrate_in_water,20,40,52,False
Lissajouswaveformsdifferentmediums/manganese nitrate in water/20 kHz/40% breakdown/0_4breakdown-0002/0_4breakdown-0002_53.csv,5mM_Mn_nitrate_in_water,20,40,53,False
Lissajouswaveformsdifferentmediums/manganese nitrate in water/20 kHz/40% breakdown/0_4breakdown-0002/0_4breakdown-0002_54.csv,5mM_Mn_nitrate_in_water,20,40,54,False
Lissajouswaveformsdifferentmediums/manganese nitrate in water/20 kHz/40% breakdown/0_4breakdown-0002/0_4breakdown-0002_55.csv,5mM_Mn_nitrate_in_water,20,40,55,False
Lissajouswaveformsdifferentmediums/manganese nitrate in water/20 kHz/40% breakdown/0_4breakdown-0002/0_4breakdown-0002_56.csv,5mM_Mn_nitrate_in_water,20,40,56,True
Lissajouswaveformsdifferentmediums/manganese nitrate in water/20 kHz/40% breakdown/0_4breakdown-0002/0_4breakdown-0002_57.csv,5mM_Mn_nitrate_in_water,20,40,57,False
Lissajouswaveformsdifferentmediums/manganese nitrate in water/20 kHz/40% breakdown/0_4breakdown-0002/0_4breakdown-0002_58.csv,5mM_Mn_nitrate_in_water,20,40,58,False
Lissajouswaveformsdifferentmediums/manganese nitrate in water/20 kHz/40% breakdown/0_4breakdown-0002/0_4breakdown-0002_59.csv,5mM_Mn_nitrate_in_water,20,40,59,False
Lissajouswaveformsdifferentmediums/manganese nitrate in water/20 kHz/40% breakdown/0_4breakdown-0002/0_4breakdown-0002_60.csv,5mM_Mn_nitrate_in_water,20,40,60,True
Lissajouswaveformsdifferentmediums/manganese nitrate in water/20 kHz/40% breakdown/0_4breakdown-0002/0_4breakdown-0002_61.csv,5mM_Mn_nitrate_in_water,20,40,61,False
Lissajouswaveformsdifferentmediums/manganese nitrate in water/20 kHz/40% breakdown/0_4breakdown-0002/0_4breakdown-0002_62.csv,5mM_Mn_nitrate_in_water,20,40,62,False
Lissajouswaveformsdifferentmediums/manganese nitrate in water/20 kHz/40% breakdown/0_4breakdown-0002/0_4breakdown-0002_63.csv,5mM_Mn_nitrate_in_water,20,40,63,False
Lissajouswaveformsdifferentmediums/manganese nitrate in water/20 kHz/40% breakdown/0_4breakdown-0002/0_4breakdown-0002_64.csv,5mM_Mn_nitrate_in_water,20,40,64,True
Lissajouswaveformsdifferentmediums/manganese nitrate in water/20 kHz/60% breakdown/0_6breakdown-0003/0_6breakdown-0003_01.csv,5mM_Mn_nitrate_in_water,20,60,1,True
Lissajouswaveformsdifferentmediums/manganese nitrate in water/20 kHz/60% breakdown/0_6breakdown-0003/0_6breakdown-0003_02.csv,5mM_Mn_nitrate_in_water,20,60,2,False
Lissajouswaveformsdifferentmediums/manganese nitrate in water/20 kHz/60% breakdown/0_6breakdown-0003/0_6breakdown-0003_03.csv,5mM_Mn_nitrate_in_water,20,60,3,False
Lissajouswaveformsdifferentmediums/manganese nitrate in water/20 kHz/60% breakdown/0_6breakdown-0003/0_6breakdown-0003_04.csv,5mM_Mn_nitrate_in_water,20,60,4,False
Lissajouswaveformsdifferentmediums/manganese nitrate in water/20 kHz/60% breakdown/0_6breakdown-0003/0_6breakdown-0003_05.csv,5mM_Mn_nitrate_in_water,20,60,5,True
Lissajouswaveformsdifferentmediums/manganese nitrate in water/20 kHz/60% breakdown/0_6breakdown-0003/0_6breakdown-0003_06.csv,5mM_Mn_nitrate_in_water,20,60,6,False
Lissajouswaveformsdifferentmediums/manganese nitrate in water/20 kHz/60% breakdown/0_6breakdown-0003/0_6breakdown-0003_07.csv,5mM_Mn_nitrate_in_water,20,60,7,False
Lissajouswaveformsdifferentmediums/manganese nitrate in water/20 kHz/60% breakdown/0_6breakdown-0003/0_6breakdown-0003_08.csv,5mM_Mn_nitrate_in_water,20,60,8,False
Lissajouswaveformsdifferentmediums/manganese nitrate in water/20 kHz/60% breakdown/0_6breakdown-0003/0_6breakdown-0003_09.csv,5mM_Mn_nitrate_in_water,20,60,9,True
Lissajouswaveformsdifferentmediums/manganese nitrate in water/20 kHz/60% breakdown/0_6breakdown-0003/0_6breakdown-0003_10.csv,5mM_Mn_nitrate_in_water,20,60,10,False
Lissajouswaveformsdifferentmediums/manganese nitrate in water/20 kHz/60% breakdown/0_6breakdown-0003/0_6breakdown-0003_11.csv,5mM_Mn_nitrate_in_water,20,60,11,False
Lissajouswaveformsdifferentmediums/manganese nitrate in water/20 kHz/60% breakdown/0_6breakdown-0003/0_6breakdown-0003_12.csv,5mM_Mn_nitrate_in_water,20,60,12,False
Lissajouswaveformsdifferentmediums/manganese nitrate in water/20 kHz/60% breakdown/0_6breakdown-0003/0_6breakdown-0003_13.csv,5mM_Mn_nitrate_in_water,20,60,13,False
Lissajouswaveformsdifferentmediums/manganese nitrate in water/20 kHz/60% breakdown/0_6breakdown-0003/0_6breakdown-0003_14.csv,5mM_Mn_nitrate_in_water,20,60,14,True
Lissajouswaveformsdifferentmediums/manganese nitrate in water/20 kHz/60% breakdown/0_6breakdown-0003/0_6breakdown-0003_15.csv,5mM_Mn_nitrate_in_water,20,60,15,False
Lissajouswaveformsdifferentmediums/manganese nitrate in water/20 kHz/60% breakdown/0_6breakdown-0003/0_6breakdown-0003_16.csv,5mM_Mn_nitrate_in_water,20,60,16,False
Lissajouswaveformsdifferentmediums/manganese nitrate in water/20 kHz/60% breakdown/0_6breakdown-0003/0_6breakdown-0003_17.csv,5mM_Mn_nitrate_in_water,20,60,17,False
Lissajouswaveformsdifferentmediums/manganese nitrate in water/20 kHz/60% breakdown/0_6breakdown-0003/0_6breakdown-0003_18.csv,5mM_Mn_nitrate_in_water,20,60,18,True
Lissajouswaveformsdifferentmediums/manganese nitrate in water/20 kHz/60% breakdown/0_6breakdown-0003/0_6breakdown-0003_19.csv,5mM_Mn_nitrate_in_water,20,60,19,False
Lissajouswaveformsdifferentmediums/manganese nitrate in water/20 kHz/60% breakdown/0_6breakdown-0003/0_6breakdown-0003_20.csv,5mM_Mn_nitrate_in_water,20,60,20,False
Lissajouswaveformsdifferentmediums/manganese nitrate in water/20 kHz/60% breakdown/0_6breakdown-0003/0_6breakdown-0003_21.csv,5mM_Mn_nitrate_in_water,20,60,21,False
Lissajouswaveformsdifferentmediums/manganese nitrate in water/20 kHz/60% breakdown/0_6breakdown-0003/0_6breakdown-0003_22.csv,5mM_Mn_nitrate_in_water,20,60,22,True
Lissajouswaveformsdifferentmediums/manganese nitrate in water/20 kHz/60% breakdown/0_6breakdown-0003/0_6breakdown-0003_23.csv,5mM_Mn_nitrate_in_water,20,60,23,False
Lissajouswaveformsdifferentmediums/manganese nitrate in water/20 kHz/60% breakdown/0_6breakdown-0003/0_6breakdown-0003_24.csv,5mM_Mn_nitrate_in_water,20,60,24,False
Lissajouswaveformsdifferentmediums/manganese nitrate in water/20 kHz/60% breakdown/0_6breakdown-0003/0_6breakdown-0003_25.csv,5mM_Mn_nitrate_in_water,20,60,25,False
Lissajouswaveformsdifferentmediums/manganese nitrate in water/20 kHz/60% breakdown/0_6breakdown-0003/0_6breakdown-0003_26.csv,5mM_Mn_nitrate_in_water,20,60,26,True
Lissajouswaveformsdifferentmediums/manganese nitrate in water/20 kHz/60% breakdown/0_6breakdown-0003/0_6breakdown-0003_27.csv,5mM_Mn_nitrate_in_water,20,60,27,False
Lissajouswaveformsdifferentmediums/manganese nitrate in water/20 kHz/60% breakdown/0_6breakdown-0003/0_6breakdown-0003_28.csv,5mM_Mn_nitrate_in_water,20,60,28,False
Lissajouswaveformsdifferentmediums/manganese nitrate in water/20 kHz/60% breakdown/0_6breakdown-0003/0_6breakdown-0003_29.csv,5mM_Mn_nitrate_in_water,20,60,29,False
Lissajouswaveformsdifferentmediums/manganese nitrate in water/20 kHz/60% breakdown/0_6breakdown-0003/0_6breakdown-0003_30.csv,5mM_Mn_nitrate_in_water,20,60,30,True
Lissajouswaveformsdifferentmediums/manganese nitrate in water/20 kHz/60% breakdown/0_6breakdown-0003/0_6breakdown-0003_31.csv,5mM_Mn_nitrate_in_water,20,60,31,False
Lissajouswaveformsdifferentmediums/manganese nitrate in water/20 kHz/60% breakdown/0_6breakdown-0003/0_6breakdown-0003_32.csv,5mM_Mn_nitrate_in_water,20,60,32,False
Lissajouswaveformsdifferentmediums/manganese nitrate in water/20 kHz/60% breakdown/0_6breakdown-0003/0_6breakdown-0003_33.csv,5mM_Mn_nitrate_in_water,20,60,33,False
Lissajouswaveformsdifferentmediums/manganese nitrate in water/20 kHz/60% breakdown/0_6breakdown-0003/0_6breakdown-0003_34.csv,5mM_Mn_nitrate_in_water,20,60,34,False
Lissajouswaveformsdifferentmediums/manganese nitrate in water/20 kHz/60% breakdown/0_6breakdown-0003/0_6breakdown-0003_35.csv,5mM_Mn_nitrate_in_water,20,60,35,True
Lissajouswaveformsdifferentmediums/manganese nitrate in water/20 kHz/60% breakdown/0_6breakdown-0003/0_6breakdown-0003_36.csv,5mM_Mn_nitrate_in_water,20,60,36,False
Lissajouswaveformsdifferentmediums/manganese nitrate in water/20 kHz/60% breakdown/0_6breakdown-0003/0_6breakdown-0003_37.csv,5mM_Mn_nitrate_in_water,20,60,37,False
Lissajouswaveformsdifferentmediums/manganese nitrate in water/20 kHz/60% breakdown/0_6breakdown-0003/0_6breakdown-0003_38.csv,5mM_Mn_nitrate_in_water,20,60,38,False
Lissajouswaveformsdifferentmediums/manganese nitrate in water/20 kHz/60% breakdown/0_6breakdown-0003/0_6breakdown-0003_39.csv,5mM_Mn_nitrate_in_water,20,60,39,True
Lissajouswaveformsdifferentmediums/manganese nitrate in water/20 kHz/60% breakdown/0_6breakdown-0003/0_6breakdown-0003_40.csv,5mM_Mn_nitrate_in_water,20,60,40,False
Lissajouswaveformsdifferentmediums/manganese nitrate in water/20 kHz/60% breakdown/0_6breakdown-0003/0_6breakdown-0003_41.csv,5mM_Mn_nitrate_in_water,20,60,41,False
Lissajouswaveformsdifferentmediums/manganese nitrate in water/20 kHz/60% breakdown/0_6breakdown-0003/0_6breakdown-0003_42.csv,5mM_Mn_nitrate_in_water,20,60,42,False
Lissajouswaveformsdifferentmediums/manganese nitrate in water/20 kHz/60% breakdown/0_6breakdown-0003/0_6breakdown-0003_43.csv,5mM_Mn_nitrate_in_water,20,60,43,True
Lissajouswaveformsdifferentmediums/manganese nitrate in water/20 kHz/60% breakdown/0_6breakdown-0003/0_6breakdown-0003_44.csv,5mM_Mn_nitrate_in_water,20,60,44,False
Lissajouswaveformsdifferentmediums/manganese nitrate in water/20 kHz/60% breakdown/0_6breakdown-0003/0_6breakdown-0003_45.csv,5mM_Mn_nitrate_in_water,20,60,45,False
Lissajouswaveformsdifferentmediums/manganese nitrate in water/20 kHz/60% breakdown/0_6breakdown-0003/0_6breakdown-0003_46.csv,5mM_Mn_nitrate_in_water,20,60,46,False
Lissajouswaveformsdifferentmediums/manganese nitrate in water/20 kHz/60% breakdown/0_6breakdown-0003/0_6breakdown-0003_47.csv,5mM_Mn_nitrate_in_water,20,60,47,True
Lissajouswaveformsdifferentmediums/manganese nitrate in water/20 kHz/60% breakdown/0_6breakdown-0003/0_6breakdown-0003_48.csv,5mM_Mn_nitrate_in_water,20,60,48,False
Lissajouswaveformsdifferentmediums/manganese nitrate in water/20 kHz/60% breakdown/0_6breakdown-0003/0_6breakdown-0003_49.csv,5mM_Mn_nitrate_in_water,20,60,49,False
Lissajouswaveformsdifferentmediums/manganese nitrate in water/20 kHz/60% breakdown/0_6breakdown-0003/0_6breakdown-0003_50.csv,5mM_Mn_nitrate_in_water,20,60,50,False
Lissajouswaveformsdifferentmediums/manganese nitrate in water/20 kHz/60% breakdown/0_6breakdown-0003/0_6breakdown-0003_51.csv,5mM_Mn_nitrate_in_water,20,60,51,True
Lissajouswaveformsdifferentmediums/manganese nitrate in water/20 kHz/60% breakdown/0_6breakdown-0003/0_6breakdown-0003_52.csv,5mM_Mn_nitrate_in_water,20,60,52,False
Lissajouswaveformsdifferentmediums/manganese nitrate in water/20 kHz/60% breakdown/0_6breakdown-0003/0_6breakdown-0003_53.csv,5mM_Mn_nitrate_in_water,20,60,53,False
Lissajouswaveformsdifferentmediums/manganese nitrate in water/20 kHz/60% breakdown/0_6breakdown-0003/0_6breakdown-0003_54.csv,5mM_Mn_nitrate_in_water,20,60,54,False
Lissajouswaveformsdifferentmediums/manganese nitrate in water/20 kHz/60% breakdown/0_6breakdown-0003/0_6breakdown-0003_55.csv,5mM_Mn_nitrate_in_water,20,60,55,False
Lissajouswaveformsdifferentmediums/manganese nitrate in water/20 kHz/60% breakdown/0_6breakdown-0003/0_6breakdown-0003_56.csv,5mM_Mn_nitrate_in_water,20,60,56,True
Lissajouswaveformsdifferentmediums/manganese nitrate in water/20 kHz/60% breakdown/0_6breakdown-0003/0_6breakdown-0003_57.csv,5mM_Mn_nitrate_in_water,20,60,57,False
Lissajouswaveformsdifferentmediums/manganese nitrate in water/20 kHz/60% breakdown/0_6breakdown-0003/0_6breakdown-0003_58.csv,5mM_Mn_nitrate_in_water,20,60,58,False
Lissajouswaveformsdifferentmediums/manganese nitrate in water/20 kHz/60% breakdown/0_6breakdown-0003/0_6breakdown-0003_59.csv,5mM_Mn_nitrate_in_water,20,60,59,False
Lissajouswaveformsdifferentmediums/manganese nitrate in water/20 kHz/60% breakdown/0_6breakdown-0003/0_6breakdown-0003_60.csv,5mM_Mn_nitrate_in_water,20,60,60,True
Lissajouswaveformsdifferentmediums/manganese nitrate in water/20 kHz/60% breakdown/0_6breakdown-0003/0_6breakdown-0003_61.csv,5mM_Mn_nitrate_in_water,20,60,61,False
Lissajouswaveformsdifferentmediums/manganese nitrate in water/20 kHz/60% breakdown/0_6breakdown-0003/0_6breakdown-0003_62.csv,5mM_Mn_nitrate_in_water,20,60,62,False
Lissajouswaveformsdifferentmediums/manganese nitrate in water/20 kHz/60% breakdown/0_6breakdown-0003/0_6breakdown-0003_63.csv,5mM_Mn_nitrate_in_water,20,60,63,False
Lissajouswaveformsdifferentmediums/manganese nitrate in water/20 kHz/60% breakdown/0_6breakdown-0003/0_6breakdown-0003_64.csv,5mM_Mn_nitrate_in_water,20,60,64,True
Lissajouswaveformsdifferentmediums/manganese nitrate in water/20 kHz/75% breakdown/0_75breakdown-0004/0_75breakdown-0004_01.csv,5mM_Mn_nitrate_in_water,20,75,1,True
Lissajouswaveformsdifferentmediums/manganese nitrate in water/20 kHz/75% breakdown/0_75breakdown-0004/0_75breakdown-0004_02.csv,5mM_Mn_nitrate_in_water,20,75,2,False
Lissajouswaveformsdifferentmediums/manganese nitrate in water/20 kHz/75% breakdown/0_75breakdown-0004/0_75breakdown-0004_03.csv,5mM_Mn_nitrate_in_water,20,75,3,False
Lissajouswaveformsdifferentmediums/manganese nitrate in water/20 kHz/75% breakdown/0_75breakdown-0004/0_75breakdown-0004_04.csv,5mM_Mn_nitrate_in_water,20,75,4,False
Lissajouswaveformsdifferentmediums/manganese nitrate in water/20 kHz/75% breakdown/0_75breakdown-0004/0_75breakdown-0004_05.csv,5mM_Mn_nitrate_in_water,20,75,5,True
Lissajouswaveformsdifferentmediums/manganese nitrate in water/20 kHz/75% breakdown/0_75breakdown-0004/0_75breakdown-0004_06.csv,5mM_Mn_nitrate_in_water,20,75,6,False
Lissajouswaveformsdifferentmediums/manganese nitrate in water/20 kHz/75% breakdown/0_75breakdown-0004/0_75breakdown-0004_07.csv,5mM_Mn_nitrate_in_water,20,75,7,False
Lissajouswaveformsdifferentmediums/manganese nitrate in water/20 kHz/75% breakdown/0_75breakdown-0004/0_75breakdown-0004_08.csv,5mM_Mn_nitrate_in_water,20,75,8,False
Lissajouswaveformsdifferentmediums/manganese nitrate in water/20 kHz/75% breakdown/0_75breakdown-0004/0_75breakdown-0004_09.csv,5mM_Mn_nitrate_in_water,20,75,9,True
Lissajouswaveformsdifferentmediums/manganese nitrate in water/20 kHz/75% breakdown/0_75breakdown-0004/0_75breakdown-0004_10.csv,5mM_Mn_nitrate_in_water,20,75,10,False
Lissajouswaveformsdifferentmediums/manganese nitrate in water/20 kHz/75% breakdown/0_75breakdown-0004/0_75breakdown-0004_11.csv,5mM_Mn_nitrate_in_water,20,75,11,False
Lissajouswaveformsdifferentmediums/manganese nitrate in water/20 kHz/75% breakdown/0_75breakdown-0004/0_75breakdown-0004_12.csv,5mM_Mn_nitrate_in_water,20,75,12,False
Lissajouswaveformsdifferentmediums/manganese nitrate in water/20 kHz/75% breakdown/0_75breakdown-0004/0_75breakdown-0004_13.csv,5mM_Mn_nitrate_in_water,20,75,13,False
Lissajouswaveformsdifferentmediums/manganese nitrate in water/20 kHz/75% breakdown/0_75breakdown-0004/0_75breakdown-0004_14.csv,5mM_Mn_nitrate_in_water,20,75,14,True
Lissajouswaveformsdifferentmediums/manganese nitrate in water/20 kHz/75% breakdown/0_75breakdown-0004/0_75breakdown-0004_15.csv,5mM_Mn_nitrate_in_water,20,75,15,False
Lissajouswaveformsdifferentmediums/manganese nitrate in water/20 kHz/75% breakdown/0_75breakdown-0004/0_75breakdown-0004_16.csv,5mM_Mn_nitrate_in_water,20,75,16,False
Lissajouswaveformsdifferentmediums/manganese nitrate in water/20 kHz/75% breakdown/0_75breakdown-0004/0_75breakdown-0004_17.csv,5mM_Mn_nitrate_in_water,20,75,17,False
Lissajouswaveformsdifferentmediums/manganese nitrate in water/20 kHz/75% breakdown/0_75breakdown-0004/0_75breakdown-0004_18.csv,5mM_Mn_nitrate_in_water,20,75,18,True
Lissajouswaveformsdifferentmediums/manganese nitrate in water/20 kHz/75% breakdown/0_75breakdown-0004/0_75breakdown-0004_19.csv,5mM_Mn_nitrate_in_water,20,75,19,False
Lissajouswaveformsdifferentmediums/manganese nitrate in water/20 kHz/75% breakdown/0_75breakdown-0004/0_75breakdown-0004_20.csv,5mM_Mn_nitrate_in_water,20,75,20,False
Lissajouswaveformsdifferentmediums/manganese nitrate in water/20 kHz/75% breakdown/0_75breakdown-0004/0_75breakdown-0004_21.csv,5mM_Mn_nitrate_in_water,20,75,21,False
Lissajouswaveformsdifferentmediums/manganese nitrate in water/20 kHz/75% breakdown/0_75breakdown-0004/0_75breakdown-0004_22.csv,5mM_Mn_nitrate_in_water,20,75,22,True
Lissajouswaveformsdifferentmediums/manganese nitrate in water/20 kHz/75% breakdown/0_75breakdown-0004/0_75breakdown-0004_23.csv,5mM_Mn_nitrate_in_water,20,75,23,False
Lissajouswaveformsdifferentmediums/manganese nitrate in water/20 kHz/75% breakdown/0_75breakdown-0004/0_75breakdown-0004_24.csv,5mM_Mn_nitrate_in_water,20,75,24,False
Lissajouswaveformsdifferentmediums/manganese nitrate in water/20 kHz/75% breakdown/0_75breakdown-0004/0_75breakdown-0004_25.csv,5mM_Mn_nitrate_in_water,20,75,25,False
Lissajouswaveformsdifferentmediums/manganese nitrate in water/20 kHz/75% breakdown/0_75breakdown-0004/0_75breakdown-0004_26.csv,5mM_Mn_nitrate_in_water,20,75,26,True
Lissajouswaveformsdifferentmediums/manganese nitrate in water/20 kHz/75% breakdown/0_75breakdown-0004/0_75breakdown-0004_27.csv,5mM_Mn_nitrate_in_water,20,75,27,False
Lissajouswaveformsdifferentmediums/manganese nitrate in water/20 kHz/75% breakdown/0_75breakdown-0004/0_75breakdown-0004_28.csv,5mM_Mn_nitrate_in_water,20,75,28,False
Lissajouswaveformsdifferentmediums/manganese nitrate in water/20 kHz/75% breakdown/0_75breakdown-0004/0_75breakdown-0004_29.csv,5mM_Mn_nitrate_in_water,20,75,29,False
Lissajouswaveformsdifferentmediums/manganese nitrate in water/20 kHz/75% breakdown/0_75breakdown-0004/0_75breakdown-0004_30.csv,5mM_Mn_nitrate_in_water,20,75,30,True
Lissajouswaveformsdifferentmediums/manganese nitrate in water/20 kHz/75% breakdown/0_75breakdown-0004/0_75breakdown-0004_31.csv,5mM_Mn_nitrate_in_water,20,75,31,False
Lissajouswaveformsdifferentmediums/manganese nitrate in water/20 kHz/75% breakdown/0_75breakdown-0004/0_75breakdown-0004_32.csv,5mM_Mn_nitrate_in_water,20,75,32,False
Lissajouswaveformsdifferentmediums/manganese nitrate in water/20 kHz/75% breakdown/0_75breakdown-0004/0_75breakdown-0004_33.csv,5mM_Mn_nitrate_in_water,20,75,33,False
Lissajouswaveformsdifferentmediums/manganese nitrate in water/20 kHz/75% breakdown/0_75breakdown-0004/0_75breakdown-0004_34.csv,5mM_Mn_nitrate_in_water,20,75,34,False
Lissajouswaveformsdifferentmediums/manganese nitrate in water/20 kHz/75% breakdown/0_75breakdown-0004/0_75breakdown-0004_35.csv,5mM_Mn_nitrate_in_water,20,75,35,True
Lissajouswaveformsdifferentmediums/manganese nitrate in water/20 kHz/75% breakdown/0_75breakdown-0004/0_75breakdown-0004_36.csv,5mM_Mn_nitrate_in_water,20,75,36,False
Lissajouswaveformsdifferentmediums/manganese nitrate in water/20 kHz/75% breakdown/0_75breakdown-0004/0_75breakdown-0004_37.csv,5mM_Mn_nitrate_in_water,20,75,37,False
Lissajouswaveformsdifferentmediums/manganese nitrate in water/20 kHz/75% breakdown/0_75breakdown-0004/0_75breakdown-0004_38.csv,5mM_Mn_nitrate_in_water,20,75,38,False
Lissajouswaveformsdifferentmediums/manganese nitrate in water/20 kHz/75% breakdown/0_75breakdown-0004/0_75breakdown-0004_39.csv,5mM_Mn_nitrate_in_water,20,75,39,True
Lissajouswaveformsdifferentmediums/manganese nitrate in water/20 kHz/75% breakdown/0_75breakdown-0004/0_75breakdown-0004_40.csv,5mM_Mn_nitrate_in_water,20,75,40,False
Lissajouswaveformsdifferentmediums/manganese nitrate in water/20 kHz/75% breakdown/0_75breakdown-0004/0_75breakdown-0004_41.csv,5mM_Mn_nitrate_in_water,20,75,41,False
Lissajouswaveformsdifferentmediums/manganese nitrate in water/20 kHz/75% breakdown/0_75breakdown-0004/0_75breakdown-0004_42.csv,5mM_Mn_nitrate_in_water,20,75,42,False
Lissajouswaveformsdifferentmediums/manganese nitrate in water/20 kHz/75% breakdown/0_75breakdown-0004/0_75breakdown-0004_43.csv,5mM_Mn_nitrate_in_water,20,75,43,True
Lissajouswaveformsdifferentmediums/manganese nitrate in water/20 kHz/75% breakdown/0_75breakdown-0004/0_75breakdown-0004_44.csv,5mM_Mn_nitrate_in_water,20,75,44,False
Lissajouswaveformsdifferentmediums/manganese nitrate in water/20 kHz/75% breakdown/0_75breakdown-0004/0_75breakdown-0004_45.csv,5mM_Mn_nitrate_in_water,20,75,45,False
Lissajouswaveformsdifferentmediums/manganese nitrate in water/20 kHz/75% breakdown/0_75breakdown-0004/0_75breakdown-0004_46.csv,5mM_Mn_nitrate_in_water,20,75,46,False
Lissajouswaveformsdifferentmediums/manganese nitrate in water/20 kHz/75% breakdown/0_75breakdown-0004/0_75breakdown-0004_47.csv,5mM_Mn_nitrate_in_water,20,75,47,True
Lissajouswaveformsdifferentmediums/manganese nitrate in water/20 kHz/75% breakdown/0_75breakdown-0004/0_75breakdown-0004_48.csv,5mM_Mn_nitrate_in_water,20,75,48,False
Lissajouswaveformsdifferentmediums/manganese nitrate in water/20 kHz/75% breakdown/0_75breakdown-0004/0_75breakdown-0004_49.csv,5mM_Mn_nitrate_in_water,20,75,49,False
Lissajouswaveformsdifferentmediums/manganese nitrate in water/20 kHz/75% breakdown/0_75breakdown-0004/0_75breakdown-0004_50.csv,5mM_Mn_nitrate_in_water,20,75,50,False
Lissajouswaveformsdifferentmediums/manganese nitrate in water/20 kHz/75% breakdown/0_75breakdown-0004/0_75breakdown-0004_51.csv,5mM_Mn_nitrate_in_water,20,75,51,True
Lissajouswaveformsdifferentmediums/manganese nitrate in water/20 kHz/75% breakdown/0_75breakdown-0004/0_75breakdown-0004_52.csv,5mM_Mn_nitrate_in_water,20,75,52,False
Lissajouswaveformsdifferentmediums/manganese nitrate in water/20 kHz/75% breakdown/0_75breakdown-0004/0_75breakdown-0004_53.csv,5mM_Mn_nitrate_in_water,20,75,53,False
Lissajouswaveformsdifferentmediums/manganese nitrate in water/20 kHz/75% breakdown/0_75breakdown-0004/0_75breakdown-0004_54.csv,5mM_Mn_nitrate_in_water,20,75,54,False
Lissajouswaveformsdifferentmediums/manganese nitrate in water/20 kHz/75% breakdown/0_75breakdown-0004/0_75breakdown-0004_55.csv,5mM_Mn_nitrate_in_water,20,75,55,False
Lissajouswaveformsdifferentmediums/manganese nitrate in water/20 kHz/75% breakdown/0_75breakdown-0004/0_75breakdown-0004_56.csv,5mM_Mn_nitrate_in_water,20,75,56,True
Lissajouswaveformsdifferentmediums/manganese nitrate in water/20 kHz/75% breakdown/0_75breakdown-0004/0_75breakdown-0004_57.csv,5mM_Mn_nitrate_in_water,20,75,57,False
Lissajouswaveformsdifferentmediums/manganese nitrate in water/20 kHz/75% breakdown/0_75breakdown-0004/0_75breakdown-0004_58.csv,5mM_Mn_nitrate_in_water,20,75,58,False
Lissajouswaveformsdifferentmediums/manganese nitrate in water/20 kHz/75% breakdown/0_75breakdown-0004/0_75breakdown-0004_59.csv,5mM_Mn_nitrate_in_water,20,75,59,False
Lissajouswaveformsdifferentmediums/manganese nitrate in water/20 kHz/75% breakdown/0_75breakdown-0004/0_75breakdown-0004_60.csv,5mM_Mn_nitrate_in_water,20,75,60,True
Lissajouswaveformsdifferentmediums/manganese nitrate in water/20 kHz/75% breakdown/0_75breakdown-0004/0_75breakdown-0004_61.csv,5mM_Mn_nitrate_in_water,20,75,61,False
Lissajouswaveformsdifferentmediums/manganese nitrate in water/20 kHz/75% breakdown/0_75breakdown-0004/0_75breakdown-0004_62.csv,5mM_Mn_nitrate_in_water,20,75,62,False
Lissajouswaveformsdifferentmediums/manganese nitrate in water/20 kHz/75% breakdown/0_75breakdown-0004/0_75breakdown-0004_63.csv,5mM_Mn_nitrate_in_water,20,75,63,False
Lissajouswaveformsdifferentmediums/manganese nitrate in water/20 kHz/75% breakdown/0_75breakdown-0004/0_75breakdown-0004_64.csv,5mM_Mn_nitrate_in_water,20,75,64,True
Lissajouswaveformsdifferentmediums/manganese nitrate in water/20 kHz/90% breakdown/0_9breakdown-0005/0_9breakdown-0005_01.csv,5mM_Mn_nitrate_in_water,20,90,1,True
Lissajouswaveformsdifferentmediums/manganese nitrate in water/20 kHz/90% breakdown/0_9breakdown-0005/0_9breakdown-0005_02.csv,5mM_Mn_nitrate_in_water,20,90,2,False
Lissajouswaveformsdifferentmediums/manganese nitrate in water/20 kHz/90% breakdown/0_9breakdown-0005/0_9breakdown-0005_03.csv,5mM_Mn_nitrate_in_water,20,90,3,False
Lissajouswaveformsdifferentmediums/manganese nitrate in water/20 kHz/90% breakdown/0_9breakdown-0005/0_9breakdown-0005_04.csv,5mM_Mn_nitrate_in_water,20,90,4,False
Lissajouswaveformsdifferentmediums/manganese nitrate in water/20 kHz/90% breakdown/0_9breakdown-0005/0_9breakdown-0005_05.csv,5mM_Mn_nitrate_in_water,20,90,5,True
Lissajouswaveformsdifferentmediums/manganese nitrate in water/20 kHz/90% breakdown/0_9breakdown-0005/0_9breakdown-0005_06.csv,5mM_Mn_nitrate_in_water,20,90,6,False
Lissajouswaveformsdifferentmediums/manganese nitrate in water/20 kHz/90% breakdown/0_9breakdown-0005/0_9breakdown-0005_07.csv,5mM_Mn_nitrate_in_water,20,90,7,False
Lissajouswaveformsdifferentmediums/manganese nitrate in water/20 kHz/90% breakdown/0_9breakdown-0005/0_9breakdown-0005_08.csv,5mM_Mn_nitrate_in_water,20,90,8,False
Lissajouswaveformsdifferentmediums/manganese nitrate in water/20 kHz/90% breakdown/0_9breakdown-0005/0_9breakdown-0005_09.csv,5mM_Mn_nitrate_in_water,20,90,9,True
Lissajouswaveformsdifferentmediums/manganese nitrate in water/20 kHz/90% breakdown/0_9breakdown-0005/0_9breakdown-0005_10.csv,5mM_Mn_nitrate_in_water,20,90,10,False
Lissajouswaveformsdifferentmediums/manganese nitrate in water/20 kHz/90% breakdown/0_9breakdown-0005/0_9breakdown-0005_11.csv,5mM_Mn_nitrate_in_water,20,90,11,False
Lissajouswaveformsdifferentmediums/manganese nitrate in water/20 kHz/90% breakdown/0_9breakdown-0005/0_9breakdown-0005_12.csv,5mM_Mn_nitrate_in_water,20,90,12,False
Lissajouswaveformsdifferentmediums/manganese nitrate in water/20 kHz/90% breakdown/0_9breakdown-0005/0_9breakdown-0005_13.csv,5mM_Mn_nitrate_in_water,20,90,13,False
Lissajouswaveformsdifferentmediums/manganese nitrate in water/20 kHz/90% breakdown/0_9breakdown-0005/0_9breakdown-0005_14.csv,5mM_Mn_nitrate_in_water,20,90,14,True
Lissajouswaveformsdifferentmediums/manganese nitrate in water/20 kHz/90% breakdown/0_9breakdown-0005/0_9breakdown-0005_15.csv,5mM_Mn_nitrate_in_water,20,90,15,False
Lissajouswaveformsdifferentmediums/manganese nitrate in water/20 kHz/90% breakdown/0_9breakdown-0005/0_9breakdown-0005_16.csv,5mM_Mn_nitrate_in_water,20,90,16,False
Lissajouswaveformsdifferentmediums/manganese nitrate in water/20 kHz/90% breakdown/0_9breakdown-0005/0_9breakdown-0005_17.csv,5mM_Mn_nitrate_in_water,20,90,17,False
Lissajouswaveformsdifferentmediums/manganese nitrate in water/20 kHz/90% breakdown/0_9breakdown-0005/0_9breakdown-0005_18.csv,5mM_Mn_nitrate_in_water,20,90,18,True
Lissajouswaveformsdifferentmediums/manganese nitrate in water/20 kHz/90% breakdown/0_9breakdown-0005/0_9breakdown-0005_19.csv,5mM_Mn_nitrate_in_water,20,90,19,False
Lissajouswaveformsdifferentmediums/manganese nitrate in water/20 kHz/90% breakdown/0_9breakdown-0005/0_9breakdown-0005_20.csv,5mM_Mn_nitrate_in_water,20,90,20,False
Lissajouswaveformsdifferentmediums/manganese nitrate in water/20 kHz/90% breakdown/0_9breakdown-0005/0_9breakdown-0005_21.csv,5mM_Mn_nitrate_in_water,20,90,21,False
Lissajouswaveformsdifferentmediums/manganese nitrate in water/20 kHz/90% breakdown/0_9breakdown-0005/0_9breakdown-0005_22.csv,5mM_Mn_nitrate_in_water,20,90,22,True
Lissajouswaveformsdifferentmediums/manganese nitrate in water/20 kHz/90% breakdown/0_9breakdown-0005/0_9breakdown-0005_23.csv,5mM_Mn_nitrate_in_water,20,90,23,False
Lissajouswaveformsdifferentmediums/manganese nitrate in water/20 kHz/90% breakdown/0_9breakdown-0005/0_9breakdown-0005_24.csv,5mM_Mn_nitrate_in_water,20,90,24,False
Lissajouswaveformsdifferentmediums/manganese nitrate in water/20 kHz/90% breakdown/0_9breakdown-0005/0_9breakdown-0005_25.csv,5mM_Mn_nitrate_in_water,20,90,25,False
Lissajouswaveformsdifferentmediums/manganese nitrate in water/20 kHz/90% breakdown/0_9breakdown-0005/0_9breakdown-0005_26.csv,5mM_Mn_nitrate_in_water,20,90,26,True
Lissajouswaveformsdifferentmediums/manganese nitrate in water/20 kHz/90% breakdown/0_9breakdown-0005/0_9breakdown-0005_27.csv,5mM_Mn_nitrate_in_water,20,90,27,False
Lissajouswaveformsdifferentmediums/manganese nitrate in water/20 kHz/90% breakdown/0_9breakdown-0005/0_9breakdown-0005_28.csv,5mM_Mn_nitrate_in_water,20,90,28,False
Lissajouswaveformsdifferentmediums/manganese nitrate in water/20 kHz/90% breakdown/0_9breakdown-0005/0_9breakdown-0005_29.csv,5mM_Mn_nitrate_in_water,20,90,29,False
Lissajouswaveformsdifferentmediums/manganese nitrate in water/20 kHz/90% breakdown/0_9breakdown-0005/0_9breakdown-0005_30.csv,5mM_Mn_nitrate_in_water,20,90,30,True
Lissajouswaveformsdifferentmediums/manganese nitrate in water/20 kHz/90% breakdown/0_9breakdown-0005/0_9breakdown-0005_31.csv,5mM_Mn_nitrate_in_water,20,90,31,False
Lissajouswaveformsdifferentmediums/manganese nitrate in water/20 kHz/90% breakdown/0_9breakdown-0005/0_9breakdown-0005_32.csv,5mM_Mn_nitrate_in_water,20,90,32,False
Lissajouswaveformsdifferentmediums/manganese nitrate in water/20 kHz/90% breakdown/0_9breakdown-0005/0_9breakdown-0005_33.csv,5mM_Mn_nitrate_in_water,20,90,33,False
Lissajouswaveformsdifferentmediums/manganese nitrate in water/20 kHz/90% breakdown/0_9breakdown-0005/0_9breakdown-0005_34.csv,5mM_Mn_nitrate_in_water,20,90,34,False
Lissajouswaveformsdifferentmediums/manganese nitrate in water/20 kHz/90% breakdown/0_9breakdown-0005/0_9breakdown-0005_35.csv,5mM_Mn_nitrate_in_water,20,90,35,True
Lissajouswaveformsdifferentmediums/manganese nitrate in water/20 kHz/90% breakdown/0_9breakdown-0005/0_9breakdown-0005_36.csv,5mM_Mn_nitrate_in_water,20,90,36,False
Lissajouswaveformsdifferentmediums/manganese nitrate in water/20 kHz/90% breakdown/0_9breakdown-0005/0_9breakdown-0005_37.csv,5mM_Mn_nitrate_in_water,20,90,37,False
Lissajouswaveformsdifferentmediums/manganese nitrate in water/20 kHz/90% breakdown/0_9breakdown-0005/0_9breakdown-0005_38.csv,5mM_Mn_nitrate_in_water,20,90,38,False
Lissajouswaveformsdifferentmediums/manganese nitrate in water/20 kHz/90% breakdown/0_9breakdown-0005/0_9breakdown-0005_39.csv,5mM_Mn_nitrate_in_water,20,90,39,True
Lissajouswaveformsdifferentmediums/manganese nitrate in water/20 kHz/90% breakdown/0_9breakdown-0005/0_9breakdown-0005_40.csv,5mM_Mn_nitrate_in_water,20,90,40,False
Lissajouswaveformsdifferentmediums/manganese nitrate in water/20 kHz/90% breakdown/0_9breakdown-0005/0_9breakdown-0005_41.csv,5mM_Mn_nitrate_in_water,20,90,41,False
Lissajouswaveformsdifferentmediums/manganese nitrate in water/20 kHz/90% breakdown/0_9breakdown-0005/0_9breakdown-0005_42.csv,5mM_Mn_nitrate_in_water,20,90,42,False
Lissajouswaveformsdifferentmediums/manganese nitrate in water/20 kHz/90% breakdown/0_9breakdown-0005/0_9breakdown-0005_43.csv,5mM_Mn_nitrate_in_water,20,90,43,True
Lissajouswaveformsdifferentmediums/manganese nitrate in water/20 kHz/90% breakdown/0_9breakdown-0005/0_9breakdown-0005_44.csv,5mM_Mn_nitrate_in_water,20,90,44,False
Lissajouswaveformsdifferentmediums/manganese nitrate in water/20 kHz/90% breakdown/0_9breakdown-0005/0_9breakdown-0005_45.csv,5mM_Mn_nitrate_in_water,20,90,45,False
Lissajouswaveformsdifferentmediums/manganese nitrate in water/20 kHz/90% breakdown/0_9breakdown-0005/0_9breakdown-0005_46.csv,5mM_Mn_nitrate_in_water,20,90,46,False
Lissajouswaveformsdifferentmediums/manganese nitrate in water/20 kHz/90% breakdown/0_9breakdown-0005/0_9breakdown-0005_47.csv,5mM_Mn_nitrate_in_water,20,90,47,True
Lissajouswaveformsdifferentmediums/manganese nitrate in water/20 kHz/90% breakdown/0_9breakdown-0005/0_9breakdown-0005_48.csv,5mM_Mn_nitrate_in_water,20,90,48,False
Lissajouswaveformsdifferentmediums/manganese nitrate in water/20 kHz/90% breakdown/0_9breakdown-0005/0_9breakdown-0005_49.csv,5mM_Mn_nitrate_in_water,20,90,49,False
Lissajouswaveformsdifferentmediums/manganese nitrate in water/20 kHz/90% breakdown/0_9breakdown-0005/0_9breakdown-0005_50.csv,5mM_Mn_nitrate_in_water,20,90,50,False
Lissajouswaveformsdifferentmediums/manganese nitrate in water/20 kHz/90% breakdown/0_9breakdown-0005/0_9breakdown-0005_51.csv,5mM_Mn_nitrate_in_water,20,90,51,True
Lissajouswaveformsdifferentmediums/manganese nitrate in water/20 kHz/90% breakdown/0_9breakdown-0005/0_9breakdown-0005_52.csv,5mM_Mn_nitrate_in_water,20,90,52,False
Lissajouswaveformsdifferentmediums/manganese nitrate in water/20 kHz/90% breakdown/0_9breakdown-0005/0_9breakdown-0005_53.csv,5mM_Mn_nitrate_in_water,20,90,53,False
Lissajouswaveformsdifferentmediums/manganese nitrate in water/20 kHz/90% breakdown/0_9breakdown-0005/0_9breakdown-0005_54.csv,5mM_Mn_nitrate_in_water,20,90,54,False
Lissajouswaveformsdifferentmediums/manganese nitrate in water/20 kHz/90% breakdown/0_9breakdown-0005/0_9breakdown-0005_55.csv,5mM_Mn_nitrate_in_water,20,90,55,False
Lissajouswaveformsdifferentmediums/manganese nitrate in water/20 kHz/90% breakdown/0_9breakdown-0005/0_9breakdown-0005_56.csv,5mM_Mn_nitrate_in_water,20,90,56,True
Lissajouswaveformsdifferentmediums/manganese nitrate in water/20 kHz/90% breakdown/0_9breakdown-0005/0_9breakdown-0005_57.csv,5mM_Mn_nitrate_in_water,20,90,57,False
Lissajouswaveformsdifferentmediums/manganese nitrate in water/20 kHz/90% breakdown/0_9breakdown-0005/0_9breakdown-0005_58.csv,5mM_Mn_nitrate_in_water,20,90,58,False
Lissajouswaveformsdifferentmediums/manganese nitrate in water/20 kHz/90% breakdown/0_9breakdown-0005/0_9breakdown-0005_59.csv,5mM_Mn_nitrate_in_water,20,90,59,False
Lissajouswaveformsdifferentmediums/manganese nitrate in water/20 kHz/90% breakdown/0_9breakdown-0005/0_9breakdown-0005_60.csv,5mM_Mn_nitrate_in_water,20,90,60,True
Lissajouswaveformsdifferentmediums/manganese nitrate in water/20 kHz/90% breakdown/0_9breakdown-0005/0_9breakdown-0005_61.csv,5mM_Mn_nitrate_in_water,20,90,61,False
Lissajouswaveformsdifferentmediums/manganese nitrate in water/20 kHz/90% breakdown/0_9breakdown-0005/0_9breakdown-0005_62.csv,5mM_Mn_nitrate_in_water,20,90,62,False
Lissajouswaveformsdifferentmediums/manganese nitrate in water/20 kHz/90% breakdown/0_9breakdown-0005/0_9breakdown-0005_63.csv,5mM_Mn_nitrate_in_water,20,90,63,False
Lissajouswaveformsdifferentmediums/manganese nitrate in water/20 kHz/90% breakdown/0_9breakdown-0005/0_9breakdown-0005_64.csv,5mM_Mn_nitrate_in_water,20,90,64,True
Lissajouswaveformsdifferentmediums/manganese nitrate in water/20 kHz/breakdown/breakdown/breakdown_01.csv,5mM_Mn_nitrate_in_water,20,100,1,True
Lissajouswaveformsdifferentmediums/manganese nitrate in water/20 kHz/breakdown/breakdown/breakdown_02.csv,5mM_Mn_nitrate_in_water,20,100,2,False
Lissajouswaveformsdifferentmediums/manganese nitrate in water/20 kHz/breakdown/breakdown/breakdown_03.csv,5mM_Mn_nitrate_in_water,20,100,3,False
Lissajouswaveformsdifferentmediums/manganese nitrate in water/20 kHz/breakdown/breakdown/breakdown_04.csv,5mM_Mn_nitrate_in_water,20,100,4,False
Lissajouswaveformsdifferentmediums/manganese nitrate in water/20 kHz/breakdown/breakdown/breakdown_05.csv,5mM_Mn_nitrate_in_water,20,100,5,True
Lissajouswaveformsdifferentmediums/manganese nitrate in water/20 kHz/breakdown/breakdown/breakdown_06.csv,5mM_Mn_nitrate_in_water,20,100,6,False
Lissajouswaveformsdifferentmediums/manganese nitrate in water/20 kHz/breakdown/breakdown/breakdown_07.csv,5mM_Mn_nitrate_in_water,20,100,7,False
Lissajouswaveformsdifferentmediums/manganese nitrate in water/20 kHz/breakdown/breakdown/breakdown_08.csv,5mM_Mn_nitrate_in_water,20,100,8,False
Lissajouswaveformsdifferentmediums/manganese nitrate in water/20 kHz/breakdown/breakdown/breakdown_09.csv,5mM_Mn_nitrate_in_water,20,100,9,True
Lissajouswaveformsdifferentmediums/manganese nitrate in water/20 kHz/breakdown/breakdown/breakdown_10.csv,5mM_Mn_nitrate_in_water,20,100,10,False
Lissajouswaveformsdifferentmediums/manganese nitrate in water/20 kHz/breakdown/breakdown/breakdown_11.csv,5mM_Mn_nitrate_in_water,20,100,11,False
Lissajouswaveformsdifferentmediums/manganese nitrate in water/20 kHz/breakdown/breakdown/breakdown_12.csv,5mM_Mn_nitrate_in_water,20,100,12,False
Lissajouswaveformsdifferentmediums/manganese nitrate in water/20 kHz/breakdown/breakdown/breakdown_13.csv,5mM_Mn_nitrate_in_water,20,100,13,False
Lissajouswaveformsdifferentmediums/manganese nitrate in water/20 kHz/breakdown/breakdown/breakdown_14.csv,5mM_Mn_nitrate_in_water,20,100,14,True
Lissajouswaveformsdifferentmediums/manganese nitrate in water/20 kHz/breakdown/breakdown/breakdown_15.csv,5mM_Mn_nitrate_in_water,20,100,15,False
Lissajouswaveformsdifferentmediums/manganese nitrate in water/20 kHz/breakdown/breakdown/breakdown_16.csv,5mM_Mn_nitrate_in_water,20,100,16,False
Lissajouswaveformsdifferentmediums/manganese nitrate in water/20 kHz/breakdown/breakdown/breakdown_17.csv,5mM_Mn_nitrate_in_water,20,100,17,False
Lissajouswaveformsdifferentmediums/manganese nitrate in water/20 kHz/breakdown/breakdown/breakdown_18.csv,5mM_Mn_nitrate_in_water,20,100,18,True
Lissajouswaveformsdifferentmediums/manganese nitrate in water/20 kHz/breakdown/breakdown/breakdown_19.csv,5mM_Mn_nitrate_in_water,20,100,19,False
Lissajouswaveformsdifferentmediums/manganese nitrate in water/20 kHz/breakdown/breakdown/breakdown_20.csv,5mM_Mn_nitrate_in_water,20,100,20,False
Lissajouswaveformsdifferentmediums/manganese nitrate in water/20 kHz/breakdown/breakdown/breakdown_21.csv,5mM_Mn_nitrate_in_water,20,100,21,False
Lissajouswaveformsdifferentmediums/manganese nitrate in water/20 kHz/breakdown/breakdown/breakdown_22.csv,5mM_Mn_nitrate_in_water,20,100,22,True
Lissajouswaveformsdifferentmediums/manganese nitrate in water/20 kHz/breakdown/breakdown/breakdown_23.csv,5mM_Mn_nitrate_in_water,20,100,23,False
Lissajouswaveformsdifferentmediums/manganese nitrate in water/20 kHz/breakdown/breakdown/breakdown_24.csv,5mM_Mn_nitrate_in_water,20,100,24,False
Lissajouswaveformsdifferentmediums/manganese nitrate in water/20 kHz/breakdown/breakdown/breakdown_25.csv,5mM_Mn_nitrate_in_water,20,100,25,False
Lissajouswaveformsdifferentmediums/manganese nitrate in water/20 kHz/breakdown/breakdown/breakdown_26.csv,5mM_Mn_nitrate_in_water,20,100,26,True
Lissajouswaveformsdifferentmediums/manganese nitrate in water/20 kHz/breakdown/breakdown/breakdown_27.csv,5mM_Mn_nitrate_in_water,20,100,27,False
Lissajouswaveformsdifferentmediums/manganese nitrate in water/20 kHz/breakdown/breakdown/breakdown_28.csv,5mM_Mn_nitrate_in_water,20,100,28,False
Lissajouswaveformsdifferentmediums/manganese nitrate in water/20 kHz/breakdown/breakdown/breakdown_29.csv,5mM_Mn_nitrate_in_water,20,100,29,False
Lissajouswaveformsdifferentmediums/manganese nitrate in water/20 kHz/breakdown/breakdown/breakdown_30.csv,5mM_Mn_nitrate_in_water,20,100,30,True
Lissajouswaveformsdifferentmediums/manganese nitrate in water/20 kHz/breakdown/breakdown/breakdown_31.csv,5mM_Mn_nitrate_in_water,20,100,31,False
Lissajouswaveformsdifferentmediums/manganese nitrate in water/20 kHz/breakdown/breakdown/breakdown_32.csv,5mM_Mn_nitrate_in_water,20,100,32,False
Lissajouswaveformsdifferentmediums/manganese nitrate in water/20 kHz/breakdown/breakdown/breakdown_33.csv,5mM_Mn_nitrate_in_water,20,100,33,False
Lissajouswaveformsdifferentmediums/manganese nitrate in water/20 kHz/breakdown/breakdown/breakdown_34.csv,5mM_Mn_nitrate_in_water,20,100,34,False
Lissajouswaveformsdifferentmediums/manganese nitrate in water/20 kHz/breakdown/breakdown/breakdown_35.csv,5mM_Mn_nitrate_in_water,20,100,35,True
Lissajouswaveformsdifferentmediums/manganese nitrate in water/20 kHz/breakdown/breakdown/breakdown_36.csv,5mM_Mn_nitrate_in_water,20,100,36,False
Lissajouswaveformsdifferentmediums/manganese nitrate in water/20 kHz/breakdown/breakdown/breakdown_37.csv,5mM_Mn_nitrate_in_water,20,100,37,False
Lissajouswaveformsdifferentmediums/manganese nitrate in water/20 kHz/breakdown/breakdown/breakdown_38.csv,5mM_Mn_nitrate_in_water,20,100,38,False
Lissajouswaveformsdifferentmediums/manganese nitrate in water/20 kHz/breakdown/breakdown/breakdown_39.csv,5mM_Mn_nitrate_in_water,20,100,39,True
Lissajouswaveformsdifferentmediums/manganese nitrate in water/20 kHz/breakdown/breakdown/breakdown_40.csv,5mM_Mn_nitrate_in_water,20,100,40,False
Lissajouswaveformsdifferentmediums/manganese nitrate in water/20 kHz/breakdown/breakdown/breakdown_41.csv,5mM_Mn_nitrate_in_water,20,100,41,False
Lissajouswaveformsdifferentmediums/manganese nitrate in water/20 kHz/breakdown/breakdown/breakdown_42.csv,5mM_Mn_nitrate_in_water,20,100,42,False
Lissajouswaveformsdifferentmediums/manganese nitrate in water/20 kHz/breakdown/breakdown/breakdown_43.csv,5mM_Mn_nitrate_in_water,20,100,43,True
Lissajouswaveformsdifferentmediums/manganese nitrate in water/20 kHz/breakdown/breakdown/breakdown_44.csv,5mM_Mn_nitrate_in_water,20,100,44,False
Lissajouswaveformsdifferentmediums/manganese nitrate in water/20 kHz/breakdown/breakdown/breakdown_45.csv,5mM_Mn_nitrate_in_water,20,100,45,False
Lissajouswaveformsdifferentmediums/manganese nitrate in water/20 kHz/breakdown/breakdown/breakdown_46.csv,5mM_Mn_nitrate_in_water,20,100,46,False
Lissajouswaveformsdifferentmediums/manganese nitrate in water/20 kHz/breakdown/breakdown/breakdown_47.csv,5mM_Mn_nitrate_in_water,20,100,47,True
Lissajouswaveformsdifferentmediums/manganese nitrate in water/20 kHz/breakdown/breakdown/breakdown_48.csv,5mM_Mn_nitrate_in_water,20,100,48,False
Lissajouswaveformsdifferentmediums/manganese nitrate in water/20 kHz/breakdown/breakdown/breakdown_49.csv,5mM_Mn_nitrate_in_water,20,100,49,False
Lissajouswaveformsdifferentmediums/manganese nitrate in water/20 kHz/breakdown/breakdown/breakdown_50.csv,5mM_Mn_nitrate_in_water,20,100,50,False
Lissajouswaveformsdifferentmediums/manganese nitrate in water/20 kHz/breakdown/breakdown/breakdown_51.csv,5mM_Mn_nitrate_in_water,20,100,51,True
Lissajouswaveformsdifferentmediums/manganese nitrate in water/20 kHz/breakdown/breakdown/breakdown_52.csv,5mM_Mn_nitrate_in_water,20,100,52,False
Lissajouswaveformsdifferentmediums/manganese nitrate in water/20 kHz/breakdown/breakdown/breakdown_53.csv,5mM_Mn_nitrate_in_water,20,100,53,False
Lissajouswaveformsdifferentmediums/manganese nitrate in water/20 kHz/breakdown/breakdown/breakdown_54.csv,5mM_Mn_nitrate_in_water,20,100,54,False
Lissajouswaveformsdifferentmediums/manganese nitrate in water/20 kHz/breakdown/breakdown/breakdown_55.csv,5mM_Mn_nitrate_in_water,20,100,55,False
Lissajouswaveformsdifferentmediums/manganese nitrate in water/20 kHz/breakdown/breakdown/breakdown_56.csv,5mM_Mn_nitrate_in_water,20,100,56,True
Lissajouswaveformsdifferentmediums/manganese nitrate in water/20 kHz/breakdown/breakdown/breakdown_57.csv,5mM_Mn_nitrate_in_water,20,100,57,False
Lissajouswaveformsdifferentmediums/manganese nitrate in water/20 kHz/breakdown/breakdown/breakdown_58.csv,5mM_Mn_nitrate_in_water,20,100,58,False
Lissajouswaveformsdifferentmediums/manganese nitrate in water/20 kHz/breakdown/breakdown/breakdown_59.csv,5mM_Mn_nitrate_in_water,20,100,59,False
Lissajouswaveformsdifferentmediums/manganese nitrate in water/20 kHz/breakdown/breakdown/breakdown_60.csv,5mM_Mn_nitrate_in_water,20,100,60,True
Lissajouswaveformsdifferentmediums/manganese nitrate in water/20 kHz/breakdown/breakdown/breakdown_61.csv,5mM_Mn_nitrate_in_water,20,100,61,False
Lissajouswaveformsdifferentmediums/manganese nitrate in water/20 kHz/breakdown/breakdown/breakdown_62.csv,5mM_Mn_nitrate_in_water,20,100,62,False
Lissajouswaveformsdifferentmediums/manganese nitrate in water/20 kHz/breakdown/breakdown/breakdown_63.csv,5mM_Mn_nitrate_in_water,20,100,63,False
Lissajouswaveformsdifferentmediums/manganese nitrate in water/20 kHz/breakdown/breakdown/breakdown_64.csv,5mM_Mn_nitrate_in_water,20,100,64,True
Lissajouswaveformsdifferentmediums/manganese nitrate in water/20 kHz/105% breakdown/105breakdown-0006/105breakdown-0006_01.csv,5mM_Mn_nitrate_in_water,20,105,1,True
Lissajouswaveformsdifferentmediums/manganese nitrate in water/20 kHz/105% breakdown/105breakdown-0006/105breakdown-0006_02.csv,5mM_Mn_nitrate_in_water,20,105,2,False
Lissajouswaveformsdifferentmediums/manganese nitrate in water/20 kHz/105% breakdown/105breakdown-0006/105breakdown-0006_03.csv,5mM_Mn_nitrate_in_water,20,105,3,False
Lissajouswaveformsdifferentmediums/manganese nitrate in water/20 kHz/105% breakdown/105breakdown-0006/105breakdown-0006_04.csv,5mM_Mn_nitrate_in_water,20,105,4,False
Lissajouswaveformsdifferentmediums/manganese nitrate in water/20 kHz/105% breakdown/105breakdown-0006/105breakdown-0006_05.csv,5mM_Mn_nitrate_in_water,20,105,5,True
Lissajouswaveformsdifferentmediums/manganese nitrate in water/20 kHz/105% breakdown/105breakdown-0006/105breakdown-0006_06.csv,5mM_Mn_nitrate_in_water,20,105,6,False
Lissajouswaveformsdifferentmediums/manganese nitrate in water/20 kHz/105% breakdown/105breakdown-0006/105breakdown-0006_07.csv,5mM_Mn_nitrate_in_water,20,105,7,False
Lissajouswaveformsdifferentmediums/manganese nitrate in water/20 kHz/105% breakdown/105breakdown-0006/105breakdown-0006_08.csv,5mM_Mn_nitrate_in_water,20,105,8,False
Lissajouswaveformsdifferentmediums/manganese nitrate in water/20 kHz/105% breakdown/105breakdown-0006/105breakdown-0006_09.csv,5mM_Mn_nitrate_in_water,20,105,9,True
Lissajouswaveformsdifferentmediums/manganese nitrate in water/20 kHz/105% breakdown/105breakdown-0006/105breakdown-0006_10.csv,5mM_Mn_nitrate_in_water,20,105,10,False
Lissajouswaveformsdifferentmediums/manganese nitrate in water/20 kHz/105% breakdown/105breakdown-0006/105breakdown-0006_11.csv,5mM_Mn_nitrate_in_water,20,105,11,False
Lissajouswaveformsdifferentmediums/manganese nitrate in water/20 kHz/105% breakdown/105breakdown-0006/105breakdown-0006_12.csv,5mM_Mn_nitrate_in_water,20,105,12,False
Lissajouswaveformsdifferentmediums/manganese nitrate in water/20 kHz/105% breakdown/105breakdown-0006/105breakdown-0006_13.csv,5mM_Mn_nitrate_in_water,20,105,13,False
Lissajouswaveformsdifferentmediums/manganese nitrate in water/20 kHz/105% breakdown/105breakdown-0006/105breakdown-0006_14.csv,5mM_Mn_nitrate_in_water,20,105,14,True
Lissajouswaveformsdifferentmediums/manganese nitrate in water/20 kHz/105% breakdown/105breakdown-0006/105breakdown-0006_15.csv,5mM_Mn_nitrate_in_water,20,105,15,False
Lissajouswaveformsdifferentmediums/manganese nitrate in water/20 kHz/105% breakdown/105breakdown-0006/105breakdown-0006_16.csv,5mM_Mn_nitrate_in_water,20,105,16,False
Lissajouswaveformsdifferentmediums/manganese nitrate in water/20 kHz/105% breakdown/105breakdown-0006/105breakdown-0006_17.csv,5mM_Mn_nitrate_in_water,20,105,17,False
Lissajouswaveformsdifferentmediums/manganese nitrate in water/20 kHz/105% breakdown/105breakdown-0006/105breakdown-0006_18.csv,5mM_Mn_nitrate_in_water,20,105,18,True
Lissajouswaveformsdifferentmediums/manganese nitrate in water/20 kHz/105% breakdown/105breakdown-0006/105breakdown-0006_19.csv,5mM_Mn_nitrate_in_water,20,105,19,False
Lissajouswaveformsdifferentmediums/manganese nitrate in water/20 kHz/105% breakdown/105breakdown-0006/105breakdown-0006_20.csv,5mM_Mn_nitrate_in_water,20,105,20,False
Lissajouswaveformsdifferentmediums/manganese nitrate in water/20 kHz/105% breakdown/105breakdown-0006/105breakdown-0006_21.csv,5mM_Mn_nitrate_in_water,20,105,21,False
Lissajouswaveformsdifferentmediums/manganese nitrate in water/20 kHz/105% breakdown/105breakdown-0006/105breakdown-0006_22.csv,5mM_Mn_nitrate_in_water,20,105,22,True
Lissajouswaveformsdifferentmediums/manganese nitrate in water/20 kHz/105% breakdown/105breakdown-0006/105breakdown-0006_23.csv,5mM_Mn_nitrate_in_water,20,105,23,False
Lissajouswaveformsdifferentmediums/manganese nitrate in water/20 kHz/105% breakdown/105breakdown-0006/105breakdown-0006_24.csv,5mM_Mn_nitrate_in_water,20,105,24,False
Lissajouswaveformsdifferentmediums/manganese nitrate in water/20 kHz/105% breakdown/105breakdown-0006/105breakdown-0006_25.csv,5mM_Mn_nitrate_in_water,20,105,25,False
Lissajouswaveformsdifferentmediums/manganese nitrate in water/20 kHz/105% breakdown/105breakdown-0006/105breakdown-0006_26.csv,5mM_Mn_nitrate_in_water,20,105,26,True
Lissajouswaveformsdifferentmediums/manganese nitrate in water/20 kHz/105% breakdown/105breakdown-0006/105breakdown-0006_27.csv,5mM_Mn_nitrate_in_water,20,105,27,False
Lissajouswaveformsdifferentmediums/manganese nitrate in water/20 kHz/105% breakdown/105breakdown-0006/105breakdown-0006_28.csv,5mM_Mn_nitrate_in_water,20,105,28,False
Lissajouswaveformsdifferentmediums/manganese nitrate in water/20 kHz/105% breakdown/105breakdown-0006/105breakdown-0006_29.csv,5mM_Mn_nitrate_in_water,20,105,29,False
Lissajouswaveformsdifferentmediums/manganese nitrate in water/20 kHz/105% breakdown/105breakdown-0006/105breakdown-0006_30.csv,5mM_Mn_nitrate_in_water,20,105,30,True
Lissajouswaveformsdifferentmediums/manganese nitrate in water/20 kHz/105% breakdown/105breakdown-0006/105breakdown-0006_31.csv,5mM_Mn_nitrate_in_water,20,105,31,False
Lissajouswaveformsdifferentmediums/manganese nitrate in water/20 kHz/105% breakdown/105breakdown-0006/105breakdown-0006_32.csv,5mM_Mn_nitrate_in_water,20,105,32,False
Lissajouswaveformsdifferentmediums/manganese nitrate in water/20 kHz/105% breakdown/105breakdown-0006/105breakdown-0006_33.csv,5mM_Mn_nitrate_in_water,20,105,33,False
Lissajouswaveformsdifferentmediums/manganese nitrate in water/20 kHz/105% breakdown/105breakdown-0006/105breakdown-0006_34.csv,5mM_Mn_nitrate_in_water,20,105,34,False
Lissajouswaveformsdifferentmediums/manganese nitrate in water/20 kHz/105% breakdown/105breakdown-0006/105breakdown-0006_35.csv,5mM_Mn_nitrate_in_water,20,105,35,True
Lissajouswaveformsdifferentmediums/manganese nitrate in water/20 kHz/105% breakdown/105breakdown-0006/105breakdown-0006_36.csv,5mM_Mn_nitrate_in_water,20,105,36,False
Lissajouswaveformsdifferentmediums/manganese nitrate in water/20 kHz/105% breakdown/105breakdown-0006/105breakdown-0006_37.csv,5mM_Mn_nitrate_in_water,20,105,37,False
Lissajouswaveformsdifferentmediums/manganese nitrate in water/20 kHz/105% breakdown/105breakdown-0006/105breakdown-0006_38.csv,5mM_Mn_nitrate_in_water,20,105,38,False
Lissajouswaveformsdifferentmediums/manganese nitrate in water/20 kHz/105% breakdown/105breakdown-0006/105breakdown-0006_39.csv,5mM_Mn_nitrate_in_water,20,105,39,True
Lissajouswaveformsdifferentmediums/manganese nitrate in water/20 kHz/105% breakdown/105breakdown-0006/105breakdown-0006_40.csv,5mM_Mn_nitrate_in_water,20,105,40,False
Lissajouswaveformsdifferentmediums/manganese nitrate in water/20 kHz/105% breakdown/105breakdown-0006/105breakdown-0006_41.csv,5mM_Mn_nitrate_in_water,20,105,41,False
Lissajouswaveformsdifferentmediums/manganese nitrate in water/20 kHz/105% breakdown/105breakdown-0006/105breakdown-0006_42.csv,5mM_Mn_nitrate_in_water,20,105,42,False
Lissajouswaveformsdifferentmediums/manganese nitrate in water/20 kHz/105% breakdown/105breakdown-0006/105breakdown-0006_43.csv,5mM_Mn_nitrate_in_water,20,105,43,True
Lissajouswaveformsdifferentmediums/manganese nitrate in water/20 kHz/105% breakdown/105breakdown-0006/105breakdown-0006_44.csv,5mM_Mn_nitrate_in_water,20,105,44,False
Lissajouswaveformsdifferentmediums/manganese nitrate in water/20 kHz/105% breakdown/105breakdown-0006/105breakdown-0006_45.csv,5mM_Mn_nitrate_in_water,20,105,45,False
Lissajouswaveformsdifferentmediums/manganese nitrate in water/20 kHz/105% breakdown/105breakdown-0006/105breakdown-0006_46.csv,5mM_Mn_nitrate_in_water,20,105,46,False
Lissajouswaveformsdifferentmediums/manganese nitrate in water/20 kHz/105% breakdown/105breakdown-0006/105breakdown-0006_47.csv,5mM_Mn_nitrate_in_water,20,105,47,True
Lissajouswaveformsdifferentmediums/manganese nitrate in water/20 kHz/105% breakdown/105breakdown-0006/105breakdown-0006_48.csv,5mM_Mn_nitrate_in_water,20,105,48,False
Lissajouswaveformsdifferentmediums/manganese nitrate in water/20 kHz/105% breakdown/105breakdown-0006/105breakdown-0006_49.csv,5mM_Mn_nitrate_in_water,20,105,49,False
Lissajouswaveformsdifferentmediums/manganese nitrate in water/20 kHz/105% breakdown/105breakdown-0006/105breakdown-0006_50.csv,5mM_Mn_nitrate_in_water,20,105,50,False
Lissajouswaveformsdifferentmediums/manganese nitrate in water/20 kHz/105% breakdown/105breakdown-0006/105breakdown-0006_51.csv,5mM_Mn_nitrate_in_water,20,105,51,True
Lissajouswaveformsdifferentmediums/manganese nitrate in water/20 kHz/105% breakdown/105breakdown-0006/105breakdown-0006_52.csv,5mM_Mn_nitrate_in_water,20,105,52,False
Lissajouswaveformsdifferentmediums/manganese nitrate in water/20 kHz/105% breakdown/105breakdown-0006/105breakdown-0006_53.csv,5mM_Mn_nitrate_in_water,20,105,53,False
Lissajouswaveformsdifferentmediums/manganese nitrate in water/20 kHz/105% breakdown/105breakdown-0006/105breakdown-0006_54.csv,5mM_Mn_nitrate_in_water,20,105,54,False
Lissajouswaveformsdifferentmediums/manganese nitrate in water/20 kHz/105% breakdown/105breakdown-0006/105breakdown-0006_55.csv,5mM_Mn_nitrate_in_water,20,105,55,False
Lissajouswaveformsdifferentmediums/manganese nitrate in water/20 kHz/105% breakdown/105breakdown-0006/105breakdown-0006_56.csv,5mM_Mn_nitrate_in_water,20,105,56,True
Lissajouswaveformsdifferentmediums/manganese nitrate in water/20 kHz/105% breakdown/105breakdown-0006/105breakdown-0006_57.csv,5mM_Mn_nitrate_in_water,20,105,57,False
Lissajouswaveformsdifferentmediums/manganese nitrate in water/20 kHz/105% breakdown/105breakdown-0006/105breakdown-0006_58.csv,5mM_Mn_nitrate_in_water,20,105,58,False
Lissajouswaveformsdifferentmediums/manganese nitrate in water/20 kHz/105% breakdown/105breakdown-0006/105breakdown-0006_59.csv,5mM_Mn_nitrate_in_water,20,105,59,False
Lissajouswaveformsdifferentmediums/manganese nitrate in water/20 kHz/105% breakdown/105breakdown-0006/105breakdown-0006_60.csv,5mM_Mn_nitrate_in_water,20,105,60,True
Lissajouswaveformsdifferentmediums/manganese nitrate in water/20 kHz/105% breakdown/105breakdown-0006/105breakdown-0006_61.csv,5mM_Mn_nitrate_in_water,20,105,61,False
Lissajouswaveformsdifferentmediums/manganese nitrate in water/20 kHz/105% breakdown/105breakdown-0006/105breakdown-0006_62.csv,5mM_Mn_nitrate_in_water,20,105,62,False
Lissajouswaveformsdifferentmediums/manganese nitrate in water/20 kHz/105% breakdown/105breakdown-0006/105breakdown-0006_63.csv,5mM_Mn_nitrate_in_water,20,105,63,False
Lissajouswaveformsdifferentmediums/manganese nitrate in water/20 kHz/105% breakdown/105breakdown-0006/105breakdown-0006_64.csv,5mM_Mn_nitrate_in_water,20,105,64,True
Lissajouswaveformsdifferentmediums/manganese nitrate in water/20 kHz/115% breakdown/115breakdown-0007/115breakdown-0007_01.csv,5mM_Mn_nitrate_in_water,20,115,1,True
Lissajouswaveformsdifferentmediums/manganese nitrate in water/20 kHz/115% breakdown/115breakdown-0007/115breakdown-0007_02.csv,5mM_Mn_nitrate_in_water,20,115,2,False
Lissajouswaveformsdifferentmediums/manganese nitrate in water/20 kHz/115% breakdown/115breakdown-0007/115breakdown-0007_03.csv,5mM_Mn_nitrate_in_water,20,115,3,False
Lissajouswaveformsdifferentmediums/manganese nitrate in water/20 kHz/115% breakdown/115breakdown-0007/115breakdown-0007_04.csv,5mM_Mn_nitrate_in_water,20,115,4,False
Lissajouswaveformsdifferentmediums/manganese nitrate in water/20 kHz/115% breakdown/115breakdown-0007/115breakdown-0007_05.csv,5mM_Mn_nitrate_in_water,20,115,5,True
Lissajouswaveformsdifferentmediums/manganese nitrate in water/20 kHz/115% breakdown/115breakdown-0007/115breakdown-0007_06.csv,5mM_Mn_nitrate_in_water,20,115,6,False
Lissajouswaveformsdifferentmediums/manganese nitrate in water/20 kHz/115% breakdown/115breakdown-0007/115breakdown-0007_07.csv,5mM_Mn_nitrate_in_water,20,115,7,False
Lissajouswaveformsdifferentmediums/manganese nitrate in water/20 kHz/115% breakdown/115breakdown-0007/115breakdown-0007_08.csv,5mM_Mn_nitrate_in_water,20,115,8,False
Lissajouswaveformsdifferentmediums/manganese nitrate in water/20 kHz/115% breakdown/115breakdown-0007/115breakdown-0007_09.csv,5mM_Mn_nitrate_in_water,20,115,9,True
Lissajouswaveformsdifferentmediums/manganese nitrate in water/20 kHz/115% breakdown/115breakdown-0007/115breakdown-0007_10.csv,5mM_Mn_nitrate_in_water,20,115,10,False
Lissajouswaveformsdifferentmediums/manganese nitrate in water/20 kHz/115% breakdown/115breakdown-0007/115breakdown-0007_11.csv,5mM_Mn_nitrate_in_water,20,115,11,False
Lissajouswaveformsdifferentmediums/manganese nitrate in water/20 kHz/115% breakdown/115breakdown-0007/115breakdown-0007_12.csv,5mM_Mn_nitrate_in_water,20,115,12,False
Lissajouswaveformsdifferentmediums/manganese nitrate in water/20 kHz/115% breakdown/115breakdown-0007/115breakdown-0007_13.csv,5mM_Mn_nitrate_in_water,20,115,13,False
Lissajouswaveformsdifferentmediums/manganese nitrate in water/20 kHz/115% breakdown/115breakdown-0007/115breakdown-0007_14.csv,5mM_Mn_nitrate_in_water,20,115,14,True
Lissajouswaveformsdifferentmediums/manganese nitrate in water/20 kHz/115% breakdown/115breakdown-0007/115breakdown-0007_15.csv,5mM_Mn_nitrate_in_water,20,115,15,False
Lissajouswaveformsdifferentmediums/manganese nitrate in water/20 kHz/115% breakdown/115breakdown-0007/115breakdown-0007_16.csv,5mM_Mn_nitrate_in_water,20,115,16,False
Lissajouswaveformsdifferentmediums/manganese nitrate in water/20 kHz/115% breakdown/115breakdown-0007/115breakdown-0007_17.csv,5mM_Mn_nitrate_in_water,20,115,17,False
Lissajouswaveformsdifferentmediums/manganese nitrate in water/20 kHz/115% breakdown/115breakdown-0007/115breakdown-0007_18.csv,5mM_Mn_nitrate_in_water,20,115,18,True
Lissajouswaveformsdifferentmediums/manganese nitrate in water/20 kHz/115% breakdown/115breakdown-0007/115breakdown-0007_19.csv,5mM_Mn_nitrate_in_water,20,115,19,False
Lissajouswaveformsdifferentmediums/manganese nitrate in water/20 kHz/115% breakdown/115breakdown-0007/115breakdown-0007_20.csv,5mM_Mn_nitrate_in_water,20,115,20,False
Lissajouswaveformsdifferentmediums/manganese nitrate in water/20 kHz/115% breakdown/115breakdown-0007/115breakdown-0007_21.csv,5mM_Mn_nitrate_in_water,20,115,21,False
Lissajouswaveformsdifferentmediums/manganese nitrate in water/20 kHz/115% breakdown/115breakdown-0007/115breakdown-0007_22.csv,5mM_Mn_nitrate_in_water,20,115,22,True
Lissajouswaveformsdifferentmediums/manganese nitrate in water/20 kHz/115% breakdown/115breakdown-0007/115breakdown-0007_23.csv,5mM_Mn_nitrate_in_water,20,115,23,False
Lissajouswaveformsdifferentmediums/manganese nitrate in water/20 kHz/115% breakdown/115breakdown-0007/115breakdown-0007_24.csv,5mM_Mn_nitrate_in_water,20,115,24,False
Lissajouswaveformsdifferentmediums/manganese nitrate in water/20 kHz/115% breakdown/115breakdown-0007/115breakdown-0007_25.csv,5mM_Mn_nitrate_in_water,20,115,25,False
Lissajouswaveformsdifferentmediums/manganese nitrate in water/20 kHz/115% breakdown/115breakdown-0007/115breakdown-0007_26.csv,5mM_Mn_nitrate_in_water,20,115,26,True
Lissajouswaveformsdifferentmediums/manganese nitrate in water/20 kHz/115% breakdown/115breakdown-0007/115breakdown-0007_27.csv,5mM_Mn_nitrate_in_water,20,115,27,False
Lissajouswaveformsdifferentmediums/manganese nitrate in water/20 kHz/115% breakdown/115breakdown-0007/115breakdown-0007_28.csv,5mM_Mn_nitrate_in_water,20,115,28,False
Lissajouswaveformsdifferentmediums/manganese nitrate in water/20 kHz/115% breakdown/115breakdown-0007/115breakdown-0007_29.csv,5mM_Mn_nitrate_in_water,20,115,29,False
Lissajouswaveformsdifferentmediums/manganese nitrate in water/20 kHz/115% breakdown/115breakdown-0007/115breakdown-0007_30.csv,5mM_Mn_nitrate_in_water,20,115,30,True
Lissajouswaveformsdifferentmediums/manganese nitrate in water/20 kHz/115% breakdown/115breakdown-0007/115breakdown-0007_31.csv,5mM_Mn_nitrate_in_water,20,115,31,False
Lissajouswaveformsdifferentmediums/manganese nitrate in water/20 kHz/115% breakdown/115breakdown-0007/115breakdown-0007_32.csv,5mM_Mn_nitrate_in_water,20,115,32,False
Lissajouswaveformsdifferentmediums/manganese nitrate in water/20 kHz/115% breakdown/115breakdown-0007/115breakdown-0007_33.csv,5mM_Mn_nitrate_in_water,20,115,33,False
Lissajouswaveformsdifferentmediums/manganese nitrate in water/20 kHz/115% breakdown/115breakdown-0007/115breakdown-0007_34.csv,5mM_Mn_nitrate_in_water,20,115,34,False
Lissajouswaveformsdifferentmediums/manganese nitrate in water/20 kHz/115% breakdown/115breakdown-0007/115breakdown-0007_35.csv,5mM_Mn_nitrate_in_water,20,115,35,True
Lissajouswaveformsdifferentmediums/manganese nitrate in water/20 kHz/115% breakdown/115breakdown-0007/115breakdown-0007_36.csv,5mM_Mn_nitrate_in_water,20,115,36,False
Lissajouswaveformsdifferentmediums/manganese nitrate in water/20 kHz/115% breakdown/115breakdown-0007/115breakdown-0007_37.csv,5mM_Mn_nitrate_in_water,20,115,37,False
Lissajouswaveformsdifferentmediums/manganese nitrate in water/20 kHz/115% breakdown/115breakdown-0007/115breakdown-0007_38.csv,5mM_Mn_nitrate_in_water,20,115,38,False
Lissajouswaveformsdifferentmediums/manganese nitrate in water/20 kHz/115% breakdown/115breakdown-0007/115breakdown-0007_39.csv,5mM_Mn_nitrate_in_water,20,115,39,True
Lissajouswaveformsdifferentmediums/manganese nitrate in water/20 kHz/115% breakdown/115breakdown-0007/115breakdown-0007_40.csv,5mM_Mn_nitrate_in_water,20,115,40,False
Lissajouswaveformsdifferentmediums/manganese nitrate in water/20 kHz/115% breakdown/115breakdown-0007/115breakdown-0007_41.csv,5mM_Mn_nitrate_in_water,20,115,41,False
Lissajouswaveformsdifferentmediums/manganese nitrate in water/20 kHz/115% breakdown/115breakdown-0007/115breakdown-0007_42.csv,5mM_Mn_nitrate_in_water,20,115,42,False
Lissajouswaveformsdifferentmediums/manganese nitrate in water/20 kHz/115% breakdown/115breakdown-0007/115breakdown-0007_43.csv,5mM_Mn_nitrate_in_water,20,115,43,True
Lissajouswaveformsdifferentmediums/manganese nitrate in water/20 kHz/115% breakdown/115breakdown-0007/115breakdown-0007_44.csv,5mM_Mn_nitrate_in_water,20,115,44,False
Lissajouswaveformsdifferentmediums/manganese nitrate in water/20 kHz/115% breakdown/115breakdown-0007/115breakdown-0007_45.csv,5mM_Mn_nitrate_in_water,20,115,45,False
Lissajouswaveformsdifferentmediums/manganese nitrate in water/20 kHz/115% breakdown/115breakdown-0007/115breakdown-0007_46.csv,5mM_Mn_nitrate_in_water,20,115,46,False
Lissajouswaveformsdifferentmediums/manganese nitrate in water/20 kHz/115% breakdown/115breakdown-0007/115breakdown-0007_47.csv,5mM_Mn_nitrate_in_water,20,115,47,True
Lissajouswaveformsdifferentmediums/manganese nitrate in water/20 kHz/115% breakdown/115breakdown-0007/115breakdown-0007_48.csv,5mM_Mn_nitrate_in_water,20,115,48,False
Lissajouswaveformsdifferentmediums/manganese nitrate in water/20 kHz/115% breakdown/115breakdown-0007/115breakdown-0007_49.csv,5mM_Mn_nitrate_in_water,20,115,49,False
Lissajouswaveformsdifferentmediums/manganese nitrate in water/20 kHz/115% breakdown/115breakdown-0007/115breakdown-0007_50.csv,5mM_Mn_nitrate_in_water,20,115,50,False
Lissajouswaveformsdifferentmediums/manganese nitrate in water/20 kHz/115% breakdown/115breakdown-0007/115breakdown-0007_51.csv,5mM_Mn_nitrate_in_water,20,115,51,True
Lissajouswaveformsdifferentmediums/manganese nitrate in water/20 kHz/115% breakdown/115breakdown-0007/115breakdown-0007_52.csv,5mM_Mn_nitrate_in_water,20,115,52,False
Lissajouswaveformsdifferentmediums/manganese nitrate in water/20 kHz/115% breakdown/115breakdown-0007/115breakdown-0007_53.csv,5mM_Mn_nitrate_in_water,20,115,53,False
Lissajouswaveformsdifferentmediums/manganese nitrate in water/20 kHz/115% breakdown/115breakdown-0007/115breakdown-0007_54.csv,5mM_Mn_nitrate_in_water,20,115,54,False
Lissajouswaveformsdifferentmediums/manganese nitrate in water/20 kHz/115% breakdown/115breakdown-0007/115breakdown-0007_55.csv,5mM_Mn_nitrate_in_water,20,115,55,False
Lissajouswaveformsdifferentmediums/manganese nitrate in water/20 kHz/115% breakdown/115breakdown-0007/115breakdown-0007_56.csv,5mM_Mn_nitrate_in_water,20,115,56,True
Lissajouswaveformsdifferentmediums/manganese nitrate in water/20 kHz/115% breakdown/115breakdown-0007/115breakdown-0007_57.csv,5mM_Mn_nitrate_in_water,20,115,57,False
Lissajouswaveformsdifferentmediums/manganese nitrate in water/20 kHz/115% breakdown/115breakdown-0007/115breakdown-0007_58.csv,5mM_Mn_nitrate_in_water,20,115,58,False
Lissajouswaveformsdifferentmediums/manganese nitrate in water/20 kHz/115% breakdown/115breakdown-0007/115breakdown-0007_59.csv,5mM_Mn_nitrate_in_water,20,115,59,False
Lissajouswaveformsdifferentmediums/manganese nitrate in water/20 kHz/115% breakdown/115breakdown-0007/115breakdown-0007_60.csv,5mM_Mn_nitrate_in_water,20,115,60,True
Lissajouswaveformsdifferentmediums/manganese nitrate in water/20 kHz/115% breakdown/115breakdown-0007/115breakdown-0007_61.csv,5mM_Mn_nitrate_in_water,20,115,61,False
Lissajouswaveformsdifferentmediums/manganese nitrate in water/20 kHz/115% breakdown/115breakdown-0007/115breakdown-0007_62.csv,5mM_Mn_nitrate_in_water,20,115,62,False
Lissajouswaveformsdifferentmediums/manganese nitrate in water/20 kHz/115% breakdown/115breakdown-0007/115breakdown-0007_63.csv,5mM_Mn_nitrate_in_water,20,115,63,False
Lissajouswaveformsdifferentmediums/manganese nitrate in water/20 kHz/115% breakdown/115breakdown-0007/115breakdown-0007_64.csv,5mM_Mn_nitrate_in_water,20,115,64,True
Lissajouswaveformsdifferentmediums/manganese nitrate in water/Lissajousfigure20kHz-0003/Lissajousfigure20kHz-0003_01.csv,5mM_Mn_nitrate_in_water,20,MAX,1,True
Lissajouswaveformsdifferentmediums/manganese nitrate in water/Lissajousfigure20kHz-0003/Lissajousfigure20kHz-0003_02.csv,5mM_Mn_nitrate_in_water,20,MAX,2,True
Lissajouswaveformsdifferentmediums/manganese nitrate in water/Lissajousfigure20kHz-0003/Lissajousfigure20kHz-0003_03.csv,5mM_Mn_nitrate_in_water,20,MAX,3,True
Lissajouswaveformsdifferentmediums/manganese nitrate in water/Lissajousfigure20kHz-0003/Lissajousfigure20kHz-0003_04.csv,5mM_Mn_nitrate_in_water,20,MAX,4,True
Lissajouswaveformsdifferentmediums/manganese nitrate in water/Lissajousfigure20kHz-0003/Lissajousfigure20kHz-0003_05.csv,5mM_Mn_nitrate_in_water,20,MAX,5,True
Lissajouswaveformsdifferentmediums/manganese nitrate in water/Lissajousfigure20kHz-0003/Lissajousfigure20kHz-0003_06.csv,5mM_Mn_nitrate_in_water,20,MAX,6,True
Lissajouswaveformsdifferentmediums/manganese nitrate in water/Lissajousfigure20kHz-0003/Lissajousfigure20kHz-0003_07.csv,5mM_Mn_nitrate_in_water,20,MAX,7,True
Lissajouswaveformsdifferentmediums/manganese nitrate in water/Lissajousfigure20kHz-0003/Lissajousfigure20kHz-0003_08.csv,5mM_Mn_nitrate_in_water,20,MAX,8,True
Lissajouswaveformsdifferentmediums/manganese nitrate in water/Lissajousfigure20kHz-0003/Lissajousfigure20kHz-0003_09.csv,5mM_Mn_nitrate_in_water,20,MAX,9,True
Lissajouswaveformsdifferentmediums/manganese nitrate in water/Lissajousfigure20kHz-0003/Lissajousfigure20kHz-0003_10.csv,5mM_Mn_nitrate_in_water,20,MAX,10,True
Lissajouswaveformsdifferentmediums/manganese nitrate in water/Lissajousfigure20kHz-0003/Lissajousfigure20kHz-0003_11.csv,5mM_Mn_nitrate_in_water,20,MAX,11,True
Lissajouswaveformsdifferentmediums/manganese nitrate in water/Lissajousfigure20kHz-0003/Lissajousfigure20kHz-0003_12.csv,5mM_Mn_nitrate_in_water,20,MAX,12,True
Lissajouswaveformsdifferentmediums/manganese nitrate in water/Lissajousfigure20kHz-0003/Lissajousfigure20kHz-0003_13.csv,5mM_Mn_nitrate_in_water,20,MAX,13,True
Lissajouswaveformsdifferentmediums/manganese nitrate in water/Lissajousfigure20kHz-0003/Lissajousfigure20kHz-0003_14.csv,5mM_Mn_nitrate_in_water,20,MAX,14,True
Lissajouswaveformsdifferentmediums/manganese nitrate in water/Lissajousfigure20kHz-0003/Lissajousfigure20kHz-0003_15.csv,5mM_Mn_nitrate_in_water,20,MAX,15,True
Lissajouswaveformsdifferentmediums/manganese nitrate in water/Lissajousfigure20kHz-0003/Lissajousfigure20kHz-0003_16.csv,5mM_Mn_nitrate_in_water,20,MAX,16,True
Lissajouswaveformsdifferentmediums/manganese nitrate in water/Lissajousfigure20kHz-0003/Lissajousfigure20kHz-0003_17.csv,5mM_Mn_nitrate_in_water,20,MAX,17,True
Lissajouswaveformsdifferentmediums/manganese nitrate in water/Lissajousfigure20kHz-0003/Lissajousfigure20kHz-0003_18.csv,5mM_Mn_nitrate_in_water,20,MAX,18,True
Lissajouswaveformsdifferentmediums/manganese nitrate in water/Lissajousfigure20kHz-0003/Lissajousfigure20kHz-0003_19.csv,5mM_Mn_nitrate_in_water,20,MAX,19,True
Lissajouswaveformsdifferentmediums/manganese nitrate in water/Lissajousfigure20kHz-0003/Lissajousfigure20kHz-0003_20.csv,5mM_Mn_nitrate_in_water,20,MAX,20,True
Lissajouswaveformsdifferentmediums/manganese nitrate in water/Lissajousfigure20kHz-0003/Lissajousfigure20kHz-0003_21.csv,5mM_Mn_nitrate_in_water,20,MAX,21,True
Lissajouswaveformsdifferentmediums/manganese nitrate in water/Lissajousfigure20kHz-0003/Lissajousfigure20kHz-0003_22.csv,5mM_Mn_nitrate_in_water,20,MAX,22,True
Lissajouswaveformsdifferentmediums/manganese nitrate in water/Lissajousfigure20kHz-0003/Lissajousfigure20kHz-0003_23.csv,5mM_Mn_nitrate_in_water,20,MAX,23,True
Lissajouswaveformsdifferentmediums/manganese nitrate in water/Lissajousfigure20kHz-0003/Lissajousfigure20kHz-0003_24.csv,5mM_Mn_nitrate_in_water,20,MAX,24,True
Lissajouswaveformsdifferentmediums/manganese nitrate in water/Lissajousfigure20kHz-0003/Lissajousfigure20kHz-0003_25.csv,5mM_Mn_nitrate_in_water,20,MAX,25,True
Lissajouswaveformsdifferentmediums/manganese nitrate in water/Lissajousfigure20kHz-0003/Lissajousfigure20kHz-0003_26.csv,5mM_Mn_nitrate_in_water,20,MAX,26,True
Lissajouswaveformsdifferentmediums/manganese nitrate in water/Lissajousfigure20kHz-0003/Lissajousfigure20kHz-0003_27.csv,5mM_Mn_nitrate_in_water,20,MAX,27,True
Lissajouswaveformsdifferentmediums/manganese nitrate in water/Lissajousfigure20kHz-0003/Lissajousfigure20kHz-0003_28.csv,5mM_Mn_nitrate_in_water,20,MAX,28,True
Lissajouswaveformsdifferentmediums/manganese nitrate in water/Lissajousfigure20kHz-0003/Lissajousfigure20kHz-0003_29.csv,5mM_Mn_nitrate_in_water,20,MAX,29,True
Lissajouswaveformsdifferentmediums/manganese nitrate in water/Lissajousfigure20kHz-0003/Lissajousfigure20kHz-0003_30.csv,5mM_Mn_nitrate_in_water,20,MAX,30,True
Lissajouswaveformsdifferentmediums/manganese nitrate in water/Lissajousfigure20kHz-0003/Lissajousfigure20kHz-0003_31.csv,5mM_Mn_nitrate_in_water,20,MAX,31,True
Lissajouswaveformsdifferentmediums/manganese nitrate in water/Lissajousfigure20kHz-0003/Lissajousfigure20kHz-0003_32.csv,5mM_Mn_nitrate_in_water,20,MAX,32,True
Lissajouswaveformsdifferentmediums/manganese nitrate in water/Lissajousfigure20kHz-0003/Lissajousfigure20kHz-0003_33.csv,5mM_Mn_nitrate_in_water,20,MAX,33,True
Lissajouswaveformsdifferentmediums/manganese nitrate in water/Lissajousfigure20kHz-0003/Lissajousfigure20kHz-0003_34.csv,5mM_Mn_nitrate_in_water,20,MAX,34,True
Lissajouswaveformsdifferentmediums/manganese nitrate in water/Lissajousfigure20kHz-0003/Lissajousfigure20kHz-0003_35.csv,5mM_Mn_nitrate_in_water,20,MAX,35,True
Lissajouswaveformsdifferentmediums/manganese nitrate in water/Lissajousfigure20kHz-0003/Lissajousfigure20kHz-0003_36.csv,5mM_Mn_nitrate_in_water,20,MAX,36,True
Lissajouswaveformsdifferentmediums/manganese nitrate in water/Lissajousfigure20kHz-0003/Lissajousfigure20kHz-0003_37.csv,5mM_Mn_nitrate_in_water,20,MAX,37,True
Lissajouswaveformsdifferentmediums/manganese nitrate in water/Lissajousfigure20kHz-0003/Lissajousfigure20kHz-0003_38.csv,5mM_Mn_nitrate_in_water,20,MAX,38,True
Lissajouswaveformsdifferentmediums/manganese nitrate in water/Lissajousfigure20kHz-0003/Lissajousfigure20kHz-0003_39.csv,5mM_Mn_nitrate_in_water,20,MAX,39,True
Lissajouswaveformsdifferentmediums/manganese nitrate in water/Lissajousfigure20kHz-0003/Lissajousfigure20kHz-0003_40.csv,5mM_Mn_nitrate_in_water,20,MAX,40,True
Lissajouswaveformsdifferentmediums/manganese nitrate in water/Lissajousfigure20kHz-0003/Lissajousfigure20kHz-0003_41.csv,5mM_Mn_nitrate_in_water,20,MAX,41,True
Lissajouswaveformsdifferentmediums/manganese nitrate in water/Lissajousfigure20kHz-0003/Lissajousfigure20kHz-0003_42.csv,5mM_Mn_nitrate_in_water,20,MAX,42,True
Lissajouswaveformsdifferentmediums/manganese nitrate in water/Lissajousfigure20kHz-0003/Lissajousfigure20kHz-0003_43.csv,5mM_Mn_nitrate_in_water,20,MAX,43,True
Lissajouswaveformsdifferentmediums/manganese nitrate in water/Lissajousfigure20kHz-0003/Lissajousfigure20kHz-0003_44.csv,5mM_Mn_nitrate_in_water,20,MAX,44,True
Lissajouswaveformsdifferentmediums/manganese nitrate in water/Lissajousfigure20kHz-0003/Lissajousfigure20kHz-0003_45.csv,5mM_Mn_nitrate_in_water,20,MAX,45,True
Lissajouswaveformsdifferentmediums/manganese nitrate in water/Lissajousfigure20kHz-0003/Lissajousfigure20kHz-0003_46.csv,5mM_Mn_nitrate_in_water,20,MAX,46,True
Lissajouswaveformsdifferentmediums/manganese nitrate in water/Lissajousfigure20kHz-0003/Lissajousfigure20kHz-0003_47.csv,5mM_Mn_nitrate_in_water,20,MAX,47,True
Lissajouswaveformsdifferentmediums/manganese nitrate in water/Lissajousfigure20kHz-0003/Lissajousfigure20kHz-0003_48.csv,5mM_Mn_nitrate_in_water,20,MAX,48,True
Lissajouswaveformsdifferentmediums/manganese nitrate in water/Lissajousfigure20kHz-0003/Lissajousfigure20kHz-0003_49.csv,5mM_Mn_nitrate_in_water,20,MAX,49,True
Lissajouswaveformsdifferentmediums/manganese nitrate in water/Lissajousfigure20kHz-0003/Lissajousfigure20kHz-0003_50.csv,5mM_Mn_nitrate_in_water,20,MAX,50,True
Lissajouswaveformsdifferentmediums/manganese nitrate in water/Lissajousfigure20kHz-0003/Lissajousfigure20kHz-0003_51.csv,5mM_Mn_nitrate_in_water,20,MAX,51,True
Lissajouswaveformsdifferentmediums/manganese nitrate in water/Lissajousfigure20kHz-0003/Lissajousfigure20kHz-0003_52.csv,5mM_Mn_nitrate_in_water,20,MAX,52,True
Lissajouswaveformsdifferentmediums/manganese nitrate in water/Lissajousfigure20kHz-0003/Lissajousfigure20kHz-0003_53.csv,5mM_Mn_nitrate_in_water,20,MAX,53,True
Lissajouswaveformsdifferentmediums/manganese nitrate in water/Lissajousfigure20kHz-0003/Lissajousfigure20kHz-0003_54.csv,5mM_Mn_nitrate_in_water,20,MAX,54,True
Lissajouswaveformsdifferentmediums/manganese nitrate in water/Lissajousfigure20kHz-0003/Lissajousfigure20kHz-0003_55.csv,5mM_Mn_nitrate_in_water,20,MAX,55,True
Lissajouswaveformsdifferentmediums/manganese nitrate in water/Lissajousfigure20kHz-0003/Lissajousfigure20kHz-0003_56.csv,5mM_Mn_nitrate_in_water,20,MAX,56,True
Lissajouswaveformsdifferentmediums/manganese nitrate in water/Lissajousfigure20kHz-0003/Lissajousfigure20kHz-0003_57.csv,5mM_Mn_nitrate_in_water,20,MAX,57,True
Lissajouswaveformsdifferentmediums/manganese nitrate in water/Lissajousfigure20kHz-0003/Lissajousfigure20kHz-0003_58.csv,5mM_Mn_nitrate_in_water,20,MAX,58,True
Lissajouswaveformsdifferentmediums/manganese nitrate in water/Lissajousfigure20kHz-0003/Lissajousfigure20kHz-0003_59.csv,5mM_Mn_nitrate_in_water,20,MAX,59,True
Lissajouswaveformsdifferentmediums/manganese nitrate in water/Lissajousfigure20kHz-0003/Lissajousfigure20kHz-0003_60.csv,5mM_Mn_nitrate_in_water,20,MAX,60,True
Lissajouswaveformsdifferentmediums/manganese nitrate in water/Lissajousfigure20kHz-0003/Lissajousfigure20kHz-0003_61.csv,5mM_Mn_nitrate_in_water,20,MAX,61,True
Lissajouswaveformsdifferentmediums/manganese nitrate in water/Lissajousfigure20kHz-0003/Lissajousfigure20kHz-0003_62.csv,5mM_Mn_nitrate_in_water,20,MAX,62,True
Lissajouswaveformsdifferentmediums/manganese nitrate in water/Lissajousfigure20kHz-0003/Lissajousfigure20kHz-0003_63.csv,5mM_Mn_nitrate_in_water,20,MAX,63,True
Lissajouswaveformsdifferentmediums/manganese nitrate in water/Lissajousfigure20kHz-0003/Lissajousfigure20kHz-0003_64.csv,5mM_Mn_nitrate_in_water,20,MAX,64,True
Lissajouswaveformsdifferentmediums/ionic liquid/Lissajousfigure4kHz-0008/Lissajousfigure4kHz-0008_01.csv,BMIM_nitrate,4,MAX,1,True
Lissajouswaveformsdifferentmediums/ionic liquid/Lissajousfigure4kHz-0008/Lissajousfigure4kHz-0008_02.csv,BMIM_nitrate,4,MAX,2,True
Lissajouswaveformsdifferentmediums/ionic liquid/Lissajousfigure4kHz-0008/Lissajousfigure4kHz-0008_03.csv,BMIM_nitrate,4,MAX,3,True
Lissajouswaveformsdifferentmediums/ionic liquid/Lissajousfigure4kHz-0008/Lissajousfigure4kHz-0008_04.csv,BMIM_nitrate,4,MAX,4,True
Lissajouswaveformsdifferentmediums/ionic liquid/Lissajousfigure4kHz-0008/Lissajousfigure4kHz-0008_05.csv,BMIM_nitrate,4,MAX,5,True
Lissajouswaveformsdifferentmediums/ionic liquid/Lissajousfigure4kHz-0008/Lissajousfigure4kHz-0008_06.csv,BMIM_nitrate,4,MAX,6,True
Lissajouswaveformsdifferentmediums/ionic liquid/Lissajousfigure4kHz-0008/Lissajousfigure4kHz-0008_07.csv,BMIM_nitrate,4,MAX,7,True
Lissajouswaveformsdifferentmediums/ionic liquid/Lissajousfigure4kHz-0008/Lissajousfigure4kHz-0008_08.csv,BMIM_nitrate,4,MAX,8,True
Lissajouswaveformsdifferentmediums/ionic liquid/Lissajousfigure4kHz-0008/Lissajousfigure4kHz-0008_09.csv,BMIM_nitrate,4,MAX,9,True
Lissajouswaveformsdifferentmediums/ionic liquid/Lissajousfigure4kHz-0008/Lissajousfigure4kHz-0008_10.csv,BMIM_nitrate,4,MAX,10,True
Lissajouswaveformsdifferentmediums/ionic liquid/Lissajousfigure4kHz-0008/Lissajousfigure4kHz-0008_11.csv,BMIM_nitrate,4,MAX,11,True
Lissajouswaveformsdifferentmediums/ionic liquid/Lissajousfigure4kHz-0008/Lissajousfigure4kHz-0008_12.csv,BMIM_nitrate,4,MAX,12,True
Lissajouswaveformsdifferentmediums/ionic liquid/Lissajousfigure4kHz-0008/Lissajousfigure4kHz-0008_13.csv,BMIM_nitrate,4,MAX,13,True
Lissajouswaveformsdifferentmediums/ionic liquid/Lissajousfigure4kHz-0008/Lissajousfigure4kHz-0008_14.csv,BMIM_nitrate,4,MAX,14,True
Lissajouswaveformsdifferentmediums/ionic liquid/Lissajousfigure4kHz-0008/Lissajousfigure4kHz-0008_15.csv,BMIM_nitrate,4,MAX,15,True
Lissajouswaveformsdifferentmediums/ionic liquid/Lissajousfigure4kHz-0008/Lissajousfigure4kHz-0008_16.csv,BMIM_nitrate,4,MAX,16,True
Lissajouswaveformsdifferentmediums/ionic liquid/Lissajousfigure4kHz-0008/Lissajousfigure4kHz-0008_17.csv,BMIM_nitrate,4,MAX,17,True
Lissajouswaveformsdifferentmediums/ionic liquid/Lissajousfigure4kHz-0008/Lissajousfigure4kHz-0008_18.csv,BMIM_nitrate,4,MAX,18,True
Lissajouswaveformsdifferentmediums/ionic liquid/Lissajousfigure4kHz-0008/Lissajousfigure4kHz-0008_19.csv,BMIM_nitrate,4,MAX,19,True
Lissajouswaveformsdifferentmediums/ionic liquid/Lissajousfigure4kHz-0008/Lissajousfigure4kHz-0008_20.csv,BMIM_nitrate,4,MAX,20,True
Lissajouswaveformsdifferentmediums/ionic liquid/Lissajousfigure4kHz-0008/Lissajousfigure4kHz-0008_21.csv,BMIM_nitrate,4,MAX,21,True
Lissajouswaveformsdifferentmediums/ionic liquid/Lissajousfigure4kHz-0008/Lissajousfigure4kHz-0008_22.csv,BMIM_nitrate,4,MAX,22,True
Lissajouswaveformsdifferentmediums/ionic liquid/Lissajousfigure4kHz-0008/Lissajousfigure4kHz-0008_23.csv,BMIM_nitrate,4,MAX,23,True
Lissajouswaveformsdifferentmediums/ionic liquid/Lissajousfigure4kHz-0008/Lissajousfigure4kHz-0008_24.csv,BMIM_nitrate,4,MAX,24,True
Lissajouswaveformsdifferentmediums/ionic liquid/Lissajousfigure4kHz-0008/Lissajousfigure4kHz-0008_25.csv,BMIM_nitrate,4,MAX,25,True
Lissajouswaveformsdifferentmediums/ionic liquid/Lissajousfigure4kHz-0008/Lissajousfigure4kHz-0008_26.csv,BMIM_nitrate,4,MAX,26,True
Lissajouswaveformsdifferentmediums/ionic liquid/Lissajousfigure4kHz-0008/Lissajousfigure4kHz-0008_27.csv,BMIM_nitrate,4,MAX,27,True
Lissajouswaveformsdifferentmediums/ionic liquid/Lissajousfigure4kHz-0008/Lissajousfigure4kHz-0008_28.csv,BMIM_nitrate,4,MAX,28,True
Lissajouswaveformsdifferentmediums/ionic liquid/Lissajousfigure4kHz-0008/Lissajousfigure4kHz-0008_29.csv,BMIM_nitrate,4,MAX,29,True
Lissajouswaveformsdifferentmediums/ionic liquid/Lissajousfigure4kHz-0008/Lissajousfigure4kHz-0008_30.csv,BMIM_nitrate,4,MAX,30,True
Lissajouswaveformsdifferentmediums/ionic liquid/Lissajousfigure4kHz-0008/Lissajousfigure4kHz-0008_31.csv,BMIM_nitrate,4,MAX,31,True
Lissajouswaveformsdifferentmediums/ionic liquid/Lissajousfigure4kHz-0008/Lissajousfigure4kHz-0008_32.csv,BMIM_nitrate,4,MAX,32,True
Lissajouswaveformsdifferentmediums/ionic liquid/Lissajousfigure4kHz-0008/Lissajousfigure4kHz-0008_33.csv,BMIM_nitrate,4,MAX,33,True
Lissajouswaveformsdifferentmediums/ionic liquid/Lissajousfigure4kHz-0008/Lissajousfigure4kHz-0008_34.csv,BMIM_nitrate,4,MAX,34,True
Lissajouswaveformsdifferentmediums/ionic liquid/Lissajousfigure4kHz-0008/Lissajousfigure4kHz-0008_35.csv,BMIM_nitrate,4,MAX,35,True
Lissajouswaveformsdifferentmediums/ionic liquid/Lissajousfigure4kHz-0008/Lissajousfigure4kHz-0008_36.csv,BMIM_nitrate,4,MAX,36,True
Lissajouswaveformsdifferentmediums/ionic liquid/Lissajousfigure4kHz-0008/Lissajousfigure4kHz-0008_37.csv,BMIM_nitrate,4,MAX,37,True
Lissajouswaveformsdifferentmediums/ionic liquid/Lissajousfigure4kHz-0008/Lissajousfigure4kHz-0008_38.csv,BMIM_nitrate,4,MAX,38,True
Lissajouswaveformsdifferentmediums/ionic liquid/Lissajousfigure4kHz-0008/Lissajousfigure4kHz-0008_39.csv,BMIM_nitrate,4,MAX,39,True
Lissajouswaveformsdifferentmediums/ionic liquid/Lissajousfigure4kHz-0008/Lissajousfigure4kHz-0008_40.csv,BMIM_nitrate,4,MAX,40,True
Lissajouswaveformsdifferentmediums/ionic liquid/Lissajousfigure4kHz-0008/Lissajousfigure4kHz-0008_41.csv,BMIM_nitrate,4,MAX,41,True
Lissajouswaveformsdifferentmediums/ionic liquid/Lissajousfigure4kHz-0008/Lissajousfigure4kHz-0008_42.csv,BMIM_nitrate,4,MAX,42,True
Lissajouswaveformsdifferentmediums/ionic liquid/Lissajousfigure4kHz-0008/Lissajousfigure4kHz-0008_43.csv,BMIM_nitrate,4,MAX,43,True
Lissajouswaveformsdifferentmediums/ionic liquid/Lissajousfigure4kHz-0008/Lissajousfigure4kHz-0008_44.csv,BMIM_nitrate,4,MAX,44,True
Lissajouswaveformsdifferentmediums/ionic liquid/Lissajousfigure4kHz-0008/Lissajousfigure4kHz-0008_45.csv,BMIM_nitrate,4,MAX,45,True
Lissajouswaveformsdifferentmediums/ionic liquid/Lissajousfigure4kHz-0008/Lissajousfigure4kHz-0008_46.csv,BMIM_nitrate,4,MAX,46,True
Lissajouswaveformsdifferentmediums/ionic liquid/Lissajousfigure4kHz-0008/Lissajousfigure4kHz-0008_47.csv,BMIM_nitrate,4,MAX,47,True
Lissajouswaveformsdifferentmediums/ionic liquid/Lissajousfigure4kHz-0008/Lissajousfigure4kHz-0008_48.csv,BMIM_nitrate,4,MAX,48,True
Lissajouswaveformsdifferentmediums/ionic liquid/Lissajousfigure4kHz-0008/Lissajousfigure4kHz-0008_49.csv,BMIM_nitrate,4,MAX,49,True
Lissajouswaveformsdifferentmediums/ionic liquid/Lissajousfigure4kHz-0008/Lissajousfigure4kHz-0008_50.csv,BMIM_nitrate,4,MAX,50,True
Lissajouswaveformsdifferentmediums/ionic liquid/Lissajousfigure4kHz-0008/Lissajousfigure4kHz-0008_51.csv,BMIM_nitrate,4,MAX,51,True
Lissajouswaveformsdifferentmediums/ionic liquid/Lissajousfigure4kHz-0008/Lissajousfigure4kHz-0008_52.csv,BMIM_nitrate,4,MAX,52,True
Lissajouswaveformsdifferentmediums/ionic liquid/Lissajousfigure4kHz-0008/Lissajousfigure4kHz-0008_53.csv,BMIM_nitrate,4,MAX,53,True
Lissajouswaveformsdifferentmediums/ionic liquid/Lissajousfigure4kHz-0008/Lissajousfigure4kHz-0008_54.csv,BMIM_nitrate,4,MAX,54,True
Lissajouswaveformsdifferentmediums/ionic liquid/Lissajousfigure4kHz-0008/Lissajousfigure4kHz-0008_55.csv,BMIM_nitrate,4,MAX,55,True
Lissajouswaveformsdifferentmediums/ionic liquid/Lissajousfigure4kHz-0008/Lissajousfigure4kHz-0008_56.csv,BMIM_nitrate,4,MAX,56,True
Lissajouswaveformsdifferentmediums/ionic liquid/Lissajousfigure4kHz-0008/Lissajousfigure4kHz-0008_57.csv,BMIM_nitrate,4,MAX,57,True
Lissajouswaveformsdifferentmediums/ionic liquid/Lissajousfigure4kHz-0008/Lissajousfigure4kHz-0008_58.csv,BMIM_nitrate,4,MAX,58,True
Lissajouswaveformsdifferentmediums/ionic liquid/Lissajousfigure4kHz-0008/Lissajousfigure4kHz-0008_59.csv,BMIM_nitrate,4,MAX,59,True
Lissajouswaveformsdifferentmediums/ionic liquid/Lissajousfigure4kHz-0008/Lissajousfigure4kHz-0008_60.csv,BMIM_nitrate,4,MAX,60,True
Lissajouswaveformsdifferentmediums/ionic liquid/Lissajousfigure4kHz-0008/Lissajousfigure4kHz-0008_61.csv,BMIM_nitrate,4,MAX,61,True
Lissajouswaveformsdifferentmediums/ionic liquid/Lissajousfigure4kHz-0008/Lissajousfigure4kHz-0008_62.csv,BMIM_nitrate,4,MAX,62,True
Lissajouswaveformsdifferentmediums/ionic liquid/Lissajousfigure4kHz-0008/Lissajousfigure4kHz-0008_63.csv,BMIM_nitrate,4,MAX,63,True
Lissajouswaveformsdifferentmediums/ionic liquid/Lissajousfigure4kHz-0008/Lissajousfigure4kHz-0008_64.csv,BMIM_nitrate,4,MAX,64,True
Lissajouswaveformsdifferentmediums/ionic liquid/Lissajousfigure10kHz-0007/Lissajousfigure10kHz-0007_01.csv,BMIM_nitrate,10,MAX,1,True
Lissajouswaveformsdifferentmediums/ionic liquid/Lissajousfigure10kHz-0007/Lissajousfigure10kHz-0007_02.csv,BMIM_nitrate,10,MAX,2,True
Lissajouswaveformsdifferentmediums/ionic liquid/Lissajousfigure10kHz-0007/Lissajousfigure10kHz-0007_03.csv,BMIM_nitrate,10,MAX,3,True
Lissajouswaveformsdifferentmediums/ionic liquid/Lissajousfigure10kHz-0007/Lissajousfigure10kHz-0007_04.csv,BMIM_nitrate,10,MAX,4,True
Lissajouswaveformsdifferentmediums/ionic liquid/Lissajousfigure10kHz-0007/Lissajousfigure10kHz-0007_05.csv,BMIM_nitrate,10,MAX,5,True
Lissajouswaveformsdifferentmediums/ionic liquid/Lissajousfigure10kHz-0007/Lissajousfigure10kHz-0007_06.csv,BMIM_nitrate,10,MAX,6,True
Lissajouswaveformsdifferentmediums/ionic liquid/Lissajousfigure10kHz-0007/Lissajousfigure10kHz-0007_07.csv,BMIM_nitrate,10,MAX,7,True
Lissajouswaveformsdifferentmediums/ionic liquid/Lissajousfigure10kHz-0007/Lissajousfigure10kHz-0007_08.csv,BMIM_nitrate,10,MAX,8,True
Lissajouswaveformsdifferentmediums/ionic liquid/Lissajousfigure10kHz-0007/Lissajousfigure10kHz-0007_09.csv,BMIM_nitrate,10,MAX,9,True
Lissajouswaveformsdifferentmediums/ionic liquid/Lissajousfigure10kHz-0007/Lissajousfigure10kHz-0007_10.csv,BMIM_nitrate,10,MAX,10,True
Lissajouswaveformsdifferentmediums/ionic liquid/Lissajousfigure10kHz-0007/Lissajousfigure10kHz-0007_11.csv,BMIM_nitrate,10,MAX,11,True
Lissajouswaveformsdifferentmediums/ionic liquid/Lissajousfigure10kHz-0007/Lissajousfigure10kHz-0007_12.csv,BMIM_nitrate,10,MAX,12,True
Lissajouswaveformsdifferentmediums/ionic liquid/Lissajousfigure10kHz-0007/Lissajousfigure10kHz-0007_13.csv,BMIM_nitrate,10,MAX,13,True
Lissajouswaveformsdifferentmediums/ionic liquid/Lissajousfigure10kHz-0007/Lissajousfigure10kHz-0007_14.csv,BMIM_nitrate,10,MAX,14,True
Lissajouswaveformsdifferentmediums/ionic liquid/Lissajousfigure10kHz-0007/Lissajousfigure10kHz-0007_15.csv,BMIM_nitrate,10,MAX,15,True
Lissajouswaveformsdifferentmediums/ionic liquid/Lissajousfigure10kHz-0007/Lissajousfigure10kHz-0007_16.csv,BMIM_nitrate,10,MAX,16,True
Lissajouswaveformsdifferentmediums/ionic liquid/Lissajousfigure10kHz-0007/Lissajousfigure10kHz-0007_17.csv,BMIM_nitrate,10,MAX,17,True
Lissajouswaveformsdifferentmediums/ionic liquid/Lissajousfigure10kHz-0007/Lissajousfigure10kHz-0007_18.csv,BMIM_nitrate,10,MAX,18,True
Lissajouswaveformsdifferentmediums/ionic liquid/Lissajousfigure10kHz-0007/Lissajousfigure10kHz-0007_19.csv,BMIM_nitrate,10,MAX,19,True
Lissajouswaveformsdifferentmediums/ionic liquid/Lissajousfigure10kHz-0007/Lissajousfigure10kHz-0007_20.csv,BMIM_nitrate,10,MAX,20,True
Lissajouswaveformsdifferentmediums/ionic liquid/Lissajousfigure10kHz-0007/Lissajousfigure10kHz-0007_21.csv,BMIM_nitrate,10,MAX,21,True
Lissajouswaveformsdifferentmediums/ionic liquid/Lissajousfigure10kHz-0007/Lissajousfigure10kHz-0007_22.csv,BMIM_nitrate,10,MAX,22,True
Lissajouswaveformsdifferentmediums/ionic liquid/Lissajousfigure10kHz-0007/Lissajousfigure10kHz-0007_23.csv,BMIM_nitrate,10,MAX,23,True
Lissajouswaveformsdifferentmediums/ionic liquid/Lissajousfigure10kHz-0007/Lissajousfigure10kHz-0007_24.csv,BMIM_nitrate,10,MAX,24,True
Lissajouswaveformsdifferentmediums/ionic liquid/Lissajousfigure10kHz-0007/Lissajousfigure10kHz-0007_25.csv,BMIM_nitrate,10,MAX,25,True
Lissajouswaveformsdifferentmediums/ionic liquid/Lissajousfigure10kHz-0007/Lissajousfigure10kHz-0007_26.csv,BMIM_nitrate,10,MAX,26,True
Lissajouswaveformsdifferentmediums/ionic liquid/Lissajousfigure10kHz-0007/Lissajousfigure10kHz-0007_27.csv,BMIM_nitrate,10,MAX,27,True
Lissajouswaveformsdifferentmediums/ionic liquid/Lissajousfigure10kHz-0007/Lissajousfigure10kHz-0007_28.csv,BMIM_nitrate,10,MAX,28,True
Lissajouswaveformsdifferentmediums/ionic liquid/Lissajousfigure10kHz-0007/Lissajousfigure10kHz-0007_29.csv,BMIM_nitrate,10,MAX,29,True
Lissajouswaveformsdifferentmediums/ionic liquid/Lissajousfigure10kHz-0007/Lissajousfigure10kHz-0007_30.csv,BMIM_nitrate,10,MAX,30,True
Lissajouswaveformsdifferentmediums/ionic liquid/Lissajousfigure10kHz-0007/Lissajousfigure10kHz-0007_31.csv,BMIM_nitrate,10,MAX,31,True
Lissajouswaveformsdifferentmediums/ionic liquid/Lissajousfigure10kHz-0007/Lissajousfigure10kHz-0007_32.csv,BMIM_nitrate,10,MAX,32,True
Lissajouswaveformsdifferentmediums/ionic liquid/Lissajousfigure10kHz-0007/Lissajousfigure10kHz-0007_33.csv,BMIM_nitrate,10,MAX,33,True
Lissajouswaveformsdifferentmediums/ionic liquid/Lissajousfigure10kHz-0007/Lissajousfigure10kHz-0007_34.csv,BMIM_nitrate,10,MAX,34,True
Lissajouswaveformsdifferentmediums/ionic liquid/Lissajousfigure10kHz-0007/Lissajousfigure10kHz-0007_35.csv,BMIM_nitrate,10,MAX,35,True
Lissajouswaveformsdifferentmediums/ionic liquid/Lissajousfigure10kHz-0007/Lissajousfigure10kHz-0007_36.csv,BMIM_nitrate,10,MAX,36,True
Lissajouswaveformsdifferentmediums/ionic liquid/Lissajousfigure10kHz-0007/Lissajousfigure10kHz-0007_37.csv,BMIM_nitrate,10,MAX,37,True
Lissajouswaveformsdifferentmediums/ionic liquid/Lissajousfigure10kHz-0007/Lissajousfigure10kHz-0007_38.csv,BMIM_nitrate,10,MAX,38,True
Lissajouswaveformsdifferentmediums/ionic liquid/Lissajousfigure10kHz-0007/Lissajousfigure10kHz-0007_39.csv,BMIM_nitrate,10,MAX,39,True
Lissajouswaveformsdifferentmediums/ionic liquid/Lissajousfigure10kHz-0007/Lissajousfigure10kHz-0007_40.csv,BMIM_nitrate,10,MAX,40,True
Lissajouswaveformsdifferentmediums/ionic liquid/Lissajousfigure10kHz-0007/Lissajousfigure10kHz-0007_41.csv,BMIM_nitrate,10,MAX,41,True
Lissajouswaveformsdifferentmediums/ionic liquid/Lissajousfigure10kHz-0007/Lissajousfigure10kHz-0007_42.csv,BMIM_nitrate,10,MAX,42,True
Lissajouswaveformsdifferentmediums/ionic liquid/Lissajousfigure10kHz-0007/Lissajousfigure10kHz-0007_43.csv,BMIM_nitrate,10,MAX,43,True
Lissajouswaveformsdifferentmediums/ionic liquid/Lissajousfigure10kHz-0007/Lissajousfigure10kHz-0007_44.csv,BMIM_nitrate,10,MAX,44,True
Lissajouswaveformsdifferentmediums/ionic liquid/Lissajousfigure10kHz-0007/Lissajousfigure10kHz-0007_45.csv,BMIM_nitrate,10,MAX,45,True
Lissajouswaveformsdifferentmediums/ionic liquid/Lissajousfigure10kHz-0007/Lissajousfigure10kHz-0007_46.csv,BMIM_nitrate,10,MAX,46,True
Lissajouswaveformsdifferentmediums/ionic liquid/Lissajousfigure10kHz-0007/Lissajousfigure10kHz-0007_47.csv,BMIM_nitrate,10,MAX,47,True
Lissajouswaveformsdifferentmediums/ionic liquid/Lissajousfigure10kHz-0007/Lissajousfigure10kHz-0007_48.csv,BMIM_nitrate,10,MAX,48,True
Lissajouswaveformsdifferentmediums/ionic liquid/Lissajousfigure10kHz-0007/Lissajousfigure10kHz-0007_49.csv,BMIM_nitrate,10,MAX,49,True
Lissajouswaveformsdifferentmediums/ionic liquid/Lissajousfigure10kHz-0007/Lissajousfigure10kHz-0007_50.csv,BMIM_nitrate,10,MAX,50,True
Lissajouswaveformsdifferentmediums/ionic liquid/Lissajousfigure10kHz-0007/Lissajousfigure10kHz-0007_51.csv,BMIM_nitrate,10,MAX,51,True
Lissajouswaveformsdifferentmediums/ionic liquid/Lissajousfigure10kHz-0007/Lissajousfigure10kHz-0007_52.csv,BMIM_nitrate,10,MAX,52,True
Lissajouswaveformsdifferentmediums/ionic liquid/Lissajousfigure10kHz-0007/Lissajousfigure10kHz-0007_53.csv,BMIM_nitrate,10,MAX,53,True
Lissajouswaveformsdifferentmediums/ionic liquid/Lissajousfigure10kHz-0007/Lissajousfigure10kHz-0007_54.csv,BMIM_nitrate,10,MAX,54,True
Lissajouswaveformsdifferentmediums/ionic liquid/Lissajousfigure10kHz-0007/Lissajousfigure10kHz-0007_55.csv,BMIM_nitrate,10,MAX,55,True
Lissajouswaveformsdifferentmediums/ionic liquid/Lissajousfigure10kHz-0007/Lissajousfigure10kHz-0007_56.csv,BMIM_nitrate,10,MAX,56,True
Lissajouswaveformsdifferentmediums/ionic liquid/Lissajousfigure10kHz-0007/Lissajousfigure10kHz-0007_57.csv,BMIM_nitrate,10,MAX,57,True
Lissajouswaveformsdifferentmediums/ionic liquid/Lissajousfigure10kHz-0007/Lissajousfigure10kHz-0007_58.csv,BMIM_nitrate,10,MAX,58,True
Lissajouswaveformsdifferentmediums/ionic liquid/Lissajousfigure10kHz-0007/Lissajousfigure10kHz-0007_59.csv,BMIM_nitrate,10,MAX,59,True
Lissajouswaveformsdifferentmediums/ionic liquid/Lissajousfigure10kHz-0007/Lissajousfigure10kHz-0007_60.csv,BMIM_nitrate,10,MAX,60,True
Lissajouswaveformsdifferentmediums/ionic liquid/Lissajousfigure10kHz-0007/Lissajousfigure10kHz-0007_61.csv,BMIM_nitrate,10,MAX,61,True
Lissajouswaveformsdifferentmediums/ionic liquid/Lissajousfigure10kHz-0007/Lissajousfigure10kHz-0007_62.csv,BMIM_nitrate,10,MAX,62,True
Lissajouswaveformsdifferentmediums/ionic liquid/Lissajousfigure10kHz-0007/Lissajousfigure10kHz-0007_63.csv,BMIM_nitrate,10,MAX,63,True
Lissajouswaveformsdifferentmediums/ionic liquid/Lissajousfigure10kHz-0007/Lissajousfigure10kHz-0007_64.csv,BMIM_nitrate,10,MAX,64,True
Lissajouswaveformsdifferentmediums/ionic liquid/20 kHz/40% breakdown/0_4breakdown-0003/0_4breakdown-0003_01.csv,BMIM_nitrate,20,40,1,True
Lissajouswaveformsdifferentmediums/ionic liquid/20 kHz/40% breakdown/0_4breakdown-0003/0_4breakdown-0003_02.csv,BMIM_nitrate,20,40,2,False
Lissajouswaveformsdifferentmediums/ionic liquid/20 kHz/40% breakdown/0_4breakdown-0003/0_4breakdown-0003_03.csv,BMIM_nitrate,20,40,3,False
Lissajouswaveformsdifferentmediums/ionic liquid/20 kHz/40% breakdown/0_4breakdown-0003/0_4breakdown-0003_04.csv,BMIM_nitrate,20,40,4,False
Lissajouswaveformsdifferentmediums/ionic liquid/20 kHz/40% breakdown/0_4breakdown-0003/0_4breakdown-0003_05.csv,BMIM_nitrate,20,40,5,True
Lissajouswaveformsdifferentmediums/ionic liquid/20 kHz/40% breakdown/0_4breakdown-0003/0_4breakdown-0003_06.csv,BMIM_nitrate,20,40,6,False
Lissajouswaveformsdifferentmediums/ionic liquid/20 kHz/40% breakdown/0_4breakdown-0003/0_4breakdown-0003_07.csv,BMIM_nitrate,20,40,7,False
Lissajouswaveformsdifferentmediums/ionic liquid/20 kHz/40% breakdown/0_4breakdown-0003/0_4breakdown-0003_08.csv,BMIM_nitrate,20,40,8,False
Lissajouswaveformsdifferentmediums/ionic liquid/20 kHz/40% breakdown/0_4breakdown-0003/0_4breakdown-0003_09.csv,BMIM_nitrate,20,40,9,True
Lissajouswaveformsdifferentmediums/ionic liquid/20 kHz/40% breakdown/0_4breakdown-0003/0_4breakdown-0003_10.csv,BMIM_nitrate,20,40,10,False
Lissajouswaveformsdifferentmediums/ionic liquid/20 kHz/40% breakdown/0_4breakdown-0003/0_4breakdown-0003_11.csv,BMIM_nitrate,20,40,11,False
Lissajouswaveformsdifferentmediums/ionic liquid/20 kHz/40% breakdown/0_4breakdown-0003/0_4breakdown-0003_12.csv,BMIM_nitrate,20,40,12,False
Lissajouswaveformsdifferentmediums/ionic liquid/20 kHz/40% breakdown/0_4breakdown-0003/0_4breakdown-0003_13.csv,BMIM_nitrate,20,40,13,False
Lissajouswaveformsdifferentmediums/ionic liquid/20 kHz/40% breakdown/0_4breakdown-0003/0_4breakdown-0003_14.csv,BMIM_nitrate,20,40,14,True
Lissajouswaveformsdifferentmediums/ionic liquid/20 kHz/40% breakdown/0_4breakdown-0003/0_4breakdown-0003_15.csv,BMIM_nitrate,20,40,15,False
Lissajouswaveformsdifferentmediums/ionic liquid/20 kHz/40% breakdown/0_4breakdown-0003/0_4breakdown-0003_16.csv,BMIM_nitrate,20,40,16,False
Lissajouswaveformsdifferentmediums/ionic liquid/20 kHz/40% breakdown/0_4breakdown-0003/0_4breakdown-0003_17.csv,BMIM_nitrate,20,40,17,False
Lissajouswaveformsdifferentmediums/ionic liquid/20 kHz/40% breakdown/0_4breakdown-0003/0_4breakdown-0003_18.csv,BMIM_nitrate,20,40,18,True
Lissajouswaveformsdifferentmediums/ionic liquid/20 kHz/40% breakdown/0_4breakdown-0003/0_4breakdown-0003_19.csv,BMIM_nitrate,20,40,19,False
Lissajouswaveformsdifferentmediums/ionic liquid/20 kHz/40% breakdown/0_4breakdown-0003/0_4breakdown-0003_20.csv,BMIM_nitrate,20,40,20,False
Lissajouswaveformsdifferentmediums/ionic liquid/20 kHz/40% breakdown/0_4breakdown-0003/0_4breakdown-0003_21.csv,BMIM_nitrate,20,40,21,False
Lissajouswaveformsdifferentmediums/ionic liquid/20 kHz/40% breakdown/0_4breakdown-0003/0_4breakdown-0003_22.csv,BMIM_nitrate,20,40,22,True
Lissajouswaveformsdifferentmediums/ionic liquid/20 kHz/40% breakdown/0_4breakdown-0003/0_4breakdown-0003_23.csv,BMIM_nitrate,20,40,23,False
Lissajouswaveformsdifferentmediums/ionic liquid/20 kHz/40% breakdown/0_4breakdown-0003/0_4breakdown-0003_24.csv,BMIM_nitrate,20,40,24,False
Lissajouswaveformsdifferentmediums/ionic liquid/20 kHz/40% breakdown/0_4breakdown-0003/0_4breakdown-0003_25.csv,BMIM_nitrate,20,40,25,False
Lissajouswaveformsdifferentmediums/ionic liquid/20 kHz/40% breakdown/0_4breakdown-0003/0_4breakdown-0003_26.csv,BMIM_nitrate,20,40,26,True
Lissajouswaveformsdifferentmediums/ionic liquid/20 kHz/40% breakdown/0_4breakdown-0003/0_4breakdown-0003_27.csv,BMIM_nitrate,20,40,27,False
Lissajouswaveformsdifferentmediums/ionic liquid/20 kHz/40% breakdown/0_4breakdown-0003/0_4breakdown-0003_28.csv,BMIM_nitrate,20,40,28,False
Lissajouswaveformsdifferentmediums/ionic liquid/20 kHz/40% breakdown/0_4breakdown-0003/0_4breakdown-0003_29.csv,BMIM_nitrate,20,40,29,False
Lissajouswaveformsdifferentmediums/ionic liquid/20 kHz/40% breakdown/0_4breakdown-0003/0_4breakdown-0003_30.csv,BMIM_nitrate,20,40,30,True
Lissajouswaveformsdifferentmediums/ionic liquid/20 kHz/40% breakdown/0_4breakdown-0003/0_4breakdown-0003_31.csv,BMIM_nitrate,20,40,31,False
Lissajouswaveformsdifferentmediums/ionic liquid/20 kHz/40% breakdown/0_4breakdown-0003/0_4breakdown-0003_32.csv,BMIM_nitrate,20,40,32,False
Lissajouswaveformsdifferentmediums/ionic liquid/20 kHz/40% breakdown/0_4breakdown-0003/0_4breakdown-0003_33.csv,BMIM_nitrate,20,40,33,False
Lissajouswaveformsdifferentmediums/ionic liquid/20 kHz/40% breakdown/0_4breakdown-0003/0_4breakdown-0003_34.csv,BMIM_nitrate,20,40,34,False
Lissajouswaveformsdifferentmediums/ionic liquid/20 kHz/40% breakdown/0_4breakdown-0003/0_4breakdown-0003_35.csv,BMIM_nitrate,20,40,35,True
Lissajouswaveformsdifferentmediums/ionic liquid/20 kHz/40% breakdown/0_4breakdown-0003/0_4breakdown-0003_36.csv,BMIM_nitrate,20,40,36,False
Lissajouswaveformsdifferentmediums/ionic liquid/20 kHz/40% breakdown/0_4breakdown-0003/0_4breakdown-0003_37.csv,BMIM_nitrate,20,40,37,False
Lissajouswaveformsdifferentmediums/ionic liquid/20 kHz/40% breakdown/0_4breakdown-0003/0_4breakdown-0003_38.csv,BMIM_nitrate,20,40,38,False
Lissajouswaveformsdifferentmediums/ionic liquid/20 kHz/40% breakdown/0_4breakdown-0003/0_4breakdown-0003_39.csv,BMIM_nitrate,20,40,39,True
Lissajouswaveformsdifferentmediums/ionic liquid/20 kHz/40% breakdown/0_4breakdown-0003/0_4breakdown-0003_40.csv,BMIM_nitrate,20,40,40,False
Lissajouswaveformsdifferentmediums/ionic liquid/20 kHz/40% breakdown/0_4breakdown-0003/0_4breakdown-0003_41.csv,BMIM_nitrate,20,40,41,False
Lissajouswaveformsdifferentmediums/ionic liquid/20 kHz/40% breakdown/0_4breakdown-0003/0_4breakdown-0003_42.csv,BMIM_nitrate,20,40,42,False
Lissajouswaveformsdifferentmediums/ionic liquid/20 kHz/40% breakdown/0_4breakdown-0003/0_4breakdown-0003_43.csv,BMIM_nitrate,20,40,43,True
Lissajouswaveformsdifferentmediums/ionic liquid/20 kHz/40% breakdown/0_4breakdown-0003/0_4breakdown-0003_44.csv,BMIM_nitrate,20,40,44,False
Lissajouswaveformsdifferentmediums/ionic liquid/20 kHz/40% breakdown/0_4breakdown-0003/0_4breakdown-0003_45.csv,BMIM_nitrate,20,40,45,False
Lissajouswaveformsdifferentmediums/ionic liquid/20 kHz/40% breakdown/0_4breakdown-0003/0_4breakdown-0003_46.csv,BMIM_nitrate,20,40,46,False
Lissajouswaveformsdifferentmediums/ionic liquid/20 kHz/40% breakdown/0_4breakdown-0003/0_4breakdown-0003_47.csv,BMIM_nitrate,20,40,47,True
Lissajouswaveformsdifferentmediums/ionic liquid/20 kHz/40% breakdown/0_4breakdown-0003/0_4breakdown-0003_48.csv,BMIM_nitrate,20,40,48,False
Lissajouswaveformsdifferentmediums/ionic liquid/20 kHz/40% breakdown/0_4breakdown-0003/0_4breakdown-0003_49.csv,BMIM_nitrate,20,40,49,False
Lissajouswaveformsdifferentmediums/ionic liquid/20 kHz/40% breakdown/0_4breakdown-0003/0_4breakdown-0003_50.csv,BMIM_nitrate,20,40,50,False
Lissajouswaveformsdifferentmediums/ionic liquid/20 kHz/40% breakdown/0_4breakdown-0003/0_4breakdown-0003_51.csv,BMIM_nitrate,20,40,51,True
Lissajouswaveformsdifferentmediums/ionic liquid/20 kHz/40% breakdown/0_4breakdown-0003/0_4breakdown-0003_52.csv,BMIM_nitrate,20,40,52,False
Lissajouswaveformsdifferentmediums/ionic liquid/20 kHz/40% breakdown/0_4breakdown-0003/0_4breakdown-0003_53.csv,BMIM_nitrate,20,40,53,False
Lissajouswaveformsdifferentmediums/ionic liquid/20 kHz/40% breakdown/0_4breakdown-0003/0_4breakdown-0003_54.csv,BMIM_nitrate,20,40,54,False
Lissajouswaveformsdifferentmediums/ionic liquid/20 kHz/40% breakdown/0_4breakdown-0003/0_4breakdown-0003_55.csv,BMIM_nitrate,20,40,55,False
Lissajouswaveformsdifferentmediums/ionic liquid/20 kHz/40% breakdown/0_4breakdown-0003/0_4breakdown-0003_56.csv,BMIM_nitrate,20,40,56,True
Lissajouswaveformsdifferentmediums/ionic liquid/20 kHz/40% breakdown/0_4breakdown-0003/0_4breakdown-0003_57.csv,BMIM_nitrate,20,40,57,False
Lissajouswaveformsdifferentmediums/ionic liquid/20 kHz/40% breakdown/0_4breakdown-0003/0_4breakdown-0003_58.csv,BMIM_nitrate,20,40,58,False
Lissajouswaveformsdifferentmediums/ionic liquid/20 kHz/40% breakdown/0_4breakdown-0003/0_4breakdown-0003_59.csv,BMIM_nitrate,20,40,59,False
Lissajouswaveformsdifferentmediums/ionic liquid/20 kHz/40% breakdown/0_4breakdown-0003/0_4breakdown-0003_60.csv,BMIM_nitrate,20,40,60,True
Lissajouswaveformsdifferentmediums/ionic liquid/20 kHz/40% breakdown/0_4breakdown-0003/0_4breakdown-0003_61.csv,BMIM_nitrate,20,40,61,False
Lissajouswaveformsdifferentmediums/ionic liquid/20 kHz/40% breakdown/0_4breakdown-0003/0_4breakdown-0003_62.csv,BMIM_nitrate,20,40,62,False
Lissajouswaveformsdifferentmediums/ionic liquid/20 kHz/40% breakdown/0_4breakdown-0003/0_4breakdown-0003_63.csv,BMIM_nitrate,20,40,63,False
Lissajouswaveformsdifferentmediums/ionic liquid/20 kHz/40% breakdown/0_4breakdown-0003/0_4breakdown-0003_64.csv,BMIM_nitrate,20,40,64,True
Lissajouswaveformsdifferentmediums/ionic liquid/20 kHz/60% breakdown/0_6breakdown-0004/0_6breakdown-0004_01.csv,BMIM_nitrate,20,60,1,True
Lissajouswaveformsdifferentmediums/ionic liquid/20 kHz/60% breakdown/0_6breakdown-0004/0_6breakdown-0004_02.csv,BMIM_nitrate,20,60,2,False
Lissajouswaveformsdifferentmediums/ionic liquid/20 kHz/60% breakdown/0_6breakdown-0004/0_6breakdown-0004_03.csv,BMIM_nitrate,20,60,3,False
Lissajouswaveformsdifferentmediums/ionic liquid/20 kHz/60% breakdown/0_6breakdown-0004/0_6breakdown-0004_04.csv,BMIM_nitrate,20,60,4,False
Lissajouswaveformsdifferentmediums/ionic liquid/20 kHz/60% breakdown/0_6breakdown-0004/0_6breakdown-0004_05.csv,BMIM_nitrate,20,60,5,True
Lissajouswaveformsdifferentmediums/ionic liquid/20 kHz/60% breakdown/0_6breakdown-0004/0_6breakdown-0004_06.csv,BMIM_nitrate,20,60,6,False
Lissajouswaveformsdifferentmediums/ionic liquid/20 kHz/60% breakdown/0_6breakdown-0004/0_6breakdown-0004_07.csv,BMIM_nitrate,20,60,7,False
Lissajouswaveformsdifferentmediums/ionic liquid/20 kHz/60% breakdown/0_6breakdown-0004/0_6breakdown-0004_08.csv,BMIM_nitrate,20,60,8,False
Lissajouswaveformsdifferentmediums/ionic liquid/20 kHz/60% breakdown/0_6breakdown-0004/0_6breakdown-0004_09.csv,BMIM_nitrate,20,60,9,True
Lissajouswaveformsdifferentmediums/ionic liquid/20 kHz/60% breakdown/0_6breakdown-0004/0_6breakdown-0004_10.csv,BMIM_nitrate,20,60,10,False
Lissajouswaveformsdifferentmediums/ionic liquid/20 kHz/60% breakdown/0_6breakdown-0004/0_6breakdown-0004_11.csv,BMIM_nitrate,20,60,11,False
Lissajouswaveformsdifferentmediums/ionic liquid/20 kHz/60% breakdown/0_6breakdown-0004/0_6breakdown-0004_12.csv,BMIM_nitrate,20,60,12,False
Lissajouswaveformsdifferentmediums/ionic liquid/20 kHz/60% breakdown/0_6breakdown-0004/0_6breakdown-0004_13.csv,BMIM_nitrate,20,60,13,False
Lissajouswaveformsdifferentmediums/ionic liquid/20 kHz/60% breakdown/0_6breakdown-0004/0_6breakdown-0004_14.csv,BMIM_nitrate,20,60,14,True
Lissajouswaveformsdifferentmediums/ionic liquid/20 kHz/60% breakdown/0_6breakdown-0004/0_6breakdown-0004_15.csv,BMIM_nitrate,20,60,15,False
Lissajouswaveformsdifferentmediums/ionic liquid/20 kHz/60% breakdown/0_6breakdown-0004/0_6breakdown-0004_16.csv,BMIM_nitrate,20,60,16,False
Lissajouswaveformsdifferentmediums/ionic liquid/20 kHz/60% breakdown/0_6breakdown-0004/0_6breakdown-0004_17.csv,BMIM_nitrate,20,60,17,False
Lissajouswaveformsdifferentmediums/ionic liquid/20 kHz/60% breakdown/0_6breakdown-0004/0_6breakdown-0004_18.csv,BMIM_nitrate,20,60,18,True
Lissajouswaveformsdifferentmediums/ionic liquid/20 kHz/60% breakdown/0_6breakdown-0004/0_6breakdown-0004_19.csv,BMIM_nitrate,20,60,19,False
Lissajouswaveformsdifferentmediums/ionic liquid/20 kHz/60% breakdown/0_6breakdown-0004/0_6breakdown-0004_20.csv,BMIM_nitrate,20,60,20,False
Lissajouswaveformsdifferentmediums/ionic liquid/20 kHz/60% breakdown/0_6breakdown-0004/0_6breakdown-0004_21.csv,BMIM_nitrate,20,60,21,False
Lissajouswaveformsdifferentmediums/ionic liquid/20 kHz/60% breakdown/0_6breakdown-0004/0_6breakdown-0004_22.csv,BMIM_nitrate,20,60,22,True
Lissajouswaveformsdifferentmediums/ionic liquid/20 kHz/60% breakdown/0_6breakdown-0004/0_6breakdown-0004_23.csv,BMIM_nitrate,20,60,23,False
Lissajouswaveformsdifferentmediums/ionic liquid/20 kHz/60% breakdown/0_6breakdown-0004/0_6breakdown-0004_24.csv,BMIM_nitrate,20,60,24,False
Lissajouswaveformsdifferentmediums/ionic liquid/20 kHz/60% breakdown/0_6breakdown-0004/0_6breakdown-0004_25.csv,BMIM_nitrate,20,60,25,False
Lissajouswaveformsdifferentmediums/ionic liquid/20 kHz/60% breakdown/0_6breakdown-0004/0_6breakdown-0004_26.csv,BMIM_nitrate,20,60,26,True
Lissajouswaveformsdifferentmediums/ionic liquid/20 kHz/60% breakdown/0_6breakdown-0004/0_6breakdown-0004_27.csv,BMIM_nitrate,20,60,27,False
Lissajouswaveformsdifferentmediums/ionic liquid/20 kHz/60% breakdown/0_6breakdown-0004/0_6breakdown-0004_28.csv,BMIM_nitrate,20,60,28,False
Lissajouswaveformsdifferentmediums/ionic liquid/20 kHz/60% breakdown/0_6breakdown-0004/0_6breakdown-0004_29.csv,BMIM_nitrate,20,60,29,False
Lissajouswaveformsdifferentmediums/ionic liquid/20 kHz/60% breakdown/0_6breakdown-0004/0_6breakdown-0004_30.csv,BMIM_nitrate,20,60,30,True
Lissajouswaveformsdifferentmediums/ionic liquid/20 kHz/60% breakdown/0_6breakdown-0004/0_6breakdown-0004_31.csv,BMIM_nitrate,20,60,31,False
Lissajouswaveformsdifferentmediums/ionic liquid/20 kHz/60% breakdown/0_6breakdown-0004/0_6breakdown-0004_32.csv,BMIM_nitrate,20,60,32,False
Lissajouswaveformsdifferentmediums/ionic liquid/20 kHz/60% breakdown/0_6breakdown-0004/0_6breakdown-0004_33.csv,BMIM_nitrate,20,60,33,False
Lissajouswaveformsdifferentmediums/ionic liquid/20 kHz/60% breakdown/0_6breakdown-0004/0_6breakdown-0004_34.csv,BMIM_nitrate,20,60,34,False
Lissajouswaveformsdifferentmediums/ionic liquid/20 kHz/60% breakdown/0_6breakdown-0004/0_6breakdown-0004_35.csv,BMIM_nitrate,20,60,35,True
Lissajouswaveformsdifferentmediums/ionic liquid/20 kHz/60% breakdown/0_6breakdown-0004/0_6breakdown-0004_36.csv,BMIM_nitrate,20,60,36,False
Lissajouswaveformsdifferentmediums/ionic liquid/20 kHz/60% breakdown/0_6breakdown-0004/0_6breakdown-0004_37.csv,BMIM_nitrate,20,60,37,False
Lissajouswaveformsdifferentmediums/ionic liquid/20 kHz/60% breakdown/0_6breakdown-0004/0_6breakdown-0004_38.csv,BMIM_nitrate,20,60,38,False
Lissajouswaveformsdifferentmediums/ionic liquid/20 kHz/60% breakdown/0_6breakdown-0004/0_6breakdown-0004_39.csv,BMIM_nitrate,20,60,39,True
Lissajouswaveformsdifferentmediums/ionic liquid/20 kHz/60% breakdown/0_6breakdown-0004/0_6breakdown-0004_40.csv,BMIM_nitrate,20,60,40,False
Lissajouswaveformsdifferentmediums/ionic liquid/20 kHz/60% breakdown/0_6breakdown-0004/0_6breakdown-0004_41.csv,BMIM_nitrate,20,60,41,False
Lissajouswaveformsdifferentmediums/ionic liquid/20 kHz/60% breakdown/0_6breakdown-0004/0_6breakdown-0004_42.csv,BMIM_nitrate,20,60,42,False
Lissajouswaveformsdifferentmediums/ionic liquid/20 kHz/60% breakdown/0_6breakdown-0004/0_6breakdown-0004_43.csv,BMIM_nitrate,20,60,43,True
Lissajouswaveformsdifferentmediums/ionic liquid/20 kHz/60% breakdown/0_6breakdown-0004/0_6breakdown-0004_44.csv,BMIM_nitrate,20,60,44,False
Lissajouswaveformsdifferentmediums/ionic liquid/20 kHz/60% breakdown/0_6breakdown-0004/0_6breakdown-0004_45.csv,BMIM_nitrate,20,60,45,False
Lissajouswaveformsdifferentmediums/ionic liquid/20 kHz/60% breakdown/0_6breakdown-0004/0_6breakdown-0004_46.csv,BMIM_nitrate,20,60,46,False
Lissajouswaveformsdifferentmediums/ionic liquid/20 kHz/60% breakdown/0_6breakdown-0004/0_6breakdown-0004_47.csv,BMIM_nitrate,20,60,47,True
Lissajouswaveformsdifferentmediums/ionic liquid/20 kHz/60% breakdown/0_6breakdown-0004/0_6breakdown-0004_48.csv,BMIM_nitrate,20,60,48,False
Lissajouswaveformsdifferentmediums/ionic liquid/20 kHz/60% breakdown/0_6breakdown-0004/0_6breakdown-0004_49.csv,BMIM_nitrate,20,60,49,False
Lissajouswaveformsdifferentmediums/ionic liquid/20 kHz/60% breakdown/0_6breakdown-0004/0_6breakdown-0004_50.csv,BMIM_nitrate,20,60,50,False
Lissajouswaveformsdifferentmediums/ionic liquid/20 kHz/60% breakdown/0_6breakdown-0004/0_6breakdown-0004_51.csv,BMIM_nitrate,20,60,51,True
Lissajouswaveformsdifferentmediums/ionic liquid/20 kHz/60% breakdown/0_6breakdown-0004/0_6breakdown-0004_52.csv,BMIM_nitrate,20,60,52,False
Lissajouswaveformsdifferentmediums/ionic liquid/20 kHz/60% breakdown/0_6breakdown-0004/0_6breakdown-0004_53.csv,BMIM_nitrate,20,60,53,False
Lissajouswaveformsdifferentmediums/ionic liquid/20 kHz/60% breakdown/0_6breakdown-0004/0_6breakdown-0004_54.csv,BMIM_nitrate,20,60,54,False
Lissajouswaveformsdifferentmediums/ionic liquid/20 kHz/60% breakdown/0_6breakdown-0004/0_6breakdown-0004_55.csv,BMIM_nitrate,20,60,55,False
Lissajouswaveformsdifferentmediums/ionic liquid/20 kHz/60% breakdown/0_6breakdown-0004/0_6breakdown-0004_56.csv,BMIM_nitrate,20,60,56,True
Lissajouswaveformsdifferentmediums/ionic liquid/20 kHz/60% breakdown/0_6breakdown-0004/0_6breakdown-0004_57.csv,BMIM_nitrate,20,60,57,False
Lissajouswaveformsdifferentmediums/ionic liquid/20 kHz/60% breakdown/0_6breakdown-0004/0_6breakdown-0004_58.csv,BMIM_nitrate,20,60,58,False
Lissajouswaveformsdifferentmediums/ionic liquid/20 kHz/60% breakdown/0_6breakdown-0004/0_6breakdown-0004_59.csv,BMIM_nitrate,20,60,59,False
Lissajouswaveformsdifferentmediums/ionic liquid/20 kHz/60% breakdown/0_6breakdown-0004/0_6breakdown-0004_60.csv,BMIM_nitrate,20,60,60,True
Lissajouswaveformsdifferentmediums/ionic liquid/20 kHz/60% breakdown/0_6breakdown-0004/0_6breakdown-0004_61.csv,BMIM_nitrate,20,60,61,False
Lissajouswaveformsdifferentmediums/ionic liquid/20 kHz/60% breakdown/0_6breakdown-0004/0_6breakdown-0004_62.csv,BMIM_nitrate,20,60,62,False
Lissajouswaveformsdifferentmediums/ionic liquid/20 kHz/60% breakdown/0_6breakdown-0004/0_6breakdown-0004_63.csv,BMIM_nitrate,20,60,63,False
Lissajouswaveformsdifferentmediums/ionic liquid/20 kHz/60% breakdown/0_6breakdown-0004/0_6breakdown-0004_64.csv,BMIM_nitrate,20,60,64,True
Lissajouswaveformsdifferentmediums/ionic liquid/20 kHz/75% breakdown/0_75breakdown-0005/0_75breakdown-0005_01.csv,BMIM_nitrate,20,75,1,True
Lissajouswaveformsdifferentmediums/ionic liquid/20 kHz/75% breakdown/0_75breakdown-0005/0_75breakdown-0005_02.csv,BMIM_nitrate,20,75,2,False
Lissajouswaveformsdifferentmediums/ionic liquid/20 kHz/75% breakdown/0_75breakdown-0005/0_75breakdown-0005_03.csv,BMIM_nitrate,20,75,3,False
Lissajouswaveformsdifferentmediums/ionic liquid/20 kHz/75% breakdown/0_75breakdown-0005/0_75breakdown-0005_04.csv,BMIM_nitrate,20,75,4,False
Lissajouswaveformsdifferentmediums/ionic liquid/20 kHz/75% breakdown/0_75breakdown-0005/0_75breakdown-0005_05.csv,BMIM_nitrate,20,75,5,True
Lissajouswaveformsdifferentmediums/ionic liquid/20 kHz/75% breakdown/0_75breakdown-0005/0_75breakdown-0005_06.csv,BMIM_nitrate,20,75,6,False
Lissajouswaveformsdifferentmediums/ionic liquid/20 kHz/75% breakdown/0_75breakdown-0005/0_75breakdown-0005_07.csv,BMIM_nitrate,20,75,7,False
Lissajouswaveformsdifferentmediums/ionic liquid/20 kHz/75% breakdown/0_75breakdown-0005/0_75breakdown-0005_08.csv,BMIM_nitrate,20,75,8,False
Lissajouswaveformsdifferentmediums/ionic liquid/20 kHz/75% breakdown/0_75breakdown-0005/0_75breakdown-0005_09.csv,BMIM_nitrate,20,75,9,True
Lissajouswaveformsdifferentmediums/ionic liquid/20 kHz/75% breakdown/0_75breakdown-0005/0_75breakdown-0005_10.csv,BMIM_nitrate,20,75,10,False
Lissajouswaveformsdifferentmediums/ionic liquid/20 kHz/75% breakdown/0_75breakdown-0005/0_75breakdown-0005_11.csv,BMIM_nitrate,20,75,11,False
Lissajouswaveformsdifferentmediums/ionic liquid/20 kHz/75% breakdown/0_75breakdown-0005/0_75breakdown-0005_12.csv,BMIM_nitrate,20,75,12,False
Lissajouswaveformsdifferentmediums/ionic liquid/20 kHz/75% breakdown/0_75breakdown-0005/0_75breakdown-0005_13.csv,BMIM_nitrate,20,75,13,False
Lissajouswaveformsdifferentmediums/ionic liquid/20 kHz/75% breakdown/0_75breakdown-0005/0_75breakdown-0005_14.csv,BMIM_nitrate,20,75,14,True
Lissajouswaveformsdifferentmediums/ionic liquid/20 kHz/75% breakdown/0_75breakdown-0005/0_75breakdown-0005_15.csv,BMIM_nitrate,20,75,15,False
Lissajouswaveformsdifferentmediums/ionic liquid/20 kHz/75% breakdown/0_75breakdown-0005/0_75breakdown-0005_16.csv,BMIM_nitrate,20,75,16,False
Lissajouswaveformsdifferentmediums/ionic liquid/20 kHz/75% breakdown/0_75breakdown-0005/0_75breakdown-0005_17.csv,BMIM_nitrate,20,75,17,False
Lissajouswaveformsdifferentmediums/ionic liquid/20 kHz/75% breakdown/0_75breakdown-0005/0_75breakdown-0005_18.csv,BMIM_nitrate,20,75,18,True
Lissajouswaveformsdifferentmediums/ionic liquid/20 kHz/75% breakdown/0_75breakdown-0005/0_75breakdown-0005_19.csv,BMIM_nitrate,20,75,19,False
Lissajouswaveformsdifferentmediums/ionic liquid/20 kHz/75% breakdown/0_75breakdown-0005/0_75breakdown-0005_20.csv,BMIM_nitrate,20,75,20,False
Lissajouswaveformsdifferentmediums/ionic liquid/20 kHz/75% breakdown/0_75breakdown-0005/0_75breakdown-0005_21.csv,BMIM_nitrate,20,75,21,False
Lissajouswaveformsdifferentmediums/ionic liquid/20 kHz/75% breakdown/0_75breakdown-0005/0_75breakdown-0005_22.csv,BMIM_nitrate,20,75,22,True
Lissajouswaveformsdifferentmediums/ionic liquid/20 kHz/75% breakdown/0_75breakdown-0005/0_75breakdown-0005_23.csv,BMIM_nitrate,20,75,23,False
Lissajouswaveformsdifferentmediums/ionic liquid/20 kHz/75% breakdown/0_75breakdown-0005/0_75breakdown-0005_24.csv,BMIM_nitrate,20,75,24,False
Lissajouswaveformsdifferentmediums/ionic liquid/20 kHz/75% breakdown/0_75breakdown-0005/0_75breakdown-0005_25.csv,BMIM_nitrate,20,75,25,False
Lissajouswaveformsdifferentmediums/ionic liquid/20 kHz/75% breakdown/0_75breakdown-0005/0_75breakdown-0005_26.csv,BMIM_nitrate,20,75,26,True
Lissajouswaveformsdifferentmediums/ionic liquid/20 kHz/75% breakdown/0_75breakdown-0005/0_75breakdown-0005_27.csv,BMIM_nitrate,20,75,27,False
Lissajouswaveformsdifferentmediums/ionic liquid/20 kHz/75% breakdown/0_75breakdown-0005/0_75breakdown-0005_28.csv,BMIM_nitrate,20,75,28,False
Lissajouswaveformsdifferentmediums/ionic liquid/20 kHz/75% breakdown/0_75breakdown-0005/0_75breakdown-0005_29.csv,BMIM_nitrate,20,75,29,False
Lissajouswaveformsdifferentmediums/ionic liquid/20 kHz/75% breakdown/0_75breakdown-0005/0_75breakdown-0005_30.csv,BMIM_nitrate,20,75,30,True
Lissajouswaveformsdifferentmediums/ionic liquid/20 kHz/75% breakdown/0_75breakdown-0005/0_75breakdown-0005_31.csv,BMIM_nitrate,20,75,31,False
Lissajouswaveformsdifferentmediums/ionic liquid/20 kHz/75% breakdown/0_75breakdown-0005/0_75breakdown-0005_32.csv,BMIM_nitrate,20,75,32,False
Lissajouswaveformsdifferentmediums/ionic liquid/20 kHz/75% breakdown/0_75breakdown-0005/0_75breakdown-0005_33.csv,BMIM_nitrate,20,75,33,False
Lissajouswaveformsdifferentmediums/ionic liquid/20 kHz/75% breakdown/0_75breakdown-0005/0_75breakdown-0005_34.csv,BMIM_nitrate,20,75,34,False
Lissajouswaveformsdifferentmediums/ionic liquid/20 kHz/75% breakdown/0_75breakdown-0005/0_75breakdown-0005_35.csv,BMIM_nitrate,20,75,35,True
Lissajouswaveformsdifferentmediums/ionic liquid/20 kHz/75% breakdown/0_75breakdown-0005/0_75breakdown-0005_36.csv,BMIM_nitrate,20,75,36,False
Lissajouswaveformsdifferentmediums/ionic liquid/20 kHz/75% breakdown/0_75breakdown-0005/0_75breakdown-0005_37.csv,BMIM_nitrate,20,75,37,False
Lissajouswaveformsdifferentmediums/ionic liquid/20 kHz/75% breakdown/0_75breakdown-0005/0_75breakdown-0005_38.csv,BMIM_nitrate,20,75,38,False
Lissajouswaveformsdifferentmediums/ionic liquid/20 kHz/75% breakdown/0_75breakdown-0005/0_75breakdown-0005_39.csv,BMIM_nitrate,20,75,39,True
Lissajouswaveformsdifferentmediums/ionic liquid/20 kHz/75% breakdown/0_75breakdown-0005/0_75breakdown-0005_40.csv,BMIM_nitrate,20,75,40,False
Lissajouswaveformsdifferentmediums/ionic liquid/20 kHz/75% breakdown/0_75breakdown-0005/0_75breakdown-0005_41.csv,BMIM_nitrate,20,75,41,False
Lissajouswaveformsdifferentmediums/ionic liquid/20 kHz/75% breakdown/0_75breakdown-0005/0_75breakdown-0005_42.csv,BMIM_nitrate,20,75,42,False
Lissajouswaveformsdifferentmediums/ionic liquid/20 kHz/75% breakdown/0_75breakdown-0005/0_75breakdown-0005_43.csv,BMIM_nitrate,20,75,43,True
Lissajouswaveformsdifferentmediums/ionic liquid/20 kHz/75% breakdown/0_75breakdown-0005/0_75breakdown-0005_44.csv,BMIM_nitrate,20,75,44,False
Lissajouswaveformsdifferentmediums/ionic liquid/20 kHz/75% breakdown/0_75breakdown-0005/0_75breakdown-0005_45.csv,BMIM_nitrate,20,75,45,False
Lissajouswaveformsdifferentmediums/ionic liquid/20 kHz/75% breakdown/0_75breakdown-0005/0_75breakdown-0005_46.csv,BMIM_nitrate,20,75,46,False
Lissajouswaveformsdifferentmediums/ionic liquid/20 kHz/75% breakdown/0_75breakdown-0005/0_75breakdown-0005_47.csv,BMIM_nitrate,20,75,47,True
Lissajouswaveformsdifferentmediums/ionic liquid/20 kHz/75% breakdown/0_75breakdown-0005/0_75breakdown-0005_48.csv,BMIM_nitrate,20,75,48,False
Lissajouswaveformsdifferentmediums/ionic liquid/20 kHz/75% breakdown/0_75breakdown-0005/0_75breakdown-0005_49.csv,BMIM_nitrate,20,75,49,False
Lissajouswaveformsdifferentmediums/ionic liquid/20 kHz/75% breakdown/0_75breakdown-0005/0_75breakdown-0005_50.csv,BMIM_nitrate,20,75,50,False
Lissajouswaveformsdifferentmediums/ionic liquid/20 kHz/75% breakdown/0_75breakdown-0005/0_75breakdown-0005_51.csv,BMIM_nitrate,20,75,51,True
Lissajouswaveformsdifferentmediums/ionic liquid/20 kHz/75% breakdown/0_75breakdown-0005/0_75breakdown-0005_52.csv,BMIM_nitrate,20,75,52,False
Lissajouswaveformsdifferentmediums/ionic liquid/20 kHz/75% breakdown/0_75breakdown-0005/0_75breakdown-0005_53.csv,BMIM_nitrate,20,75,53,False
Lissajouswaveformsdifferentmediums/ionic liquid/20 kHz/75% breakdown/0_75breakdown-0005/0_75breakdown-0005_54.csv,BMIM_nitrate,20,75,54,False
Lissajouswaveformsdifferentmediums/ionic liquid/20 kHz/75% breakdown/0_75breakdown-0005/0_75breakdown-0005_55.csv,BMIM_nitrate,20,75,55,False
Lissajouswaveformsdifferentmediums/ionic liquid/20 kHz/75% breakdown/0_75breakdown-0005/0_75breakdown-0005_56.csv,BMIM_nitrate,20,75,56,True
Lissajouswaveformsdifferentmediums/ionic liquid/20 kHz/75% breakdown/0_75breakdown-0005/0_75breakdown-0005_57.csv,BMIM_nitrate,20,75,57,False
Lissajouswaveformsdifferentmediums/ionic liquid/20 kHz/75% breakdown/0_75breakdown-0005/0_75breakdown-0005_58.csv,BMIM_nitrate,20,75,58,False
Lissajouswaveformsdifferentmediums/ionic liquid/20 kHz/75% breakdown/0_75breakdown-0005/0_75breakdown-0005_59.csv,BMIM_nitrate,20,75,59,False
Lissajouswaveformsdifferentmediums/ionic liquid/20 kHz/75% breakdown/0_75breakdown-0005/0_75breakdown-0005_60.csv,BMIM_nitrate,20,75,60,True
Lissajouswaveformsdifferentmediums/ionic liquid/20 kHz/75% breakdown/0_75breakdown-0005/0_75breakdown-0005_61.csv,BMIM_nitrate,20,75,61,False
Lissajouswaveformsdifferentmediums/ionic liquid/20 kHz/75% breakdown/0_75breakdown-0005/0_75breakdown-0005_62.csv,BMIM_nitrate,20,75,62,False
Lissajouswaveformsdifferentmediums/ionic liquid/20 kHz/75% breakdown/0_75breakdown-0005/0_75breakdown-0005_63.csv,BMIM_nitrate,20,75,63,False
Lissajouswaveformsdifferentmediums/ionic liquid/20 kHz/75% breakdown/0_75breakdown-0005/0_75breakdown-0005_64.csv,BMIM_nitrate,20,75,64,True
Lissajouswaveformsdifferentmediums/ionic liquid/20 kHz/90% breakdown/0_9breakdown-0006/0_9breakdown-0006_01.csv,BMIM_nitrate,20,90,1,True
Lissajouswaveformsdifferentmediums/ionic liquid/20 kHz/90% breakdown/0_9breakdown-0006/0_9breakdown-0006_02.csv,BMIM_nitrate,20,90,2,False
Lissajouswaveformsdifferentmediums/ionic liquid/20 kHz/90% breakdown/0_9breakdown-0006/0_9breakdown-0006_03.csv,BMIM_nitrate,20,90,3,False
Lissajouswaveformsdifferentmediums/ionic liquid/20 kHz/90% breakdown/0_9breakdown-0006/0_9breakdown-0006_04.csv,BMIM_nitrate,20,90,4,False
Lissajouswaveformsdifferentmediums/ionic liquid/20 kHz/90% breakdown/0_9breakdown-0006/0_9breakdown-0006_05.csv,BMIM_nitrate,20,90,5,True
Lissajouswaveformsdifferentmediums/ionic liquid/20 kHz/90% breakdown/0_9breakdown-0006/0_9breakdown-0006_06.csv,BMIM_nitrate,20,90,6,False
Lissajouswaveformsdifferentmediums/ionic liquid/20 kHz/90% breakdown/0_9breakdown-0006/0_9breakdown-0006_07.csv,BMIM_nitrate,20,90,7,False
Lissajouswaveformsdifferentmediums/ionic liquid/20 kHz/90% breakdown/0_9breakdown-0006/0_9breakdown-0006_08.csv,BMIM_nitrate,20,90,8,False
Lissajouswaveformsdifferentmediums/ionic liquid/20 kHz/90% breakdown/0_9breakdown-0006/0_9breakdown-0006_09.csv,BMIM_nitrate,20,90,9,True
Lissajouswaveformsdifferentmediums/ionic liquid/20 kHz/90% breakdown/0_9breakdown-0006/0_9breakdown-0006_10.csv,BMIM_nitrate,20,90,10,False
Lissajouswaveformsdifferentmediums/ionic liquid/20 kHz/90% breakdown/0_9breakdown-0006/0_9breakdown-0006_11.csv,BMIM_nitrate,20,90,11,False
Lissajouswaveformsdifferentmediums/ionic liquid/20 kHz/90% breakdown/0_9breakdown-0006/0_9breakdown-0006_12.csv,BMIM_nitrate,20,90,12,False
Lissajouswaveformsdifferentmediums/ionic liquid/20 kHz/90% breakdown/0_9breakdown-0006/0_9breakdown-0006_13.csv,BMIM_nitrate,20,90,13,False
Lissajouswaveformsdifferentmediums/ionic liquid/20 kHz/90% breakdown/0_9breakdown-0006/0_9breakdown-0006_14.csv,BMIM_nitrate,20,90,14,True
Lissajouswaveformsdifferentmediums/ionic liquid/20 kHz/90% breakdown/0_9breakdown-0006/0_9breakdown-0006_15.csv,BMIM_nitrate,20,90,15,False
Lissajouswaveformsdifferentmediums/ionic liquid/20 kHz/90% breakdown/0_9breakdown-0006/0_9breakdown-0006_16.csv,BMIM_nitrate,20,90,16,False
Lissajouswaveformsdifferentmediums/ionic liquid/20 kHz/90% breakdown/0_9breakdown-0006/0_9breakdown-0006_17.csv,BMIM_nitrate,20,90,17,False
Lissajouswaveformsdifferentmediums/ionic liquid/20 kHz/90% breakdown/0_9breakdown-0006/0_9breakdown-0006_18.csv,BMIM_nitrate,20,90,18,True
Lissajouswaveformsdifferentmediums/ionic liquid/20 kHz/90% breakdown/0_9breakdown-0006/0_9breakdown-0006_19.csv,BMIM_nitrate,20,90,19,False
Lissajouswaveformsdifferentmediums/ionic liquid/20 kHz/90% breakdown/0_9breakdown-0006/0_9breakdown-0006_20.csv,BMIM_nitrate,20,90,20,False
Lissajouswaveformsdifferentmediums/ionic liquid/20 kHz/90% breakdown/0_9breakdown-0006/0_9breakdown-0006_21.csv,BMIM_nitrate,20,90,21,False
Lissajouswaveformsdifferentmediums/ionic liquid/20 kHz/90% breakdown/0_9breakdown-0006/0_9breakdown-0006_22.csv,BMIM_nitrate,20,90,22,True
Lissajouswaveformsdifferentmediums/ionic liquid/20 kHz/90% breakdown/0_9breakdown-0006/0_9breakdown-0006_23.csv,BMIM_nitrate,20,90,23,False
Lissajouswaveformsdifferentmediums/ionic liquid/20 kHz/90% breakdown/0_9breakdown-0006/0_9breakdown-0006_24.csv,BMIM_nitrate,20,90,24,False
Lissajouswaveformsdifferentmediums/ionic liquid/20 kHz/90% breakdown/0_9breakdown-0006/0_9breakdown-0006_25.csv,BMIM_nitrate,20,90,25,False
Lissajouswaveformsdifferentmediums/ionic liquid/20 kHz/90% breakdown/0_9breakdown-0006/0_9breakdown-0006_26.csv,BMIM_nitrate,20,90,26,True
Lissajouswaveformsdifferentmediums/ionic liquid/20 kHz/90% breakdown/0_9breakdown-0006/0_9breakdown-0006_27.csv,BMIM_nitrate,20,90,27,False
Lissajouswaveformsdifferentmediums/ionic liquid/20 kHz/90% breakdown/0_9breakdown-0006/0_9breakdown-0006_28.csv,BMIM_nitrate,20,90,28,False
Lissajouswaveformsdifferentmediums/ionic liquid/20 kHz/90% breakdown/0_9breakdown-0006/0_9breakdown-0006_29.csv,BMIM_nitrate,20,90,29,False
Lissajouswaveformsdifferentmediums/ionic liquid/20 kHz/90% breakdown/0_9breakdown-0006/0_9breakdown-0006_30.csv,BMIM_nitrate,20,90,30,True
Lissajouswaveformsdifferentmediums/ionic liquid/20 kHz/90% breakdown/0_9breakdown-0006/0_9breakdown-0006_31.csv,BMIM_nitrate,20,90,31,False
Lissajouswaveformsdifferentmediums/ionic liquid/20 kHz/90% breakdown/0_9breakdown-0006/0_9breakdown-0006_32.csv,BMIM_nitrate,20,90,32,False
Lissajouswaveformsdifferentmediums/ionic liquid/20 kHz/90% breakdown/0_9breakdown-0006/0_9breakdown-0006_33.csv,BMIM_nitrate,20,90,33,False
Lissajouswaveformsdifferentmediums/ionic liquid/20 kHz/90% breakdown/0_9breakdown-0006/0_9breakdown-0006_34.csv,BMIM_nitrate,20,90,34,False
Lissajouswaveformsdifferentmediums/ionic liquid/20 kHz/90% breakdown/0_9breakdown-0006/0_9breakdown-0006_35.csv,BMIM_nitrate,20,90,35,True
Lissajouswaveformsdifferentmediums/ionic liquid/20 kHz/90% breakdown/0_9breakdown-0006/0_9breakdown-0006_36.csv,BMIM_nitrate,20,90,36,False
Lissajouswaveformsdifferentmediums/ionic liquid/20 kHz/90% breakdown/0_9breakdown-0006/0_9breakdown-0006_37.csv,BMIM_nitrate,20,90,37,False
Lissajouswaveformsdifferentmediums/ionic liquid/20 kHz/90% breakdown/0_9breakdown-0006/0_9breakdown-0006_38.csv,BMIM_nitrate,20,90,38,False
Lissajouswaveformsdifferentmediums/ionic liquid/20 kHz/90% breakdown/0_9breakdown-0006/0_9breakdown-0006_39.csv,BMIM_nitrate,20,90,39,True
Lissajouswaveformsdifferentmediums/ionic liquid/20 kHz/90% breakdown/0_9breakdown-0006/0_9breakdown-0006_40.csv,BMIM_nitrate,20,90,40,False
Lissajouswaveformsdifferentmediums/ionic liquid/20 kHz/90% breakdown/0_9breakdown-0006/0_9breakdown-0006_41.csv,BMIM_nitrate,20,90,41,False
Lissajouswaveformsdifferentmediums/ionic liquid/20 kHz/90% breakdown/0_9breakdown-0006/0_9breakdown-0006_42.csv,BMIM_nitrate,20,90,42,False
Lissajouswaveformsdifferentmediums/ionic liquid/20 kHz/90% breakdown/0_9breakdown-0006/0_9breakdown-0006_43.csv,BMIM_nitrate,20,90,43,True
Lissajouswaveformsdifferentmediums/ionic liquid/20 kHz/90% breakdown/0_9breakdown-0006/0_9breakdown-0006_44.csv,BMIM_nitrate,20,90,44,False
Lissajouswaveformsdifferentmediums/ionic liquid/20 kHz/90% breakdown/0_9breakdown-0006/0_9breakdown-0006_45.csv,BMIM_nitrate,20,90,45,False
Lissajouswaveformsdifferentmediums/ionic liquid/20 kHz/90% breakdown/0_9breakdown-0006/0_9breakdown-0006_46.csv,BMIM_nitrate,20,90,46,False
Lissajouswaveformsdifferentmediums/ionic liquid/20 kHz/90% breakdown/0_9breakdown-0006/0_9breakdown-0006_47.csv,BMIM_nitrate,20,90,47,True
Lissajouswaveformsdifferentmediums/ionic liquid/20 kHz/90% breakdown/0_9breakdown-0006/0_9breakdown-0006_48.csv,BMIM_nitrate,20,90,48,False
Lissajouswaveformsdifferentmediums/ionic liquid/20 kHz/90% breakdown/0_9breakdown-0006/0_9breakdown-0006_49.csv,BMIM_nitrate,20,90,49,False
Lissajouswaveformsdifferentmediums/ionic liquid/20 kHz/90% breakdown/0_9breakdown-0006/0_9breakdown-0006_50.csv,BMIM_nitrate,20,90,50,False
Lissajouswaveformsdifferentmediums/ionic liquid/20 kHz/90% breakdown/0_9breakdown-0006/0_9breakdown-0006_51.csv,BMIM_nitrate,20,90,51,True
Lissajouswaveformsdifferentmediums/ionic liquid/20 kHz/90% breakdown/0_9breakdown-0006/0_9breakdown-0006_52.csv,BMIM_nitrate,20,90,52,False
Lissajouswaveformsdifferentmediums/ionic liquid/20 kHz/90% breakdown/0_9breakdown-0006/0_9breakdown-0006_53.csv,BMIM_nitrate,20,90,53,False
Lissajouswaveformsdifferentmediums/ionic liquid/20 kHz/90% breakdown/0_9breakdown-0006/0_9breakdown-0006_54.csv,BMIM_nitrate,20,90,54,False
Lissajouswaveformsdifferentmediums/ionic liquid/20 kHz/90% breakdown/0_9breakdown-0006/0_9breakdown-0006_55.csv,BMIM_nitrate,20,90,55,False
Lissajouswaveformsdifferentmediums/ionic liquid/20 kHz/90% breakdown/0_9breakdown-0006/0_9breakdown-0006_56.csv,BMIM_nitrate,20,90,56,True
Lissajouswaveformsdifferentmediums/ionic liquid/20 kHz/90% breakdown/0_9breakdown-0006/0_9breakdown-0006_57.csv,BMIM_nitrate,20,90,57,False
Lissajouswaveformsdifferentmediums/ionic liquid/20 kHz/90% breakdown/0_9breakdown-0006/0_9breakdown-0006_58.csv,BMIM_nitrate,20,90,58,False
Lissajouswaveformsdifferentmediums/ionic liquid/20 kHz/90% breakdown/0_9breakdown-0006/0_9breakdown-0006_59.csv,BMIM_nitrate,20,90,59,False
Lissajouswaveformsdifferentmediums/ionic liquid/20 kHz/90% breakdown/0_9breakdown-0006/0_9breakdown-0006_60.csv,BMIM_nitrate,20,90,60,True
Lissajouswaveformsdifferentmediums/ionic liquid/20 kHz/90% breakdown/0_9breakdown-0006/0_9breakdown-0006_61.csv,BMIM_nitrate,20,90,61,False
Lissajouswaveformsdifferentmediums/ionic liquid/20 kHz/90% breakdown/0_9breakdown-0006/0_9breakdown-0006_62.csv,BMIM_nitrate,20,90,62,False
Lissajouswaveformsdifferentmediums/ionic liquid/20 kHz/90% breakdown/0_9breakdown-0006/0_9breakdown-0006_63.csv,BMIM_nitrate,20,90,63,False
Lissajouswaveformsdifferentmediums/ionic liquid/20 kHz/90% breakdown/0_9breakdown-0006/0_9breakdown-0006_64.csv,BMIM_nitrate,20,90,64,True
Lissajouswaveformsdifferentmediums/ionic liquid/20 kHz/breakdown-0002/breakdown-0002_01.csv,BMIM_nitrate,20,100,1,True
Lissajouswaveformsdifferentmediums/ionic liquid/20 kHz/breakdown-0002/breakdown-0002_02.csv,BMIM_nitrate,20,100,2,False
Lissajouswaveformsdifferentmediums/ionic liquid/20 kHz/breakdown-0002/breakdown-0002_03.csv,BMIM_nitrate,20,100,3,False
Lissajouswaveformsdifferentmediums/ionic liquid/20 kHz/breakdown-0002/breakdown-0002_04.csv,BMIM_nitrate,20,100,4,False
Lissajouswaveformsdifferentmediums/ionic liquid/20 kHz/breakdown-0002/breakdown-0002_05.csv,BMIM_nitrate,20,100,5,True
Lissajouswaveformsdifferentmediums/ionic liquid/20 kHz/breakdown-0002/breakdown-0002_06.csv,BMIM_nitrate,20,100,6,False
Lissajouswaveformsdifferentmediums/ionic liquid/20 kHz/breakdown-0002/breakdown-0002_07.csv,BMIM_nitrate,20,100,7,False
Lissajouswaveformsdifferentmediums/ionic liquid/20 kHz/breakdown-0002/breakdown-0002_08.csv,BMIM_nitrate,20,100,8,False
Lissajouswaveformsdifferentmediums/ionic liquid/20 kHz/breakdown-0002/breakdown-0002_09.csv,BMIM_nitrate,20,100,9,True
Lissajouswaveformsdifferentmediums/ionic liquid/20 kHz/breakdown-0002/breakdown-0002_10.csv,BMIM_nitrate,20,100,10,False
Lissajouswaveformsdifferentmediums/ionic liquid/20 kHz/breakdown-0002/breakdown-0002_11.csv,BMIM_nitrate,20,100,11,False
Lissajouswaveformsdifferentmediums/ionic liquid/20 kHz/breakdown-0002/breakdown-0002_12.csv,BMIM_nitrate,20,100,12,False
Lissajouswaveformsdifferentmediums/ionic liquid/20 kHz/breakdown-0002/breakdown-0002_13.csv,BMIM_nitrate,20,100,13,False
Lissajouswaveformsdifferentmediums/ionic liquid/20 kHz/breakdown-0002/breakdown-0002_14.csv,BMIM_nitrate,20,100,14,True
Lissajouswaveformsdifferentmediums/ionic liquid/20 kHz/breakdown-0002/breakdown-0002_15.csv,BMIM_nitrate,20,100,15,False
Lissajouswaveformsdifferentmediums/ionic liquid/20 kHz/breakdown-0002/breakdown-0002_16.csv,BMIM_nitrate,20,100,16,False
Lissajouswaveformsdifferentmediums/ionic liquid/20 kHz/breakdown-0002/breakdown-0002_17.csv,BMIM_nitrate,20,100,17,False
Lissajouswaveformsdifferentmediums/ionic liquid/20 kHz/breakdown-0002/breakdown-0002_18.csv,BMIM_nitrate,20,100,18,True
Lissajouswaveformsdifferentmediums/ionic liquid/20 kHz/breakdown-0002/breakdown-0002_19.csv,BMIM_nitrate,20,100,19,False
Lissajouswaveformsdifferentmediums/ionic liquid/20 kHz/breakdown-0002/breakdown-0002_20.csv,BMIM_nitrate,20,100,20,False
Lissajouswaveformsdifferentmediums/ionic liquid/20 kHz/breakdown-0002/breakdown-0002_21.csv,BMIM_nitrate,20,100,21,False
Lissajouswaveformsdifferentmediums/ionic liquid/20 kHz/breakdown-0002/breakdown-0002_22.csv,BMIM_nitrate,20,100,22,True
Lissajouswaveformsdifferentmediums/ionic liquid/20 kHz/breakdown-0002/breakdown-0002_23.csv,BMIM_nitrate,20,100,23,False
Lissajouswaveformsdifferentmediums/ionic liquid/20 kHz/breakdown-0002/breakdown-0002_24.csv,BMIM_nitrate,20,100,24,False
Lissajouswaveformsdifferentmediums/ionic liquid/20 kHz/breakdown-0002/breakdown-0002_25.csv,BMIM_nitrate,20,100,25,False
Lissajouswaveformsdifferentmediums/ionic liquid/20 kHz/breakdown-0002/breakdown-0002_26.csv,BMIM_nitrate,20,100,26,True
Lissajouswaveformsdifferentmediums/ionic liquid/20 kHz/breakdown-0002/breakdown-0002_27.csv,BMIM_nitrate,20,100,27,False
Lissajouswaveformsdifferentmediums/ionic liquid/20 kHz/breakdown-0002/breakdown-0002_28.csv,BMIM_nitrate,20,100,28,False
Lissajouswaveformsdifferentmediums/ionic liquid/20 kHz/breakdown-0002/breakdown-0002_29.csv,BMIM_nitrate,20,100,29,False
Lissajouswaveformsdifferentmediums/ionic liquid/20 kHz/breakdown-0002/breakdown-0002_30.csv,BMIM_nitrate,20,100,30,True
Lissajouswaveformsdifferentmediums/ionic liquid/20 kHz/breakdown-0002/breakdown-0002_31.csv,BMIM_nitrate,20,100,31,False
Lissajouswaveformsdifferentmediums/ionic liquid/20 kHz/breakdown-0002/breakdown-0002_32.csv,BMIM_nitrate,20,100,32,False
Lissajouswaveformsdifferentmediums/ionic liquid/20 kHz/breakdown-0002/breakdown-0002_33.csv,BMIM_nitrate,20,100,33,False
Lissajouswaveformsdifferentmediums/ionic liquid/20 kHz/breakdown-0002/breakdown-0002_34.csv,BMIM_nitrate,20,100,34,False
Lissajouswaveformsdifferentmediums/ionic liquid/20 kHz/breakdown-0002/breakdown-0002_35.csv,BMIM_nitrate,20,100,35,True
Lissajouswaveformsdifferentmediums/ionic liquid/20 kHz/breakdown-0002/breakdown-0002_36.csv,BMIM_nitrate,20,100,36,False
Lissajouswaveformsdifferentmediums/ionic liquid/20 kHz/breakdown-0002/breakdown-0002_37.csv,BMIM_nitrate,20,100,37,False
Lissajouswaveformsdifferentmediums/ionic liquid/20 kHz/breakdown-0002/breakdown-0002_38.csv,BMIM_nitrate,20,100,38,False
Lissajouswaveformsdifferentmediums/ionic liquid/20 kHz/breakdown-0002/breakdown-0002_39.csv,BMIM_nitrate,20,100,39,True
Lissajouswaveformsdifferentmediums/ionic liquid/20 kHz/breakdown-0002/breakdown-0002_40.csv,BMIM_nitrate,20,100,40,False
Lissajouswaveformsdifferentmediums/ionic liquid/20 kHz/breakdown-0002/breakdown-0002_41.csv,BMIM_nitrate,20,100,41,False
Lissajouswaveformsdifferentmediums/ionic liquid/20 kHz/breakdown-0002/breakdown-0002_42.csv,BMIM_nitrate,20,100,42,False
Lissajouswaveformsdifferentmediums/ionic liquid/20 kHz/breakdown-0002/breakdown-0002_43.csv,BMIM_nitrate,20,100,43,True
Lissajouswaveformsdifferentmediums/ionic liquid/20 kHz/breakdown-0002/breakdown-0002_44.csv,BMIM_nitrate,20,100,44,False
Lissajouswaveformsdifferentmediums/ionic liquid/20 kHz/breakdown-0002/breakdown-0002_45.csv,BMIM_nitrate,20,100,45,False
Lissajouswaveformsdifferentmediums/ionic liquid/20 kHz/breakdown-0002/breakdown-0002_46.csv,BMIM_nitrate,20,100,46,False
Lissajouswaveformsdifferentmediums/ionic liquid/20 kHz/breakdown-0002/breakdown-0002_47.csv,BMIM_nitrate,20,100,47,True
Lissajouswaveformsdifferentmediums/ionic liquid/20 kHz/breakdown-0002/breakdown-0002_48.csv,BMIM_nitrate,20,100,48,False
Lissajouswaveformsdifferentmediums/ionic liquid/20 kHz/breakdown-0002/breakdown-0002_49.csv,BMIM_nitrate,20,100,49,False
Lissajouswaveformsdifferentmediums/ionic liquid/20 kHz/breakdown-0002/breakdown-0002_50.csv,BMIM_nitrate,20,100,50,False
Lissajouswaveformsdifferentmediums/ionic liquid/20 kHz/breakdown-0002/breakdown-0002_51.csv,BMIM_nitrate,20,100,51,True
Lissajouswaveformsdifferentmediums/ionic liquid/20 kHz/breakdown-0002/breakdown-0002_52.csv,BMIM_nitrate,20,100,52,False
Lissajouswaveformsdifferentmediums/ionic liquid/20 kHz/breakdown-0002/breakdown-0002_53.csv,BMIM_nitrate,20,100,53,False
Lissajouswaveformsdifferentmediums/ionic liquid/20 kHz/breakdown-0002/breakdown-0002_54.csv,BMIM_nitrate,20,100,54,False
Lissajouswaveformsdifferentmediums/ionic liquid/20 kHz/breakdown-0002/breakdown-0002_55.csv,BMIM_nitrate,20,100,55,False
Lissajouswaveformsdifferentmediums/ionic liquid/20 kHz/breakdown-0002/breakdown-0002_56.csv,BMIM_nitrate,20,100,56,True
Lissajouswaveformsdifferentmediums/ionic liquid/20 kHz/breakdown-0002/breakdown-0002_57.csv,BMIM_nitrate,20,100,57,False
Lissajouswaveformsdifferentmediums/ionic liquid/20 kHz/breakdown-0002/breakdown-0002_58.csv,BMIM_nitrate,20,100,58,False
Lissajouswaveformsdifferentmediums/ionic liquid/20 kHz/breakdown-0002/breakdown-0002_59.csv,BMIM_nitrate,20,100,59,False
Lissajouswaveformsdifferentmediums/ionic liquid/20 kHz/breakdown-0002/breakdown-0002_60.csv,BMIM_nitrate,20,100,60,True
Lissajouswaveformsdifferentmediums/ionic liquid/20 kHz/breakdown-0002/breakdown-0002_61.csv,BMIM_nitrate,20,100,61,False
Lissajouswaveformsdifferentmediums/ionic liquid/20 kHz/breakdown-0002/breakdown-0002_62.csv,BMIM_nitrate,20,100,62,False
Lissajouswaveformsdifferentmediums/ionic liquid/20 kHz/breakdown-0002/breakdown-0002_63.csv,BMIM_nitrate,20,100,63,False
Lissajouswaveformsdifferentmediums/ionic liquid/20 kHz/breakdown-0002/breakdown-0002_64.csv,BMIM_nitrate,20,100,64,True
Lissajouswaveformsdifferentmediums/ionic liquid/20 kHz/105% breakdown/105breakdown-0007/105breakdown-0007_01.csv,BMIM_nitrate,20,105,1,True
Lissajouswaveformsdifferentmediums/ionic liquid/20 kHz/105% breakdown/105breakdown-0007/105breakdown-0007_02.csv,BMIM_nitrate,20,105,2,False
Lissajouswaveformsdifferentmediums/ionic liquid/20 kHz/105% breakdown/105breakdown-0007/105breakdown-0007_03.csv,BMIM_nitrate,20,105,3,False
Lissajouswaveformsdifferentmediums/ionic liquid/20 kHz/105% breakdown/105breakdown-0007/105breakdown-0007_04.csv,BMIM_nitrate,20,105,4,False
Lissajouswaveformsdifferentmediums/ionic liquid/20 kHz/105% breakdown/105breakdown-0007/105breakdown-0007_05.csv,BMIM_nitrate,20,105,5,True
Lissajouswaveformsdifferentmediums/ionic liquid/20 kHz/105% breakdown/105breakdown-0007/105breakdown-0007_06.csv,BMIM_nitrate,20,105,6,False
Lissajouswaveformsdifferentmediums/ionic liquid/20 kHz/105% breakdown/105breakdown-0007/105breakdown-0007_07.csv,BMIM_nitrate,20,105,7,False
Lissajouswaveformsdifferentmediums/ionic liquid/20 kHz/105% breakdown/105breakdown-0007/105breakdown-0007_08.csv,BMIM_nitrate,20,105,8,False
Lissajouswaveformsdifferentmediums/ionic liquid/20 kHz/105% breakdown/105breakdown-0007/105breakdown-0007_09.csv,BMIM_nitrate,20,105,9,True
Lissajouswaveformsdifferentmediums/ionic liquid/20 kHz/105% breakdown/105breakdown-0007/105breakdown-0007_10.csv,BMIM_nitrate,20,105,10,False
Lissajouswaveformsdifferentmediums/ionic liquid/20 kHz/105% breakdown/105breakdown-0007/105breakdown-0007_11.csv,BMIM_nitrate,20,105,11,False
Lissajouswaveformsdifferentmediums/ionic liquid/20 kHz/105% breakdown/105breakdown-0007/105breakdown-0007_12.csv,BMIM_nitrate,20,105,12,False
Lissajouswaveformsdifferentmediums/ionic liquid/20 kHz/105% breakdown/105breakdown-0007/105breakdown-0007_13.csv,BMIM_nitrate,20,105,13,False
Lissajouswaveformsdifferentmediums/ionic liquid/20 kHz/105% breakdown/105breakdown-0007/105breakdown-0007_14.csv,BMIM_nitrate,20,105,14,True
Lissajouswaveformsdifferentmediums/ionic liquid/20 kHz/105% breakdown/105breakdown-0007/105breakdown-0007_15.csv,BMIM_nitrate,20,105,15,False
Lissajouswaveformsdifferentmediums/ionic liquid/20 kHz/105% breakdown/105breakdown-0007/105breakdown-0007_16.csv,BMIM_nitrate,20,105,16,False
Lissajouswaveformsdifferentmediums/ionic liquid/20 kHz/105% breakdown/105breakdown-0007/105breakdown-0007_17.csv,BMIM_nitrate,20,105,17,False
Lissajouswaveformsdifferentmediums/ionic liquid/20 kHz/105% breakdown/105breakdown-0007/105breakdown-0007_18.csv,BMIM_nitrate,20,105,18,True
Lissajouswaveformsdifferentmediums/ionic liquid/20 kHz/105% breakdown/105breakdown-0007/105breakdown-0007_19.csv,BMIM_nitrate,20,105,19,False
Lissajouswaveformsdifferentmediums/ionic liquid/20 kHz/105% breakdown/105breakdown-0007/105breakdown-0007_20.csv,BMIM_nitrate,20,105,20,False
Lissajouswaveformsdifferentmediums/ionic liquid/20 kHz/105% breakdown/105breakdown-0007/105breakdown-0007_21.csv,BMIM_nitrate,20,105,21,False
Lissajouswaveformsdifferentmediums/ionic liquid/20 kHz/105% breakdown/105breakdown-0007/105breakdown-0007_22.csv,BMIM_nitrate,20,105,22,True
Lissajouswaveformsdifferentmediums/ionic liquid/20 kHz/105% breakdown/105breakdown-0007/105breakdown-0007_23.csv,BMIM_nitrate,20,105,23,False
Lissajouswaveformsdifferentmediums/ionic liquid/20 kHz/105% breakdown/105breakdown-0007/105breakdown-0007_24.csv,BMIM_nitrate,20,105,24,False
Lissajouswaveformsdifferentmediums/ionic liquid/20 kHz/105% breakdown/105breakdown-0007/105breakdown-0007_25.csv,BMIM_nitrate,20,105,25,False
Lissajouswaveformsdifferentmediums/ionic liquid/20 kHz/105% breakdown/105breakdown-0007/105breakdown-0007_26.csv,BMIM_nitrate,20,105,26,True
Lissajouswaveformsdifferentmediums/ionic liquid/20 kHz/105% breakdown/105breakdown-0007/105breakdown-0007_27.csv,BMIM_nitrate,20,105,27,False
Lissajouswaveformsdifferentmediums/ionic liquid/20 kHz/105% breakdown/105breakdown-0007/105breakdown-0007_28.csv,BMIM_nitrate,20,105,28,False
Lissajouswaveformsdifferentmediums/ionic liquid/20 kHz/105% breakdown/105breakdown-0007/105breakdown-0007_29.csv,BMIM_nitrate,20,105,29,False
Lissajouswaveformsdifferentmediums/ionic liquid/20 kHz/105% breakdown/105breakdown-0007/105breakdown-0007_30.csv,BMIM_nitrate,20,105,30,True
Lissajouswaveformsdifferentmediums/ionic liquid/20 kHz/105% breakdown/105breakdown-0007/105breakdown-0007_31.csv,BMIM_nitrate,20,105,31,False
Lissajouswaveformsdifferentmediums/ionic liquid/20 kHz/105% breakdown/105breakdown-0007/105breakdown-0007_32.csv,BMIM_nitrate,20,105,32,False
Lissajouswaveformsdifferentmediums/ionic liquid/20 kHz/105% breakdown/105breakdown-0007/105breakdown-0007_33.csv,BMIM_nitrate,20,105,33,False
Lissajouswaveformsdifferentmediums/ionic liquid/20 kHz/105% breakdown/105breakdown-0007/105breakdown-0007_34.csv,BMIM_nitrate,20,105,34,False
Lissajouswaveformsdifferentmediums/ionic liquid/20 kHz/105% breakdown/105breakdown-0007/105breakdown-0007_35.csv,BMIM_nitrate,20,105,35,True
Lissajouswaveformsdifferentmediums/ionic liquid/20 kHz/105% breakdown/105breakdown-0007/105breakdown-0007_36.csv,BMIM_nitrate,20,105,36,False
Lissajouswaveformsdifferentmediums/ionic liquid/20 kHz/105% breakdown/105breakdown-0007/105breakdown-0007_37.csv,BMIM_nitrate,20,105,37,False
Lissajouswaveformsdifferentmediums/ionic liquid/20 kHz/105% breakdown/105breakdown-0007/105breakdown-0007_38.csv,BMIM_nitrate,20,105,38,False
Lissajouswaveformsdifferentmediums/ionic liquid/20 kHz/105% breakdown/105breakdown-0007/105breakdown-0007_39.csv,BMIM_nitrate,20,105,39,True
Lissajouswaveformsdifferentmediums/ionic liquid/20 kHz/105% breakdown/105breakdown-0007/105breakdown-0007_40.csv,BMIM_nitrate,20,105,40,False
Lissajouswaveformsdifferentmediums/ionic liquid/20 kHz/105% breakdown/105breakdown-0007/105breakdown-0007_41.csv,BMIM_nitrate,20,105,41,False
Lissajouswaveformsdifferentmediums/ionic liquid/20 kHz/105% breakdown/105breakdown-0007/105breakdown-0007_42.csv,BMIM_nitrate,20,105,42,False
Lissajouswaveformsdifferentmediums/ionic liquid/20 kHz/105% breakdown/105breakdown-0007/105breakdown-0007_43.csv,BMIM_nitrate,20,105,43,True
Lissajouswaveformsdifferentmediums/ionic liquid/20 kHz/105% breakdown/105breakdown-0007/105breakdown-0007_44.csv,BMIM_nitrate,20,105,44,False
Lissajouswaveformsdifferentmediums/ionic liquid/20 kHz/105% breakdown/105breakdown-0007/105breakdown-0007_45.csv,BMIM_nitrate,20,105,45,False
Lissajouswaveformsdifferentmediums/ionic liquid/20 kHz/105% breakdown/105breakdown-0007/105breakdown-0007_46.csv,BMIM_nitrate,20,105,46,False
Lissajouswaveformsdifferentmediums/ionic liquid/20 kHz/105% breakdown/105breakdown-0007/105breakdown-0007_47.csv,BMIM_nitrate,20,105,47,True
Lissajouswaveformsdifferentmediums/ionic liquid/20 kHz/105% breakdown/105breakdown-0007/105breakdown-0007_48.csv,BMIM_nitrate,20,105,48,False
Lissajouswaveformsdifferentmediums/ionic liquid/20 kHz/105% breakdown/105breakdown-0007/105breakdown-0007_49.csv,BMIM_nitrate,20,105,49,False
Lissajouswaveformsdifferentmediums/ionic liquid/20 kHz/105% breakdown/105breakdown-0007/105breakdown-0007_50.csv,BMIM_nitrate,20,105,50,False
Lissajouswaveformsdifferentmediums/ionic liquid/20 kHz/105% breakdown/105breakdown-0007/105breakdown-0007_51.csv,BMIM_nitrate,20,105,51,True
Lissajouswaveformsdifferentmediums/ionic liquid/20 kHz/105% breakdown/105breakdown-0007/105breakdown-0007_52.csv,BMIM_nitrate,20,105,52,False
Lissajouswaveformsdifferentmediums/ionic liquid/20 kHz/105% breakdown/105breakdown-0007/105breakdown-0007_53.csv,BMIM_nitrate,20,105,53,False
Lissajouswaveformsdifferentmediums/ionic liquid/20 kHz/105% breakdown/105breakdown-0007/105breakdown-0007_54.csv,BMIM_nitrate,20,105,54,False
Lissajouswaveformsdifferentmediums/ionic liquid/20 kHz/105% breakdown/105breakdown-0007/105breakdown-0007_55.csv,BMIM_nitrate,20,105,55,False
Lissajouswaveformsdifferentmediums/ionic liquid/20 kHz/105% breakdown/105breakdown-0007/105breakdown-0007_56.csv,BMIM_nitrate,20,105,56,True
Lissajouswaveformsdifferentmediums/ionic liquid/20 kHz/105% breakdown/105breakdown-0007/105breakdown-0007_57.csv,BMIM_nitrate,20,105,57,False
Lissajouswaveformsdifferentmediums/ionic liquid/20 kHz/105% breakdown/105breakdown-0007/105breakdown-0007_58.csv,BMIM_nitrate,20,105,58,False
Lissajouswaveformsdifferentmediums/ionic liquid/20 kHz/105% breakdown/105breakdown-0007/105breakdown-0007_59.csv,BMIM_nitrate,20,105,59,False
Lissajouswaveformsdifferentmediums/ionic liquid/20 kHz/105% breakdown/105breakdown-0007/105breakdown-0007_60.csv,BMIM_nitrate,20,105,60,True
Lissajouswaveformsdifferentmediums/ionic liquid/20 kHz/105% breakdown/105breakdown-0007/105breakdown-0007_61.csv,BMIM_nitrate,20,105,61,False
Lissajouswaveformsdifferentmediums/ionic liquid/20 kHz/105% breakdown/105breakdown-0007/105breakdown-0007_62.csv,BMIM_nitrate,20,105,62,False
Lissajouswaveformsdifferentmediums/ionic liquid/20 kHz/105% breakdown/105breakdown-0007/105breakdown-0007_63.csv,BMIM_nitrate,20,105,63,False
Lissajouswaveformsdifferentmediums/ionic liquid/20 kHz/105% breakdown/105breakdown-0007/105breakdown-0007_64.csv,BMIM_nitrate,20,105,64,True
Lissajouswaveformsdifferentmediums/ionic liquid/20 kHz/115% breakdown/115breakdown-0008/115breakdown-0008_01.csv,BMIM_nitrate,20,115,1,True
Lissajouswaveformsdifferentmediums/ionic liquid/20 kHz/115% breakdown/115breakdown-0008/115breakdown-0008_02.csv,BMIM_nitrate,20,115,2,False
Lissajouswaveformsdifferentmediums/ionic liquid/20 kHz/115% breakdown/115breakdown-0008/115breakdown-0008_03.csv,BMIM_nitrate,20,115,3,False
Lissajouswaveformsdifferentmediums/ionic liquid/20 kHz/115% breakdown/115breakdown-0008/115breakdown-0008_04.csv,BMIM_nitrate,20,115,4,False
Lissajouswaveformsdifferentmediums/ionic liquid/20 kHz/115% breakdown/115breakdown-0008/115breakdown-0008_05.csv,BMIM_nitrate,20,115,5,True
Lissajouswaveformsdifferentmediums/ionic liquid/20 kHz/115% breakdown/115breakdown-0008/115breakdown-0008_06.csv,BMIM_nitrate,20,115,6,False
Lissajouswaveformsdifferentmediums/ionic liquid/20 kHz/115% breakdown/115breakdown-0008/115breakdown-0008_07.csv,BMIM_nitrate,20,115,7,False
Lissajouswaveformsdifferentmediums/ionic liquid/20 kHz/115% breakdown/115breakdown-0008/115breakdown-0008_08.csv,BMIM_nitrate,20,115,8,False
Lissajouswaveformsdifferentmediums/ionic liquid/20 kHz/115% breakdown/115breakdown-0008/115breakdown-0008_09.csv,BMIM_nitrate,20,115,9,True
Lissajouswaveformsdifferentmediums/ionic liquid/20 kHz/115% breakdown/115breakdown-0008/115breakdown-0008_10.csv,BMIM_nitrate,20,115,10,False
Lissajouswaveformsdifferentmediums/ionic liquid/20 kHz/115% breakdown/115breakdown-0008/115breakdown-0008_11.csv,BMIM_nitrate,20,115,11,False
Lissajouswaveformsdifferentmediums/ionic liquid/20 kHz/115% breakdown/115breakdown-0008/115breakdown-0008_12.csv,BMIM_nitrate,20,115,12,False
Lissajouswaveformsdifferentmediums/ionic liquid/20 kHz/115% breakdown/115breakdown-0008/115breakdown-0008_13.csv,BMIM_nitrate,20,115,13,False
Lissajouswaveformsdifferentmediums/ionic liquid/20 kHz/115% breakdown/115breakdown-0008/115breakdown-0008_14.csv,BMIM_nitrate,20,115,14,True
Lissajouswaveformsdifferentmediums/ionic liquid/20 kHz/115% breakdown/115breakdown-0008/115breakdown-0008_15.csv,BMIM_nitrate,20,115,15,False
Lissajouswaveformsdifferentmediums/ionic liquid/20 kHz/115% breakdown/115breakdown-0008/115breakdown-0008_16.csv,BMIM_nitrate,20,115,16,False
Lissajouswaveformsdifferentmediums/ionic liquid/20 kHz/115% breakdown/115breakdown-0008/115breakdown-0008_17.csv,BMIM_nitrate,20,115,17,False
Lissajouswaveformsdifferentmediums/ionic liquid/20 kHz/115% breakdown/115breakdown-0008/115breakdown-0008_18.csv,BMIM_nitrate,20,115,18,True
Lissajouswaveformsdifferentmediums/ionic liquid/20 kHz/115% breakdown/115breakdown-0008/115breakdown-0008_19.csv,BMIM_nitrate,20,115,19,False
Lissajouswaveformsdifferentmediums/ionic liquid/20 kHz/115% breakdown/115breakdown-0008/115breakdown-0008_20.csv,BMIM_nitrate,20,115,20,False
Lissajouswaveformsdifferentmediums/ionic liquid/20 kHz/115% breakdown/115breakdown-0008/115breakdown-0008_21.csv,BMIM_nitrate,20,115,21,False
Lissajouswaveformsdifferentmediums/ionic liquid/20 kHz/115% breakdown/115breakdown-0008/115breakdown-0008_22.csv,BMIM_nitrate,20,115,22,True
Lissajouswaveformsdifferentmediums/ionic liquid/20 kHz/115% breakdown/115breakdown-0008/115breakdown-0008_23.csv,BMIM_nitrate,20,115,23,False
Lissajouswaveformsdifferentmediums/ionic liquid/20 kHz/115% breakdown/115breakdown-0008/115breakdown-0008_24.csv,BMIM_nitrate,20,115,24,False
Lissajouswaveformsdifferentmediums/ionic liquid/20 kHz/115% breakdown/115breakdown-0008/115breakdown-0008_25.csv,BMIM_nitrate,20,115,25,False
Lissajouswaveformsdifferentmediums/ionic liquid/20 kHz/115% breakdown/115breakdown-0008/115breakdown-0008_26.csv,BMIM_nitrate,20,115,26,True
Lissajouswaveformsdifferentmediums/ionic liquid/20 kHz/115% breakdown/115breakdown-0008/115breakdown-0008_27.csv,BMIM_nitrate,20,115,27,False
Lissajouswaveformsdifferentmediums/ionic liquid/20 kHz/115% breakdown/115breakdown-0008/115breakdown-0008_28.csv,BMIM_nitrate,20,115,28,False
Lissajouswaveformsdifferentmediums/ionic liquid/20 kHz/115% breakdown/115breakdown-0008/115breakdown-0008_29.csv,BMIM_nitrate,20,115,29,False
Lissajouswaveformsdifferentmediums/ionic liquid/20 kHz/115% breakdown/115breakdown-0008/115breakdown-0008_30.csv,BMIM_nitrate,20,115,30,True
Lissajouswaveformsdifferentmediums/ionic liquid/20 kHz/115% breakdown/115breakdown-0008/115breakdown-0008_31.csv,BMIM_nitrate,20,115,31,False
Lissajouswaveformsdifferentmediums/ionic liquid/20 kHz/115% breakdown/115breakdown-0008/115breakdown-0008_32.csv,BMIM_nitrate,20,115,32,False
Lissajouswaveformsdifferentmediums/ionic liquid/20 kHz/115% breakdown/115breakdown-0008/115breakdown-0008_33.csv,BMIM_nitrate,20,115,33,False
Lissajouswaveformsdifferentmediums/ionic liquid/20 kHz/115% breakdown/115breakdown-0008/115breakdown-0008_34.csv,BMIM_nitrate,20,115,34,False
Lissajouswaveformsdifferentmediums/ionic liquid/20 kHz/115% breakdown/115breakdown-0008/115breakdown-0008_35.csv,BMIM_nitrate,20,115,35,True
Lissajouswaveformsdifferentmediums/ionic liquid/20 kHz/115% breakdown/115breakdown-0008/115breakdown-0008_36.csv,BMIM_nitrate,20,115,36,False
Lissajouswaveformsdifferentmediums/ionic liquid/20 kHz/115% breakdown/115breakdown-0008/115breakdown-0008_37.csv,BMIM_nitrate,20,115,37,False
Lissajouswaveformsdifferentmediums/ionic liquid/20 kHz/115% breakdown/115breakdown-0008/115breakdown-0008_38.csv,BMIM_nitrate,20,115,38,False
Lissajouswaveformsdifferentmediums/ionic liquid/20 kHz/115% breakdown/115breakdown-0008/115breakdown-0008_39.csv,BMIM_nitrate,20,115,39,True
Lissajouswaveformsdifferentmediums/ionic liquid/20 kHz/115% breakdown/115breakdown-0008/115breakdown-0008_40.csv,BMIM_nitrate,20,115,40,False
Lissajouswaveformsdifferentmediums/ionic liquid/20 kHz/115% breakdown/115breakdown-0008/115breakdown-0008_41.csv,BMIM_nitrate,20,115,41,False
Lissajouswaveformsdifferentmediums/ionic liquid/20 kHz/115% breakdown/115breakdown-0008/115breakdown-0008_42.csv,BMIM_nitrate,20,115,42,False
Lissajouswaveformsdifferentmediums/ionic liquid/20 kHz/115% breakdown/115breakdown-0008/115breakdown-0008_43.csv,BMIM_nitrate,20,115,43,True
Lissajouswaveformsdifferentmediums/ionic liquid/20 kHz/115% breakdown/115breakdown-0008/115breakdown-0008_44.csv,BMIM_nitrate,20,115,44,False
Lissajouswaveformsdifferentmediums/ionic liquid/20 kHz/115% breakdown/115breakdown-0008/115breakdown-0008_45.csv,BMIM_nitrate,20,115,45,False
Lissajouswaveformsdifferentmediums/ionic liquid/20 kHz/115% breakdown/115breakdown-0008/115breakdown-0008_46.csv,BMIM_nitrate,20,115,46,False
Lissajouswaveformsdifferentmediums/ionic liquid/20 kHz/115% breakdown/115breakdown-0008/115breakdown-0008_47.csv,BMIM_nitrate,20,115,47,True
Lissajouswaveformsdifferentmediums/ionic liquid/20 kHz/115% breakdown/115breakdown-0008/115breakdown-0008_48.csv,BMIM_nitrate,20,115,48,False
Lissajouswaveformsdifferentmediums/ionic liquid/20 kHz/115% breakdown/115breakdown-0008/115breakdown-0008_49.csv,BMIM_nitrate,20,115,49,False
Lissajouswaveformsdifferentmediums/ionic liquid/20 kHz/115% breakdown/115breakdown-0008/115breakdown-0008_50.csv,BMIM_nitrate,20,115,50,False
Lissajouswaveformsdifferentmediums/ionic liquid/20 kHz/115% breakdown/115breakdown-0008/115breakdown-0008_51.csv,BMIM_nitrate,20,115,51,True
Lissajouswaveformsdifferentmediums/ionic liquid/20 kHz/115% breakdown/115breakdown-0008/115breakdown-0008_52.csv,BMIM_nitrate,20,115,52,False
Lissajouswaveformsdifferentmediums/ionic liquid/20 kHz/115% breakdown/115breakdown-0008/115breakdown-0008_53.csv,BMIM_nitrate,20,115,53,False
Lissajouswaveformsdifferentmediums/ionic liquid/20 kHz/115% breakdown/115breakdown-0008/115breakdown-0008_54.csv,BMIM_nitrate,20,115,54,False
Lissajouswaveformsdifferentmediums/ionic liquid/20 kHz/115% breakdown/115breakdown-0008/115breakdown-0008_55.csv,BMIM_nitrate,20,115,55,False
Lissajouswaveformsdifferentmediums/ionic liquid/20 kHz/115% breakdown/115breakdown-0008/115breakdown-0008_56.csv,BMIM_nitrate,20,115,56,True
Lissajouswaveformsdifferentmediums/ionic liquid/20 kHz/115% breakdown/115breakdown-0008/115breakdown-0008_57.csv,BMIM_nitrate,20,115,57,False
Lissajouswaveformsdifferentmediums/ionic liquid/20 kHz/115% breakdown/115breakdown-0008/115breakdown-0008_58.csv,BMIM_nitrate,20,115,58,False
Lissajouswaveformsdifferentmediums/ionic liquid/20 kHz/115% breakdown/115breakdown-0008/115breakdown-0008_59.csv,BMIM_nitrate,20,115,59,False
Lissajouswaveformsdifferentmediums/ionic liquid/20 kHz/115% breakdown/115breakdown-0008/115breakdown-0008_60.csv,BMIM_nitrate,20,115,60,True
Lissajouswaveformsdifferentmediums/ionic liquid/20 kHz/115% breakdown/115breakdown-0008/115breakdown-0008_61.csv,BMIM_nitrate,20,115,61,False
Lissajouswaveformsdifferentmediums/ionic liquid/20 kHz/115% breakdown/115breakdown-0008/115breakdown-0008_62.csv,BMIM_nitrate,20,115,62,False
Lissajouswaveformsdifferentmediums/ionic liquid/20 kHz/115% breakdown/115breakdown-0008/115breakdown-0008_63.csv,BMIM_nitrate,20,115,63,False
Lissajouswaveformsdifferentmediums/ionic liquid/20 kHz/115% breakdown/115breakdown-0008/115breakdown-0008_64.csv,BMIM_nitrate,20,115,64,True
Lissajouswaveformsdifferentmediums/ionic liquid/Lissajousfigure20kHz-0006/Lissajousfigure20kHz-0006_01.csv,BMIM_nitrate,20,MAX,1,True
Lissajouswaveformsdifferentmediums/ionic liquid/Lissajousfigure20kHz-0006/Lissajousfigure20kHz-0006_02.csv,BMIM_nitrate,20,MAX,2,True
Lissajouswaveformsdifferentmediums/ionic liquid/Lissajousfigure20kHz-0006/Lissajousfigure20kHz-0006_03.csv,BMIM_nitrate,20,MAX,3,True
Lissajouswaveformsdifferentmediums/ionic liquid/Lissajousfigure20kHz-0006/Lissajousfigure20kHz-0006_04.csv,BMIM_nitrate,20,MAX,4,True
Lissajouswaveformsdifferentmediums/ionic liquid/Lissajousfigure20kHz-0006/Lissajousfigure20kHz-0006_05.csv,BMIM_nitrate,20,MAX,5,True
Lissajouswaveformsdifferentmediums/ionic liquid/Lissajousfigure20kHz-0006/Lissajousfigure20kHz-0006_06.csv,BMIM_nitrate,20,MAX,6,True
Lissajouswaveformsdifferentmediums/ionic liquid/Lissajousfigure20kHz-0006/Lissajousfigure20kHz-0006_07.csv,BMIM_nitrate,20,MAX,7,True
Lissajouswaveformsdifferentmediums/ionic liquid/Lissajousfigure20kHz-0006/Lissajousfigure20kHz-0006_08.csv,BMIM_nitrate,20,MAX,8,True
Lissajouswaveformsdifferentmediums/ionic liquid/Lissajousfigure20kHz-0006/Lissajousfigure20kHz-0006_09.csv,BMIM_nitrate,20,MAX,9,True
Lissajouswaveformsdifferentmediums/ionic liquid/Lissajousfigure20kHz-0006/Lissajousfigure20kHz-0006_10.csv,BMIM_nitrate,20,MAX,10,True
Lissajouswaveformsdifferentmediums/ionic liquid/Lissajousfigure20kHz-0006/Lissajousfigure20kHz-0006_11.csv,BMIM_nitrate,20,MAX,11,True
Lissajouswaveformsdifferentmediums/ionic liquid/Lissajousfigure20kHz-0006/Lissajousfigure20kHz-0006_12.csv,BMIM_nitrate,20,MAX,12,True
Lissajouswaveformsdifferentmediums/ionic liquid/Lissajousfigure20kHz-0006/Lissajousfigure20kHz-0006_13.csv,BMIM_nitrate,20,MAX,13,True
Lissajouswaveformsdifferentmediums/ionic liquid/Lissajousfigure20kHz-0006/Lissajousfigure20kHz-0006_14.csv,BMIM_nitrate,20,MAX,14,True
Lissajouswaveformsdifferentmediums/ionic liquid/Lissajousfigure20kHz-0006/Lissajousfigure20kHz-0006_15.csv,BMIM_nitrate,20,MAX,15,True
Lissajouswaveformsdifferentmediums/ionic liquid/Lissajousfigure20kHz-0006/Lissajousfigure20kHz-0006_16.csv,BMIM_nitrate,20,MAX,16,True
Lissajouswaveformsdifferentmediums/ionic liquid/Lissajousfigure20kHz-0006/Lissajousfigure20kHz-0006_17.csv,BMIM_nitrate,20,MAX,17,True
Lissajouswaveformsdifferentmediums/ionic liquid/Lissajousfigure20kHz-0006/Lissajousfigure20kHz-0006_18.csv,BMIM_nitrate,20,MAX,18,True
Lissajouswaveformsdifferentmediums/ionic liquid/Lissajousfigure20kHz-0006/Lissajousfigure20kHz-0006_19.csv,BMIM_nitrate,20,MAX,19,True
Lissajouswaveformsdifferentmediums/ionic liquid/Lissajousfigure20kHz-0006/Lissajousfigure20kHz-0006_20.csv,BMIM_nitrate,20,MAX,20,True
Lissajouswaveformsdifferentmediums/ionic liquid/Lissajousfigure20kHz-0006/Lissajousfigure20kHz-0006_21.csv,BMIM_nitrate,20,MAX,21,True
Lissajouswaveformsdifferentmediums/ionic liquid/Lissajousfigure20kHz-0006/Lissajousfigure20kHz-0006_22.csv,BMIM_nitrate,20,MAX,22,True
Lissajouswaveformsdifferentmediums/ionic liquid/Lissajousfigure20kHz-0006/Lissajousfigure20kHz-0006_23.csv,BMIM_nitrate,20,MAX,23,True
Lissajouswaveformsdifferentmediums/ionic liquid/Lissajousfigure20kHz-0006/Lissajousfigure20kHz-0006_24.csv,BMIM_nitrate,20,MAX,24,True
Lissajouswaveformsdifferentmediums/ionic liquid/Lissajousfigure20kHz-0006/Lissajousfigure20kHz-0006_25.csv,BMIM_nitrate,20,MAX,25,True
Lissajouswaveformsdifferentmediums/ionic liquid/Lissajousfigure20kHz-0006/Lissajousfigure20kHz-0006_26.csv,BMIM_nitrate,20,MAX,26,True
Lissajouswaveformsdifferentmediums/ionic liquid/Lissajousfigure20kHz-0006/Lissajousfigure20kHz-0006_27.csv,BMIM_nitrate,20,MAX,27,True
Lissajouswaveformsdifferentmediums/ionic liquid/Lissajousfigure20kHz-0006/Lissajousfigure20kHz-0006_28.csv,BMIM_nitrate,20,MAX,28,True
Lissajouswaveformsdifferentmediums/ionic liquid/Lissajousfigure20kHz-0006/Lissajousfigure20kHz-0006_29.csv,BMIM_nitrate,20,MAX,29,True
Lissajouswaveformsdifferentmediums/ionic liquid/Lissajousfigure20kHz-0006/Lissajousfigure20kHz-0006_30.csv,BMIM_nitrate,20,MAX,30,True
Lissajouswaveformsdifferentmediums/ionic liquid/Lissajousfigure20kHz-0006/Lissajousfigure20kHz-0006_31.csv,BMIM_nitrate,20,MAX,31,True
Lissajouswaveformsdifferentmediums/ionic liquid/Lissajousfigure20kHz-0006/Lissajousfigure20kHz-0006_32.csv,BMIM_nitrate,20,MAX,32,True
Lissajouswaveformsdifferentmediums/ionic liquid/Lissajousfigure20kHz-0006/Lissajousfigure20kHz-0006_33.csv,BMIM_nitrate,20,MAX,33,True
Lissajouswaveformsdifferentmediums/ionic liquid/Lissajousfigure20kHz-0006/Lissajousfigure20kHz-0006_34.csv,BMIM_nitrate,20,MAX,34,True
Lissajouswaveformsdifferentmediums/ionic liquid/Lissajousfigure20kHz-0006/Lissajousfigure20kHz-0006_35.csv,BMIM_nitrate,20,MAX,35,True
Lissajouswaveformsdifferentmediums/ionic liquid/Lissajousfigure20kHz-0006/Lissajousfigure20kHz-0006_36.csv,BMIM_nitrate,20,MAX,36,True
Lissajouswaveformsdifferentmediums/ionic liquid/Lissajousfigure20kHz-0006/Lissajousfigure20kHz-0006_37.csv,BMIM_nitrate,20,MAX,37,True
Lissajouswaveformsdifferentmediums/ionic liquid/Lissajousfigure20kHz-0006/Lissajousfigure20kHz-0006_38.csv,BMIM_nitrate,20,MAX,38,True
Lissajouswaveformsdifferentmediums/ionic liquid/Lissajousfigure20kHz-0006/Lissajousfigure20kHz-0006_39.csv,BMIM_nitrate,20,MAX,39,True
Lissajouswaveformsdifferentmediums/ionic liquid/Lissajousfigure20kHz-0006/Lissajousfigure20kHz-0006_40.csv,BMIM_nitrate,20,MAX,40,True
Lissajouswaveformsdifferentmediums/ionic liquid/Lissajousfigure20kHz-0006/Lissajousfigure20kHz-0006_41.csv,BMIM_nitrate,20,MAX,41,True
Lissajouswaveformsdifferentmediums/ionic liquid/Lissajousfigure20kHz-0006/Lissajousfigure20kHz-0006_42.csv,BMIM_nitrate,20,MAX,42,True
Lissajouswaveformsdifferentmediums/ionic liquid/Lissajousfigure20kHz-0006/Lissajousfigure20kHz-0006_43.csv,BMIM_nitrate,20,MAX,43,True
Lissajouswaveformsdifferentmediums/ionic liquid/Lissajousfigure20kHz-0006/Lissajousfigure20kHz-0006_44.csv,BMIM_nitrate,20,MAX,44,True
Lissajouswaveformsdifferentmediums/ionic liquid/Lissajousfigure20kHz-0006/Lissajousfigure20kHz-0006_45.csv,BMIM_nitrate,20,MAX,45,True
Lissajouswaveformsdifferentmediums/ionic liquid/Lissajousfigure20kHz-0006/Lissajousfigure20kHz-0006_46.csv,BMIM_nitrate,20,MAX,46,True
Lissajouswaveformsdifferentmediums/ionic liquid/Lissajousfigure20kHz-0006/Lissajousfigure20kHz-0006_47.csv,BMIM_nitrate,20,MAX,47,True
Lissajouswaveformsdifferentmediums/ionic liquid/Lissajousfigure20kHz-0006/Lissajousfigure20kHz-0006_48.csv,BMIM_nitrate,20,MAX,48,True
Lissajouswaveformsdifferentmediums/ionic liquid/Lissajousfigure20kHz-0006/Lissajousfigure20kHz-0006_49.csv,BMIM_nitrate,20,MAX,49,True
Lissajouswaveformsdifferentmediums/ionic liquid/Lissajousfigure20kHz-0006/Lissajousfigure20kHz-0006_50.csv,BMIM_nitrate,20,MAX,50,True
Lissajouswaveformsdifferentmediums/ionic liquid/Lissajousfigure20kHz-0006/Lissajousfigure20kHz-0006_51.csv,BMIM_nitrate,20,MAX,51,True
Lissajouswaveformsdifferentmediums/ionic liquid/Lissajousfigure20kHz-0006/Lissajousfigure20kHz-0006_52.csv,BMIM_nitrate,20,MAX,52,True
Lissajouswaveformsdifferentmediums/ionic liquid/Lissajousfigure20kHz-0006/Lissajousfigure20kHz-0006_53.csv,BMIM_nitrate,20,MAX,53,True
Lissajouswaveformsdifferentmediums/ionic liquid/Lissajousfigure20kHz-0006/Lissajousfigure20kHz-0006_54.csv,BMIM_nitrate,20,MAX,54,True
Lissajouswaveformsdifferentmediums/ionic liquid/Lissajousfigure20kHz-0006/Lissajousfigure20kHz-0006_55.csv,BMIM_nitrate,20,MAX,55,True
Lissajouswaveformsdifferentmediums/ionic liquid/Lissajousfigure20kHz-0006/Lissajousfigure20kHz-0006_56.csv,BMIM_nitrate,20,MAX,56,True
Lissajouswaveformsdifferentmediums/ionic liquid/Lissajousfigure20kHz-0006/Lissajousfigure20kHz-0006_57.csv,BMIM_nitrate,20,MAX,57,True
Lissajouswaveformsdifferentmediums/ionic liquid/Lissajousfigure20kHz-0006/Lissajousfigure20kHz-0006_58.csv,BMIM_nitrate,20,MAX,58,True
Lissajouswaveformsdifferentmediums/ionic liquid/Lissajousfigure20kHz-0006/Lissajousfigure20kHz-0006_59.csv,BMIM_nitrate,20,MAX,59,True
Lissajouswaveformsdifferentmediums/ionic liquid/Lissajousfigure20kHz-0006/Lissajousfigure20kHz-0006_60.csv,BMIM_nitrate,20,MAX,60,True
Lissajouswaveformsdifferentmediums/ionic liquid/Lissajousfigure20kHz-0006/Lissajousfigure20kHz-0006_61.csv,BMIM_nitrate,20,MAX,61,True
Lissajouswaveformsdifferentmediums/ionic liquid/Lissajousfigure20kHz-0006/Lissajousfigure20kHz-0006_62.csv,BMIM_nitrate,20,MAX,62,True
Lissajouswaveformsdifferentmediums/ionic liquid/Lissajousfigure20kHz-0006/Lissajousfigure20kHz-0006_63.csv,BMIM_nitrate,20,MAX,63,True
Lissajouswaveformsdifferentmediums/ionic liquid/Lissajousfigure20kHz-0006/Lissajousfigure20kHz-0006_64.csv,BMIM_nitrate,20,MAX,64,True
Lissajouswaveformsdifferentmediums/argon/4 kHz/breakdown/40% breakdown/0_4breakdown-0014/0_4breakdown-0014_01.csv,argon_only,4,40,1,True
Lissajouswaveformsdifferentmediums/argon/4 kHz/breakdown/40% breakdown/0_4breakdown-0014/0_4breakdown-0014_02.csv,argon_only,4,40,2,False
Lissajouswaveformsdifferentmediums/argon/4 kHz/breakdown/40% breakdown/0_4breakdown-0014/0_4breakdown-0014_03.csv,argon_only,4,40,3,False
Lissajouswaveformsdifferentmediums/argon/4 kHz/breakdown/40% breakdown/0_4breakdown-0014/0_4breakdown-0014_04.csv,argon_only,4,40,4,False
Lissajouswaveformsdifferentmediums/argon/4 kHz/breakdown/40% breakdown/0_4breakdown-0014/0_4breakdown-0014_05.csv,argon_only,4,40,5,True
Lissajouswaveformsdifferentmediums/argon/4 kHz/breakdown/40% breakdown/0_4breakdown-0014/0_4breakdown-0014_06.csv,argon_only,4,40,6,False
Lissajouswaveformsdifferentmediums/argon/4 kHz/breakdown/40% breakdown/0_4breakdown-0014/0_4breakdown-0014_07.csv,argon_only,4,40,7,False
Lissajouswaveformsdifferentmediums/argon/4 kHz/breakdown/40% breakdown/0_4breakdown-0014/0_4breakdown-0014_08.csv,argon_only,4,40,8,False
Lissajouswaveformsdifferentmediums/argon/4 kHz/breakdown/40% breakdown/0_4breakdown-0014/0_4breakdown-0014_09.csv,argon_only,4,40,9,True
Lissajouswaveformsdifferentmediums/argon/4 kHz/breakdown/40% breakdown/0_4breakdown-0014/0_4breakdown-0014_10.csv,argon_only,4,40,10,False
Lissajouswaveformsdifferentmediums/argon/4 kHz/breakdown/40% breakdown/0_4breakdown-0014/0_4breakdown-0014_11.csv,argon_only,4,40,11,False
Lissajouswaveformsdifferentmediums/argon/4 kHz/breakdown/40% breakdown/0_4breakdown-0014/0_4breakdown-0014_12.csv,argon_only,4,40,12,False
Lissajouswaveformsdifferentmediums/argon/4 kHz/breakdown/40% breakdown/0_4breakdown-0014/0_4breakdown-0014_13.csv,argon_only,4,40,13,False
Lissajouswaveformsdifferentmediums/argon/4 kHz/breakdown/40% breakdown/0_4breakdown-0014/0_4breakdown-0014_14.csv,argon_only,4,40,14,True
Lissajouswaveformsdifferentmediums/argon/4 kHz/breakdown/40% breakdown/0_4breakdown-0014/0_4breakdown-0014_15.csv,argon_only,4,40,15,False
Lissajouswaveformsdifferentmediums/argon/4 kHz/breakdown/40% breakdown/0_4breakdown-0014/0_4breakdown-0014_16.csv,argon_only,4,40,16,False
Lissajouswaveformsdifferentmediums/argon/4 kHz/breakdown/40% breakdown/0_4breakdown-0014/0_4breakdown-0014_17.csv,argon_only,4,40,17,False
Lissajouswaveformsdifferentmediums/argon/4 kHz/breakdown/40% breakdown/0_4breakdown-0014/0_4breakdown-0014_18.csv,argon_only,4,40,18,True
Lissajouswaveformsdifferentmediums/argon/4 kHz/breakdown/40% breakdown/0_4breakdown-0014/0_4breakdown-0014_19.csv,argon_only,4,40,19,False
Lissajouswaveformsdifferentmediums/argon/4 kHz/breakdown/40% breakdown/0_4breakdown-0014/0_4breakdown-0014_20.csv,argon_only,4,40,20,False
Lissajouswaveformsdifferentmediums/argon/4 kHz/breakdown/40% breakdown/0_4breakdown-0014/0_4breakdown-0014_21.csv,argon_only,4,40,21,False
Lissajouswaveformsdifferentmediums/argon/4 kHz/breakdown/40% breakdown/0_4breakdown-0014/0_4breakdown-0014_22.csv,argon_only,4,40,22,True
Lissajouswaveformsdifferentmediums/argon/4 kHz/breakdown/40% breakdown/0_4breakdown-0014/0_4breakdown-0014_23.csv,argon_only,4,40,23,False
Lissajouswaveformsdifferentmediums/argon/4 kHz/breakdown/40% breakdown/0_4breakdown-0014/0_4breakdown-0014_24.csv,argon_only,4,40,24,False
Lissajouswaveformsdifferentmediums/argon/4 kHz/breakdown/40% breakdown/0_4breakdown-0014/0_4breakdown-0014_25.csv,argon_only,4,40,25,False
Lissajouswaveformsdifferentmediums/argon/4 kHz/breakdown/40% breakdown/0_4breakdown-0014/0_4breakdown-0014_26.csv,argon_only,4,40,26,True
Lissajouswaveformsdifferentmediums/argon/4 kHz/breakdown/40% breakdown/0_4breakdown-0014/0_4breakdown-0014_27.csv,argon_only,4,40,27,False
Lissajouswaveformsdifferentmediums/argon/4 kHz/breakdown/40% breakdown/0_4breakdown-0014/0_4breakdown-0014_28.csv,argon_only,4,40,28,False
Lissajouswaveformsdifferentmediums/argon/4 kHz/breakdown/40% breakdown/0_4breakdown-0014/0_4breakdown-0014_29.csv,argon_only,4,40,29,False
Lissajouswaveformsdifferentmediums/argon/4 kHz/breakdown/40% breakdown/0_4breakdown-0014/0_4breakdown-0014_30.csv,argon_only,4,40,30,True
Lissajouswaveformsdifferentmediums/argon/4 kHz/breakdown/40% breakdown/0_4breakdown-0014/0_4breakdown-0014_31.csv,argon_only,4,40,31,False
Lissajouswaveformsdifferentmediums/argon/4 kHz/breakdown/40% breakdown/0_4breakdown-0014/0_4breakdown-0014_32.csv,argon_only,4,40,32,False
Lissajouswaveformsdifferentmediums/argon/4 kHz/breakdown/40% breakdown/0_4breakdown-0014/0_4breakdown-0014_33.csv,argon_only,4,40,33,False
Lissajouswaveformsdifferentmediums/argon/4 kHz/breakdown/40% breakdown/0_4breakdown-0014/0_4breakdown-0014_34.csv,argon_only,4,40,34,False
Lissajouswaveformsdifferentmediums/argon/4 kHz/breakdown/40% breakdown/0_4breakdown-0014/0_4breakdown-0014_35.csv,argon_only,4,40,35,True
Lissajouswaveformsdifferentmediums/argon/4 kHz/breakdown/40% breakdown/0_4breakdown-0014/0_4breakdown-0014_36.csv,argon_only,4,40,36,False
Lissajouswaveformsdifferentmediums/argon/4 kHz/breakdown/40% breakdown/0_4breakdown-0014/0_4breakdown-0014_37.csv,argon_only,4,40,37,False
Lissajouswaveformsdifferentmediums/argon/4 kHz/breakdown/40% breakdown/0_4breakdown-0014/0_4breakdown-0014_38.csv,argon_only,4,40,38,False
Lissajouswaveformsdifferentmediums/argon/4 kHz/breakdown/40% breakdown/0_4breakdown-0014/0_4breakdown-0014_39.csv,argon_only,4,40,39,True
Lissajouswaveformsdifferentmediums/argon/4 kHz/breakdown/40% breakdown/0_4breakdown-0014/0_4breakdown-0014_40.csv,argon_only,4,40,40,False
Lissajouswaveformsdifferentmediums/argon/4 kHz/breakdown/40% breakdown/0_4breakdown-0014/0_4breakdown-0014_41.csv,argon_only,4,40,41,False
Lissajouswaveformsdifferentmediums/argon/4 kHz/breakdown/40% breakdown/0_4breakdown-0014/0_4breakdown-0014_42.csv,argon_only,4,40,42,False
Lissajouswaveformsdifferentmediums/argon/4 kHz/breakdown/40% breakdown/0_4breakdown-0014/0_4breakdown-0014_43.csv,argon_only,4,40,43,True
Lissajouswaveformsdifferentmediums/argon/4 kHz/breakdown/40% breakdown/0_4breakdown-0014/0_4breakdown-0014_44.csv,argon_only,4,40,44,False
Lissajouswaveformsdifferentmediums/argon/4 kHz/breakdown/40% breakdown/0_4breakdown-0014/0_4breakdown-0014_45.csv,argon_only,4,40,45,False
Lissajouswaveformsdifferentmediums/argon/4 kHz/breakdown/40% breakdown/0_4breakdown-0014/0_4breakdown-0014_46.csv,argon_only,4,40,46,False
Lissajouswaveformsdifferentmediums/argon/4 kHz/breakdown/40% breakdown/0_4breakdown-0014/0_4breakdown-0014_47.csv,argon_only,4,40,47,True
Lissajouswaveformsdifferentmediums/argon/4 kHz/breakdown/40% breakdown/0_4breakdown-0014/0_4breakdown-0014_48.csv,argon_only,4,40,48,False
Lissajouswaveformsdifferentmediums/argon/4 kHz/breakdown/40% breakdown/0_4breakdown-0014/0_4breakdown-0014_49.csv,argon_only,4,40,49,False
Lissajouswaveformsdifferentmediums/argon/4 kHz/breakdown/40% breakdown/0_4breakdown-0014/0_4breakdown-0014_50.csv,argon_only,4,40,50,False
Lissajouswaveformsdifferentmediums/argon/4 kHz/breakdown/40% breakdown/0_4breakdown-0014/0_4breakdown-0014_51.csv,argon_only,4,40,51,True
Lissajouswaveformsdifferentmediums/argon/4 kHz/breakdown/40% breakdown/0_4breakdown-0014/0_4breakdown-0014_52.csv,argon_only,4,40,52,False
Lissajouswaveformsdifferentmediums/argon/4 kHz/breakdown/40% breakdown/0_4breakdown-0014/0_4breakdown-0014_53.csv,argon_only,4,40,53,False
Lissajouswaveformsdifferentmediums/argon/4 kHz/breakdown/40% breakdown/0_4breakdown-0014/0_4breakdown-0014_54.csv,argon_only,4,40,54,False
Lissajouswaveformsdifferentmediums/argon/4 kHz/breakdown/40% breakdown/0_4breakdown-0014/0_4breakdown-0014_55.csv,argon_only,4,40,55,False
Lissajouswaveformsdifferentmediums/argon/4 kHz/breakdown/40% breakdown/0_4breakdown-0014/0_4breakdown-0014_56.csv,argon_only,4,40,56,True
Lissajouswaveformsdifferentmediums/argon/4 kHz/breakdown/40% breakdown/0_4breakdown-0014/0_4breakdown-0014_57.csv,argon_only,4,40,57,False
Lissajouswaveformsdifferentmediums/argon/4 kHz/breakdown/40% breakdown/0_4breakdown-0014/0_4breakdown-0014_58.csv,argon_only,4,40,58,False
Lissajouswaveformsdifferentmediums/argon/4 kHz/breakdown/40% breakdown/0_4breakdown-0014/0_4breakdown-0014_59.csv,argon_only,4,40,59,False
Lissajouswaveformsdifferentmediums/argon/4 kHz/breakdown/40% breakdown/0_4breakdown-0014/0_4breakdown-0014_60.csv,argon_only,4,40,60,True
Lissajouswaveformsdifferentmediums/argon/4 kHz/breakdown/40% breakdown/0_4breakdown-0014/0_4breakdown-0014_61.csv,argon_only,4,40,61,False
Lissajouswaveformsdifferentmediums/argon/4 kHz/breakdown/40% breakdown/0_4breakdown-0014/0_4breakdown-0014_62.csv,argon_only,4,40,62,False
Lissajouswaveformsdifferentmediums/argon/4 kHz/breakdown/40% breakdown/0_4breakdown-0014/0_4breakdown-0014_63.csv,argon_only,4,40,63,False
Lissajouswaveformsdifferentmediums/argon/4 kHz/breakdown/40% breakdown/0_4breakdown-0014/0_4breakdown-0014_64.csv,argon_only,4,40,64,True
Lissajouswaveformsdifferentmediums/argon/4 kHz/breakdown/60% breakdown/0_6breakdown-0015/0_6breakdown-0015_01.csv,argon_only,4,60,1,True
Lissajouswaveformsdifferentmediums/argon/4 kHz/breakdown/60% breakdown/0_6breakdown-0015/0_6breakdown-0015_02.csv,argon_only,4,60,2,False
Lissajouswaveformsdifferentmediums/argon/4 kHz/breakdown/60% breakdown/0_6breakdown-0015/0_6breakdown-0015_03.csv,argon_only,4,60,3,False
Lissajouswaveformsdifferentmediums/argon/4 kHz/breakdown/60% breakdown/0_6breakdown-0015/0_6breakdown-0015_04.csv,argon_only,4,60,4,False
Lissajouswaveformsdifferentmediums/argon/4 kHz/breakdown/60% breakdown/0_6breakdown-0015/0_6breakdown-0015_05.csv,argon_only,4,60,5,True
Lissajouswaveformsdifferentmediums/argon/4 kHz/breakdown/60% breakdown/0_6breakdown-0015/0_6breakdown-0015_06.csv,argon_only,4,60,6,False
Lissajouswaveformsdifferentmediums/argon/4 kHz/breakdown/60% breakdown/0_6breakdown-0015/0_6breakdown-0015_07.csv,argon_only,4,60,7,False
Lissajouswaveformsdifferentmediums/argon/4 kHz/breakdown/60% breakdown/0_6breakdown-0015/0_6breakdown-0015_08.csv,argon_only,4,60,8,False
Lissajouswaveformsdifferentmediums/argon/4 kHz/breakdown/60% breakdown/0_6breakdown-0015/0_6breakdown-0015_09.csv,argon_only,4,60,9,True
Lissajouswaveformsdifferentmediums/argon/4 kHz/breakdown/60% breakdown/0_6breakdown-0015/0_6breakdown-0015_10.csv,argon_only,4,60,10,False
Lissajouswaveformsdifferentmediums/argon/4 kHz/breakdown/60% breakdown/0_6breakdown-0015/0_6breakdown-0015_11.csv,argon_only,4,60,11,False
Lissajouswaveformsdifferentmediums/argon/4 kHz/breakdown/60% breakdown/0_6breakdown-0015/0_6breakdown-0015_12.csv,argon_only,4,60,12,False
Lissajouswaveformsdifferentmediums/argon/4 kHz/breakdown/60% breakdown/0_6breakdown-0015/0_6breakdown-0015_13.csv,argon_only,4,60,13,False
Lissajouswaveformsdifferentmediums/argon/4 kHz/breakdown/60% breakdown/0_6breakdown-0015/0_6breakdown-0015_14.csv,argon_only,4,60,14,True
Lissajouswaveformsdifferentmediums/argon/4 kHz/breakdown/60% breakdown/0_6breakdown-0015/0_6breakdown-0015_15.csv,argon_only,4,60,15,False
Lissajouswaveformsdifferentmediums/argon/4 kHz/breakdown/60% breakdown/0_6breakdown-0015/0_6breakdown-0015_16.csv,argon_only,4,60,16,False
Lissajouswaveformsdifferentmediums/argon/4 kHz/breakdown/60% breakdown/0_6breakdown-0015/0_6breakdown-0015_17.csv,argon_only,4,60,17,False
Lissajouswaveformsdifferentmediums/argon/4 kHz/breakdown/60% breakdown/0_6breakdown-0015/0_6breakdown-0015_18.csv,argon_only,4,60,18,True
Lissajouswaveformsdifferentmediums/argon/4 kHz/breakdown/60% breakdown/0_6breakdown-0015/0_6breakdown-0015_19.csv,argon_only,4,60,19,False
Lissajouswaveformsdifferentmediums/argon/4 kHz/breakdown/60% breakdown/0_6breakdown-0015/0_6breakdown-0015_20.csv,argon_only,4,60,20,False
Lissajouswaveformsdifferentmediums/argon/4 kHz/breakdown/60% breakdown/0_6breakdown-0015/0_6breakdown-0015_21.csv,argon_only,4,60,21,False
Lissajouswaveformsdifferentmediums/argon/4 kHz/breakdown/60% breakdown/0_6breakdown-0015/0_6breakdown-0015_22.csv,argon_only,4,60,22,True
Lissajouswaveformsdifferentmediums/argon/4 kHz/breakdown/60% breakdown/0_6breakdown-0015/0_6breakdown-0015_23.csv,argon_only,4,60,23,False
Lissajouswaveformsdifferentmediums/argon/4 kHz/breakdown/60% breakdown/0_6breakdown-0015/0_6breakdown-0015_24.csv,argon_only,4,60,24,False
Lissajouswaveformsdifferentmediums/argon/4 kHz/breakdown/60% breakdown/0_6breakdown-0015/0_6breakdown-0015_25.csv,argon_only,4,60,25,False
Lissajouswaveformsdifferentmediums/argon/4 kHz/breakdown/60% breakdown/0_6breakdown-0015/0_6breakdown-0015_26.csv,argon_only,4,60,26,True
Lissajouswaveformsdifferentmediums/argon/4 kHz/breakdown/60% breakdown/0_6breakdown-0015/0_6breakdown-0015_27.csv,argon_only,4,60,27,False
Lissajouswaveformsdifferentmediums/argon/4 kHz/breakdown/60% breakdown/0_6breakdown-0015/0_6breakdown-0015_28.csv,argon_only,4,60,28,False
Lissajouswaveformsdifferentmediums/argon/4 kHz/breakdown/60% breakdown/0_6breakdown-0015/0_6breakdown-0015_29.csv,argon_only,4,60,29,False
Lissajouswaveformsdifferentmediums/argon/4 kHz/breakdown/60% breakdown/0_6breakdown-0015/0_6breakdown-0015_30.csv,argon_only,4,60,30,True
Lissajouswaveformsdifferentmediums/argon/4 kHz/breakdown/60% breakdown/0_6breakdown-0015/0_6breakdown-0015_31.csv,argon_only,4,60,31,False
Lissajouswaveformsdifferentmediums/argon/4 kHz/breakdown/60% breakdown/0_6breakdown-0015/0_6breakdown-0015_32.csv,argon_only,4,60,32,False
Lissajouswaveformsdifferentmediums/argon/4 kHz/breakdown/60% breakdown/0_6breakdown-0015/0_6breakdown-0015_33.csv,argon_only,4,60,33,False
Lissajouswaveformsdifferentmediums/argon/4 kHz/breakdown/60% breakdown/0_6breakdown-0015/0_6breakdown-0015_34.csv,argon_only,4,60,34,False
Lissajouswaveformsdifferentmediums/argon/4 kHz/breakdown/60% breakdown/0_6breakdown-0015/0_6breakdown-0015_35.csv,argon_only,4,60,35,True
Lissajouswaveformsdifferentmediums/argon/4 kHz/breakdown/60% breakdown/0_6breakdown-0015/0_6breakdown-0015_36.csv,argon_only,4,60,36,False
Lissajouswaveformsdifferentmediums/argon/4 kHz/breakdown/60% breakdown/0_6breakdown-0015/0_6breakdown-0015_37.csv,argon_only,4,60,37,False
Lissajouswaveformsdifferentmediums/argon/4 kHz/breakdown/60% breakdown/0_6breakdown-0015/0_6breakdown-0015_38.csv,argon_only,4,60,38,False
Lissajouswaveformsdifferentmediums/argon/4 kHz/breakdown/60% breakdown/0_6breakdown-0015/0_6breakdown-0015_39.csv,argon_only,4,60,39,True
Lissajouswaveformsdifferentmediums/argon/4 kHz/breakdown/60% breakdown/0_6breakdown-0015/0_6breakdown-0015_40.csv,argon_only,4,60,40,False
Lissajouswaveformsdifferentmediums/argon/4 kHz/breakdown/60% breakdown/0_6breakdown-0015/0_6breakdown-0015_41.csv,argon_only,4,60,41,False
Lissajouswaveformsdifferentmediums/argon/4 kHz/breakdown/60% breakdown/0_6breakdown-0015/0_6breakdown-0015_42.csv,argon_only,4,60,42,False
Lissajouswaveformsdifferentmediums/argon/4 kHz/breakdown/60% breakdown/0_6breakdown-0015/0_6breakdown-0015_43.csv,argon_only,4,60,43,True
Lissajouswaveformsdifferentmediums/argon/4 kHz/breakdown/60% breakdown/0_6breakdown-0015/0_6breakdown-0015_44.csv,argon_only,4,60,44,False
Lissajouswaveformsdifferentmediums/argon/4 kHz/breakdown/60% breakdown/0_6breakdown-0015/0_6breakdown-0015_45.csv,argon_only,4,60,45,False
Lissajouswaveformsdifferentmediums/argon/4 kHz/breakdown/60% breakdown/0_6breakdown-0015/0_6breakdown-0015_46.csv,argon_only,4,60,46,False
Lissajouswaveformsdifferentmediums/argon/4 kHz/breakdown/60% breakdown/0_6breakdown-0015/0_6breakdown-0015_47.csv,argon_only,4,60,47,True
Lissajouswaveformsdifferentmediums/argon/4 kHz/breakdown/60% breakdown/0_6breakdown-0015/0_6breakdown-0015_48.csv,argon_only,4,60,48,False
Lissajouswaveformsdifferentmediums/argon/4 kHz/breakdown/60% breakdown/0_6breakdown-0015/0_6breakdown-0015_49.csv,argon_only,4,60,49,False
Lissajouswaveformsdifferentmediums/argon/4 kHz/breakdown/60% breakdown/0_6breakdown-0015/0_6breakdown-0015_50.csv,argon_only,4,60,50,False
Lissajouswaveformsdifferentmediums/argon/4 kHz/breakdown/60% breakdown/0_6breakdown-0015/0_6breakdown-0015_51.csv,argon_only,4,60,51,True
Lissajouswaveformsdifferentmediums/argon/4 kHz/breakdown/60% breakdown/0_6breakdown-0015/0_6breakdown-0015_52.csv,argon_only,4,60,52,False
Lissajouswaveformsdifferentmediums/argon/4 kHz/breakdown/60% breakdown/0_6breakdown-0015/0_6breakdown-0015_53.csv,argon_only,4,60,53,False
Lissajouswaveformsdifferentmediums/argon/4 kHz/breakdown/60% breakdown/0_6breakdown-0015/0_6breakdown-0015_54.csv,argon_only,4,60,54,False
Lissajouswaveformsdifferentmediums/argon/4 kHz/breakdown/60% breakdown/0_6breakdown-0015/0_6breakdown-0015_55.csv,argon_only,4,60,55,False
Lissajouswaveformsdifferentmediums/argon/4 kHz/breakdown/60% breakdown/0_6breakdown-0015/0_6breakdown-0015_56.csv,argon_only,4,60,56,True
Lissajouswaveformsdifferentmediums/argon/4 kHz/breakdown/60% breakdown/0_6breakdown-0015/0_6breakdown-0015_57.csv,argon_only,4,60,57,False
Lissajouswaveformsdifferentmediums/argon/4 kHz/breakdown/60% breakdown/0_6breakdown-0015/0_6breakdown-0015_58.csv,argon_only,4,60,58,False
Lissajouswaveformsdifferentmediums/argon/4 kHz/breakdown/60% breakdown/0_6breakdown-0015/0_6breakdown-0015_59.csv,argon_only,4,60,59,False
Lissajouswaveformsdifferentmediums/argon/4 kHz/breakdown/60% breakdown/0_6breakdown-0015/0_6breakdown-0015_60.csv,argon_only,4,60,60,True
Lissajouswaveformsdifferentmediums/argon/4 kHz/breakdown/60% breakdown/0_6breakdown-0015/0_6breakdown-0015_61.csv,argon_only,4,60,61,False
Lissajouswaveformsdifferentmediums/argon/4 kHz/breakdown/60% breakdown/0_6breakdown-0015/0_6breakdown-0015_62.csv,argon_only,4,60,62,False
Lissajouswaveformsdifferentmediums/argon/4 kHz/breakdown/60% breakdown/0_6breakdown-0015/0_6breakdown-0015_63.csv,argon_only,4,60,63,False
Lissajouswaveformsdifferentmediums/argon/4 kHz/breakdown/60% breakdown/0_6breakdown-0015/0_6breakdown-0015_64.csv,argon_only,4,60,64,True
Lissajouswaveformsdifferentmediums/argon/4 kHz/breakdown/75% breakdown/0_75breakdown-0016/0_75breakdown-0016_01.csv,argon_only,4,75,1,True
Lissajouswaveformsdifferentmediums/argon/4 kHz/breakdown/75% breakdown/0_75breakdown-0016/0_75breakdown-0016_02.csv,argon_only,4,75,2,False
Lissajouswaveformsdifferentmediums/argon/4 kHz/breakdown/75% breakdown/0_75breakdown-0016/0_75breakdown-0016_03.csv,argon_only,4,75,3,False
Lissajouswaveformsdifferentmediums/argon/4 kHz/breakdown/75% breakdown/0_75breakdown-0016/0_75breakdown-0016_04.csv,argon_only,4,75,4,False
Lissajouswaveformsdifferentmediums/argon/4 kHz/breakdown/75% breakdown/0_75breakdown-0016/0_75breakdown-0016_05.csv,argon_only,4,75,5,True
Lissajouswaveformsdifferentmediums/argon/4 kHz/breakdown/75% breakdown/0_75breakdown-0016/0_75breakdown-0016_06.csv,argon_only,4,75,6,False
Lissajouswaveformsdifferentmediums/argon/4 kHz/breakdown/75% breakdown/0_75breakdown-0016/0_75breakdown-0016_07.csv,argon_only,4,75,7,False
Lissajouswaveformsdifferentmediums/argon/4 kHz/breakdown/75% breakdown/0_75breakdown-0016/0_75breakdown-0016_08.csv,argon_only,4,75,8,False
Lissajouswaveformsdifferentmediums/argon/4 kHz/breakdown/75% breakdown/0_75breakdown-0016/0_75breakdown-0016_09.csv,argon_only,4,75,9,True
Lissajouswaveformsdifferentmediums/argon/4 kHz/breakdown/75% breakdown/0_75breakdown-0016/0_75breakdown-0016_10.csv,argon_only,4,75,10,False
Lissajouswaveformsdifferentmediums/argon/4 kHz/breakdown/75% breakdown/0_75breakdown-0016/0_75breakdown-0016_11.csv,argon_only,4,75,11,False
Lissajouswaveformsdifferentmediums/argon/4 kHz/breakdown/75% breakdown/0_75breakdown-0016/0_75breakdown-0016_12.csv,argon_only,4,75,12,False
Lissajouswaveformsdifferentmediums/argon/4 kHz/breakdown/75% breakdown/0_75breakdown-0016/0_75breakdown-0016_13.csv,argon_only,4,75,13,False
Lissajouswaveformsdifferentmediums/argon/4 kHz/breakdown/75% breakdown/0_75breakdown-0016/0_75breakdown-0016_14.csv,argon_only,4,75,14,True
Lissajouswaveformsdifferentmediums/argon/4 kHz/breakdown/75% breakdown/0_75breakdown-0016/0_75breakdown-0016_15.csv,argon_only,4,75,15,False
Lissajouswaveformsdifferentmediums/argon/4 kHz/breakdown/75% breakdown/0_75breakdown-0016/0_75breakdown-0016_16.csv,argon_only,4,75,16,False
Lissajouswaveformsdifferentmediums/argon/4 kHz/breakdown/75% breakdown/0_75breakdown-0016/0_75breakdown-0016_17.csv,argon_only,4,75,17,False
Lissajouswaveformsdifferentmediums/argon/4 kHz/breakdown/75% breakdown/0_75breakdown-0016/0_75breakdown-0016_18.csv,argon_only,4,75,18,True
Lissajouswaveformsdifferentmediums/argon/4 kHz/breakdown/75% breakdown/0_75breakdown-0016/0_75breakdown-0016_19.csv,argon_only,4,75,19,False
Lissajouswaveformsdifferentmediums/argon/4 kHz/breakdown/75% breakdown/0_75breakdown-0016/0_75breakdown-0016_20.csv,argon_only,4,75,20,False
Lissajouswaveformsdifferentmediums/argon/4 kHz/breakdown/75% breakdown/0_75breakdown-0016/0_75breakdown-0016_21.csv,argon_only,4,75,21,False
Lissajouswaveformsdifferentmediums/argon/4 kHz/breakdown/75% breakdown/0_75breakdown-0016/0_75breakdown-0016_22.csv,argon_only,4,75,22,True
Lissajouswaveformsdifferentmediums/argon/4 kHz/breakdown/75% breakdown/0_75breakdown-0016/0_75breakdown-0016_23.csv,argon_only,4,75,23,False
Lissajouswaveformsdifferentmediums/argon/4 kHz/breakdown/75% breakdown/0_75breakdown-0016/0_75breakdown-0016_24.csv,argon_only,4,75,24,False
Lissajouswaveformsdifferentmediums/argon/4 kHz/breakdown/75% breakdown/0_75breakdown-0016/0_75breakdown-0016_25.csv,argon_only,4,75,25,False
Lissajouswaveformsdifferentmediums/argon/4 kHz/breakdown/75% breakdown/0_75breakdown-0016/0_75breakdown-0016_26.csv,argon_only,4,75,26,True
Lissajouswaveformsdifferentmediums/argon/4 kHz/breakdown/75% breakdown/0_75breakdown-0016/0_75breakdown-0016_27.csv,argon_only,4,75,27,False
Lissajouswaveformsdifferentmediums/argon/4 kHz/breakdown/75% breakdown/0_75breakdown-0016/0_75breakdown-0016_28.csv,argon_only,4,75,28,False
Lissajouswaveformsdifferentmediums/argon/4 kHz/breakdown/75% breakdown/0_75breakdown-0016/0_75breakdown-0016_29.csv,argon_only,4,75,29,False
Lissajouswaveformsdifferentmediums/argon/4 kHz/breakdown/75% breakdown/0_75breakdown-0016/0_75breakdown-0016_30.csv,argon_only,4,75,30,True
Lissajouswaveformsdifferentmediums/argon/4 kHz/breakdown/75% breakdown/0_75breakdown-0016/0_75breakdown-0016_31.csv,argon_only,4,75,31,False
Lissajouswaveformsdifferentmediums/argon/4 kHz/breakdown/75% breakdown/0_75breakdown-0016/0_75breakdown-0016_32.csv,argon_only,4,75,32,False
Lissajouswaveformsdifferentmediums/argon/4 kHz/breakdown/75% breakdown/0_75breakdown-0016/0_75breakdown-0016_33.csv,argon_only,4,75,33,False
Lissajouswaveformsdifferentmediums/argon/4 kHz/breakdown/75% breakdown/0_75breakdown-0016/0_75breakdown-0016_34.csv,argon_only,4,75,34,False
Lissajouswaveformsdifferentmediums/argon/4 kHz/breakdown/75% breakdown/0_75breakdown-0016/0_75breakdown-0016_35.csv,argon_only,4,75,35,True
Lissajouswaveformsdifferentmediums/argon/4 kHz/breakdown/75% breakdown/0_75breakdown-0016/0_75breakdown-0016_36.csv,argon_only,4,75,36,False
Lissajouswaveformsdifferentmediums/argon/4 kHz/breakdown/75% breakdown/0_75breakdown-0016/0_75breakdown-0016_37.csv,argon_only,4,75,37,False
Lissajouswaveformsdifferentmediums/argon/4 kHz/breakdown/75% breakdown/0_75breakdown-0016/0_75breakdown-0016_38.csv,argon_only,4,75,38,False
Lissajouswaveformsdifferentmediums/argon/4 kHz/breakdown/75% breakdown/0_75breakdown-0016/0_75breakdown-0016_39.csv,argon_only,4,75,39,True
Lissajouswaveformsdifferentmediums/argon/4 kHz/breakdown/75% breakdown/0_75breakdown-0016/0_75breakdown-0016_40.csv,argon_only,4,75,40,False
Lissajouswaveformsdifferentmediums/argon/4 kHz/breakdown/75% breakdown/0_75breakdown-0016/0_75breakdown-0016_41.csv,argon_only,4,75,41,False
Lissajouswaveformsdifferentmediums/argon/4 kHz/breakdown/75% breakdown/0_75breakdown-0016/0_75breakdown-0016_42.csv,argon_only,4,75,42,False
Lissajouswaveformsdifferentmediums/argon/4 kHz/breakdown/75% breakdown/0_75breakdown-0016/0_75breakdown-0016_43.csv,argon_only,4,75,43,True
Lissajouswaveformsdifferentmediums/argon/4 kHz/breakdown/75% breakdown/0_75breakdown-0016/0_75breakdown-0016_44.csv,argon_only,4,75,44,False
Lissajouswaveformsdifferentmediums/argon/4 kHz/breakdown/75% breakdown/0_75breakdown-0016/0_75breakdown-0016_45.csv,argon_only,4,75,45,False
Lissajouswaveformsdifferentmediums/argon/4 kHz/breakdown/75% breakdown/0_75breakdown-0016/0_75breakdown-0016_46.csv,argon_only,4,75,46,False
Lissajouswaveformsdifferentmediums/argon/4 kHz/breakdown/75% breakdown/0_75breakdown-0016/0_75breakdown-0016_47.csv,argon_only,4,75,47,True
Lissajouswaveformsdifferentmediums/argon/4 kHz/breakdown/75% breakdown/0_75breakdown-0016/0_75breakdown-0016_48.csv,argon_only,4,75,48,False
Lissajouswaveformsdifferentmediums/argon/4 kHz/breakdown/75% breakdown/0_75breakdown-0016/0_75breakdown-0016_49.csv,argon_only,4,75,49,False
Lissajouswaveformsdifferentmediums/argon/4 kHz/breakdown/75% breakdown/0_75breakdown-0016/0_75breakdown-0016_50.csv,argon_only,4,75,50,False
Lissajouswaveformsdifferentmediums/argon/4 kHz/breakdown/75% breakdown/0_75breakdown-0016/0_75breakdown-0016_51.csv,argon_only,4,75,51,True
Lissajouswaveformsdifferentmediums/argon/4 kHz/breakdown/75% breakdown/0_75breakdown-0016/0_75breakdown-0016_52.csv,argon_only,4,75,52,False
Lissajouswaveformsdifferentmediums/argon/4 kHz/breakdown/75% breakdown/0_75breakdown-0016/0_75breakdown-0016_53.csv,argon_only,4,75,53,False
Lissajouswaveformsdifferentmediums/argon/4 kHz/breakdown/75% breakdown/0_75breakdown-0016/0_75breakdown-0016_54.csv,argon_only,4,75,54,False
Lissajouswaveformsdifferentmediums/argon/4 kHz/breakdown/75% breakdown/0_75breakdown-0016/0_75breakdown-0016_55.csv,argon_only,4,75,55,False
Lissajouswaveformsdifferentmediums/argon/4 kHz/breakdown/75% breakdown/0_75breakdown-0016/0_75breakdown-0016_56.csv,argon_only,4,75,56,True
Lissajouswaveformsdifferentmediums/argon/4 kHz/breakdown/75% breakdown/0_75breakdown-0016/0_75breakdown-0016_57.csv,argon_only,4,75,57,False
Lissajouswaveformsdifferentmediums/argon/4 kHz/breakdown/75% breakdown/0_75breakdown-0016/0_75breakdown-0016_58.csv,argon_only,4,75,58,False
Lissajouswaveformsdifferentmediums/argon/4 kHz/breakdown/75% breakdown/0_75breakdown-0016/0_75breakdown-0016_59.csv,argon_only,4,75,59,False
Lissajouswaveformsdifferentmediums/argon/4 kHz/breakdown/75% breakdown/0_75breakdown-0016/0_75breakdown-0016_60.csv,argon_only,4,75,60,True
Lissajouswaveformsdifferentmediums/argon/4 kHz/breakdown/75% breakdown/0_75breakdown-0016/0_75breakdown-0016_61.csv,argon_only,4,75,61,False
Lissajouswaveformsdifferentmediums/argon/4 kHz/breakdown/75% breakdown/0_75breakdown-0016/0_75breakdown-0016_62.csv,argon_only,4,75,62,False
Lissajouswaveformsdifferentmediums/argon/4 kHz/breakdown/75% breakdown/0_75breakdown-0016/0_75breakdown-0016_63.csv,argon_only,4,75,63,False
Lissajouswaveformsdifferentmediums/argon/4 kHz/breakdown/75% breakdown/0_75breakdown-0016/0_75breakdown-0016_64.csv,argon_only,4,75,64,True
Lissajouswaveformsdifferentmediums/argon/4 kHz/breakdown/90% breakdown/0_9breakdown-0017/0_9breakdown-0017_01.csv,argon_only,4,90,1,True
Lissajouswaveformsdifferentmediums/argon/4 kHz/breakdown/90% breakdown/0_9breakdown-0017/0_9breakdown-0017_02.csv,argon_only,4,90,2,False
Lissajouswaveformsdifferentmediums/argon/4 kHz/breakdown/90% breakdown/0_9breakdown-0017/0_9breakdown-0017_03.csv,argon_only,4,90,3,False
Lissajouswaveformsdifferentmediums/argon/4 kHz/breakdown/90% breakdown/0_9breakdown-0017/0_9breakdown-0017_04.csv,argon_only,4,90,4,False
Lissajouswaveformsdifferentmediums/argon/4 kHz/breakdown/90% breakdown/0_9breakdown-0017/0_9breakdown-0017_05.csv,argon_only,4,90,5,True
Lissajouswaveformsdifferentmediums/argon/4 kHz/breakdown/90% breakdown/0_9breakdown-0017/0_9breakdown-0017_06.csv,argon_only,4,90,6,False
Lissajouswaveformsdifferentmediums/argon/4 kHz/breakdown/90% breakdown/0_9breakdown-0017/0_9breakdown-0017_07.csv,argon_only,4,90,7,False
Lissajouswaveformsdifferentmediums/argon/4 kHz/breakdown/90% breakdown/0_9breakdown-0017/0_9breakdown-0017_08.csv,argon_only,4,90,8,False
Lissajouswaveformsdifferentmediums/argon/4 kHz/breakdown/90% breakdown/0_9breakdown-0017/0_9breakdown-0017_09.csv,argon_only,4,90,9,True
Lissajouswaveformsdifferentmediums/argon/4 kHz/breakdown/90% breakdown/0_9breakdown-0017/0_9breakdown-0017_10.csv,argon_only,4,90,10,False
Lissajouswaveformsdifferentmediums/argon/4 kHz/breakdown/90% breakdown/0_9breakdown-0017/0_9breakdown-0017_11.csv,argon_only,4,90,11,False
Lissajouswaveformsdifferentmediums/argon/4 kHz/breakdown/90% breakdown/0_9breakdown-0017/0_9breakdown-0017_12.csv,argon_only,4,90,12,False
Lissajouswaveformsdifferentmediums/argon/4 kHz/breakdown/90% breakdown/0_9breakdown-0017/0_9breakdown-0017_13.csv,argon_only,4,90,13,False
Lissajouswaveformsdifferentmediums/argon/4 kHz/breakdown/90% breakdown/0_9breakdown-0017/0_9breakdown-0017_14.csv,argon_only,4,90,14,True
Lissajouswaveformsdifferentmediums/argon/4 kHz/breakdown/90% breakdown/0_9breakdown-0017/0_9breakdown-0017_15.csv,argon_only,4,90,15,False
Lissajouswaveformsdifferentmediums/argon/4 kHz/breakdown/90% breakdown/0_9breakdown-0017/0_9breakdown-0017_16.csv,argon_only,4,90,16,False
Lissajouswaveformsdifferentmediums/argon/4 kHz/breakdown/90% breakdown/0_9breakdown-0017/0_9breakdown-0017_17.csv,argon_only,4,90,17,False
Lissajouswaveformsdifferentmediums/argon/4 kHz/breakdown/90% breakdown/0_9breakdown-0017/0_9breakdown-0017_18.csv,argon_only,4,90,18,True
Lissajouswaveformsdifferentmediums/argon/4 kHz/breakdown/90% breakdown/0_9breakdown-0017/0_9breakdown-0017_19.csv,argon_only,4,90,19,False
Lissajouswaveformsdifferentmediums/argon/4 kHz/breakdown/90% breakdown/0_9breakdown-0017/0_9breakdown-0017_20.csv,argon_only,4,90,20,False
Lissajouswaveformsdifferentmediums/argon/4 kHz/breakdown/90% breakdown/0_9breakdown-0017/0_9breakdown-0017_21.csv,argon_only,4,90,21,False
Lissajouswaveformsdifferentmediums/argon/4 kHz/breakdown/90% breakdown/0_9breakdown-0017/0_9breakdown-0017_22.csv,argon_only,4,90,22,True
Lissajouswaveformsdifferentmediums/argon/4 kHz/breakdown/90% breakdown/0_9breakdown-0017/0_9breakdown-0017_23.csv,argon_only,4,90,23,False
Lissajouswaveformsdifferentmediums/argon/4 kHz/breakdown/90% breakdown/0_9breakdown-0017/0_9breakdown-0017_24.csv,argon_only,4,90,24,False
Lissajouswaveformsdifferentmediums/argon/4 kHz/breakdown/90% breakdown/0_9breakdown-0017/0_9breakdown-0017_25.csv,argon_only,4,90,25,False
Lissajouswaveformsdifferentmediums/argon/4 kHz/breakdown/90% breakdown/0_9breakdown-0017/0_9breakdown-0017_26.csv,argon_only,4,90,26,True
Lissajouswaveformsdifferentmediums/argon/4 kHz/breakdown/90% breakdown/0_9breakdown-0017/0_9breakdown-0017_27.csv,argon_only,4,90,27,False
Lissajouswaveformsdifferentmediums/argon/4 kHz/breakdown/90% breakdown/0_9breakdown-0017/0_9breakdown-0017_28.csv,argon_only,4,90,28,False
Lissajouswaveformsdifferentmediums/argon/4 kHz/breakdown/90% breakdown/0_9breakdown-0017/0_9breakdown-0017_29.csv,argon_only,4,90,29,False
Lissajouswaveformsdifferentmediums/argon/4 kHz/breakdown/90% breakdown/0_9breakdown-0017/0_9breakdown-0017_30.csv,argon_only,4,90,30,True
Lissajouswaveformsdifferentmediums/argon/4 kHz/breakdown/90% breakdown/0_9breakdown-0017/0_9breakdown-0017_31.csv,argon_only,4,90,31,False
Lissajouswaveformsdifferentmediums/argon/4 kHz/breakdown/90% breakdown/0_9breakdown-0017/0_9breakdown-0017_32.csv,argon_only,4,90,32,False
Lissajouswaveformsdifferentmediums/argon/4 kHz/breakdown/90% breakdown/0_9breakdown-0017/0_9breakdown-0017_33.csv,argon_only,4,90,33,False
Lissajouswaveformsdifferentmediums/argon/4 kHz/breakdown/90% breakdown/0_9breakdown-0017/0_9breakdown-0017_34.csv,argon_only,4,90,34,False
Lissajouswaveformsdifferentmediums/argon/4 kHz/breakdown/90% breakdown/0_9breakdown-0017/0_9breakdown-0017_35.csv,argon_only,4,90,35,True
Lissajouswaveformsdifferentmediums/argon/4 kHz/breakdown/90% breakdown/0_9breakdown-0017/0_9breakdown-0017_36.csv,argon_only,4,90,36,False
Lissajouswaveformsdifferentmediums/argon/4 kHz/breakdown/90% breakdown/0_9breakdown-0017/0_9breakdown-0017_37.csv,argon_only,4,90,37,False
Lissajouswaveformsdifferentmediums/argon/4 kHz/breakdown/90% breakdown/0_9breakdown-0017/0_9breakdown-0017_38.csv,argon_only,4,90,38,False
Lissajouswaveformsdifferentmediums/argon/4 kHz/breakdown/90% breakdown/0_9breakdown-0017/0_9breakdown-0017_39.csv,argon_only,4,90,39,True
Lissajouswaveformsdifferentmediums/argon/4 kHz/breakdown/90% breakdown/0_9breakdown-0017/0_9breakdown-0017_40.csv,argon_only,4,90,40,False
Lissajouswaveformsdifferentmediums/argon/4 kHz/breakdown/90% breakdown/0_9breakdown-0017/0_9breakdown-0017_41.csv,argon_only,4,90,41,False
Lissajouswaveformsdifferentmediums/argon/4 kHz/breakdown/90% breakdown/0_9breakdown-0017/0_9breakdown-0017_42.csv,argon_only,4,90,42,False
Lissajouswaveformsdifferentmediums/argon/4 kHz/breakdown/90% breakdown/0_9breakdown-0017/0_9breakdown-0017_43.csv,argon_only,4,90,43,True
Lissajouswaveformsdifferentmediums/argon/4 kHz/breakdown/90% breakdown/0_9breakdown-0017/0_9breakdown-0017_44.csv,argon_only,4,90,44,False
Lissajouswaveformsdifferentmediums/argon/4 kHz/breakdown/90% breakdown/0_9breakdown-0017/0_9breakdown-0017_45.csv,argon_only,4,90,45,False
Lissajouswaveformsdifferentmediums/argon/4 kHz/breakdown/90% breakdown/0_9breakdown-0017/0_9breakdown-0017_46.csv,argon_only,4,90,46,False
Lissajouswaveformsdifferentmediums/argon/4 kHz/breakdown/90% breakdown/0_9breakdown-0017/0_9breakdown-0017_47.csv,argon_only,4,90,47,True
Lissajouswaveformsdifferentmediums/argon/4 kHz/breakdown/90% breakdown/0_9breakdown-0017/0_9breakdown-0017_48.csv,argon_only,4,90,48,False
Lissajouswaveformsdifferentmediums/argon/4 kHz/breakdown/90% breakdown/0_9breakdown-0017/0_9breakdown-0017_49.csv,argon_only,4,90,49,False
Lissajouswaveformsdifferentmediums/argon/4 kHz/breakdown/90% breakdown/0_9breakdown-0017/0_9breakdown-0017_50.csv,argon_only,4,90,50,False
Lissajouswaveformsdifferentmediums/argon/4 kHz/breakdown/90% breakdown/0_9breakdown-0017/0_9breakdown-0017_51.csv,argon_only,4,90,51,True
Lissajouswaveformsdifferentmediums/argon/4 kHz/breakdown/90% breakdown/0_9breakdown-0017/0_9breakdown-0017_52.csv,argon_only,4,90,52,False
Lissajouswaveformsdifferentmediums/argon/4 kHz/breakdown/90% breakdown/0_9breakdown-0017/0_9breakdown-0017_53.csv,argon_only,4,90,53,False
Lissajouswaveformsdifferentmediums/argon/4 kHz/breakdown/90% breakdown/0_9breakdown-0017/0_9breakdown-0017_54.csv,argon_only,4,90,54,False
Lissajouswaveformsdifferentmediums/argon/4 kHz/breakdown/90% breakdown/0_9breakdown-0017/0_9breakdown-0017_55.csv,argon_only,4,90,55,False
Lissajouswaveformsdifferentmediums/argon/4 kHz/breakdown/90% breakdown/0_9breakdown-0017/0_9breakdown-0017_56.csv,argon_only,4,90,56,True
Lissajouswaveformsdifferentmediums/argon/4 kHz/breakdown/90% breakdown/0_9breakdown-0017/0_9breakdown-0017_57.csv,argon_only,4,90,57,False
Lissajouswaveformsdifferentmediums/argon/4 kHz/breakdown/90% breakdown/0_9breakdown-0017/0_9breakdown-0017_58.csv,argon_only,4,90,58,False
Lissajouswaveformsdifferentmediums/argon/4 kHz/breakdown/90% breakdown/0_9breakdown-0017/0_9breakdown-0017_59.csv,argon_only,4,90,59,False
Lissajouswaveformsdifferentmediums/argon/4 kHz/breakdown/90% breakdown/0_9breakdown-0017/0_9breakdown-0017_60.csv,argon_only,4,90,60,True
Lissajouswaveformsdifferentmediums/argon/4 kHz/breakdown/90% breakdown/0_9breakdown-0017/0_9breakdown-0017_61.csv,argon_only,4,90,61,False
Lissajouswaveformsdifferentmediums/argon/4 kHz/breakdown/90% breakdown/0_9breakdown-0017/0_9breakdown-0017_62.csv,argon_only,4,90,62,False
Lissajouswaveformsdifferentmediums/argon/4 kHz/breakdown/90% breakdown/0_9breakdown-0017/0_9breakdown-0017_63.csv,argon_only,4,90,63,False
Lissajouswaveformsdifferentmediums/argon/4 kHz/breakdown/90% breakdown/0_9breakdown-0017/0_9breakdown-0017_64.csv,argon_only,4,90,64,True
Lissajouswaveformsdifferentmediums/argon/4 kHz/breakdown/breakdown-0013/breakdown-0013_01.csv,argon_only,4,100,1,True
Lissajouswaveformsdifferentmediums/argon/4 kHz/breakdown/breakdown-0013/breakdown-0013_02.csv,argon_only,4,100,2,False
Lissajouswaveformsdifferentmediums/argon/4 kHz/breakdown/breakdown-0013/breakdown-0013_03.csv,argon_only,4,100,3,False
Lissajouswaveformsdifferentmediums/argon/4 kHz/breakdown/breakdown-0013/breakdown-0013_04.csv,argon_only,4,100,4,False
Lissajouswaveformsdifferentmediums/argon/4 kHz/breakdown/breakdown-0013/breakdown-0013_05.csv,argon_only,4,100,5,True
Lissajouswaveformsdifferentmediums/argon/4 kHz/breakdown/breakdown-0013/breakdown-0013_06.csv,argon_only,4,100,6,False
Lissajouswaveformsdifferentmediums/argon/4 kHz/breakdown/breakdown-0013/breakdown-0013_07.csv,argon_only,4,100,7,False
Lissajouswaveformsdifferentmediums/argon/4 kHz/breakdown/breakdown-0013/breakdown-0013_08.csv,argon_only,4,100,8,False
Lissajouswaveformsdifferentmediums/argon/4 kHz/breakdown/breakdown-0013/breakdown-0013_09.csv,argon_only,4,100,9,True
Lissajouswaveformsdifferentmediums/argon/4 kHz/breakdown/breakdown-0013/breakdown-0013_10.csv,argon_only,4,100,10,False
Lissajouswaveformsdifferentmediums/argon/4 kHz/breakdown/breakdown-0013/breakdown-0013_11.csv,argon_only,4,100,11,False
Lissajouswaveformsdifferentmediums/argon/4 kHz/breakdown/breakdown-0013/breakdown-0013_12.csv,argon_only,4,100,12,False
Lissajouswaveformsdifferentmediums/argon/4 kHz/breakdown/breakdown-0013/breakdown-0013_13.csv,argon_only,4,100,13,False
Lissajouswaveformsdifferentmediums/argon/4 kHz/breakdown/breakdown-0013/breakdown-0013_14.csv,argon_only,4,100,14,True
Lissajouswaveformsdifferentmediums/argon/4 kHz/breakdown/breakdown-0013/breakdown-0013_15.csv,argon_only,4,100,15,False
Lissajouswaveformsdifferentmediums/argon/4 kHz/breakdown/breakdown-0013/breakdown-0013_16.csv,argon_only,4,100,16,False
Lissajouswaveformsdifferentmediums/argon/4 kHz/breakdown/breakdown-0013/breakdown-0013_17.csv,argon_only,4,100,17,False
Lissajouswaveformsdifferentmediums/argon/4 kHz/breakdown/breakdown-0013/breakdown-0013_18.csv,argon_only,4,100,18,True
Lissajouswaveformsdifferentmediums/argon/4 kHz/breakdown/breakdown-0013/breakdown-0013_19.csv,argon_only,4,100,19,False
Lissajouswaveformsdifferentmediums/argon/4 kHz/breakdown/breakdown-0013/breakdown-0013_20.csv,argon_only,4,100,20,False
Lissajouswaveformsdifferentmediums/argon/4 kHz/breakdown/breakdown-0013/breakdown-0013_21.csv,argon_only,4,100,21,False
Lissajouswaveformsdifferentmediums/argon/4 kHz/breakdown/breakdown-0013/breakdown-0013_22.csv,argon_only,4,100,22,True
Lissajouswaveformsdifferentmediums/argon/4 kHz/breakdown/breakdown-0013/breakdown-0013_23.csv,argon_only,4,100,23,False
Lissajouswaveformsdifferentmediums/argon/4 kHz/breakdown/breakdown-0013/breakdown-0013_24.csv,argon_only,4,100,24,False
Lissajouswaveformsdifferentmediums/argon/4 kHz/breakdown/breakdown-0013/breakdown-0013_25.csv,argon_only,4,100,25,False
Lissajouswaveformsdifferentmediums/argon/4 kHz/breakdown/breakdown-0013/breakdown-0013_26.csv,argon_only,4,100,26,True
Lissajouswaveformsdifferentmediums/argon/4 kHz/breakdown/breakdown-0013/breakdown-0013_27.csv,argon_only,4,100,27,False
Lissajouswaveformsdifferentmediums/argon/4 kHz/breakdown/breakdown-0013/breakdown-0013_28.csv,argon_only,4,100,28,False
Lissajouswaveformsdifferentmediums/argon/4 kHz/breakdown/breakdown-0013/breakdown-0013_29.csv,argon_only,4,100,29,False
Lissajouswaveformsdifferentmediums/argon/4 kHz/breakdown/breakdown-0013/breakdown-0013_30.csv,argon_only,4,100,30,True
Lissajouswaveformsdifferentmediums/argon/4 kHz/breakdown/breakdown-0013/breakdown-0013_31.csv,argon_only,4,100,31,False
Lissajouswaveformsdifferentmediums/argon/4 kHz/breakdown/breakdown-0013/breakdown-0013_32.csv,argon_only,4,100,32,False
Lissajouswaveformsdifferentmediums/argon/4 kHz/breakdown/breakdown-0013/breakdown-0013_33.csv,argon_only,4,100,33,False
Lissajouswaveformsdifferentmediums/argon/4 kHz/breakdown/breakdown-0013/breakdown-0013_34.csv,argon_only,4,100,34,False
Lissajouswaveformsdifferentmediums/argon/4 kHz/breakdown/breakdown-0013/breakdown-0013_35.csv,argon_only,4,100,35,True
Lissajouswaveformsdifferentmediums/argon/4 kHz/breakdown/breakdown-0013/breakdown-0013_36.csv,argon_only,4,100,36,False
Lissajouswaveformsdifferentmediums/argon/4 kHz/breakdown/breakdown-0013/breakdown-0013_37.csv,argon_only,4,100,37,False
Lissajouswaveformsdifferentmediums/argon/4 kHz/breakdown/breakdown-0013/breakdown-0013_38.csv,argon_only,4,100,38,False
Lissajouswaveformsdifferentmediums/argon/4 kHz/breakdown/breakdown-0013/breakdown-0013_39.csv,argon_only,4,100,39,True
Lissajouswaveformsdifferentmediums/argon/4 kHz/breakdown/breakdown-0013/breakdown-0013_40.csv,argon_only,4,100,40,False
Lissajouswaveformsdifferentmediums/argon/4 kHz/breakdown/breakdown-0013/breakdown-0013_41.csv,argon_only,4,100,41,False
Lissajouswaveformsdifferentmediums/argon/4 kHz/breakdown/breakdown-0013/breakdown-0013_42.csv,argon_only,4,100,42,False
Lissajouswaveformsdifferentmediums/argon/4 kHz/breakdown/breakdown-0013/breakdown-0013_43.csv,argon_only,4,100,43,True
Lissajouswaveformsdifferentmediums/argon/4 kHz/breakdown/breakdown-0013/breakdown-0013_44.csv,argon_only,4,100,44,False
Lissajouswaveformsdifferentmediums/argon/4 kHz/breakdown/breakdown-0013/breakdown-0013_45.csv,argon_only,4,100,45,False
Lissajouswaveformsdifferentmediums/argon/4 kHz/breakdown/breakdown-0013/breakdown-0013_46.csv,argon_only,4,100,46,False
Lissajouswaveformsdifferentmediums/argon/4 kHz/breakdown/breakdown-0013/breakdown-0013_47.csv,argon_only,4,100,47,True
Lissajouswaveformsdifferentmediums/argon/4 kHz/breakdown/breakdown-0013/breakdown-0013_48.csv,argon_only,4,100,48,False
Lissajouswaveformsdifferentmediums/argon/4 kHz/breakdown/breakdown-0013/breakdown-0013_49.csv,argon_only,4,100,49,False
Lissajouswaveformsdifferentmediums/argon/4 kHz/breakdown/breakdown-0013/breakdown-0013_50.csv,argon_only,4,100,50,False
Lissajouswaveformsdifferentmediums/argon/4 kHz/breakdown/breakdown-0013/breakdown-0013_51.csv,argon_only,4,100,51,True
Lissajouswaveformsdifferentmediums/argon/4 kHz/breakdown/breakdown-0013/breakdown-0013_52.csv,argon_only,4,100,52,False
Lissajouswaveformsdifferentmediums/argon/4 kHz/breakdown/breakdown-0013/breakdown-0013_53.csv,argon_only,4,100,53,False
Lissajouswaveformsdifferentmediums/argon/4 kHz/breakdown/breakdown-0013/breakdown-0013_54.csv,argon_only,4,100,54,False
Lissajouswaveformsdifferentmediums/argon/4 kHz/breakdown/breakdown-0013/breakdown-0013_55.csv,argon_only,4,100,55,False
Lissajouswaveformsdifferentmediums/argon/4 kHz/breakdown/breakdown-0013/breakdown-0013_56.csv,argon_only,4,100,56,True
Lissajouswaveformsdifferentmediums/argon/4 kHz/breakdown/breakdown-0013/breakdown-0013_57.csv,argon_only,4,100,57,False
Lissajouswaveformsdifferentmediums/argon/4 kHz/breakdown/breakdown-0013/breakdown-0013_58.csv,argon_only,4,100,58,False
Lissajouswaveformsdifferentmediums/argon/4 kHz/breakdown/breakdown-0013/breakdown-0013_59.csv,argon_only,4,100,59,False
Lissajouswaveformsdifferentmediums/argon/4 kHz/breakdown/breakdown-0013/breakdown-0013_60.csv,argon_only,4,100,60,True
Lissajouswaveformsdifferentmediums/argon/4 kHz/breakdown/breakdown-0013/breakdown-0013_61.csv,argon_only,4,100,61,False
Lissajouswaveformsdifferentmediums/argon/4 kHz/breakdown/breakdown-0013/breakdown-0013_62.csv,argon_only,4,100,62,False
Lissajouswaveformsdifferentmediums/argon/4 kHz/breakdown/breakdown-0013/breakdown-0013_63.csv,argon_only,4,100,63,False
Lissajouswaveformsdifferentmediums/argon/4 kHz/breakdown/breakdown-0013/breakdown-0013_64.csv,argon_only,4,100,64,True
Lissajouswaveformsdifferentmediums/argon/4 kHz/breakdown/105% breakdown/105breakdown-0018/105breakdown-0018_01.csv,argon_only,4,105,1,True
Lissajouswaveformsdifferentmediums/argon/4 kHz/breakdown/105% breakdown/105breakdown-0018/105breakdown-0018_02.csv,argon_only,4,105,2,False
Lissajouswaveformsdifferentmediums/argon/4 kHz/breakdown/105% breakdown/105breakdown-0018/105breakdown-0018_03.csv,argon_only,4,105,3,False
Lissajouswaveformsdifferentmediums/argon/4 kHz/breakdown/105% breakdown/105breakdown-0018/105breakdown-0018_04.csv,argon_only,4,105,4,False
Lissajouswaveformsdifferentmediums/argon/4 kHz/breakdown/105% breakdown/105breakdown-0018/105breakdown-0018_05.csv,argon_only,4,105,5,True
Lissajouswaveformsdifferentmediums/argon/4 kHz/breakdown/105% breakdown/105breakdown-0018/105breakdown-0018_06.csv,argon_only,4,105,6,False
Lissajouswaveformsdifferentmediums/argon/4 kHz/breakdown/105% breakdown/105breakdown-0018/105breakdown-0018_07.csv,argon_only,4,105,7,False
Lissajouswaveformsdifferentmediums/argon/4 kHz/breakdown/105% breakdown/105breakdown-0018/105breakdown-0018_08.csv,argon_only,4,105,8,False
Lissajouswaveformsdifferentmediums/argon/4 kHz/breakdown/105% breakdown/105breakdown-0018/105breakdown-0018_09.csv,argon_only,4,105,9,True
Lissajouswaveformsdifferentmediums/argon/4 kHz/breakdown/105% breakdown/105breakdown-0018/105breakdown-0018_10.csv,argon_only,4,105,10,False
Lissajouswaveformsdifferentmediums/argon/4 kHz/breakdown/105% breakdown/105breakdown-0018/105breakdown-0018_11.csv,argon_only,4,105,11,False
Lissajouswaveformsdifferentmediums/argon/4 kHz/breakdown/105% breakdown/105breakdown-0018/105breakdown-0018_12.csv,argon_only,4,105,12,False
Lissajouswaveformsdifferentmediums/argon/4 kHz/breakdown/105% breakdown/105breakdown-0018/105breakdown-0018_13.csv,argon_only,4,105,13,False
Lissajouswaveformsdifferentmediums/argon/4 kHz/breakdown/105% breakdown/105breakdown-0018/105breakdown-0018_14.csv,argon_only,4,105,14,True
Lissajouswaveformsdifferentmediums/argon/4 kHz/breakdown/105% breakdown/105breakdown-0018/105breakdown-0018_15.csv,argon_only,4,105,15,False
Lissajouswaveformsdifferentmediums/argon/4 kHz/breakdown/105% breakdown/105breakdown-0018/105breakdown-0018_16.csv,argon_only,4,105,16,False
Lissajouswaveformsdifferentmediums/argon/4 kHz/breakdown/105% breakdown/105breakdown-0018/105breakdown-0018_17.csv,argon_only,4,105,17,False
Lissajouswaveformsdifferentmediums/argon/4 kHz/breakdown/105% breakdown/105breakdown-0018/105breakdown-0018_18.csv,argon_only,4,105,18,True
Lissajouswaveformsdifferentmediums/argon/4 kHz/breakdown/105% breakdown/105breakdown-0018/105breakdown-0018_19.csv,argon_only,4,105,19,False
Lissajouswaveformsdifferentmediums/argon/4 kHz/breakdown/105% breakdown/105breakdown-0018/105breakdown-0018_20.csv,argon_only,4,105,20,False
Lissajouswaveformsdifferentmediums/argon/4 kHz/breakdown/105% breakdown/105breakdown-0018/105breakdown-0018_21.csv,argon_only,4,105,21,False
Lissajouswaveformsdifferentmediums/argon/4 kHz/breakdown/105% breakdown/105breakdown-0018/105breakdown-0018_22.csv,argon_only,4,105,22,True
Lissajouswaveformsdifferentmediums/argon/4 kHz/breakdown/105% breakdown/105breakdown-0018/105breakdown-0018_23.csv,argon_only,4,105,23,False
Lissajouswaveformsdifferentmediums/argon/4 kHz/breakdown/105% breakdown/105breakdown-0018/105breakdown-0018_24.csv,argon_only,4,105,24,False
Lissajouswaveformsdifferentmediums/argon/4 kHz/breakdown/105% breakdown/105breakdown-0018/105breakdown-0018_25.csv,argon_only,4,105,25,False
Lissajouswaveformsdifferentmediums/argon/4 kHz/breakdown/105% breakdown/105breakdown-0018/105breakdown-0018_26.csv,argon_only,4,105,26,True
Lissajouswaveformsdifferentmediums/argon/4 kHz/breakdown/105% breakdown/105breakdown-0018/105breakdown-0018_27.csv,argon_only,4,105,27,False
Lissajouswaveformsdifferentmediums/argon/4 kHz/breakdown/105% breakdown/105breakdown-0018/105breakdown-0018_28.csv,argon_only,4,105,28,False
Lissajouswaveformsdifferentmediums/argon/4 kHz/breakdown/105% breakdown/105breakdown-0018/105breakdown-0018_29.csv,argon_only,4,105,29,False
Lissajouswaveformsdifferentmediums/argon/4 kHz/breakdown/105% breakdown/105breakdown-0018/105breakdown-0018_30.csv,argon_only,4,105,30,True
Lissajouswaveformsdifferentmediums/argon/4 kHz/breakdown/105% breakdown/105breakdown-0018/105breakdown-0018_31.csv,argon_only,4,105,31,False
Lissajouswaveformsdifferentmediums/argon/4 kHz/breakdown/105% breakdown/105breakdown-0018/105breakdown-0018_32.csv,argon_only,4,105,32,False
Lissajouswaveformsdifferentmediums/argon/4 kHz/breakdown/105% breakdown/105breakdown-0018/105breakdown-0018_33.csv,argon_only,4,105,33,False
Lissajouswaveformsdifferentmediums/argon/4 kHz/breakdown/105% breakdown/105breakdown-0018/105breakdown-0018_34.csv,argon_only,4,105,34,False
Lissajouswaveformsdifferentmediums/argon/4 kHz/breakdown/105% breakdown/105breakdown-0018/105breakdown-0018_35.csv,argon_only,4,105,35,True
Lissajouswaveformsdifferentmediums/argon/4 kHz/breakdown/105% breakdown/105breakdown-0018/105breakdown-0018_36.csv,argon_only,4,105,36,False
Lissajouswaveformsdifferentmediums/argon/4 kHz/breakdown/105% breakdown/105breakdown-0018/105breakdown-0018_37.csv,argon_only,4,105,37,False
Lissajouswaveformsdifferentmediums/argon/4 kHz/breakdown/105% breakdown/105breakdown-0018/105breakdown-0018_38.csv,argon_only,4,105,38,False
Lissajouswaveformsdifferentmediums/argon/4 kHz/breakdown/105% breakdown/105breakdown-0018/105breakdown-0018_39.csv,argon_only,4,105,39,True
Lissajouswaveformsdifferentmediums/argon/4 kHz/breakdown/105% breakdown/105breakdown-0018/105breakdown-0018_40.csv,argon_only,4,105,40,False
Lissajouswaveformsdifferentmediums/argon/4 kHz/breakdown/105% breakdown/105breakdown-0018/105breakdown-0018_41.csv,argon_only,4,105,41,False
Lissajouswaveformsdifferentmediums/argon/4 kHz/breakdown/105% breakdown/105breakdown-0018/105breakdown-0018_42.csv,argon_only,4,105,42,False
Lissajouswaveformsdifferentmediums/argon/4 kHz/breakdown/105% breakdown/105breakdown-0018/105breakdown-0018_43.csv,argon_only,4,105,43,True
Lissajouswaveformsdifferentmediums/argon/4 kHz/breakdown/105% breakdown/105breakdown-0018/105breakdown-0018_44.csv,argon_only,4,105,44,False
Lissajouswaveformsdifferentmediums/argon/4 kHz/breakdown/105% breakdown/105breakdown-0018/105breakdown-0018_45.csv,argon_only,4,105,45,False
Lissajouswaveformsdifferentmediums/argon/4 kHz/breakdown/105% breakdown/105breakdown-0018/105breakdown-0018_46.csv,argon_only,4,105,46,False
Lissajouswaveformsdifferentmediums/argon/4 kHz/breakdown/105% breakdown/105breakdown-0018/105breakdown-0018_47.csv,argon_only,4,105,47,True
Lissajouswaveformsdifferentmediums/argon/4 kHz/breakdown/105% breakdown/105breakdown-0018/105breakdown-0018_48.csv,argon_only,4,105,48,False
Lissajouswaveformsdifferentmediums/argon/4 kHz/breakdown/105% breakdown/105breakdown-0018/105breakdown-0018_49.csv,argon_only,4,105,49,False
Lissajouswaveformsdifferentmediums/argon/4 kHz/breakdown/105% breakdown/105breakdown-0018/105breakdown-0018_50.csv,argon_only,4,105,50,False
Lissajouswaveformsdifferentmediums/argon/4 kHz/breakdown/105% breakdown/105breakdown-0018/105breakdown-0018_51.csv,argon_only,4,105,51,True
Lissajouswaveformsdifferentmediums/argon/4 kHz/breakdown/105% breakdown/105breakdown-0018/105breakdown-0018_52.csv,argon_only,4,105,52,False
Lissajouswaveformsdifferentmediums/argon/4 kHz/breakdown/105% breakdown/105breakdown-0018/105breakdown-0018_53.csv,argon_only,4,105,53,False
Lissajouswaveformsdifferentmediums/argon/4 kHz/breakdown/105% breakdown/105breakdown-0018/105breakdown-0018_54.csv,argon_only,4,105,54,False
Lissajouswaveformsdifferentmediums/argon/4 kHz/breakdown/105% breakdown/105breakdown-0018/105breakdown-0018_55.csv,argon_only,4,105,55,False
Lissajouswaveformsdifferentmediums/argon/4 kHz/breakdown/105% breakdown/105breakdown-0018/105breakdown-0018_56.csv,argon_only,4,105,56,True
Lissajouswaveformsdifferentmediums/argon/4 kHz/breakdown/105% breakdown/105breakdown-0018/105breakdown-0018_57.csv,argon_only,4,105,57,False
Lissajouswaveformsdifferentmediums/argon/4 kHz/breakdown/105% breakdown/105breakdown-0018/105breakdown-0018_58.csv,argon_only,4,105,58,False
Lissajouswaveformsdifferentmediums/argon/4 kHz/breakdown/105% breakdown/105breakdown-0018/105breakdown-0018_59.csv,argon_only,4,105,59,False
Lissajouswaveformsdifferentmediums/argon/4 kHz/breakdown/105% breakdown/105breakdown-0018/105breakdown-0018_60.csv,argon_only,4,105,60,True
Lissajouswaveformsdifferentmediums/argon/4 kHz/breakdown/105% breakdown/105breakdown-0018/105breakdown-0018_61.csv,argon_only,4,105,61,False
Lissajouswaveformsdifferentmediums/argon/4 kHz/breakdown/105% breakdown/105breakdown-0018/105breakdown-0018_62.csv,argon_only,4,105,62,False
Lissajouswaveformsdifferentmediums/argon/4 kHz/breakdown/105% breakdown/105breakdown-0018/105breakdown-0018_63.csv,argon_only,4,105,63,False
Lissajouswaveformsdifferentmediums/argon/4 kHz/breakdown/105% breakdown/105breakdown-0018/105breakdown-0018_64.csv,argon_only,4,105,64,True
Lissajouswaveformsdifferentmediums/argon/4 kHz/breakdown/115% breakdown/115breakdown-0019/115breakdown-0019_01.csv,argon_only,4,115,1,True
Lissajouswaveformsdifferentmediums/argon/4 kHz/breakdown/115% breakdown/115breakdown-0019/115breakdown-0019_02.csv,argon_only,4,115,2,False
Lissajouswaveformsdifferentmediums/argon/4 kHz/breakdown/115% breakdown/115breakdown-0019/115breakdown-0019_03.csv,argon_only,4,115,3,False
Lissajouswaveformsdifferentmediums/argon/4 kHz/breakdown/115% breakdown/115breakdown-0019/115breakdown-0019_04.csv,argon_only,4,115,4,False
Lissajouswaveformsdifferentmediums/argon/4 kHz/breakdown/115% breakdown/115breakdown-0019/115breakdown-0019_05.csv,argon_only,4,115,5,True
Lissajouswaveformsdifferentmediums/argon/4 kHz/breakdown/115% breakdown/115breakdown-0019/115breakdown-0019_06.csv,argon_only,4,115,6,False
Lissajouswaveformsdifferentmediums/argon/4 kHz/breakdown/115% breakdown/115breakdown-0019/115breakdown-0019_07.csv,argon_only,4,115,7,False
Lissajouswaveformsdifferentmediums/argon/4 kHz/breakdown/115% breakdown/115breakdown-0019/115breakdown-0019_08.csv,argon_only,4,115,8,False
Lissajouswaveformsdifferentmediums/argon/4 kHz/breakdown/115% breakdown/115breakdown-0019/115breakdown-0019_09.csv,argon_only,4,115,9,True
Lissajouswaveformsdifferentmediums/argon/4 kHz/breakdown/115% breakdown/115breakdown-0019/115breakdown-0019_10.csv,argon_only,4,115,10,False
Lissajouswaveformsdifferentmediums/argon/4 kHz/breakdown/115% breakdown/115breakdown-0019/115breakdown-0019_11.csv,argon_only,4,115,11,False
Lissajouswaveformsdifferentmediums/argon/4 kHz/breakdown/115% breakdown/115breakdown-0019/115breakdown-0019_12.csv,argon_only,4,115,12,False
Lissajouswaveformsdifferentmediums/argon/4 kHz/breakdown/115% breakdown/115breakdown-0019/115breakdown-0019_13.csv,argon_only,4,115,13,False
Lissajouswaveformsdifferentmediums/argon/4 kHz/breakdown/115% breakdown/115breakdown-0019/115breakdown-0019_14.csv,argon_only,4,115,14,True
Lissajouswaveformsdifferentmediums/argon/4 kHz/breakdown/115% breakdown/115breakdown-0019/115breakdown-0019_15.csv,argon_only,4,115,15,False
Lissajouswaveformsdifferentmediums/argon/4 kHz/breakdown/115% breakdown/115breakdown-0019/115breakdown-0019_16.csv,argon_only,4,115,16,False
Lissajouswaveformsdifferentmediums/argon/4 kHz/breakdown/115% breakdown/115breakdown-0019/115breakdown-0019_17.csv,argon_only,4,115,17,False
Lissajouswaveformsdifferentmediums/argon/4 kHz/breakdown/115% breakdown/115breakdown-0019/115breakdown-0019_18.csv,argon_only,4,115,18,True
Lissajouswaveformsdifferentmediums/argon/4 kHz/breakdown/115% breakdown/115breakdown-0019/115breakdown-0019_19.csv,argon_only,4,115,19,False
Lissajouswaveformsdifferentmediums/argon/4 kHz/breakdown/115% breakdown/115breakdown-0019/115breakdown-0019_20.csv,argon_only,4,115,20,False
Lissajouswaveformsdifferentmediums/argon/4 kHz/breakdown/115% breakdown/115breakdown-0019/115breakdown-0019_21.csv,argon_only,4,115,21,False
Lissajouswaveformsdifferentmediums/argon/4 kHz/breakdown/115% breakdown/115breakdown-0019/115breakdown-0019_22.csv,argon_only,4,115,22,True
Lissajouswaveformsdifferentmediums/argon/4 kHz/breakdown/115% breakdown/115breakdown-0019/115breakdown-0019_23.csv,argon_only,4,115,23,False
Lissajouswaveformsdifferentmediums/argon/4 kHz/breakdown/115% breakdown/115breakdown-0019/115breakdown-0019_24.csv,argon_only,4,115,24,False
Lissajouswaveformsdifferentmediums/argon/4 kHz/breakdown/115% breakdown/115breakdown-0019/115breakdown-0019_25.csv,argon_only,4,115,25,False
Lissajouswaveformsdifferentmediums/argon/4 kHz/breakdown/115% breakdown/115breakdown-0019/115breakdown-0019_26.csv,argon_only,4,115,26,True
Lissajouswaveformsdifferentmediums/argon/4 kHz/breakdown/115% breakdown/115breakdown-0019/115breakdown-0019_27.csv,argon_only,4,115,27,False
Lissajouswaveformsdifferentmediums/argon/4 kHz/breakdown/115% breakdown/115breakdown-0019/115breakdown-0019_28.csv,argon_only,4,115,28,False
Lissajouswaveformsdifferentmediums/argon/4 kHz/breakdown/115% breakdown/115breakdown-0019/115breakdown-0019_29.csv,argon_only,4,115,29,False
Lissajouswaveformsdifferentmediums/argon/4 kHz/breakdown/115% breakdown/115breakdown-0019/115breakdown-0019_30.csv,argon_only,4,115,30,True
Lissajouswaveformsdifferentmediums/argon/4 kHz/breakdown/115% breakdown/115breakdown-0019/115breakdown-0019_31.csv,argon_only,4,115,31,False
Lissajouswaveformsdifferentmediums/argon/4 kHz/breakdown/115% breakdown/115breakdown-0019/115breakdown-0019_32.csv,argon_only,4,115,32,False
Lissajouswaveformsdifferentmediums/argon/4 kHz/breakdown/115% breakdown/115breakdown-0019/115breakdown-0019_33.csv,argon_only,4,115,33,False
Lissajouswaveformsdifferentmediums/argon/4 kHz/breakdown/115% breakdown/115breakdown-0019/115breakdown-0019_34.csv,argon_only,4,115,34,False
Lissajouswaveformsdifferentmediums/argon/4 kHz/breakdown/115% breakdown/115breakdown-0019/115breakdown-0019_35.csv,argon_only,4,115,35,True
Lissajouswaveformsdifferentmediums/argon/4 kHz/breakdown/115% breakdown/115breakdown-0019/115breakdown-0019_36.csv,argon_only,4,115,36,False
Lissajouswaveformsdifferentmediums/argon/4 kHz/breakdown/115% breakdown/115breakdown-0019/115breakdown-0019_37.csv,argon_only,4,115,37,False
Lissajouswaveformsdifferentmediums/argon/4 kHz/breakdown/115% breakdown/115breakdown-0019/115breakdown-0019_38.csv,argon_only,4,115,38,False
Lissajouswaveformsdifferentmediums/argon/4 kHz/breakdown/115% breakdown/115breakdown-0019/115breakdown-0019_39.csv,argon_only,4,115,39,True
Lissajouswaveformsdifferentmediums/argon/4 kHz/breakdown/115% breakdown/115breakdown-0019/115breakdown-0019_40.csv,argon_only,4,115,40,False
Lissajouswaveformsdifferentmediums/argon/4 kHz/breakdown/115% breakdown/115breakdown-0019/115breakdown-0019_41.csv,argon_only,4,115,41,False
Lissajouswaveformsdifferentmediums/argon/4 kHz/breakdown/115% breakdown/115breakdown-0019/115breakdown-0019_42.csv,argon_only,4,115,42,False
Lissajouswaveformsdifferentmediums/argon/4 kHz/breakdown/115% breakdown/115breakdown-0019/115breakdown-0019_43.csv,argon_only,4,115,43,True
Lissajouswaveformsdifferentmediums/argon/4 kHz/breakdown/115% breakdown/115breakdown-0019/115breakdown-0019_44.csv,argon_only,4,115,44,False
Lissajouswaveformsdifferentmediums/argon/4 kHz/breakdown/115% breakdown/115breakdown-0019/115breakdown-0019_45.csv,argon_only,4,115,45,False
Lissajouswaveformsdifferentmediums/argon/4 kHz/breakdown/115% breakdown/115breakdown-0019/115breakdown-0019_46.csv,argon_only,4,115,46,False
Lissajouswaveformsdifferentmediums/argon/4 kHz/breakdown/115% breakdown/115breakdown-0019/115breakdown-0019_47.csv,argon_only,4,115,47,True
Lissajouswaveformsdifferentmediums/argon/4 kHz/breakdown/115% breakdown/115breakdown-0019/115breakdown-0019_48.csv,argon_only,4,115,48,False
Lissajouswaveformsdifferentmediums/argon/4 kHz/breakdown/115% breakdown/115breakdown-0019/115breakdown-0019_49.csv,argon_only,4,115,49,False
Lissajouswaveformsdifferentmediums/argon/4 kHz/breakdown/115% breakdown/115breakdown-0019/115breakdown-0019_50.csv,argon_only,4,115,50,False
Lissajouswaveformsdifferentmediums/argon/4 kHz/breakdown/115% breakdown/115breakdown-0019/115breakdown-0019_51.csv,argon_only,4,115,51,True
Lissajouswaveformsdifferentmediums/argon/4 kHz/breakdown/115% breakdown/115breakdown-0019/115breakdown-0019_52.csv,argon_only,4,115,52,False
Lissajouswaveformsdifferentmediums/argon/4 kHz/breakdown/115% breakdown/115breakdown-0019/115breakdown-0019_53.csv,argon_only,4,115,53,False
Lissajouswaveformsdifferentmediums/argon/4 kHz/breakdown/115% breakdown/115breakdown-0019/115breakdown-0019_54.csv,argon_only,4,115,54,False
Lissajouswaveformsdifferentmediums/argon/4 kHz/breakdown/115% breakdown/115breakdown-0019/115breakdown-0019_55.csv,argon_only,4,115,55,False
Lissajouswaveformsdifferentmediums/argon/4 kHz/breakdown/115% breakdown/115breakdown-0019/115breakdown-0019_56.csv,argon_only,4,115,56,True
Lissajouswaveformsdifferentmediums/argon/4 kHz/breakdown/115% breakdown/115breakdown-0019/115breakdown-0019_57.csv,argon_only,4,115,57,False
Lissajouswaveformsdifferentmediums/argon/4 kHz/breakdown/115% breakdown/115breakdown-0019/115breakdown-0019_58.csv,argon_only,4,115,58,False
Lissajouswaveformsdifferentmediums/argon/4 kHz/breakdown/115% breakdown/115breakdown-0019/115breakdown-0019_59.csv,argon_only,4,115,59,False
Lissajouswaveformsdifferentmediums/argon/4 kHz/breakdown/115% breakdown/115breakdown-0019/115breakdown-0019_60.csv,argon_only,4,115,60,True
Lissajouswaveformsdifferentmediums/argon/4 kHz/breakdown/115% breakdown/115breakdown-0019/115breakdown-0019_61.csv,argon_only,4,115,61,False
Lissajouswaveformsdifferentmediums/argon/4 kHz/breakdown/115% breakdown/115breakdown-0019/115breakdown-0019_62.csv,argon_only,4,115,62,False
Lissajouswaveformsdifferentmediums/argon/4 kHz/breakdown/115% breakdown/115breakdown-0019/115breakdown-0019_63.csv,argon_only,4,115,63,False
Lissajouswaveformsdifferentmediums/argon/4 kHz/breakdown/115% breakdown/115breakdown-0019/115breakdown-0019_64.csv,argon_only,4,115,64,True
Lissajouswaveformsdifferentmediums/argon/Lissajousfigure4kHz-0004/Lissajousfigure4kHz-0004_01.csv,argon_only,4,MAX,1,True
Lissajouswaveformsdifferentmediums/argon/Lissajousfigure4kHz-0004/Lissajousfigure4kHz-0004_02.csv,argon_only,4,MAX,2,True
Lissajouswaveformsdifferentmediums/argon/Lissajousfigure4kHz-0004/Lissajousfigure4kHz-0004_03.csv,argon_only,4,MAX,3,True
Lissajouswaveformsdifferentmediums/argon/Lissajousfigure4kHz-0004/Lissajousfigure4kHz-0004_04.csv,argon_only,4,MAX,4,True
Lissajouswaveformsdifferentmediums/argon/Lissajousfigure4kHz-0004/Lissajousfigure4kHz-0004_05.csv,argon_only,4,MAX,5,True
Lissajouswaveformsdifferentmediums/argon/Lissajousfigure4kHz-0004/Lissajousfigure4kHz-0004_06.csv,argon_only,4,MAX,6,True
Lissajouswaveformsdifferentmediums/argon/Lissajousfigure4kHz-0004/Lissajousfigure4kHz-0004_07.csv,argon_only,4,MAX,7,True
Lissajouswaveformsdifferentmediums/argon/Lissajousfigure4kHz-0004/Lissajousfigure4kHz-0004_08.csv,argon_only,4,MAX,8,True
Lissajouswaveformsdifferentmediums/argon/Lissajousfigure4kHz-0004/Lissajousfigure4kHz-0004_09.csv,argon_only,4,MAX,9,True
Lissajouswaveformsdifferentmediums/argon/Lissajousfigure4kHz-0004/Lissajousfigure4kHz-0004_10.csv,argon_only,4,MAX,10,True
Lissajouswaveformsdifferentmediums/argon/Lissajousfigure4kHz-0004/Lissajousfigure4kHz-0004_11.csv,argon_only,4,MAX,11,True
Lissajouswaveformsdifferentmediums/argon/Lissajousfigure4kHz-0004/Lissajousfigure4kHz-0004_12.csv,argon_only,4,MAX,12,True
Lissajouswaveformsdifferentmediums/argon/Lissajousfigure4kHz-0004/Lissajousfigure4kHz-0004_13.csv,argon_only,4,MAX,13,True
Lissajouswaveformsdifferentmediums/argon/Lissajousfigure4kHz-0004/Lissajousfigure4kHz-0004_14.csv,argon_only,4,MAX,14,True
Lissajouswaveformsdifferentmediums/argon/Lissajousfigure4kHz-0004/Lissajousfigure4kHz-0004_15.csv,argon_only,4,MAX,15,True
Lissajouswaveformsdifferentmediums/argon/Lissajousfigure4kHz-0004/Lissajousfigure4kHz-0004_16.csv,argon_only,4,MAX,16,True
Lissajouswaveformsdifferentmediums/argon/Lissajousfigure4kHz-0004/Lissajousfigure4kHz-0004_17.csv,argon_only,4,MAX,17,True
Lissajouswaveformsdifferentmediums/argon/Lissajousfigure4kHz-0004/Lissajousfigure4kHz-0004_18.csv,argon_only,4,MAX,18,True
Lissajouswaveformsdifferentmediums/argon/Lissajousfigure4kHz-0004/Lissajousfigure4kHz-0004_19.csv,argon_only,4,MAX,19,True
Lissajouswaveformsdifferentmediums/argon/Lissajousfigure4kHz-0004/Lissajousfigure4kHz-0004_20.csv,argon_only,4,MAX,20,True
Lissajouswaveformsdifferentmediums/argon/Lissajousfigure4kHz-0004/Lissajousfigure4kHz-0004_21.csv,argon_only,4,MAX,21,True
Lissajouswaveformsdifferentmediums/argon/Lissajousfigure4kHz-0004/Lissajousfigure4kHz-0004_22.csv,argon_only,4,MAX,22,True
Lissajouswaveformsdifferentmediums/argon/Lissajousfigure4kHz-0004/Lissajousfigure4kHz-0004_23.csv,argon_only,4,MAX,23,True
Lissajouswaveformsdifferentmediums/argon/Lissajousfigure4kHz-0004/Lissajousfigure4kHz-0004_24.csv,argon_only,4,MAX,24,True
Lissajouswaveformsdifferentmediums/argon/Lissajousfigure4kHz-0004/Lissajousfigure4kHz-0004_25.csv,argon_only,4,MAX,25,True
Lissajouswaveformsdifferentmediums/argon/Lissajousfigure4kHz-0004/Lissajousfigure4kHz-0004_26.csv,argon_only,4,MAX,26,True
Lissajouswaveformsdifferentmediums/argon/Lissajousfigure4kHz-0004/Lissajousfigure4kHz-0004_27.csv,argon_only,4,MAX,27,True
Lissajouswaveformsdifferentmediums/argon/Lissajousfigure4kHz-0004/Lissajousfigure4kHz-0004_28.csv,argon_only,4,MAX,28,True
Lissajouswaveformsdifferentmediums/argon/Lissajousfigure4kHz-0004/Lissajousfigure4kHz-0004_29.csv,argon_only,4,MAX,29,True
Lissajouswaveformsdifferentmediums/argon/Lissajousfigure4kHz-0004/Lissajousfigure4kHz-0004_30.csv,argon_only,4,MAX,30,True
Lissajouswaveformsdifferentmediums/argon/Lissajousfigure4kHz-0004/Lissajousfigure4kHz-0004_31.csv,argon_only,4,MAX,31,True
Lissajouswaveformsdifferentmediums/argon/Lissajousfigure4kHz-0004/Lissajousfigure4kHz-0004_32.csv,argon_only,4,MAX,32,True
Lissajouswaveformsdifferentmediums/argon/Lissajousfigure4kHz-0004/Lissajousfigure4kHz-0004_33.csv,argon_only,4,MAX,33,True
Lissajouswaveformsdifferentmediums/argon/Lissajousfigure4kHz-0004/Lissajousfigure4kHz-0004_34.csv,argon_only,4,MAX,34,True
Lissajouswaveformsdifferentmediums/argon/Lissajousfigure4kHz-0004/Lissajousfigure4kHz-0004_35.csv,argon_only,4,MAX,35,True
Lissajouswaveformsdifferentmediums/argon/Lissajousfigure4kHz-0004/Lissajousfigure4kHz-0004_36.csv,argon_only,4,MAX,36,True
Lissajouswaveformsdifferentmediums/argon/Lissajousfigure4kHz-0004/Lissajousfigure4kHz-0004_37.csv,argon_only,4,MAX,37,True
Lissajouswaveformsdifferentmediums/argon/Lissajousfigure4kHz-0004/Lissajousfigure4kHz-0004_38.csv,argon_only,4,MAX,38,True
Lissajouswaveformsdifferentmediums/argon/Lissajousfigure4kHz-0004/Lissajousfigure4kHz-0004_39.csv,argon_only,4,MAX,39,True
Lissajouswaveformsdifferentmediums/argon/Lissajousfigure4kHz-0004/Lissajousfigure4kHz-0004_40.csv,argon_only,4,MAX,40,True
Lissajouswaveformsdifferentmediums/argon/Lissajousfigure4kHz-0004/Lissajousfigure4kHz-0004_41.csv,argon_only,4,MAX,41,True
Lissajouswaveformsdifferentmediums/argon/Lissajousfigure4kHz-0004/Lissajousfigure4kHz-0004_42.csv,argon_only,4,MAX,42,True
Lissajouswaveformsdifferentmediums/argon/Lissajousfigure4kHz-0004/Lissajousfigure4kHz-0004_43.csv,argon_only,4,MAX,43,True
Lissajouswaveformsdifferentmediums/argon/Lissajousfigure4kHz-0004/Lissajousfigure4kHz-0004_44.csv,argon_only,4,MAX,44,True
Lissajouswaveformsdifferentmediums/argon/Lissajousfigure4kHz-0004/Lissajousfigure4kHz-0004_45.csv,argon_only,4,MAX,45,True
Lissajouswaveformsdifferentmediums/argon/Lissajousfigure4kHz-0004/Lissajousfigure4kHz-0004_46.csv,argon_only,4,MAX,46,True
Lissajouswaveformsdifferentmediums/argon/Lissajousfigure4kHz-0004/Lissajousfigure4kHz-0004_47.csv,argon_only,4,MAX,47,True
Lissajouswaveformsdifferentmediums/argon/Lissajousfigure4kHz-0004/Lissajousfigure4kHz-0004_48.csv,argon_only,4,MAX,48,True
Lissajouswaveformsdifferentmediums/argon/Lissajousfigure4kHz-0004/Lissajousfigure4kHz-0004_49.csv,argon_only,4,MAX,49,True
Lissajouswaveformsdifferentmediums/argon/Lissajousfigure4kHz-0004/Lissajousfigure4kHz-0004_50.csv,argon_only,4,MAX,50,True
Lissajouswaveformsdifferentmediums/argon/Lissajousfigure4kHz-0004/Lissajousfigure4kHz-0004_51.csv,argon_only,4,MAX,51,True
Lissajouswaveformsdifferentmediums/argon/Lissajousfigure4kHz-0004/Lissajousfigure4kHz-0004_52.csv,argon_only,4,MAX,52,True
Lissajouswaveformsdifferentmediums/argon/Lissajousfigure4kHz-0004/Lissajousfigure4kHz-0004_53.csv,argon_only,4,MAX,53,True
Lissajouswaveformsdifferentmediums/argon/Lissajousfigure4kHz-0004/Lissajousfigure4kHz-0004_54.csv,argon_only,4,MAX,54,True
Lissajouswaveformsdifferentmediums/argon/Lissajousfigure4kHz-0004/Lissajousfigure4kHz-0004_55.csv,argon_only,4,MAX,55,True
Lissajouswaveformsdifferentmediums/argon/Lissajousfigure4kHz-0004/Lissajousfigure4kHz-0004_56.csv,argon_only,4,MAX,56,True
Lissajouswaveformsdifferentmediums/argon/Lissajousfigure4kHz-0004/Lissajousfigure4kHz-0004_57.csv,argon_only,4,MAX,57,True
Lissajouswaveformsdifferentmediums/argon/Lissajousfigure4kHz-0004/Lissajousfigure4kHz-0004_58.csv,argon_only,4,MAX,58,True
Lissajouswaveformsdifferentmediums/argon/Lissajousfigure4kHz-0004/Lissajousfigure4kHz-0004_59.csv,argon_only,4,MAX,59,True
Lissajouswaveformsdifferentmediums/argon/Lissajousfigure4kHz-0004/Lissajousfigure4kHz-0004_60.csv,argon_only,4,MAX,60,True
Lissajouswaveformsdifferentmediums/argon/Lissajousfigure4kHz-0004/Lissajousfigure4kHz-0004_61.csv,argon_only,4,MAX,61,True
Lissajouswaveformsdifferentmediums/argon/Lissajousfigure4kHz-0004/Lissajousfigure4kHz-0004_62.csv,argon_only,4,MAX,62,True
Lissajouswaveformsdifferentmediums/argon/Lissajousfigure4kHz-0004/Lissajousfigure4kHz-0004_63.csv,argon_only,4,MAX,63,True
Lissajouswaveformsdifferentmediums/argon/Lissajousfigure4kHz-0004/Lissajousfigure4kHz-0004_64.csv,argon_only,4,MAX,64,True
Lissajouswaveformsdifferentmediums/argon/10 kHz/40% breakdown/0_4breakdown-0008/0_4breakdown-0008_01.csv,argon_only,10,40,1,True
Lissajouswaveformsdifferentmediums/argon/10 kHz/40% breakdown/0_4breakdown-0008/0_4breakdown-0008_02.csv,argon_only,10,40,2,False
Lissajouswaveformsdifferentmediums/argon/10 kHz/40% breakdown/0_4breakdown-0008/0_4breakdown-0008_03.csv,argon_only,10,40,3,False
Lissajouswaveformsdifferentmediums/argon/10 kHz/40% breakdown/0_4breakdown-0008/0_4breakdown-0008_04.csv,argon_only,10,40,4,False
Lissajouswaveformsdifferentmediums/argon/10 kHz/40% breakdown/0_4breakdown-0008/0_4breakdown-0008_05.csv,argon_only,10,40,5,True
Lissajouswaveformsdifferentmediums/argon/10 kHz/40% breakdown/0_4breakdown-0008/0_4breakdown-0008_06.csv,argon_only,10,40,6,False
Lissajouswaveformsdifferentmediums/argon/10 kHz/40% breakdown/0_4breakdown-0008/0_4breakdown-0008_07.csv,argon_only,10,40,7,False
Lissajouswaveformsdifferentmediums/argon/10 kHz/40% breakdown/0_4breakdown-0008/0_4breakdown-0008_08.csv,argon_only,10,40,8,False
Lissajouswaveformsdifferentmediums/argon/10 kHz/40% breakdown/0_4breakdown-0008/0_4breakdown-0008_09.csv,argon_only,10,40,9,True
Lissajouswaveformsdifferentmediums/argon/10 kHz/40% breakdown/0_4breakdown-0008/0_4breakdown-0008_10.csv,argon_only,10,40,10,False
Lissajouswaveformsdifferentmediums/argon/10 kHz/40% breakdown/0_4breakdown-0008/0_4breakdown-0008_11.csv,argon_only,10,40,11,False
Lissajouswaveformsdifferentmediums/argon/10 kHz/40% breakdown/0_4breakdown-0008/0_4breakdown-0008_12.csv,argon_only,10,40,12,False
Lissajouswaveformsdifferentmediums/argon/10 kHz/40% breakdown/0_4breakdown-0008/0_4breakdown-0008_13.csv,argon_only,10,40,13,False
Lissajouswaveformsdifferentmediums/argon/10 kHz/40% breakdown/0_4breakdown-0008/0_4breakdown-0008_14.csv,argon_only,10,40,14,True
Lissajouswaveformsdifferentmediums/argon/10 kHz/40% breakdown/0_4breakdown-0008/0_4breakdown-0008_15.csv,argon_only,10,40,15,False
Lissajouswaveformsdifferentmediums/argon/10 kHz/40% breakdown/0_4breakdown-0008/0_4breakdown-0008_16.csv,argon_only,10,40,16,False
Lissajouswaveformsdifferentmediums/argon/10 kHz/40% breakdown/0_4breakdown-0008/0_4breakdown-0008_17.csv,argon_only,10,40,17,False
Lissajouswaveformsdifferentmediums/argon/10 kHz/40% breakdown/0_4breakdown-0008/0_4breakdown-0008_18.csv,argon_only,10,40,18,True
Lissajouswaveformsdifferentmediums/argon/10 kHz/40% breakdown/0_4breakdown-0008/0_4breakdown-0008_19.csv,argon_only,10,40,19,False
Lissajouswaveformsdifferentmediums/argon/10 kHz/40% breakdown/0_4breakdown-0008/0_4breakdown-0008_20.csv,argon_only,10,40,20,False
Lissajouswaveformsdifferentmediums/argon/10 kHz/40% breakdown/0_4breakdown-0008/0_4breakdown-0008_21.csv,argon_only,10,40,21,False
Lissajouswaveformsdifferentmediums/argon/10 kHz/40% breakdown/0_4breakdown-0008/0_4breakdown-0008_22.csv,argon_only,10,40,22,True
Lissajouswaveformsdifferentmediums/argon/10 kHz/40% breakdown/0_4breakdown-0008/0_4breakdown-0008_23.csv,argon_only,10,40,23,False
Lissajouswaveformsdifferentmediums/argon/10 kHz/40% breakdown/0_4breakdown-0008/0_4breakdown-0008_24.csv,argon_only,10,40,24,False
Lissajouswaveformsdifferentmediums/argon/10 kHz/40% breakdown/0_4breakdown-0008/0_4breakdown-0008_25.csv,argon_only,10,40,25,False
Lissajouswaveformsdifferentmediums/argon/10 kHz/40% breakdown/0_4breakdown-0008/0_4breakdown-0008_26.csv,argon_only,10,40,26,True
Lissajouswaveformsdifferentmediums/argon/10 kHz/40% breakdown/0_4breakdown-0008/0_4breakdown-0008_27.csv,argon_only,10,40,27,False
Lissajouswaveformsdifferentmediums/argon/10 kHz/40% breakdown/0_4breakdown-0008/0_4breakdown-0008_28.csv,argon_only,10,40,28,False
Lissajouswaveformsdifferentmediums/argon/10 kHz/40% breakdown/0_4breakdown-0008/0_4breakdown-0008_29.csv,argon_only,10,40,29,False
Lissajouswaveformsdifferentmediums/argon/10 kHz/40% breakdown/0_4breakdown-0008/0_4breakdown-0008_30.csv,argon_only,10,40,30,True
Lissajouswaveformsdifferentmediums/argon/10 kHz/40% breakdown/0_4breakdown-0008/0_4breakdown-0008_31.csv,argon_only,10,40,31,False
Lissajouswaveformsdifferentmediums/argon/10 kHz/40% breakdown/0_4breakdown-0008/0_4breakdown-0008_32.csv,argon_only,10,40,32,False
Lissajouswaveformsdifferentmediums/argon/10 kHz/40% breakdown/0_4breakdown-0008/0_4breakdown-0008_33.csv,argon_only,10,40,33,False
Lissajouswaveformsdifferentmediums/argon/10 kHz/40% breakdown/0_4breakdown-0008/0_4breakdown-0008_34.csv,argon_only,10,40,34,False
Lissajouswaveformsdifferentmediums/argon/10 kHz/40% breakdown/0_4breakdown-0008/0_4breakdown-0008_35.csv,argon_only,10,40,35,True
Lissajouswaveformsdifferentmediums/argon/10 kHz/40% breakdown/0_4breakdown-0008/0_4breakdown-0008_36.csv,argon_only,10,40,36,False
Lissajouswaveformsdifferentmediums/argon/10 kHz/40% breakdown/0_4breakdown-0008/0_4breakdown-0008_37.csv,argon_only,10,40,37,False
Lissajouswaveformsdifferentmediums/argon/10 kHz/40% breakdown/0_4breakdown-0008/0_4breakdown-0008_38.csv,argon_only,10,40,38,False
Lissajouswaveformsdifferentmediums/argon/10 kHz/40% breakdown/0_4breakdown-0008/0_4breakdown-0008_39.csv,argon_only,10,40,39,True
Lissajouswaveformsdifferentmediums/argon/10 kHz/40% breakdown/0_4breakdown-0008/0_4breakdown-0008_40.csv,argon_only,10,40,40,False
Lissajouswaveformsdifferentmediums/argon/10 kHz/40% breakdown/0_4breakdown-0008/0_4breakdown-0008_41.csv,argon_only,10,40,41,False
Lissajouswaveformsdifferentmediums/argon/10 kHz/40% breakdown/0_4breakdown-0008/0_4breakdown-0008_42.csv,argon_only,10,40,42,False
Lissajouswaveformsdifferentmediums/argon/10 kHz/40% breakdown/0_4breakdown-0008/0_4breakdown-0008_43.csv,argon_only,10,40,43,True
Lissajouswaveformsdifferentmediums/argon/10 kHz/40% breakdown/0_4breakdown-0008/0_4breakdown-0008_44.csv,argon_only,10,40,44,False
Lissajouswaveformsdifferentmediums/argon/10 kHz/40% breakdown/0_4breakdown-0008/0_4breakdown-0008_45.csv,argon_only,10,40,45,False
Lissajouswaveformsdifferentmediums/argon/10 kHz/40% breakdown/0_4breakdown-0008/0_4breakdown-0008_46.csv,argon_only,10,40,46,False
Lissajouswaveformsdifferentmediums/argon/10 kHz/40% breakdown/0_4breakdown-0008/0_4breakdown-0008_47.csv,argon_only,10,40,47,True
Lissajouswaveformsdifferentmediums/argon/10 kHz/40% breakdown/0_4breakdown-0008/0_4breakdown-0008_48.csv,argon_only,10,40,48,False
Lissajouswaveformsdifferentmediums/argon/10 kHz/40% breakdown/0_4breakdown-0008/0_4breakdown-0008_49.csv,argon_only,10,40,49,False
Lissajouswaveformsdifferentmediums/argon/10 kHz/40% breakdown/0_4breakdown-0008/0_4breakdown-0008_50.csv,argon_only,10,40,50,False
Lissajouswaveformsdifferentmediums/argon/10 kHz/40% breakdown/0_4breakdown-0008/0_4breakdown-0008_51.csv,argon_only,10,40,51,True
Lissajouswaveformsdifferentmediums/argon/10 kHz/40% breakdown/0_4breakdown-0008/0_4breakdown-0008_52.csv,argon_only,10,40,52,False
Lissajouswaveformsdifferentmediums/argon/10 kHz/40% breakdown/0_4breakdown-0008/0_4breakdown-0008_53.csv,argon_only,10,40,53,False
Lissajouswaveformsdifferentmediums/argon/10 kHz/40% breakdown/0_4breakdown-0008/0_4breakdown-0008_54.csv,argon_only,10,40,54,False
Lissajouswaveformsdifferentmediums/argon/10 kHz/40% breakdown/0_4breakdown-0008/0_4breakdown-0008_55.csv,argon_only,10,40,55,False
Lissajouswaveformsdifferentmediums/argon/10 kHz/40% breakdown/0_4breakdown-0008/0_4breakdown-0008_56.csv,argon_only,10,40,56,True
Lissajouswaveformsdifferentmediums/argon/10 kHz/40% breakdown/0_4breakdown-0008/0_4breakdown-0008_57.csv,argon_only,10,40,57,False
Lissajouswaveformsdifferentmediums/argon/10 kHz/40% breakdown/0_4breakdown-0008/0_4breakdown-0008_58.csv,argon_only,10,40,58,False
Lissajouswaveformsdifferentmediums/argon/10 kHz/40% breakdown/0_4breakdown-0008/0_4breakdown-0008_59.csv,argon_only,10,40,59,False
Lissajouswaveformsdifferentmediums/argon/10 kHz/40% breakdown/0_4breakdown-0008/0_4breakdown-0008_60.csv,argon_only,10,40,60,True
Lissajouswaveformsdifferentmediums/argon/10 kHz/40% breakdown/0_4breakdown-0008/0_4breakdown-0008_61.csv,argon_only,10,40,61,False
Lissajouswaveformsdifferentmediums/argon/10 kHz/40% breakdown/0_4breakdown-0008/0_4breakdown-0008_62.csv,argon_only,10,40,62,False
Lissajouswaveformsdifferentmediums/argon/10 kHz/40% breakdown/0_4breakdown-0008/0_4breakdown-0008_63.csv,argon_only,10,40,63,False
Lissajouswaveformsdifferentmediums/argon/10 kHz/40% breakdown/0_4breakdown-0008/0_4breakdown-0008_64.csv,argon_only,10,40,64,True
Lissajouswaveformsdifferentmediums/argon/10 kHz/60% breakdown/0_6breakdown-0009/0_6breakdown-0009_01.csv,argon_only,10,60,1,True
Lissajouswaveformsdifferentmediums/argon/10 kHz/60% breakdown/0_6breakdown-0009/0_6breakdown-0009_02.csv,argon_only,10,60,2,False
Lissajouswaveformsdifferentmediums/argon/10 kHz/60% breakdown/0_6breakdown-0009/0_6breakdown-0009_03.csv,argon_only,10,60,3,False
Lissajouswaveformsdifferentmediums/argon/10 kHz/60% breakdown/0_6breakdown-0009/0_6breakdown-0009_04.csv,argon_only,10,60,4,False
Lissajouswaveformsdifferentmediums/argon/10 kHz/60% breakdown/0_6breakdown-0009/0_6breakdown-0009_05.csv,argon_only,10,60,5,True
Lissajouswaveformsdifferentmediums/argon/10 kHz/60% breakdown/0_6breakdown-0009/0_6breakdown-0009_06.csv,argon_only,10,60,6,False
Lissajouswaveformsdifferentmediums/argon/10 kHz/60% breakdown/0_6breakdown-0009/0_6breakdown-0009_07.csv,argon_only,10,60,7,False
Lissajouswaveformsdifferentmediums/argon/10 kHz/60% breakdown/0_6breakdown-0009/0_6breakdown-0009_08.csv,argon_only,10,60,8,False
Lissajouswaveformsdifferentmediums/argon/10 kHz/60% breakdown/0_6breakdown-0009/0_6breakdown-0009_09.csv,argon_only,10,60,9,True
Lissajouswaveformsdifferentmediums/argon/10 kHz/60% breakdown/0_6breakdown-0009/0_6breakdown-0009_10.csv,argon_only,10,60,10,False
Lissajouswaveformsdifferentmediums/argon/10 kHz/60% breakdown/0_6breakdown-0009/0_6breakdown-0009_11.csv,argon_only,10,60,11,False
Lissajouswaveformsdifferentmediums/argon/10 kHz/60% breakdown/0_6breakdown-0009/0_6breakdown-0009_12.csv,argon_only,10,60,12,False
Lissajouswaveformsdifferentmediums/argon/10 kHz/60% breakdown/0_6breakdown-0009/0_6breakdown-0009_13.csv,argon_only,10,60,13,False
Lissajouswaveformsdifferentmediums/argon/10 kHz/60% breakdown/0_6breakdown-0009/0_6breakdown-0009_14.csv,argon_only,10,60,14,True
Lissajouswaveformsdifferentmediums/argon/10 kHz/60% breakdown/0_6breakdown-0009/0_6breakdown-0009_15.csv,argon_only,10,60,15,False
Lissajouswaveformsdifferentmediums/argon/10 kHz/60% breakdown/0_6breakdown-0009/0_6breakdown-0009_16.csv,argon_only,10,60,16,False
Lissajouswaveformsdifferentmediums/argon/10 kHz/60% breakdown/0_6breakdown-0009/0_6breakdown-0009_17.csv,argon_only,10,60,17,False
Lissajouswaveformsdifferentmediums/argon/10 kHz/60% breakdown/0_6breakdown-0009/0_6breakdown-0009_18.csv,argon_only,10,60,18,True
Lissajouswaveformsdifferentmediums/argon/10 kHz/60% breakdown/0_6breakdown-0009/0_6breakdown-0009_19.csv,argon_only,10,60,19,False
Lissajouswaveformsdifferentmediums/argon/10 kHz/60% breakdown/0_6breakdown-0009/0_6breakdown-0009_20.csv,argon_only,10,60,20,False
Lissajouswaveformsdifferentmediums/argon/10 kHz/60% breakdown/0_6breakdown-0009/0_6breakdown-0009_21.csv,argon_only,10,60,21,False
Lissajouswaveformsdifferentmediums/argon/10 kHz/60% breakdown/0_6breakdown-0009/0_6breakdown-0009_22.csv,argon_only,10,60,22,True
Lissajouswaveformsdifferentmediums/argon/10 kHz/60% breakdown/0_6breakdown-0009/0_6breakdown-0009_23.csv,argon_only,10,60,23,False
Lissajouswaveformsdifferentmediums/argon/10 kHz/60% breakdown/0_6breakdown-0009/0_6breakdown-0009_24.csv,argon_only,10,60,24,False
Lissajouswaveformsdifferentmediums/argon/10 kHz/60% breakdown/0_6breakdown-0009/0_6breakdown-0009_25.csv,argon_only,10,60,25,False
Lissajouswaveformsdifferentmediums/argon/10 kHz/60% breakdown/0_6breakdown-0009/0_6breakdown-0009_26.csv,argon_only,10,60,26,True
Lissajouswaveformsdifferentmediums/argon/10 kHz/60% breakdown/0_6breakdown-0009/0_6breakdown-0009_27.csv,argon_only,10,60,27,False
Lissajouswaveformsdifferentmediums/argon/10 kHz/60% breakdown/0_6breakdown-0009/0_6breakdown-0009_28.csv,argon_only,10,60,28,False
Lissajouswaveformsdifferentmediums/argon/10 kHz/60% breakdown/0_6breakdown-0009/0_6breakdown-0009_29.csv,argon_only,10,60,29,False
Lissajouswaveformsdifferentmediums/argon/10 kHz/60% breakdown/0_6breakdown-0009/0_6breakdown-0009_30.csv,argon_only,10,60,30,True
Lissajouswaveformsdifferentmediums/argon/10 kHz/60% breakdown/0_6breakdown-0009/0_6breakdown-0009_31.csv,argon_only,10,60,31,False
Lissajouswaveformsdifferentmediums/argon/10 kHz/60% breakdown/0_6breakdown-0009/0_6breakdown-0009_32.csv,argon_only,10,60,32,False
Lissajouswaveformsdifferentmediums/argon/10 kHz/60% breakdown/0_6breakdown-0009/0_6breakdown-0009_33.csv,argon_only,10,60,33,False
Lissajouswaveformsdifferentmediums/argon/10 kHz/60% breakdown/0_6breakdown-0009/0_6breakdown-0009_34.csv,argon_only,10,60,34,False
Lissajouswaveformsdifferentmediums/argon/10 kHz/60% breakdown/0_6breakdown-0009/0_6breakdown-0009_35.csv,argon_only,10,60,35,True
Lissajouswaveformsdifferentmediums/argon/10 kHz/60% breakdown/0_6breakdown-0009/0_6breakdown-0009_36.csv,argon_only,10,60,36,False
Lissajouswaveformsdifferentmediums/argon/10 kHz/60% breakdown/0_6breakdown-0009/0_6breakdown-0009_37.csv,argon_only,10,60,37,False
Lissajouswaveformsdifferentmediums/argon/10 kHz/60% breakdown/0_6breakdown-0009/0_6breakdown-0009_38.csv,argon_only,10,60,38,False
Lissajouswaveformsdifferentmediums/argon/10 kHz/60% breakdown/0_6breakdown-0009/0_6breakdown-0009_39.csv,argon_only,10,60,39,True
Lissajouswaveformsdifferentmediums/argon/10 kHz/60% breakdown/0_6breakdown-0009/0_6breakdown-0009_40.csv,argon_only,10,60,40,False
Lissajouswaveformsdifferentmediums/argon/10 kHz/60% breakdown/0_6breakdown-0009/0_6breakdown-0009_41.csv,argon_only,10,60,41,False
Lissajouswaveformsdifferentmediums/argon/10 kHz/60% breakdown/0_6breakdown-0009/0_6breakdown-0009_42.csv,argon_only,10,60,42,False
Lissajouswaveformsdifferentmediums/argon/10 kHz/60% breakdown/0_6breakdown-0009/0_6breakdown-0009_43.csv,argon_only,10,60,43,True
Lissajouswaveformsdifferentmediums/argon/10 kHz/60% breakdown/0_6breakdown-0009/0_6breakdown-0009_44.csv,argon_only,10,60,44,False
Lissajouswaveformsdifferentmediums/argon/10 kHz/60% breakdown/0_6breakdown-0009/0_6breakdown-0009_45.csv,argon_only,10,60,45,False
Lissajouswaveformsdifferentmediums/argon/10 kHz/60% breakdown/0_6breakdown-0009/0_6breakdown-0009_46.csv,argon_only,10,60,46,False
Lissajouswaveformsdifferentmediums/argon/10 kHz/60% breakdown/0_6breakdown-0009/0_6breakdown-0009_47.csv,argon_only,10,60,47,True
Lissajouswaveformsdifferentmediums/argon/10 kHz/60% breakdown/0_6breakdown-0009/0_6breakdown-0009_48.csv,argon_only,10,60,48,False
Lissajouswaveformsdifferentmediums/argon/10 kHz/60% breakdown/0_6breakdown-0009/0_6breakdown-0009_49.csv,argon_only,10,60,49,False
Lissajouswaveformsdifferentmediums/argon/10 kHz/60% breakdown/0_6breakdown-0009/0_6breakdown-0009_50.csv,argon_only,10,60,50,False
Lissajouswaveformsdifferentmediums/argon/10 kHz/60% breakdown/0_6breakdown-0009/0_6breakdown-0009_51.csv,argon_only,10,60,51,True
Lissajouswaveformsdifferentmediums/argon/10 kHz/60% breakdown/0_6breakdown-0009/0_6breakdown-0009_52.csv,argon_only,10,60,52,False
Lissajouswaveformsdifferentmediums/argon/10 kHz/60% breakdown/0_6breakdown-0009/0_6breakdown-0009_53.csv,argon_only,10,60,53,False
Lissajouswaveformsdifferentmediums/argon/10 kHz/60% breakdown/0_6breakdown-0009/0_6breakdown-0009_54.csv,argon_only,10,60,54,False
Lissajouswaveformsdifferentmediums/argon/10 kHz/60% breakdown/0_6breakdown-0009/0_6breakdown-0009_55.csv,argon_only,10,60,55,False
Lissajouswaveformsdifferentmediums/argon/10 kHz/60% breakdown/0_6breakdown-0009/0_6breakdown-0009_56.csv,argon_only,10,60,56,True
Lissajouswaveformsdifferentmediums/argon/10 kHz/60% breakdown/0_6breakdown-0009/0_6breakdown-0009_57.csv,argon_only,10,60,57,False
Lissajouswaveformsdifferentmediums/argon/10 kHz/60% breakdown/0_6breakdown-0009/0_6breakdown-0009_58.csv,argon_only,10,60,58,False
Lissajouswaveformsdifferentmediums/argon/10 kHz/60% breakdown/0_6breakdown-0009/0_6breakdown-0009_59.csv,argon_only,10,60,59,False
Lissajouswaveformsdifferentmediums/argon/10 kHz/60% breakdown/0_6breakdown-0009/0_6breakdown-0009_60.csv,argon_only,10,60,60,True
Lissajouswaveformsdifferentmediums/argon/10 kHz/60% breakdown/0_6breakdown-0009/0_6breakdown-0009_61.csv,argon_only,10,60,61,False
Lissajouswaveformsdifferentmediums/argon/10 kHz/60% breakdown/0_6breakdown-0009/0_6breakdown-0009_62.csv,argon_only,10,60,62,False
Lissajouswaveformsdifferentmediums/argon/10 kHz/60% breakdown/0_6breakdown-0009/0_6breakdown-0009_63.csv,argon_only,10,60,63,False
Lissajouswaveformsdifferentmediums/argon/10 kHz/60% breakdown/0_6breakdown-0009/0_6breakdown-0009_64.csv,argon_only,10,60,64,True
Lissajouswaveformsdifferentmediums/argon/10 kHz/75% breakdown/0_75breakdown-0010/0_75breakdown-0010_01.csv,argon_only,10,75,1,True
Lissajouswaveformsdifferentmediums/argon/10 kHz/75% breakdown/0_75breakdown-0010/0_75breakdown-0010_02.csv,argon_only,10,75,2,False
Lissajouswaveformsdifferentmediums/argon/10 kHz/75% breakdown/0_75breakdown-0010/0_75breakdown-0010_03.csv,argon_only,10,75,3,False
Lissajouswaveformsdifferentmediums/argon/10 kHz/75% breakdown/0_75breakdown-0010/0_75breakdown-0010_04.csv,argon_only,10,75,4,False
Lissajouswaveformsdifferentmediums/argon/10 kHz/75% breakdown/0_75breakdown-0010/0_75breakdown-0010_05.csv,argon_only,10,75,5,True
Lissajouswaveformsdifferentmediums/argon/10 kHz/75% breakdown/0_75breakdown-0010/0_75breakdown-0010_06.csv,argon_only,10,75,6,False
Lissajouswaveformsdifferentmediums/argon/10 kHz/75% breakdown/0_75breakdown-0010/0_75breakdown-0010_07.csv,argon_only,10,75,7,False
Lissajouswaveformsdifferentmediums/argon/10 kHz/75% breakdown/0_75breakdown-0010/0_75breakdown-0010_08.csv,argon_only,10,75,8,False
Lissajouswaveformsdifferentmediums/argon/10 kHz/75% breakdown/0_75breakdown-0010/0_75breakdown-0010_09.csv,argon_only,10,75,9,True
Lissajouswaveformsdifferentmediums/argon/10 kHz/75% breakdown/0_75breakdown-0010/0_75breakdown-0010_10.csv,argon_only,10,75,10,False
Lissajouswaveformsdifferentmediums/argon/10 kHz/75% breakdown/0_75breakdown-0010/0_75breakdown-0010_11.csv,argon_only,10,75,11,False
Lissajouswaveformsdifferentmediums/argon/10 kHz/75% breakdown/0_75breakdown-0010/0_75breakdown-0010_12.csv,argon_only,10,75,12,False
Lissajouswaveformsdifferentmediums/argon/10 kHz/75% breakdown/0_75breakdown-0010/0_75breakdown-0010_13.csv,argon_only,10,75,13,False
Lissajouswaveformsdifferentmediums/argon/10 kHz/75% breakdown/0_75breakdown-0010/0_75breakdown-0010_14.csv,argon_only,10,75,14,True
Lissajouswaveformsdifferentmediums/argon/10 kHz/75% breakdown/0_75breakdown-0010/0_75breakdown-0010_15.csv,argon_only,10,75,15,False
Lissajouswaveformsdifferentmediums/argon/10 kHz/75% breakdown/0_75breakdown-0010/0_75breakdown-0010_16.csv,argon_only,10,75,16,False
Lissajouswaveformsdifferentmediums/argon/10 kHz/75% breakdown/0_75breakdown-0010/0_75breakdown-0010_17.csv,argon_only,10,75,17,False
Lissajouswaveformsdifferentmediums/argon/10 kHz/75% breakdown/0_75breakdown-0010/0_75breakdown-0010_18.csv,argon_only,10,75,18,True
Lissajouswaveformsdifferentmediums/argon/10 kHz/75% breakdown/0_75breakdown-0010/0_75breakdown-0010_19.csv,argon_only,10,75,19,False
Lissajouswaveformsdifferentmediums/argon/10 kHz/75% breakdown/0_75breakdown-0010/0_75breakdown-0010_20.csv,argon_only,10,75,20,False
Lissajouswaveformsdifferentmediums/argon/10 kHz/75% breakdown/0_75breakdown-0010/0_75breakdown-0010_21.csv,argon_only,10,75,21,False
Lissajouswaveformsdifferentmediums/argon/10 kHz/75% breakdown/0_75breakdown-0010/0_75breakdown-0010_22.csv,argon_only,10,75,22,True
Lissajouswaveformsdifferentmediums/argon/10 kHz/75% breakdown/0_75breakdown-0010/0_75breakdown-0010_23.csv,argon_only,10,75,23,False
Lissajouswaveformsdifferentmediums/argon/10 kHz/75% breakdown/0_75breakdown-0010/0_75breakdown-0010_24.csv,argon_only,10,75,24,False
Lissajouswaveformsdifferentmediums/argon/10 kHz/75% breakdown/0_75breakdown-0010/0_75breakdown-0010_25.csv,argon_only,10,75,25,False
Lissajouswaveformsdifferentmediums/argon/10 kHz/75% breakdown/0_75breakdown-0010/0_75breakdown-0010_26.csv,argon_only,10,75,26,True
Lissajouswaveformsdifferentmediums/argon/10 kHz/75% breakdown/0_75breakdown-0010/0_75breakdown-0010_27.csv,argon_only,10,75,27,False
Lissajouswaveformsdifferentmediums/argon/10 kHz/75% breakdown/0_75breakdown-0010/0_75breakdown-0010_28.csv,argon_only,10,75,28,False
Lissajouswaveformsdifferentmediums/argon/10 kHz/75% breakdown/0_75breakdown-0010/0_75breakdown-0010_29.csv,argon_only,10,75,29,False
Lissajouswaveformsdifferentmediums/argon/10 kHz/75% breakdown/0_75breakdown-0010/0_75breakdown-0010_30.csv,argon_only,10,75,30,True
Lissajouswaveformsdifferentmediums/argon/10 kHz/75% breakdown/0_75breakdown-0010/0_75breakdown-0010_31.csv,argon_only,10,75,31,False
Lissajouswaveformsdifferentmediums/argon/10 kHz/75% breakdown/0_75breakdown-0010/0_75breakdown-0010_32.csv,argon_only,10,75,32,False
Lissajouswaveformsdifferentmediums/argon/10 kHz/75% breakdown/0_75breakdown-0010/0_75breakdown-0010_33.csv,argon_only,10,75,33,False
Lissajouswaveformsdifferentmediums/argon/10 kHz/75% breakdown/0_75breakdown-0010/0_75breakdown-0010_34.csv,argon_only,10,75,34,False
Lissajouswaveformsdifferentmediums/argon/10 kHz/75% breakdown/0_75breakdown-0010/0_75breakdown-0010_35.csv,argon_only,10,75,35,True
Lissajouswaveformsdifferentmediums/argon/10 kHz/75% breakdown/0_75breakdown-0010/0_75breakdown-0010_36.csv,argon_only,10,75,36,False
Lissajouswaveformsdifferentmediums/argon/10 kHz/75% breakdown/0_75breakdown-0010/0_75breakdown-0010_37.csv,argon_only,10,75,37,False
Lissajouswaveformsdifferentmediums/argon/10 kHz/75% breakdown/0_75breakdown-0010/0_75breakdown-0010_38.csv,argon_only,10,75,38,False
Lissajouswaveformsdifferentmediums/argon/10 kHz/75% breakdown/0_75breakdown-0010/0_75breakdown-0010_39.csv,argon_only,10,75,39,True
Lissajouswaveformsdifferentmediums/argon/10 kHz/75% breakdown/0_75breakdown-0010/0_75breakdown-0010_40.csv,argon_only,10,75,40,False
Lissajouswaveformsdifferentmediums/argon/10 kHz/75% breakdown/0_75breakdown-0010/0_75breakdown-0010_41.csv,argon_only,10,75,41,False
Lissajouswaveformsdifferentmediums/argon/10 kHz/75% breakdown/0_75breakdown-0010/0_75breakdown-0010_42.csv,argon_only,10,75,42,False
Lissajouswaveformsdifferentmediums/argon/10 kHz/75% breakdown/0_75breakdown-0010/0_75breakdown-0010_43.csv,argon_only,10,75,43,True
Lissajouswaveformsdifferentmediums/argon/10 kHz/75% breakdown/0_75breakdown-0010/0_75breakdown-0010_44.csv,argon_only,10,75,44,False
Lissajouswaveformsdifferentmediums/argon/10 kHz/75% breakdown/0_75breakdown-0010/0_75breakdown-0010_45.csv,argon_only,10,75,45,False
Lissajouswaveformsdifferentmediums/argon/10 kHz/75% breakdown/0_75breakdown-0010/0_75breakdown-0010_46.csv,argon_only,10,75,46,False
Lissajouswaveformsdifferentmediums/argon/10 kHz/75% breakdown/0_75breakdown-0010/0_75breakdown-0010_47.csv,argon_only,10,75,47,True
Lissajouswaveformsdifferentmediums/argon/10 kHz/75% breakdown/0_75breakdown-0010/0_75breakdown-0010_48.csv,argon_only,10,75,48,False
Lissajouswaveformsdifferentmediums/argon/10 kHz/75% breakdown/0_75breakdown-0010/0_75breakdown-0010_49.csv,argon_only,10,75,49,False
Lissajouswaveformsdifferentmediums/argon/10 kHz/75% breakdown/0_75breakdown-0010/0_75breakdown-0010_50.csv,argon_only,10,75,50,False
Lissajouswaveformsdifferentmediums/argon/10 kHz/75% breakdown/0_75breakdown-0010/0_75breakdown-0010_51.csv,argon_only,10,75,51,True
Lissajouswaveformsdifferentmediums/argon/10 kHz/75% breakdown/0_75breakdown-0010/0_75breakdown-0010_52.csv,argon_only,10,75,52,False
Lissajouswaveformsdifferentmediums/argon/10 kHz/75% breakdown/0_75breakdown-0010/0_75breakdown-0010_53.csv,argon_only,10,75,53,False
Lissajouswaveformsdifferentmediums/argon/10 kHz/75% breakdown/0_75breakdown-0010/0_75breakdown-0010_54.csv,argon_only,10,75,54,False
Lissajouswaveformsdifferentmediums/argon/10 kHz/75% breakdown/0_75breakdown-0010/0_75breakdown-0010_55.csv,argon_only,10,75,55,False
Lissajouswaveformsdifferentmediums/argon/10 kHz/75% breakdown/0_75breakdown-0010/0_75breakdown-0010_56.csv,argon_only,10,75,56,True
Lissajouswaveformsdifferentmediums/argon/10 kHz/75% breakdown/0_75breakdown-0010/0_75breakdown-0010_57.csv,argon_only,10,75,57,False
Lissajouswaveformsdifferentmediums/argon/10 kHz/75% breakdown/0_75breakdown-0010/0_75breakdown-0010_58.csv,argon_only,10,75,58,False
Lissajouswaveformsdifferentmediums/argon/10 kHz/75% breakdown/0_75breakdown-0010/0_75breakdown-0010_59.csv,argon_only,10,75,59,False
Lissajouswaveformsdifferentmediums/argon/10 kHz/75% breakdown/0_75breakdown-0010/0_75breakdown-0010_60.csv,argon_only,10,75,60,True
Lissajouswaveformsdifferentmediums/argon/10 kHz/75% breakdown/0_75breakdown-0010/0_75breakdown-0010_61.csv,argon_only,10,75,61,False
Lissajouswaveformsdifferentmediums/argon/10 kHz/75% breakdown/0_75breakdown-0010/0_75breakdown-0010_62.csv,argon_only,10,75,62,False
Lissajouswaveformsdifferentmediums/argon/10 kHz/75% breakdown/0_75breakdown-0010/0_75breakdown-0010_63.csv,argon_only,10,75,63,False
Lissajouswaveformsdifferentmediums/argon/10 kHz/75% breakdown/0_75breakdown-0010/0_75breakdown-0010_64.csv,argon_only,10,75,64,True
Lissajouswaveformsdifferentmediums/argon/10 kHz/90% breakdown/0_9breakdown-0011/0_9breakdown-0011_01.csv,argon_only,10,90,1,True
Lissajouswaveformsdifferentmediums/argon/10 kHz/90% breakdown/0_9breakdown-0011/0_9breakdown-0011_02.csv,argon_only,10,90,2,False
Lissajouswaveformsdifferentmediums/argon/10 kHz/90% breakdown/0_9breakdown-0011/0_9breakdown-0011_03.csv,argon_only,10,90,3,False
Lissajouswaveformsdifferentmediums/argon/10 kHz/90% breakdown/0_9breakdown-0011/0_9breakdown-0011_04.csv,argon_only,10,90,4,False
Lissajouswaveformsdifferentmediums/argon/10 kHz/90% breakdown/0_9breakdown-0011/0_9breakdown-0011_05.csv,argon_only,10,90,5,True
Lissajouswaveformsdifferentmediums/argon/10 kHz/90% breakdown/0_9breakdown-0011/0_9breakdown-0011_06.csv,argon_only,10,90,6,False
Lissajouswaveformsdifferentmediums/argon/10 kHz/90% breakdown/0_9breakdown-0011/0_9breakdown-0011_07.csv,argon_only,10,90,7,False
Lissajouswaveformsdifferentmediums/argon/10 kHz/90% breakdown/0_9breakdown-0011/0_9breakdown-0011_08.csv,argon_only,10,90,8,False
Lissajouswaveformsdifferentmediums/argon/10 kHz/90% breakdown/0_9breakdown-0011/0_9breakdown-0011_09.csv,argon_only,10,90,9,True
Lissajouswaveformsdifferentmediums/argon/10 kHz/90% breakdown/0_9breakdown-0011/0_9breakdown-0011_10.csv,argon_only,10,90,10,False
Lissajouswaveformsdifferentmediums/argon/10 kHz/90% breakdown/0_9breakdown-0011/0_9breakdown-0011_11.csv,argon_only,10,90,11,False
Lissajouswaveformsdifferentmediums/argon/10 kHz/90% breakdown/0_9breakdown-0011/0_9breakdown-0011_12.csv,argon_only,10,90,12,False
Lissajouswaveformsdifferentmediums/argon/10 kHz/90% breakdown/0_9breakdown-0011/0_9breakdown-0011_13.csv,argon_only,10,90,13,False
Lissajouswaveformsdifferentmediums/argon/10 kHz/90% breakdown/0_9breakdown-0011/0_9breakdown-0011_14.csv,argon_only,10,90,14,True
Lissajouswaveformsdifferentmediums/argon/10 kHz/90% breakdown/0_9breakdown-0011/0_9breakdown-0011_15.csv,argon_only,10,90,15,False
Lissajouswaveformsdifferentmediums/argon/10 kHz/90% breakdown/0_9breakdown-0011/0_9breakdown-0011_16.csv,argon_only,10,90,16,False
Lissajouswaveformsdifferentmediums/argon/10 kHz/90% breakdown/0_9breakdown-0011/0_9breakdown-0011_17.csv,argon_only,10,90,17,False
Lissajouswaveformsdifferentmediums/argon/10 kHz/90% breakdown/0_9breakdown-0011/0_9breakdown-0011_18.csv,argon_only,10,90,18,True
Lissajouswaveformsdifferentmediums/argon/10 kHz/90% breakdown/0_9breakdown-0011/0_9breakdown-0011_19.csv,argon_only,10,90,19,False
Lissajouswaveformsdifferentmediums/argon/10 kHz/90% breakdown/0_9breakdown-0011/0_9breakdown-0011_20.csv,argon_only,10,90,20,False
Lissajouswaveformsdifferentmediums/argon/10 kHz/90% breakdown/0_9breakdown-0011/0_9breakdown-0011_21.csv,argon_only,10,90,21,False
Lissajouswaveformsdifferentmediums/argon/10 kHz/90% breakdown/0_9breakdown-0011/0_9breakdown-0011_22.csv,argon_only,10,90,22,True
Lissajouswaveformsdifferentmediums/argon/10 kHz/90% breakdown/0_9breakdown-0011/0_9breakdown-0011_23.csv,argon_only,10,90,23,False
Lissajouswaveformsdifferentmediums/argon/10 kHz/90% breakdown/0_9breakdown-0011/0_9breakdown-0011_24.csv,argon_only,10,90,24,False
Lissajouswaveformsdifferentmediums/argon/10 kHz/90% breakdown/0_9breakdown-0011/0_9breakdown-0011_25.csv,argon_only,10,90,25,False
Lissajouswaveformsdifferentmediums/argon/10 kHz/90% breakdown/0_9breakdown-0011/0_9breakdown-0011_26.csv,argon_only,10,90,26,True
Lissajouswaveformsdifferentmediums/argon/10 kHz/90% breakdown/0_9breakdown-0011/0_9breakdown-0011_27.csv,argon_only,10,90,27,False
Lissajouswaveformsdifferentmediums/argon/10 kHz/90% breakdown/0_9breakdown-0011/0_9breakdown-0011_28.csv,argon_only,10,90,28,False
Lissajouswaveformsdifferentmediums/argon/10 kHz/90% breakdown/0_9breakdown-0011/0_9breakdown-0011_29.csv,argon_only,10,90,29,False
Lissajouswaveformsdifferentmediums/argon/10 kHz/90% breakdown/0_9breakdown-0011/0_9breakdown-0011_30.csv,argon_only,10,90,30,True
Lissajouswaveformsdifferentmediums/argon/10 kHz/90% breakdown/0_9breakdown-0011/0_9breakdown-0011_31.csv,argon_only,10,90,31,False
Lissajouswaveformsdifferentmediums/argon/10 kHz/90% breakdown/0_9breakdown-0011/0_9breakdown-0011_32.csv,argon_only,10,90,32,False
Lissajouswaveformsdifferentmediums/argon/10 kHz/90% breakdown/0_9breakdown-0011/0_9breakdown-0011_33.csv,argon_only,10,90,33,False
Lissajouswaveformsdifferentmediums/argon/10 kHz/90% breakdown/0_9breakdown-0011/0_9breakdown-0011_34.csv,argon_only,10,90,34,False
Lissajouswaveformsdifferentmediums/argon/10 kHz/90% breakdown/0_9breakdown-0011/0_9breakdown-0011_35.csv,argon_only,10,90,35,True
Lissajouswaveformsdifferentmediums/argon/10 kHz/90% breakdown/0_9breakdown-0011/0_9breakdown-0011_36.csv,argon_only,10,90,36,False
Lissajouswaveformsdifferentmediums/argon/10 kHz/90% breakdown/0_9breakdown-0011/0_9breakdown-0011_37.csv,argon_only,10,90,37,False
Lissajouswaveformsdifferentmediums/argon/10 kHz/90% breakdown/0_9breakdown-0011/0_9breakdown-0011_38.csv,argon_only,10,90,38,False
Lissajouswaveformsdifferentmediums/argon/10 kHz/90% breakdown/0_9breakdown-0011/0_9breakdown-0011_39.csv,argon_only,10,90,39,True
Lissajouswaveformsdifferentmediums/argon/10 kHz/90% breakdown/0_9breakdown-0011/0_9breakdown-0011_40.csv,argon_only,10,90,40,False
Lissajouswaveformsdifferentmediums/argon/10 kHz/90% breakdown/0_9breakdown-0011/0_9breakdown-0011_41.csv,argon_only,10,90,41,False
Lissajouswaveformsdifferentmediums/argon/10 kHz/90% breakdown/0_9breakdown-0011/0_9breakdown-0011_42.csv,argon_only,10,90,42,False
Lissajouswaveformsdifferentmediums/argon/10 kHz/90% breakdown/0_9breakdown-0011/0_9breakdown-0011_43.csv,argon_only,10,90,43,True
Lissajouswaveformsdifferentmediums/argon/10 kHz/90% breakdown/0_9breakdown-0011/0_9breakdown-0011_44.csv,argon_only,10,90,44,False
Lissajouswaveformsdifferentmediums/argon/10 kHz/90% breakdown/0_9breakdown-0011/0_9breakdown-0011_45.csv,argon_only,10,90,45,False
Lissajouswaveformsdifferentmediums/argon/10 kHz/90% breakdown/0_9breakdown-0011/0_9breakdown-0011_46.csv,argon_only,10,90,46,False
Lissajouswaveformsdifferentmediums/argon/10 kHz/90% breakdown/0_9breakdown-0011/0_9breakdown-0011_47.csv,argon_only,10,90,47,True
Lissajouswaveformsdifferentmediums/argon/10 kHz/90% breakdown/0_9breakdown-0011/0_9breakdown-0011_48.csv,argon_only,10,90,48,False
Lissajouswaveformsdifferentmediums/argon/10 kHz/90% breakdown/0_9breakdown-0011/0_9breakdown-0011_49.csv,argon_only,10,90,49,False
Lissajouswaveformsdifferentmediums/argon/10 kHz/90% breakdown/0_9breakdown-0011/0_9breakdown-0011_50.csv,argon_only,10,90,50,False
Lissajouswaveformsdifferentmediums/argon/10 kHz/90% breakdown/0_9breakdown-0011/0_9breakdown-0011_51.csv,argon_only,10,90,51,True
Lissajouswaveformsdifferentmediums/argon/10 kHz/90% breakdown/0_9breakdown-0011/0_9breakdown-0011_52.csv,argon_only,10,90,52,False
Lissajouswaveformsdifferentmediums/argon/10 kHz/90% breakdown/0_9breakdown-0011/0_9breakdown-0011_53.csv,argon_only,10,90,53,False
Lissajouswaveformsdifferentmediums/argon/10 kHz/90% breakdown/0_9breakdown-0011/0_9breakdown-0011_54.csv,argon_only,10,90,54,False
Lissajouswaveformsdifferentmediums/argon/10 kHz/90% breakdown/0_9breakdown-0011/0_9breakdown-0011_55.csv,argon_only,10,90,55,False
Lissajouswaveformsdifferentmediums/argon/10 kHz/90% breakdown/0_9breakdown-0011/0_9breakdown-0011_56.csv,argon_only,10,90,56,True
Lissajouswaveformsdifferentmediums/argon/10 kHz/90% breakdown/0_9breakdown-0011/0_9breakdown-0011_57.csv,argon_only,10,90,57,False
Lissajouswaveformsdifferentmediums/argon/10 kHz/90% breakdown/0_9breakdown-0011/0_9breakdown-0011_58.csv,argon_only,10,90,58,False
Lissajouswaveformsdifferentmediums/argon/10 kHz/90% breakdown/0_9breakdown-0011/0_9breakdown-0011_59.csv,argon_only,10,90,59,False
Lissajouswaveformsdifferentmediums/argon/10 kHz/90% breakdown/0_9breakdown-0011/0_9breakdown-0011_60.csv,argon_only,10,90,60,True
Lissajouswaveformsdifferentmediums/argon/10 kHz/90% breakdown/0_9breakdown-0011/0_9breakdown-0011_61.csv,argon_only,10,90,61,False
Lissajouswaveformsdifferentmediums/argon/10 kHz/90% breakdown/0_9breakdown-0011/0_9breakdown-0011_62.csv,argon_only,10,90,62,False
Lissajouswaveformsdifferentmediums/argon/10 kHz/90% breakdown/0_9breakdown-0011/0_9breakdown-0011_63.csv,argon_only,10,90,63,False
Lissajouswaveformsdifferentmediums/argon/10 kHz/90% breakdown/0_9breakdown-0011/0_9breakdown-0011_64.csv,argon_only,10,90,64,True
Lissajouswaveformsdifferentmediums/argon/10 kHz/breakdown/breakdown-0007/breakdown-0007_01.csv,argon_only,10,100,1,True
Lissajouswaveformsdifferentmediums/argon/10 kHz/breakdown/breakdown-0007/breakdown-0007_02.csv,argon_only,10,100,2,False
Lissajouswaveformsdifferentmediums/argon/10 kHz/breakdown/breakdown-0007/breakdown-0007_03.csv,argon_only,10,100,3,False
Lissajouswaveformsdifferentmediums/argon/10 kHz/breakdown/breakdown-0007/breakdown-0007_04.csv,argon_only,10,100,4,False
Lissajouswaveformsdifferentmediums/argon/10 kHz/breakdown/breakdown-0007/breakdown-0007_05.csv,argon_only,10,100,5,True
Lissajouswaveformsdifferentmediums/argon/10 kHz/breakdown/breakdown-0007/breakdown-0007_06.csv,argon_only,10,100,6,False
Lissajouswaveformsdifferentmediums/argon/10 kHz/breakdown/breakdown-0007/breakdown-0007_07.csv,argon_only,10,100,7,False
Lissajouswaveformsdifferentmediums/argon/10 kHz/breakdown/breakdown-0007/breakdown-0007_08.csv,argon_only,10,100,8,False
Lissajouswaveformsdifferentmediums/argon/10 kHz/breakdown/breakdown-0007/breakdown-0007_09.csv,argon_only,10,100,9,True
Lissajouswaveformsdifferentmediums/argon/10 kHz/breakdown/breakdown-0007/breakdown-0007_10.csv,argon_only,10,100,10,False
Lissajouswaveformsdifferentmediums/argon/10 kHz/breakdown/breakdown-0007/breakdown-0007_11.csv,argon_only,10,100,11,False
Lissajouswaveformsdifferentmediums/argon/10 kHz/breakdown/breakdown-0007/breakdown-0007_12.csv,argon_only,10,100,12,False
Lissajouswaveformsdifferentmediums/argon/10 kHz/breakdown/breakdown-0007/breakdown-0007_13.csv,argon_only,10,100,13,False
Lissajouswaveformsdifferentmediums/argon/10 kHz/breakdown/breakdown-0007/breakdown-0007_14.csv,argon_only,10,100,14,True
Lissajouswaveformsdifferentmediums/argon/10 kHz/breakdown/breakdown-0007/breakdown-0007_15.csv,argon_only,10,100,15,False
Lissajouswaveformsdifferentmediums/argon/10 kHz/breakdown/breakdown-0007/breakdown-0007_16.csv,argon_only,10,100,16,False
Lissajouswaveformsdifferentmediums/argon/10 kHz/breakdown/breakdown-0007/breakdown-0007_17.csv,argon_only,10,100,17,False
Lissajouswaveformsdifferentmediums/argon/10 kHz/breakdown/breakdown-0007/breakdown-0007_18.csv,argon_only,10,100,18,True
Lissajouswaveformsdifferentmediums/argon/10 kHz/breakdown/breakdown-0007/breakdown-0007_19.csv,argon_only,10,100,19,False
Lissajouswaveformsdifferentmediums/argon/10 kHz/breakdown/breakdown-0007/breakdown-0007_20.csv,argon_only,10,100,20,False
Lissajouswaveformsdifferentmediums/argon/10 kHz/breakdown/breakdown-0007/breakdown-0007_21.csv,argon_only,10,100,21,False
Lissajouswaveformsdifferentmediums/argon/10 kHz/breakdown/breakdown-0007/breakdown-0007_22.csv,argon_only,10,100,22,True
Lissajouswaveformsdifferentmediums/argon/10 kHz/breakdown/breakdown-0007/breakdown-0007_23.csv,argon_only,10,100,23,False
Lissajouswaveformsdifferentmediums/argon/10 kHz/breakdown/breakdown-0007/breakdown-0007_24.csv,argon_only,10,100,24,False
Lissajouswaveformsdifferentmediums/argon/10 kHz/breakdown/breakdown-0007/breakdown-0007_25.csv,argon_only,10,100,25,False
Lissajouswaveformsdifferentmediums/argon/10 kHz/breakdown/breakdown-0007/breakdown-0007_26.csv,argon_only,10,100,26,True
Lissajouswaveformsdifferentmediums/argon/10 kHz/breakdown/breakdown-0007/breakdown-0007_27.csv,argon_only,10,100,27,False
Lissajouswaveformsdifferentmediums/argon/10 kHz/breakdown/breakdown-0007/breakdown-0007_28.csv,argon_only,10,100,28,False
Lissajouswaveformsdifferentmediums/argon/10 kHz/breakdown/breakdown-0007/breakdown-0007_29.csv,argon_only,10,100,29,False
Lissajouswaveformsdifferentmediums/argon/10 kHz/breakdown/breakdown-0007/breakdown-0007_30.csv,argon_only,10,100,30,True
Lissajouswaveformsdifferentmediums/argon/10 kHz/breakdown/breakdown-0007/breakdown-0007_31.csv,argon_only,10,100,31,False
Lissajouswaveformsdifferentmediums/argon/10 kHz/breakdown/breakdown-0007/breakdown-0007_32.csv,argon_only,10,100,32,False
Lissajouswaveformsdifferentmediums/argon/10 kHz/breakdown/breakdown-0007/breakdown-0007_33.csv,argon_only,10,100,33,False
Lissajouswaveformsdifferentmediums/argon/10 kHz/breakdown/breakdown-0007/breakdown-0007_34.csv,argon_only,10,100,34,False
Lissajouswaveformsdifferentmediums/argon/10 kHz/breakdown/breakdown-0007/breakdown-0007_35.csv,argon_only,10,100,35,True
Lissajouswaveformsdifferentmediums/argon/10 kHz/breakdown/breakdown-0007/breakdown-0007_36.csv,argon_only,10,100,36,False
Lissajouswaveformsdifferentmediums/argon/10 kHz/breakdown/breakdown-0007/breakdown-0007_37.csv,argon_only,10,100,37,False
Lissajouswaveformsdifferentmediums/argon/10 kHz/breakdown/breakdown-0007/breakdown-0007_38.csv,argon_only,10,100,38,False
Lissajouswaveformsdifferentmediums/argon/10 kHz/breakdown/breakdown-0007/breakdown-0007_39.csv,argon_only,10,100,39,True
Lissajouswaveformsdifferentmediums/argon/10 kHz/breakdown/breakdown-0007/breakdown-0007_40.csv,argon_only,10,100,40,False
Lissajouswaveformsdifferentmediums/argon/10 kHz/breakdown/breakdown-0007/breakdown-0007_41.csv,argon_only,10,100,41,False
Lissajouswaveformsdifferentmediums/argon/10 kHz/breakdown/breakdown-0007/breakdown-0007_42.csv,argon_only,10,100,42,False
Lissajouswaveformsdifferentmediums/argon/10 kHz/breakdown/breakdown-0007/breakdown-0007_43.csv,argon_only,10,100,43,True
Lissajouswaveformsdifferentmediums/argon/10 kHz/breakdown/breakdown-0007/breakdown-0007_44.csv,argon_only,10,100,44,False
Lissajouswaveformsdifferentmediums/argon/10 kHz/breakdown/breakdown-0007/breakdown-0007_45.csv,argon_only,10,100,45,False
Lissajouswaveformsdifferentmediums/argon/10 kHz/breakdown/breakdown-0007/breakdown-0007_46.csv,argon_only,10,100,46,False
Lissajouswaveformsdifferentmediums/argon/10 kHz/breakdown/breakdown-0007/breakdown-0007_47.csv,argon_only,10,100,47,True
Lissajouswaveformsdifferentmediums/argon/10 kHz/breakdown/breakdown-0007/breakdown-0007_48.csv,argon_only,10,100,48,False
Lissajouswaveformsdifferentmediums/argon/10 kHz/breakdown/breakdown-0007/breakdown-0007_49.csv,argon_only,10,100,49,False
Lissajouswaveformsdifferentmediums/argon/10 kHz/breakdown/breakdown-0007/breakdown-0007_50.csv,argon_only,10,100,50,False
Lissajouswaveformsdifferentmediums/argon/10 kHz/breakdown/breakdown-0007/breakdown-0007_51.csv,argon_only,10,100,51,True
Lissajouswaveformsdifferentmediums/argon/10 kHz/breakdown/breakdown-0007/breakdown-0007_52.csv,argon_only,10,100,52,False
Lissajouswaveformsdifferentmediums/argon/10 kHz/breakdown/breakdown-0007/breakdown-0007_53.csv,argon_only,10,100,53,False
Lissajouswaveformsdifferentmediums/argon/10 kHz/breakdown/breakdown-0007/breakdown-0007_54.csv,argon_only,10,100,54,False
Lissajouswaveformsdifferentmediums/argon/10 kHz/breakdown/breakdown-0007/breakdown-0007_55.csv,argon_only,10,100,55,False
Lissajouswaveformsdifferentmediums/argon/10 kHz/breakdown/breakdown-0007/breakdown-0007_56.csv,argon_only,10,100,56,True
Lissajouswaveformsdifferentmediums/argon/10 kHz/breakdown/breakdown-0007/breakdown-0007_57.csv,argon_only,10,100,57,False
Lissajouswaveformsdifferentmediums/argon/10 kHz/breakdown/breakdown-0007/breakdown-0007_58.csv,argon_only,10,100,58,False
Lissajouswaveformsdifferentmediums/argon/10 kHz/breakdown/breakdown-0007/breakdown-0007_59.csv,argon_only,10,100,59,False
Lissajouswaveformsdifferentmediums/argon/10 kHz/breakdown/breakdown-0007/breakdown-0007_60.csv,argon_only,10,100,60,True
Lissajouswaveformsdifferentmediums/argon/10 kHz/breakdown/breakdown-0007/breakdown-0007_61.csv,argon_only,10,100,61,False
Lissajouswaveformsdifferentmediums/argon/10 kHz/breakdown/breakdown-0007/breakdown-0007_62.csv,argon_only,10,100,62,False
Lissajouswaveformsdifferentmediums/argon/10 kHz/breakdown/breakdown-0007/breakdown-0007_63.csv,argon_only,10,100,63,False
Lissajouswaveformsdifferentmediums/argon/10 kHz/breakdown/breakdown-0007/breakdown-0007_64.csv,argon_only,10,100,64,True
Lissajouswaveformsdifferentmediums/argon/10 kHz/105% breakdown/105breakdown-0012/105breakdown-0012_01.csv,argon_only,10,105,1,True
Lissajouswaveformsdifferentmediums/argon/10 kHz/105% breakdown/105breakdown-0012/105breakdown-0012_02.csv,argon_only,10,105,2,False
Lissajouswaveformsdifferentmediums/argon/10 kHz/105% breakdown/105breakdown-0012/105breakdown-0012_03.csv,argon_only,10,105,3,False
Lissajouswaveformsdifferentmediums/argon/10 kHz/105% breakdown/105breakdown-0012/105breakdown-0012_04.csv,argon_only,10,105,4,False
Lissajouswaveformsdifferentmediums/argon/10 kHz/105% breakdown/105breakdown-0012/105breakdown-0012_05.csv,argon_only,10,105,5,True
Lissajouswaveformsdifferentmediums/argon/10 kHz/105% breakdown/105breakdown-0012/105breakdown-0012_06.csv,argon_only,10,105,6,False
Lissajouswaveformsdifferentmediums/argon/10 kHz/105% breakdown/105breakdown-0012/105breakdown-0012_07.csv,argon_only,10,105,7,False
Lissajouswaveformsdifferentmediums/argon/10 kHz/105% breakdown/105breakdown-0012/105breakdown-0012_08.csv,argon_only,10,105,8,False
Lissajouswaveformsdifferentmediums/argon/10 kHz/105% breakdown/105breakdown-0012/105breakdown-0012_09.csv,argon_only,10,105,9,True
Lissajouswaveformsdifferentmediums/argon/10 kHz/105% breakdown/105breakdown-0012/105breakdown-0012_10.csv,argon_only,10,105,10,False
Lissajouswaveformsdifferentmediums/argon/10 kHz/105% breakdown/105breakdown-0012/105breakdown-0012_11.csv,argon_only,10,105,11,False
Lissajouswaveformsdifferentmediums/argon/10 kHz/105% breakdown/105breakdown-0012/105breakdown-0012_12.csv,argon_only,10,105,12,False
Lissajouswaveformsdifferentmediums/argon/10 kHz/105% breakdown/105breakdown-0012/105breakdown-0012_13.csv,argon_only,10,105,13,False
Lissajouswaveformsdifferentmediums/argon/10 kHz/105% breakdown/105breakdown-0012/105breakdown-0012_14.csv,argon_only,10,105,14,True
Lissajouswaveformsdifferentmediums/argon/10 kHz/105% breakdown/105breakdown-0012/105breakdown-0012_15.csv,argon_only,10,105,15,False
Lissajouswaveformsdifferentmediums/argon/10 kHz/105% breakdown/105breakdown-0012/105breakdown-0012_16.csv,argon_only,10,105,16,False
Lissajouswaveformsdifferentmediums/argon/10 kHz/105% breakdown/105breakdown-0012/105breakdown-0012_17.csv,argon_only,10,105,17,False
Lissajouswaveformsdifferentmediums/argon/10 kHz/105% breakdown/105breakdown-0012/105breakdown-0012_18.csv,argon_only,10,105,18,True
Lissajouswaveformsdifferentmediums/argon/10 kHz/105% breakdown/105breakdown-0012/105breakdown-0012_19.csv,argon_only,10,105,19,False
Lissajouswaveformsdifferentmediums/argon/10 kHz/105% breakdown/105breakdown-0012/105breakdown-0012_20.csv,argon_only,10,105,20,False
Lissajouswaveformsdifferentmediums/argon/10 kHz/105% breakdown/105breakdown-0012/105breakdown-0012_21.csv,argon_only,10,105,21,False
Lissajouswaveformsdifferentmediums/argon/10 kHz/105% breakdown/105breakdown-0012/105breakdown-0012_22.csv,argon_only,10,105,22,True
Lissajouswaveformsdifferentmediums/argon/10 kHz/105% breakdown/105breakdown-0012/105breakdown-0012_23.csv,argon_only,10,105,23,False
Lissajouswaveformsdifferentmediums/argon/10 kHz/105% breakdown/105breakdown-0012/105breakdown-0012_24.csv,argon_only,10,105,24,False
Lissajouswaveformsdifferentmediums/argon/10 kHz/105% breakdown/105breakdown-0012/105breakdown-0012_25.csv,argon_only,10,105,25,False
Lissajouswaveformsdifferentmediums/argon/10 kHz/105% breakdown/105breakdown-0012/105breakdown-0012_26.csv,argon_only,10,105,26,True
Lissajouswaveformsdifferentmediums/argon/10 kHz/105% breakdown/105breakdown-0012/105breakdown-0012_27.csv,argon_only,10,105,27,False
Lissajouswaveformsdifferentmediums/argon/10 kHz/105% breakdown/105breakdown-0012/105breakdown-0012_28.csv,argon_only,10,105,28,False
Lissajouswaveformsdifferentmediums/argon/10 kHz/105% breakdown/105breakdown-0012/105breakdown-0012_29.csv,argon_only,10,105,29,False
Lissajouswaveformsdifferentmediums/argon/10 kHz/105% breakdown/105breakdown-0012/105breakdown-0012_30.csv,argon_only,10,105,30,True
Lissajouswaveformsdifferentmediums/argon/10 kHz/105% breakdown/105breakdown-0012/105breakdown-0012_31.csv,argon_only,10,105,31,False
Lissajouswaveformsdifferentmediums/argon/10 kHz/105% breakdown/105breakdown-0012/105breakdown-0012_32.csv,argon_only,10,105,32,False
Lissajouswaveformsdifferentmediums/argon/10 kHz/105% breakdown/105breakdown-0012/105breakdown-0012_33.csv,argon_only,10,105,33,False
Lissajouswaveformsdifferentmediums/argon/10 kHz/105% breakdown/105breakdown-0012/105breakdown-0012_34.csv,argon_only,10,105,34,False
Lissajouswaveformsdifferentmediums/argon/10 kHz/105% breakdown/105breakdown-0012/105breakdown-0012_35.csv,argon_only,10,105,35,True
Lissajouswaveformsdifferentmediums/argon/10 kHz/105% breakdown/105breakdown-0012/105breakdown-0012_36.csv,argon_only,10,105,36,False
Lissajouswaveformsdifferentmediums/argon/10 kHz/105% breakdown/105breakdown-0012/105breakdown-0012_37.csv,argon_only,10,105,37,False
Lissajouswaveformsdifferentmediums/argon/10 kHz/105% breakdown/105breakdown-0012/105breakdown-0012_38.csv,argon_only,10,105,38,False
Lissajouswaveformsdifferentmediums/argon/10 kHz/105% breakdown/105breakdown-0012/105breakdown-0012_39.csv,argon_only,10,105,39,True
Lissajouswaveformsdifferentmediums/argon/10 kHz/105% breakdown/105breakdown-0012/105breakdown-0012_40.csv,argon_only,10,105,40,False
Lissajouswaveformsdifferentmediums/argon/10 kHz/105% breakdown/105breakdown-0012/105breakdown-0012_41.csv,argon_only,10,105,41,False
Lissajouswaveformsdifferentmediums/argon/10 kHz/105% breakdown/105breakdown-0012/105breakdown-0012_42.csv,argon_only,10,105,42,False
Lissajouswaveformsdifferentmediums/argon/10 kHz/105% breakdown/105breakdown-0012/105breakdown-0012_43.csv,argon_only,10,105,43,True
Lissajouswaveformsdifferentmediums/argon/10 kHz/105% breakdown/105breakdown-0012/105breakdown-0012_44.csv,argon_only,10,105,44,False
Lissajouswaveformsdifferentmediums/argon/10 kHz/105% breakdown/105breakdown-0012/105breakdown-0012_45.csv,argon_only,10,105,45,False
Lissajouswaveformsdifferentmediums/argon/10 kHz/105% breakdown/105breakdown-0012/105breakdown-0012_46.csv,argon_only,10,105,46,False
Lissajouswaveformsdifferentmediums/argon/10 kHz/105% breakdown/105breakdown-0012/105breakdown-0012_47.csv,argon_only,10,105,47,True
Lissajouswaveformsdifferentmediums/argon/10 kHz/105% breakdown/105breakdown-0012/105breakdown-0012_48.csv,argon_only,10,105,48,False
Lissajouswaveformsdifferentmediums/argon/10 kHz/105% breakdown/105breakdown-0012/105breakdown-0012_49.csv,argon_only,10,105,49,False
Lissajouswaveformsdifferentmediums/argon/10 kHz/105% breakdown/105breakdown-0012/105breakdown-0012_50.csv,argon_only,10,105,50,False
Lissajouswaveformsdifferentmediums/argon/10 kHz/105% breakdown/105breakdown-0012/105breakdown-0012_51.csv,argon_only,10,105,51,True
Lissajouswaveformsdifferentmediums/argon/10 kHz/105% breakdown/105breakdown-0012/105breakdown-0012_52.csv,argon_only,10,105,52,False
Lissajouswaveformsdifferentmediums/argon/10 kHz/105% breakdown/105breakdown-0012/105breakdown-0012_53.csv,argon_only,10,105,53,False
Lissajouswaveformsdifferentmediums/argon/10 kHz/105% breakdown/105breakdown-0012/105breakdown-0012_54.csv,argon_only,10,105,54,False
Lissajouswaveformsdifferentmediums/argon/10 kHz/105% breakdown/105breakdown-0012/105breakdown-0012_55.csv,argon_only,10,105,55,False
Lissajouswaveformsdifferentmediums/argon/10 kHz/105% breakdown/105breakdown-0012/105breakdown-0012_56.csv,argon_only,10,105,56,True
Lissajouswaveformsdifferentmediums/argon/10 kHz/105% breakdown/105breakdown-0012/105breakdown-0012_57.csv,argon_only,10,105,57,False
Lissajouswaveformsdifferentmediums/argon/10 kHz/105% breakdown/105breakdown-0012/105breakdown-0012_58.csv,argon_only,10,105,58,False
Lissajouswaveformsdifferentmediums/argon/10 kHz/105% breakdown/105breakdown-0012/105breakdown-0012_59.csv,argon_only,10,105,59,False
Lissajouswaveformsdifferentmediums/argon/10 kHz/105% breakdown/105breakdown-0012/105breakdown-0012_60.csv,argon_only,10,105,60,True
Lissajouswaveformsdifferentmediums/argon/10 kHz/105% breakdown/105breakdown-0012/105breakdown-0012_61.csv,argon_only,10,105,61,False
Lissajouswaveformsdifferentmediums/argon/10 kHz/105% breakdown/105breakdown-0012/105breakdown-0012_62.csv,argon_only,10,105,62,False
Lissajouswaveformsdifferentmediums/argon/10 kHz/105% breakdown/105breakdown-0012/105breakdown-0012_63.csv,argon_only,10,105,63,False
Lissajouswaveformsdifferentmediums/argon/10 kHz/105% breakdown/105breakdown-0012/105breakdown-0012_64.csv,argon_only,10,105,64,True
Lissajouswaveformsdifferentmediums/argon/10 kHz/115% breakdown/115breakdown-0013/115breakdown-0013_01.csv,argon_only,10,115,1,True
Lissajouswaveformsdifferentmediums/argon/10 kHz/115% breakdown/115breakdown-0013/115breakdown-0013_02.csv,argon_only,10,115,2,False
Lissajouswaveformsdifferentmediums/argon/10 kHz/115% breakdown/115breakdown-0013/115breakdown-0013_03.csv,argon_only,10,115,3,False
Lissajouswaveformsdifferentmediums/argon/10 kHz/115% breakdown/115breakdown-0013/115breakdown-0013_04.csv,argon_only,10,115,4,False
Lissajouswaveformsdifferentmediums/argon/10 kHz/115% breakdown/115breakdown-0013/115breakdown-0013_05.csv,argon_only,10,115,5,True
Lissajouswaveformsdifferentmediums/argon/10 kHz/115% breakdown/115breakdown-0013/115breakdown-0013_06.csv,argon_only,10,115,6,False
Lissajouswaveformsdifferentmediums/argon/10 kHz/115% breakdown/115breakdown-0013/115breakdown-0013_07.csv,argon_only,10,115,7,False
Lissajouswaveformsdifferentmediums/argon/10 kHz/115% breakdown/115breakdown-0013/115breakdown-0013_08.csv,argon_only,10,115,8,False
Lissajouswaveformsdifferentmediums/argon/10 kHz/115% breakdown/115breakdown-0013/115breakdown-0013_09.csv,argon_only,10,115,9,True
Lissajouswaveformsdifferentmediums/argon/10 kHz/115% breakdown/115breakdown-0013/115breakdown-0013_10.csv,argon_only,10,115,10,False
Lissajouswaveformsdifferentmediums/argon/10 kHz/115% breakdown/115breakdown-0013/115breakdown-0013_11.csv,argon_only,10,115,11,False
Lissajouswaveformsdifferentmediums/argon/10 kHz/115% breakdown/115breakdown-0013/115breakdown-0013_12.csv,argon_only,10,115,12,False
Lissajouswaveformsdifferentmediums/argon/10 kHz/115% breakdown/115breakdown-0013/115breakdown-0013_13.csv,argon_only,10,115,13,False
Lissajouswaveformsdifferentmediums/argon/10 kHz/115% breakdown/115breakdown-0013/115breakdown-0013_14.csv,argon_only,10,115,14,True
Lissajouswaveformsdifferentmediums/argon/10 kHz/115% breakdown/115breakdown-0013/115breakdown-0013_15.csv,argon_only,10,115,15,False
Lissajouswaveformsdifferentmediums/argon/10 kHz/115% breakdown/115breakdown-0013/115breakdown-0013_16.csv,argon_only,10,115,16,False
Lissajouswaveformsdifferentmediums/argon/10 kHz/115% breakdown/115breakdown-0013/115breakdown-0013_17.csv,argon_only,10,115,17,False
Lissajouswaveformsdifferentmediums/argon/10 kHz/115% breakdown/115breakdown-0013/115breakdown-0013_18.csv,argon_only,10,115,18,True
Lissajouswaveformsdifferentmediums/argon/10 kHz/115% breakdown/115breakdown-0013/115breakdown-0013_19.csv,argon_only,10,115,19,False
Lissajouswaveformsdifferentmediums/argon/10 kHz/115% breakdown/115breakdown-0013/115breakdown-0013_20.csv,argon_only,10,115,20,False
Lissajouswaveformsdifferentmediums/argon/10 kHz/115% breakdown/115breakdown-0013/115breakdown-0013_21.csv,argon_only,10,115,21,False
Lissajouswaveformsdifferentmediums/argon/10 kHz/115% breakdown/115breakdown-0013/115breakdown-0013_22.csv,argon_only,10,115,22,True
Lissajouswaveformsdifferentmediums/argon/10 kHz/115% breakdown/115breakdown-0013/115breakdown-0013_23.csv,argon_only,10,115,23,False
Lissajouswaveformsdifferentmediums/argon/10 kHz/115% breakdown/115breakdown-0013/115breakdown-0013_24.csv,argon_only,10,115,24,False
Lissajouswaveformsdifferentmediums/argon/10 kHz/115% breakdown/115breakdown-0013/115breakdown-0013_25.csv,argon_only,10,115,25,False
Lissajouswaveformsdifferentmediums/argon/10 kHz/115% breakdown/115breakdown-0013/115breakdown-0013_26.csv,argon_only,10,115,26,True
Lissajouswaveformsdifferentmediums/argon/10 kHz/115% breakdown/115breakdown-0013/115breakdown-0013_27.csv,argon_only,10,115,27,False
Lissajouswaveformsdifferentmediums/argon/10 kHz/115% breakdown/115breakdown-0013/115breakdown-0013_28.csv,argon_only,10,115,28,False
Lissajouswaveformsdifferentmediums/argon/10 kHz/115% breakdown/115breakdown-0013/115breakdown-0013_29.csv,argon_only,10,115,29,False
Lissajouswaveformsdifferentmediums/argon/10 kHz/115% breakdown/115breakdown-0013/115breakdown-0013_30.csv,argon_only,10,115,30,True
Lissajouswaveformsdifferentmediums/argon/10 kHz/115% breakdown/115breakdown-0013/115breakdown-0013_31.csv,argon_only,10,115,31,False
Lissajouswaveformsdifferentmediums/argon/10 kHz/115% breakdown/115breakdown-0013/115breakdown-0013_32.csv,argon_only,10,115,32,False
Lissajouswaveformsdifferentmediums/argon/10 kHz/115% breakdown/115breakdown-0013/115breakdown-0013_33.csv,argon_only,10,115,33,False
Lissajouswaveformsdifferentmediums/argon/10 kHz/115% breakdown/115breakdown-0013/115breakdown-0013_34.csv,argon_only,10,115,34,False
Lissajouswaveformsdifferentmediums/argon/10 kHz/115% breakdown/115breakdown-0013/115breakdown-0013_35.csv,argon_only,10,115,35,True
Lissajouswaveformsdifferentmediums/argon/10 kHz/115% breakdown/115breakdown-0013/115breakdown-0013_36.csv,argon_only,10,115,36,False
Lissajouswaveformsdifferentmediums/argon/10 kHz/115% breakdown/115breakdown-0013/115breakdown-0013_37.csv,argon_only,10,115,37,False
Lissajouswaveformsdifferentmediums/argon/10 kHz/115% breakdown/115breakdown-0013/115breakdown-0013_38.csv,argon_only,10,115,38,False
Lissajouswaveformsdifferentmediums/argon/10 kHz/115% breakdown/115breakdown-0013/115breakdown-0013_39.csv,argon_only,10,115,39,True
Lissajouswaveformsdifferentmediums/argon/10 kHz/115% breakdown/115breakdown-0013/115breakdown-0013_40.csv,argon_only,10,115,40,False
Lissajouswaveformsdifferentmediums/argon/10 kHz/115% breakdown/115breakdown-0013/115breakdown-0013_41.csv,argon_only,10,115,41,False
Lissajouswaveformsdifferentmediums/argon/10 kHz/115% breakdown/115breakdown-0013/115breakdown-0013_42.csv,argon_only,10,115,42,False
Lissajouswaveformsdifferentmediums/argon/10 kHz/115% breakdown/115breakdown-0013/115breakdown-0013_43.csv,argon_only,10,115,43,True
Lissajouswaveformsdifferentmediums/argon/10 kHz/115% breakdown/115breakdown-0013/115breakdown-0013_44.csv,argon_only,10,115,44,False
Lissajouswaveformsdifferentmediums/argon/10 kHz/115% breakdown/115breakdown-0013/115breakdown-0013_45.csv,argon_only,10,115,45,False
Lissajouswaveformsdifferentmediums/argon/10 kHz/115% breakdown/115breakdown-0013/115breakdown-0013_46.csv,argon_only,10,115,46,False
Lissajouswaveformsdifferentmediums/argon/10 kHz/115% breakdown/115breakdown-0013/115breakdown-0013_47.csv,argon_only,10,115,47,True
Lissajouswaveformsdifferentmediums/argon/10 kHz/115% breakdown/115breakdown-0013/115breakdown-0013_48.csv,argon_only,10,115,48,False
Lissajouswaveformsdifferentmediums/argon/10 kHz/115% breakdown/115breakdown-0013/115breakdown-0013_49.csv,argon_only,10,115,49,False
Lissajouswaveformsdifferentmediums/argon/10 kHz/115% breakdown/115breakdown-0013/115breakdown-0013_50.csv,argon_only,10,115,50,False
Lissajouswaveformsdifferentmediums/argon/10 kHz/115% breakdown/115breakdown-0013/115breakdown-0013_51.csv,argon_only,10,115,51,True
Lissajouswaveformsdifferentmediums/argon/10 kHz/115% breakdown/115breakdown-0013/115breakdown-0013_52.csv,argon_only,10,115,52,False
Lissajouswaveformsdifferentmediums/argon/10 kHz/115% breakdown/115breakdown-0013/115breakdown-0013_53.csv,argon_only,10,115,53,False
Lissajouswaveformsdifferentmediums/argon/10 kHz/115% breakdown/115breakdown-0013/115breakdown-0013_54.csv,argon_only,10,115,54,False
Lissajouswaveformsdifferentmediums/argon/10 kHz/115% breakdown/115breakdown-0013/115breakdown-0013_55.csv,argon_only,10,115,55,False
Lissajouswaveformsdifferentmediums/argon/10 kHz/115% breakdown/115breakdown-0013/115breakdown-0013_56.csv,argon_only,10,115,56,True
Lissajouswaveformsdifferentmediums/argon/10 kHz/115% breakdown/115breakdown-0013/115breakdown-0013_57.csv,argon_only,10,115,57,False
Lissajouswaveformsdifferentmediums/argon/10 kHz/115% breakdown/115breakdown-0013/115breakdown-0013_58.csv,argon_only,10,115,58,False
Lissajouswaveformsdifferentmediums/argon/10 kHz/115% breakdown/115breakdown-0013/115breakdown-0013_59.csv,argon_only,10,115,59,False
Lissajouswaveformsdifferentmediums/argon/10 kHz/115% breakdown/115breakdown-0013/115breakdown-0013_60.csv,argon_only,10,115,60,True
Lissajouswaveformsdifferentmediums/argon/10 kHz/115% breakdown/115breakdown-0013/115breakdown-0013_61.csv,argon_only,10,115,61,False
Lissajouswaveformsdifferentmediums/argon/10 kHz/115% breakdown/115breakdown-0013/115breakdown-0013_62.csv,argon_only,10,115,62,False
Lissajouswaveformsdifferentmediums/argon/10 kHz/115% breakdown/115breakdown-0013/115breakdown-0013_63.csv,argon_only,10,115,63,False
Lissajouswaveformsdifferentmediums/argon/10 kHz/115% breakdown/115breakdown-0013/115breakdown-0013_64.csv,argon_only,10,115,64,True
Lissajouswaveformsdifferentmediums/argon/Lissajousfigure10kHz-0005/Lissajousfigure10kHz-0005_01.csv,argon_only,10,MAX,1,True
Lissajouswaveformsdifferentmediums/argon/Lissajousfigure10kHz-0005/Lissajousfigure10kHz-0005_02.csv,argon_only,10,MAX,2,True
Lissajouswaveformsdifferentmediums/argon/Lissajousfigure10kHz-0005/Lissajousfigure10kHz-0005_03.csv,argon_only,10,MAX,3,True
Lissajouswaveformsdifferentmediums/argon/Lissajousfigure10kHz-0005/Lissajousfigure10kHz-0005_04.csv,argon_only,10,MAX,4,True
Lissajouswaveformsdifferentmediums/argon/Lissajousfigure10kHz-0005/Lissajousfigure10kHz-0005_05.csv,argon_only,10,MAX,5,True
Lissajouswaveformsdifferentmediums/argon/Lissajousfigure10kHz-0005/Lissajousfigure10kHz-0005_06.csv,argon_only,10,MAX,6,True
Lissajouswaveformsdifferentmediums/argon/Lissajousfigure10kHz-0005/Lissajousfigure10kHz-0005_07.csv,argon_only,10,MAX,7,True
Lissajouswaveformsdifferentmediums/argon/Lissajousfigure10kHz-0005/Lissajousfigure10kHz-0005_08.csv,argon_only,10,MAX,8,True
Lissajouswaveformsdifferentmediums/argon/Lissajousfigure10kHz-0005/Lissajousfigure10kHz-0005_09.csv,argon_only,10,MAX,9,True
Lissajouswaveformsdifferentmediums/argon/Lissajousfigure10kHz-0005/Lissajousfigure10kHz-0005_10.csv,argon_only,10,MAX,10,True
Lissajouswaveformsdifferentmediums/argon/Lissajousfigure10kHz-0005/Lissajousfigure10kHz-0005_11.csv,argon_only,10,MAX,11,True
Lissajouswaveformsdifferentmediums/argon/Lissajousfigure10kHz-0005/Lissajousfigure10kHz-0005_12.csv,argon_only,10,MAX,12,True
Lissajouswaveformsdifferentmediums/argon/Lissajousfigure10kHz-0005/Lissajousfigure10kHz-0005_13.csv,argon_only,10,MAX,13,True
Lissajouswaveformsdifferentmediums/argon/Lissajousfigure10kHz-0005/Lissajousfigure10kHz-0005_14.csv,argon_only,10,MAX,14,True
Lissajouswaveformsdifferentmediums/argon/Lissajousfigure10kHz-0005/Lissajousfigure10kHz-0005_15.csv,argon_only,10,MAX,15,True
Lissajouswaveformsdifferentmediums/argon/Lissajousfigure10kHz-0005/Lissajousfigure10kHz-0005_16.csv,argon_only,10,MAX,16,True
Lissajouswaveformsdifferentmediums/argon/Lissajousfigure10kHz-0005/Lissajousfigure10kHz-0005_17.csv,argon_only,10,MAX,17,True
Lissajouswaveformsdifferentmediums/argon/Lissajousfigure10kHz-0005/Lissajousfigure10kHz-0005_18.csv,argon_only,10,MAX,18,True
Lissajouswaveformsdifferentmediums/argon/Lissajousfigure10kHz-0005/Lissajousfigure10kHz-0005_19.csv,argon_only,10,MAX,19,True
Lissajouswaveformsdifferentmediums/argon/Lissajousfigure10kHz-0005/Lissajousfigure10kHz-0005_20.csv,argon_only,10,MAX,20,True
Lissajouswaveformsdifferentmediums/argon/Lissajousfigure10kHz-0005/Lissajousfigure10kHz-0005_21.csv,argon_only,10,MAX,21,True
Lissajouswaveformsdifferentmediums/argon/Lissajousfigure10kHz-0005/Lissajousfigure10kHz-0005_22.csv,argon_only,10,MAX,22,True
Lissajouswaveformsdifferentmediums/argon/Lissajousfigure10kHz-0005/Lissajousfigure10kHz-0005_23.csv,argon_only,10,MAX,23,True
Lissajouswaveformsdifferentmediums/argon/Lissajousfigure10kHz-0005/Lissajousfigure10kHz-0005_24.csv,argon_only,10,MAX,24,True
Lissajouswaveformsdifferentmediums/argon/Lissajousfigure10kHz-0005/Lissajousfigure10kHz-0005_25.csv,argon_only,10,MAX,25,True
Lissajouswaveformsdifferentmediums/argon/Lissajousfigure10kHz-0005/Lissajousfigure10kHz-0005_26.csv,argon_only,10,MAX,26,True
Lissajouswaveformsdifferentmediums/argon/Lissajousfigure10kHz-0005/Lissajousfigure10kHz-0005_27.csv,argon_only,10,MAX,27,True
Lissajouswaveformsdifferentmediums/argon/Lissajousfigure10kHz-0005/Lissajousfigure10kHz-0005_28.csv,argon_only,10,MAX,28,True
Lissajouswaveformsdifferentmediums/argon/Lissajousfigure10kHz-0005/Lissajousfigure10kHz-0005_29.csv,argon_only,10,MAX,29,True
Lissajouswaveformsdifferentmediums/argon/Lissajousfigure10kHz-0005/Lissajousfigure10kHz-0005_30.csv,argon_only,10,MAX,30,True
Lissajouswaveformsdifferentmediums/argon/Lissajousfigure10kHz-0005/Lissajousfigure10kHz-0005_31.csv,argon_only,10,MAX,31,True
Lissajouswaveformsdifferentmediums/argon/Lissajousfigure10kHz-0005/Lissajousfigure10kHz-0005_32.csv,argon_only,10,MAX,32,True
Lissajouswaveformsdifferentmediums/argon/Lissajousfigure10kHz-0005/Lissajousfigure10kHz-0005_33.csv,argon_only,10,MAX,33,True
Lissajouswaveformsdifferentmediums/argon/Lissajousfigure10kHz-0005/Lissajousfigure10kHz-0005_34.csv,argon_only,10,MAX,34,True
Lissajouswaveformsdifferentmediums/argon/Lissajousfigure10kHz-0005/Lissajousfigure10kHz-0005_35.csv,argon_only,10,MAX,35,True
Lissajouswaveformsdifferentmediums/argon/Lissajousfigure10kHz-0005/Lissajousfigure10kHz-0005_36.csv,argon_only,10,MAX,36,True
Lissajouswaveformsdifferentmediums/argon/Lissajousfigure10kHz-0005/Lissajousfigure10kHz-0005_37.csv,argon_only,10,MAX,37,True
Lissajouswaveformsdifferentmediums/argon/Lissajousfigure10kHz-0005/Lissajousfigure10kHz-0005_38.csv,argon_only,10,MAX,38,True
Lissajouswaveformsdifferentmediums/argon/Lissajousfigure10kHz-0005/Lissajousfigure10kHz-0005_39.csv,argon_only,10,MAX,39,True
Lissajouswaveformsdifferentmediums/argon/Lissajousfigure10kHz-0005/Lissajousfigure10kHz-0005_40.csv,argon_only,10,MAX,40,True
Lissajouswaveformsdifferentmediums/argon/Lissajousfigure10kHz-0005/Lissajousfigure10kHz-0005_41.csv,argon_only,10,MAX,41,True
Lissajouswaveformsdifferentmediums/argon/Lissajousfigure10kHz-0005/Lissajousfigure10kHz-0005_42.csv,argon_only,10,MAX,42,True
Lissajouswaveformsdifferentmediums/argon/Lissajousfigure10kHz-0005/Lissajousfigure10kHz-0005_43.csv,argon_only,10,MAX,43,True
Lissajouswaveformsdifferentmediums/argon/Lissajousfigure10kHz-0005/Lissajousfigure10kHz-0005_44.csv,argon_only,10,MAX,44,True
Lissajouswaveformsdifferentmediums/argon/Lissajousfigure10kHz-0005/Lissajousfigure10kHz-0005_45.csv,argon_only,10,MAX,45,True
Lissajouswaveformsdifferentmediums/argon/Lissajousfigure10kHz-0005/Lissajousfigure10kHz-0005_46.csv,argon_only,10,MAX,46,True
Lissajouswaveformsdifferentmediums/argon/Lissajousfigure10kHz-0005/Lissajousfigure10kHz-0005_47.csv,argon_only,10,MAX,47,True
Lissajouswaveformsdifferentmediums/argon/Lissajousfigure10kHz-0005/Lissajousfigure10kHz-0005_48.csv,argon_only,10,MAX,48,True
Lissajouswaveformsdifferentmediums/argon/Lissajousfigure10kHz-0005/Lissajousfigure10kHz-0005_49.csv,argon_only,10,MAX,49,True
Lissajouswaveformsdifferentmediums/argon/Lissajousfigure10kHz-0005/Lissajousfigure10kHz-0005_50.csv,argon_only,10,MAX,50,True
Lissajouswaveformsdifferentmediums/argon/Lissajousfigure10kHz-0005/Lissajousfigure10kHz-0005_51.csv,argon_only,10,MAX,51,True
Lissajouswaveformsdifferentmediums/argon/Lissajousfigure10kHz-0005/Lissajousfigure10kHz-0005_52.csv,argon_only,10,MAX,52,True
Lissajouswaveformsdifferentmediums/argon/Lissajousfigure10kHz-0005/Lissajousfigure10kHz-0005_53.csv,argon_only,10,MAX,53,True
Lissajouswaveformsdifferentmediums/argon/Lissajousfigure10kHz-0005/Lissajousfigure10kHz-0005_54.csv,argon_only,10,MAX,54,True
Lissajouswaveformsdifferentmediums/argon/Lissajousfigure10kHz-0005/Lissajousfigure10kHz-0005_55.csv,argon_only,10,MAX,55,True
Lissajouswaveformsdifferentmediums/argon/Lissajousfigure10kHz-0005/Lissajousfigure10kHz-0005_56.csv,argon_only,10,MAX,56,True
Lissajouswaveformsdifferentmediums/argon/Lissajousfigure10kHz-0005/Lissajousfigure10kHz-0005_57.csv,argon_only,10,MAX,57,True
Lissajouswaveformsdifferentmediums/argon/Lissajousfigure10kHz-0005/Lissajousfigure10kHz-0005_58.csv,argon_only,10,MAX,58,True
Lissajouswaveformsdifferentmediums/argon/Lissajousfigure10kHz-0005/Lissajousfigure10kHz-0005_59.csv,argon_only,10,MAX,59,True
Lissajouswaveformsdifferentmediums/argon/Lissajousfigure10kHz-0005/Lissajousfigure10kHz-0005_60.csv,argon_only,10,MAX,60,True
Lissajouswaveformsdifferentmediums/argon/Lissajousfigure10kHz-0005/Lissajousfigure10kHz-0005_61.csv,argon_only,10,MAX,61,True
Lissajouswaveformsdifferentmediums/argon/Lissajousfigure10kHz-0005/Lissajousfigure10kHz-0005_62.csv,argon_only,10,MAX,62,True
Lissajouswaveformsdifferentmediums/argon/Lissajousfigure10kHz-0005/Lissajousfigure10kHz-0005_63.csv,argon_only,10,MAX,63,True
Lissajouswaveformsdifferentmediums/argon/Lissajousfigure10kHz-0005/Lissajousfigure10kHz-0005_64.csv,argon_only,10,MAX,64,True
Lissajouswaveformsdifferentmediums/argon/20 kHz/40% breakdown/0_4breakdown/0_4breakdown_01.csv,argon_only,20,40,1,True
Lissajouswaveformsdifferentmediums/argon/20 kHz/40% breakdown/0_4breakdown/0_4breakdown_02.csv,argon_only,20,40,2,False
Lissajouswaveformsdifferentmediums/argon/20 kHz/40% breakdown/0_4breakdown/0_4breakdown_03.csv,argon_only,20,40,3,False
Lissajouswaveformsdifferentmediums/argon/20 kHz/40% breakdown/0_4breakdown/0_4breakdown_04.csv,argon_only,20,40,4,False
Lissajouswaveformsdifferentmediums/argon/20 kHz/40% breakdown/0_4breakdown/0_4breakdown_05.csv,argon_only,20,40,5,True
Lissajouswaveformsdifferentmediums/argon/20 kHz/40% breakdown/0_4breakdown/0_4breakdown_06.csv,argon_only,20,40,6,False
Lissajouswaveformsdifferentmediums/argon/20 kHz/40% breakdown/0_4breakdown/0_4breakdown_07.csv,argon_only,20,40,7,False
Lissajouswaveformsdifferentmediums/argon/20 kHz/40% breakdown/0_4breakdown/0_4breakdown_08.csv,argon_only,20,40,8,False
Lissajouswaveformsdifferentmediums/argon/20 kHz/40% breakdown/0_4breakdown/0_4breakdown_09.csv,argon_only,20,40,9,True
Lissajouswaveformsdifferentmediums/argon/20 kHz/40% breakdown/0_4breakdown/0_4breakdown_10.csv,argon_only,20,40,10,False
Lissajouswaveformsdifferentmediums/argon/20 kHz/40% breakdown/0_4breakdown/0_4breakdown_11.csv,argon_only,20,40,11,False
Lissajouswaveformsdifferentmediums/argon/20 kHz/40% breakdown/0_4breakdown/0_4breakdown_12.csv,argon_only,20,40,12,False
Lissajouswaveformsdifferentmediums/argon/20 kHz/40% breakdown/0_4breakdown/0_4breakdown_13.csv,argon_only,20,40,13,False
Lissajouswaveformsdifferentmediums/argon/20 kHz/40% breakdown/0_4breakdown/0_4breakdown_14.csv,argon_only,20,40,14,True
Lissajouswaveformsdifferentmediums/argon/20 kHz/40% breakdown/0_4breakdown/0_4breakdown_15.csv,argon_only,20,40,15,False
Lissajouswaveformsdifferentmediums/argon/20 kHz/40% breakdown/0_4breakdown/0_4breakdown_16.csv,argon_only,20,40,16,False
Lissajouswaveformsdifferentmediums/argon/20 kHz/40% breakdown/0_4breakdown/0_4breakdown_17.csv,argon_only,20,40,17,False
Lissajouswaveformsdifferentmediums/argon/20 kHz/40% breakdown/0_4breakdown/0_4breakdown_18.csv,argon_only,20,40,18,True
Lissajouswaveformsdifferentmediums/argon/20 kHz/40% breakdown/0_4breakdown/0_4breakdown_19.csv,argon_only,20,40,19,False
Lissajouswaveformsdifferentmediums/argon/20 kHz/40% breakdown/0_4breakdown/0_4breakdown_20.csv,argon_only,20,40,20,False
Lissajouswaveformsdifferentmediums/argon/20 kHz/40% breakdown/0_4breakdown/0_4breakdown_21.csv,argon_only,20,40,21,False
Lissajouswaveformsdifferentmediums/argon/20 kHz/40% breakdown/0_4breakdown/0_4breakdown_22.csv,argon_only,20,40,22,True
Lissajouswaveformsdifferentmediums/argon/20 kHz/40% breakdown/0_4breakdown/0_4breakdown_23.csv,argon_only,20,40,23,False
Lissajouswaveformsdifferentmediums/argon/20 kHz/40% breakdown/0_4breakdown/0_4breakdown_24.csv,argon_only,20,40,24,False
Lissajouswaveformsdifferentmediums/argon/20 kHz/40% breakdown/0_4breakdown/0_4breakdown_25.csv,argon_only,20,40,25,False
Lissajouswaveformsdifferentmediums/argon/20 kHz/40% breakdown/0_4breakdown/0_4breakdown_26.csv,argon_only,20,40,26,True
Lissajouswaveformsdifferentmediums/argon/20 kHz/40% breakdown/0_4breakdown/0_4breakdown_27.csv,argon_only,20,40,27,False
Lissajouswaveformsdifferentmediums/argon/20 kHz/40% breakdown/0_4breakdown/0_4breakdown_28.csv,argon_only,20,40,28,False
Lissajouswaveformsdifferentmediums/argon/20 kHz/40% breakdown/0_4breakdown/0_4breakdown_29.csv,argon_only,20,40,29,False
Lissajouswaveformsdifferentmediums/argon/20 kHz/40% breakdown/0_4breakdown/0_4breakdown_30.csv,argon_only,20,40,30,True
Lissajouswaveformsdifferentmediums/argon/20 kHz/40% breakdown/0_4breakdown/0_4breakdown_31.csv,argon_only,20,40,31,False
Lissajouswaveformsdifferentmediums/argon/20 kHz/40% breakdown/0_4breakdown/0_4breakdown_32.csv,argon_only,20,40,32,False
Lissajouswaveformsdifferentmediums/argon/20 kHz/40% breakdown/0_4breakdown/0_4breakdown_33.csv,argon_only,20,40,33,False
Lissajouswaveformsdifferentmediums/argon/20 kHz/40% breakdown/0_4breakdown/0_4breakdown_34.csv,argon_only,20,40,34,False
Lissajouswaveformsdifferentmediums/argon/20 kHz/40% breakdown/0_4breakdown/0_4breakdown_35.csv,argon_only,20,40,35,True
Lissajouswaveformsdifferentmediums/argon/20 kHz/40% breakdown/0_4breakdown/0_4breakdown_36.csv,argon_only,20,40,36,False
Lissajouswaveformsdifferentmediums/argon/20 kHz/40% breakdown/0_4breakdown/0_4breakdown_37.csv,argon_only,20,40,37,False
Lissajouswaveformsdifferentmediums/argon/20 kHz/40% breakdown/0_4breakdown/0_4breakdown_38.csv,argon_only,20,40,38,False
Lissajouswaveformsdifferentmediums/argon/20 kHz/40% breakdown/0_4breakdown/0_4breakdown_39.csv,argon_only,20,40,39,True
Lissajouswaveformsdifferentmediums/argon/20 kHz/40% breakdown/0_4breakdown/0_4breakdown_40.csv,argon_only,20,40,40,False
Lissajouswaveformsdifferentmediums/argon/20 kHz/40% breakdown/0_4breakdown/0_4breakdown_41.csv,argon_only,20,40,41,False
Lissajouswaveformsdifferentmediums/argon/20 kHz/40% breakdown/0_4breakdown/0_4breakdown_42.csv,argon_only,20,40,42,False
Lissajouswaveformsdifferentmediums/argon/20 kHz/40% breakdown/0_4breakdown/0_4breakdown_43.csv,argon_only,20,40,43,True
Lissajouswaveformsdifferentmediums/argon/20 kHz/40% breakdown/0_4breakdown/0_4breakdown_44.csv,argon_only,20,40,44,False
Lissajouswaveformsdifferentmediums/argon/20 kHz/40% breakdown/0_4breakdown/0_4breakdown_45.csv,argon_only,20,40,45,False
Lissajouswaveformsdifferentmediums/argon/20 kHz/40% breakdown/0_4breakdown/0_4breakdown_46.csv,argon_only,20,40,46,False
Lissajouswaveformsdifferentmediums/argon/20 kHz/40% breakdown/0_4breakdown/0_4breakdown_47.csv,argon_only,20,40,47,True
Lissajouswaveformsdifferentmediums/argon/20 kHz/40% breakdown/0_4breakdown/0_4breakdown_48.csv,argon_only,20,40,48,False
Lissajouswaveformsdifferentmediums/argon/20 kHz/40% breakdown/0_4breakdown/0_4breakdown_49.csv,argon_only,20,40,49,False
Lissajouswaveformsdifferentmediums/argon/20 kHz/40% breakdown/0_4breakdown/0_4breakdown_50.csv,argon_only,20,40,50,False
Lissajouswaveformsdifferentmediums/argon/20 kHz/40% breakdown/0_4breakdown/0_4breakdown_51.csv,argon_only,20,40,51,True
Lissajouswaveformsdifferentmediums/argon/20 kHz/40% breakdown/0_4breakdown/0_4breakdown_52.csv,argon_only,20,40,52,False
Lissajouswaveformsdifferentmediums/argon/20 kHz/40% breakdown/0_4breakdown/0_4breakdown_53.csv,argon_only,20,40,53,False
Lissajouswaveformsdifferentmediums/argon/20 kHz/40% breakdown/0_4breakdown/0_4breakdown_54.csv,argon_only,20,40,54,False
Lissajouswaveformsdifferentmediums/argon/20 kHz/40% breakdown/0_4breakdown/0_4breakdown_55.csv,argon_only,20,40,55,False
Lissajouswaveformsdifferentmediums/argon/20 kHz/40% breakdown/0_4breakdown/0_4breakdown_56.csv,argon_only,20,40,56,True
Lissajouswaveformsdifferentmediums/argon/20 kHz/40% breakdown/0_4breakdown/0_4breakdown_57.csv,argon_only,20,40,57,False
Lissajouswaveformsdifferentmediums/argon/20 kHz/40% breakdown/0_4breakdown/0_4breakdown_58.csv,argon_only,20,40,58,False
Lissajouswaveformsdifferentmediums/argon/20 kHz/40% breakdown/0_4breakdown/0_4breakdown_59.csv,argon_only,20,40,59,False
Lissajouswaveformsdifferentmediums/argon/20 kHz/40% breakdown/0_4breakdown/0_4breakdown_60.csv,argon_only,20,40,60,True
Lissajouswaveformsdifferentmediums/argon/20 kHz/40% breakdown/0_4breakdown/0_4breakdown_61.csv,argon_only,20,40,61,False
Lissajouswaveformsdifferentmediums/argon/20 kHz/40% breakdown/0_4breakdown/0_4breakdown_62.csv,argon_only,20,40,62,False
Lissajouswaveformsdifferentmediums/argon/20 kHz/40% breakdown/0_4breakdown/0_4breakdown_63.csv,argon_only,20,40,63,False
Lissajouswaveformsdifferentmediums/argon/20 kHz/40% breakdown/0_4breakdown/0_4breakdown_64.csv,argon_only,20,40,64,True
Lissajouswaveformsdifferentmediums/argon/20 kHz/60% breakdown/0_6breakdown-0002/0_6breakdown-0002_01.csv,argon_only,20,60,1,True
Lissajouswaveformsdifferentmediums/argon/20 kHz/60% breakdown/0_6breakdown-0002/0_6breakdown-0002_02.csv,argon_only,20,60,2,False
Lissajouswaveformsdifferentmediums/argon/20 kHz/60% breakdown/0_6breakdown-0002/0_6breakdown-0002_03.csv,argon_only,20,60,3,False
Lissajouswaveformsdifferentmediums/argon/20 kHz/60% breakdown/0_6breakdown-0002/0_6breakdown-0002_04.csv,argon_only,20,60,4,False
Lissajouswaveformsdifferentmediums/argon/20 kHz/60% breakdown/0_6breakdown-0002/0_6breakdown-0002_05.csv,argon_only,20,60,5,True
Lissajouswaveformsdifferentmediums/argon/20 kHz/60% breakdown/0_6breakdown-0002/0_6breakdown-0002_06.csv,argon_only,20,60,6,False
Lissajouswaveformsdifferentmediums/argon/20 kHz/60% breakdown/0_6breakdown-0002/0_6breakdown-0002_07.csv,argon_only,20,60,7,False
Lissajouswaveformsdifferentmediums/argon/20 kHz/60% breakdown/0_6breakdown-0002/0_6breakdown-0002_08.csv,argon_only,20,60,8,False
Lissajouswaveformsdifferentmediums/argon/20 kHz/60% breakdown/0_6breakdown-0002/0_6breakdown-0002_09.csv,argon_only,20,60,9,True
Lissajouswaveformsdifferentmediums/argon/20 kHz/60% breakdown/0_6breakdown-0002/0_6breakdown-0002_10.csv,argon_only,20,60,10,False
Lissajouswaveformsdifferentmediums/argon/20 kHz/60% breakdown/0_6breakdown-0002/0_6breakdown-0002_11.csv,argon_only,20,60,11,False
Lissajouswaveformsdifferentmediums/argon/20 kHz/60% breakdown/0_6breakdown-0002/0_6breakdown-0002_12.csv,argon_only,20,60,12,False
Lissajouswaveformsdifferentmediums/argon/20 kHz/60% breakdown/0_6breakdown-0002/0_6breakdown-0002_13.csv,argon_only,20,60,13,False
Lissajouswaveformsdifferentmediums/argon/20 kHz/60% breakdown/0_6breakdown-0002/0_6breakdown-0002_14.csv,argon_only,20,60,14,True
Lissajouswaveformsdifferentmediums/argon/20 kHz/60% breakdown/0_6breakdown-0002/0_6breakdown-0002_15.csv,argon_only,20,60,15,False
Lissajouswaveformsdifferentmediums/argon/20 kHz/60% breakdown/0_6breakdown-0002/0_6breakdown-0002_16.csv,argon_only,20,60,16,False
Lissajouswaveformsdifferentmediums/argon/20 kHz/60% breakdown/0_6breakdown-0002/0_6breakdown-0002_17.csv,argon_only,20,60,17,False
Lissajouswaveformsdifferentmediums/argon/20 kHz/60% breakdown/0_6breakdown-0002/0_6breakdown-0002_18.csv,argon_only,20,60,18,True
Lissajouswaveformsdifferentmediums/argon/20 kHz/60% breakdown/0_6breakdown-0002/0_6breakdown-0002_19.csv,argon_only,20,60,19,False
Lissajouswaveformsdifferentmediums/argon/20 kHz/60% breakdown/0_6breakdown-0002/0_6breakdown-0002_20.csv,argon_only,20,60,20,False
Lissajouswaveformsdifferentmediums/argon/20 kHz/60% breakdown/0_6breakdown-0002/0_6breakdown-0002_21.csv,argon_only,20,60,21,False
Lissajouswaveformsdifferentmediums/argon/20 kHz/60% breakdown/0_6breakdown-0002/0_6breakdown-0002_22.csv,argon_only,20,60,22,True
Lissajouswaveformsdifferentmediums/argon/20 kHz/60% breakdown/0_6breakdown-0002/0_6breakdown-0002_23.csv,argon_only,20,60,23,False
Lissajouswaveformsdifferentmediums/argon/20 kHz/60% breakdown/0_6breakdown-0002/0_6breakdown-0002_24.csv,argon_only,20,60,24,False
Lissajouswaveformsdifferentmediums/argon/20 kHz/60% breakdown/0_6breakdown-0002/0_6breakdown-0002_25.csv,argon_only,20,60,25,False
Lissajouswaveformsdifferentmediums/argon/20 kHz/60% breakdown/0_6breakdown-0002/0_6breakdown-0002_26.csv,argon_only,20,60,26,True
Lissajouswaveformsdifferentmediums/argon/20 kHz/60% breakdown/0_6breakdown-0002/0_6breakdown-0002_27.csv,argon_only,20,60,27,False
Lissajouswaveformsdifferentmediums/argon/20 kHz/60% breakdown/0_6breakdown-0002/0_6breakdown-0002_28.csv,argon_only,20,60,28,False
Lissajouswaveformsdifferentmediums/argon/20 kHz/60% breakdown/0_6breakdown-0002/0_6breakdown-0002_29.csv,argon_only,20,60,29,False
Lissajouswaveformsdifferentmediums/argon/20 kHz/60% breakdown/0_6breakdown-0002/0_6breakdown-0002_30.csv,argon_only,20,60,30,True
Lissajouswaveformsdifferentmediums/argon/20 kHz/60% breakdown/0_6breakdown-0002/0_6breakdown-0002_31.csv,argon_only,20,60,31,False
Lissajouswaveformsdifferentmediums/argon/20 kHz/60% breakdown/0_6breakdown-0002/0_6breakdown-0002_32.csv,argon_only,20,60,32,False
Lissajouswaveformsdifferentmediums/argon/20 kHz/60% breakdown/0_6breakdown-0002/0_6breakdown-0002_33.csv,argon_only,20,60,33,False
Lissajouswaveformsdifferentmediums/argon/20 kHz/60% breakdown/0_6breakdown-0002/0_6breakdown-0002_34.csv,argon_only,20,60,34,False
Lissajouswaveformsdifferentmediums/argon/20 kHz/60% breakdown/0_6breakdown-0002/0_6breakdown-0002_35.csv,argon_only,20,60,35,True
Lissajouswaveformsdifferentmediums/argon/20 kHz/60% breakdown/0_6breakdown-0002/0_6breakdown-0002_36.csv,argon_only,20,60,36,False
Lissajouswaveformsdifferentmediums/argon/20 kHz/60% breakdown/0_6breakdown-0002/0_6breakdown-0002_37.csv,argon_only,20,60,37,False
Lissajouswaveformsdifferentmediums/argon/20 kHz/60% breakdown/0_6breakdown-0002/0_6breakdown-0002_38.csv,argon_only,20,60,38,False
Lissajouswaveformsdifferentmediums/argon/20 kHz/60% breakdown/0_6breakdown-0002/0_6breakdown-0002_39.csv,argon_only,20,60,39,True
Lissajouswaveformsdifferentmediums/argon/20 kHz/60% breakdown/0_6breakdown-0002/0_6breakdown-0002_40.csv,argon_only,20,60,40,False
Lissajouswaveformsdifferentmediums/argon/20 kHz/60% breakdown/0_6breakdown-0002/0_6breakdown-0002_41.csv,argon_only,20,60,41,False
Lissajouswaveformsdifferentmediums/argon/20 kHz/60% breakdown/0_6breakdown-0002/0_6breakdown-0002_42.csv,argon_only,20,60,42,False
Lissajouswaveformsdifferentmediums/argon/20 kHz/60% breakdown/0_6breakdown-0002/0_6breakdown-0002_43.csv,argon_only,20,60,43,True
Lissajouswaveformsdifferentmediums/argon/20 kHz/60% breakdown/0_6breakdown-0002/0_6breakdown-0002_44.csv,argon_only,20,60,44,False
Lissajouswaveformsdifferentmediums/argon/20 kHz/60% breakdown/0_6breakdown-0002/0_6breakdown-0002_45.csv,argon_only,20,60,45,False
Lissajouswaveformsdifferentmediums/argon/20 kHz/60% breakdown/0_6breakdown-0002/0_6breakdown-0002_46.csv,argon_only,20,60,46,False
Lissajouswaveformsdifferentmediums/argon/20 kHz/60% breakdown/0_6breakdown-0002/0_6breakdown-0002_47.csv,argon_only,20,60,47,True
Lissajouswaveformsdifferentmediums/argon/20 kHz/60% breakdown/0_6breakdown-0002/0_6breakdown-0002_48.csv,argon_only,20,60,48,False
Lissajouswaveformsdifferentmediums/argon/20 kHz/60% breakdown/0_6breakdown-0002/0_6breakdown-0002_49.csv,argon_only,20,60,49,False
Lissajouswaveformsdifferentmediums/argon/20 kHz/60% breakdown/0_6breakdown-0002/0_6breakdown-0002_50.csv,argon_only,20,60,50,False
Lissajouswaveformsdifferentmediums/argon/20 kHz/60% breakdown/0_6breakdown-0002/0_6breakdown-0002_51.csv,argon_only,20,60,51,True
Lissajouswaveformsdifferentmediums/argon/20 kHz/60% breakdown/0_6breakdown-0002/0_6breakdown-0002_52.csv,argon_only,20,60,52,False
Lissajouswaveformsdifferentmediums/argon/20 kHz/60% breakdown/0_6breakdown-0002/0_6breakdown-0002_53.csv,argon_only,20,60,53,False
Lissajouswaveformsdifferentmediums/argon/20 kHz/60% breakdown/0_6breakdown-0002/0_6breakdown-0002_54.csv,argon_only,20,60,54,False
Lissajouswaveformsdifferentmediums/argon/20 kHz/60% breakdown/0_6breakdown-0002/0_6breakdown-0002_55.csv,argon_only,20,60,55,False
Lissajouswaveformsdifferentmediums/argon/20 kHz/60% breakdown/0_6breakdown-0002/0_6breakdown-0002_56.csv,argon_only,20,60,56,True
Lissajouswaveformsdifferentmediums/argon/20 kHz/60% breakdown/0_6breakdown-0002/0_6breakdown-0002_57.csv,argon_only,20,60,57,False
Lissajouswaveformsdifferentmediums/argon/20 kHz/60% breakdown/0_6breakdown-0002/0_6breakdown-0002_58.csv,argon_only,20,60,58,False
Lissajouswaveformsdifferentmediums/argon/20 kHz/60% breakdown/0_6breakdown-0002/0_6breakdown-0002_59.csv,argon_only,20,60,59,False
Lissajouswaveformsdifferentmediums/argon/20 kHz/60% breakdown/0_6breakdown-0002/0_6breakdown-0002_60.csv,argon_only,20,60,60,True
Lissajouswaveformsdifferentmediums/argon/20 kHz/60% breakdown/0_6breakdown-0002/0_6breakdown-0002_61.csv,argon_only,20,60,61,False
Lissajouswaveformsdifferentmediums/argon/20 kHz/60% breakdown/0_6breakdown-0002/0_6breakdown-0002_62.csv,argon_only,20,60,62,False
Lissajouswaveformsdifferentmediums/argon/20 kHz/60% breakdown/0_6breakdown-0002/0_6breakdown-0002_63.csv,argon_only,20,60,63,False
Lissajouswaveformsdifferentmediums/argon/20 kHz/60% breakdown/0_6breakdown-0002/0_6breakdown-0002_64.csv,argon_only,20,60,64,True
Lissajouswaveformsdifferentmediums/argon/20 kHz/75% breakdown/0_75breakdown-0003/0_75breakdown-0003_01.csv,argon_only,20,75,1,True
Lissajouswaveformsdifferentmediums/argon/20 kHz/75% breakdown/0_75breakdown-0003/0_75breakdown-0003_02.csv,argon_only,20,75,2,False
Lissajouswaveformsdifferentmediums/argon/20 kHz/75% breakdown/0_75breakdown-0003/0_75breakdown-0003_03.csv,argon_only,20,75,3,False
Lissajouswaveformsdifferentmediums/argon/20 kHz/75% breakdown/0_75breakdown-0003/0_75breakdown-0003_04.csv,argon_only,20,75,4,False
Lissajouswaveformsdifferentmediums/argon/20 kHz/75% breakdown/0_75breakdown-0003/0_75breakdown-0003_05.csv,argon_only,20,75,5,True
Lissajouswaveformsdifferentmediums/argon/20 kHz/75% breakdown/0_75breakdown-0003/0_75breakdown-0003_06.csv,argon_only,20,75,6,False
Lissajouswaveformsdifferentmediums/argon/20 kHz/75% breakdown/0_75breakdown-0003/0_75breakdown-0003_07.csv,argon_only,20,75,7,False
Lissajouswaveformsdifferentmediums/argon/20 kHz/75% breakdown/0_75breakdown-0003/0_75breakdown-0003_08.csv,argon_only,20,75,8,False
Lissajouswaveformsdifferentmediums/argon/20 kHz/75% breakdown/0_75breakdown-0003/0_75breakdown-0003_09.csv,argon_only,20,75,9,True
Lissajouswaveformsdifferentmediums/argon/20 kHz/75% breakdown/0_75breakdown-0003/0_75breakdown-0003_10.csv,argon_only,20,75,10,False
Lissajouswaveformsdifferentmediums/argon/20 kHz/75% breakdown/0_75breakdown-0003/0_75breakdown-0003_11.csv,argon_only,20,75,11,False
Lissajouswaveformsdifferentmediums/argon/20 kHz/75% breakdown/0_75breakdown-0003/0_75breakdown-0003_12.csv,argon_only,20,75,12,False
Lissajouswaveformsdifferentmediums/argon/20 kHz/75% breakdown/0_75breakdown-0003/0_75breakdown-0003_13.csv,argon_only,20,75,13,False
Lissajouswaveformsdifferentmediums/argon/20 kHz/75% breakdown/0_75breakdown-0003/0_75breakdown-0003_14.csv,argon_only,20,75,14,True
Lissajouswaveformsdifferentmediums/argon/20 kHz/75% breakdown/0_75breakdown-0003/0_75breakdown-0003_15.csv,argon_only,20,75,15,False
Lissajouswaveformsdifferentmediums/argon/20 kHz/75% breakdown/0_75breakdown-0003/0_75breakdown-0003_16.csv,argon_only,20,75,16,False
Lissajouswaveformsdifferentmediums/argon/20 kHz/75% breakdown/0_75breakdown-0003/0_75breakdown-0003_17.csv,argon_only,20,75,17,False
Lissajouswaveformsdifferentmediums/argon/20 kHz/75% breakdown/0_75breakdown-0003/0_75breakdown-0003_18.csv,argon_only,20,75,18,True
Lissajouswaveformsdifferentmediums/argon/20 kHz/75% breakdown/0_75breakdown-0003/0_75breakdown-0003_19.csv,argon_only,20,75,19,False
Lissajouswaveformsdifferentmediums/argon/20 kHz/75% breakdown/0_75breakdown-0003/0_75breakdown-0003_20.csv,argon_only,20,75,20,False
Lissajouswaveformsdifferentmediums/argon/20 kHz/75% breakdown/0_75breakdown-0003/0_75breakdown-0003_21.csv,argon_only,20,75,21,False
Lissajouswaveformsdifferentmediums/argon/20 kHz/75% breakdown/0_75breakdown-0003/0_75breakdown-0003_22.csv,argon_only,20,75,22,True
Lissajouswaveformsdifferentmediums/argon/20 kHz/75% breakdown/0_75breakdown-0003/0_75breakdown-0003_23.csv,argon_only,20,75,23,False
Lissajouswaveformsdifferentmediums/argon/20 kHz/75% breakdown/0_75breakdown-0003/0_75breakdown-0003_24.csv,argon_only,20,75,24,False
Lissajouswaveformsdifferentmediums/argon/20 kHz/75% breakdown/0_75breakdown-0003/0_75breakdown-0003_25.csv,argon_only,20,75,25,False
Lissajouswaveformsdifferentmediums/argon/20 kHz/75% breakdown/0_75breakdown-0003/0_75breakdown-0003_26.csv,argon_only,20,75,26,True
Lissajouswaveformsdifferentmediums/argon/20 kHz/75% breakdown/0_75breakdown-0003/0_75breakdown-0003_27.csv,argon_only,20,75,27,False
Lissajouswaveformsdifferentmediums/argon/20 kHz/75% breakdown/0_75breakdown-0003/0_75breakdown-0003_28.csv,argon_only,20,75,28,False
Lissajouswaveformsdifferentmediums/argon/20 kHz/75% breakdown/0_75breakdown-0003/0_75breakdown-0003_29.csv,argon_only,20,75,29,False
Lissajouswaveformsdifferentmediums/argon/20 kHz/75% breakdown/0_75breakdown-0003/0_75breakdown-0003_30.csv,argon_only,20,75,30,True
Lissajouswaveformsdifferentmediums/argon/20 kHz/75% breakdown/0_75breakdown-0003/0_75breakdown-0003_31.csv,argon_only,20,75,31,False
Lissajouswaveformsdifferentmediums/argon/20 kHz/75% breakdown/0_75breakdown-0003/0_75breakdown-0003_32.csv,argon_only,20,75,32,False
Lissajouswaveformsdifferentmediums/argon/20 kHz/75% breakdown/0_75breakdown-0003/0_75breakdown-0003_33.csv,argon_only,20,75,33,False
Lissajouswaveformsdifferentmediums/argon/20 kHz/75% breakdown/0_75breakdown-0003/0_75breakdown-0003_34.csv,argon_only,20,75,34,False
Lissajouswaveformsdifferentmediums/argon/20 kHz/75% breakdown/0_75breakdown-0003/0_75breakdown-0003_35.csv,argon_only,20,75,35,True
Lissajouswaveformsdifferentmediums/argon/20 kHz/75% breakdown/0_75breakdown-0003/0_75breakdown-0003_36.csv,argon_only,20,75,36,False
Lissajouswaveformsdifferentmediums/argon/20 kHz/75% breakdown/0_75breakdown-0003/0_75breakdown-0003_37.csv,argon_only,20,75,37,False
Lissajouswaveformsdifferentmediums/argon/20 kHz/75% breakdown/0_75breakdown-0003/0_75breakdown-0003_38.csv,argon_only,20,75,38,False
Lissajouswaveformsdifferentmediums/argon/20 kHz/75% breakdown/0_75breakdown-0003/0_75breakdown-0003_39.csv,argon_only,20,75,39,True
Lissajouswaveformsdifferentmediums/argon/20 kHz/75% breakdown/0_75breakdown-0003/0_75breakdown-0003_40.csv,argon_only,20,75,40,False
Lissajouswaveformsdifferentmediums/argon/20 kHz/75% breakdown/0_75breakdown-0003/0_75breakdown-0003_41.csv,argon_only,20,75,41,False
Lissajouswaveformsdifferentmediums/argon/20 kHz/75% breakdown/0_75breakdown-0003/0_75breakdown-0003_42.csv,argon_only,20,75,42,False
Lissajouswaveformsdifferentmediums/argon/20 kHz/75% breakdown/0_75breakdown-0003/0_75breakdown-0003_43.csv,argon_only,20,75,43,True
Lissajouswaveformsdifferentmediums/argon/20 kHz/75% breakdown/0_75breakdown-0003/0_75breakdown-0003_44.csv,argon_only,20,75,44,False
Lissajouswaveformsdifferentmediums/argon/20 kHz/75% breakdown/0_75breakdown-0003/0_75breakdown-0003_45.csv,argon_only,20,75,45,False
Lissajouswaveformsdifferentmediums/argon/20 kHz/75% breakdown/0_75breakdown-0003/0_75breakdown-0003_46.csv,argon_only,20,75,46,False
Lissajouswaveformsdifferentmediums/argon/20 kHz/75% breakdown/0_75breakdown-0003/0_75breakdown-0003_47.csv,argon_only,20,75,47,True
Lissajouswaveformsdifferentmediums/argon/20 kHz/75% breakdown/0_75breakdown-0003/0_75breakdown-0003_48.csv,argon_only,20,75,48,False
Lissajouswaveformsdifferentmediums/argon/20 kHz/75% breakdown/0_75breakdown-0003/0_75breakdown-0003_49.csv,argon_only,20,75,49,False
Lissajouswaveformsdifferentmediums/argon/20 kHz/75% breakdown/0_75breakdown-0003/0_75breakdown-0003_50.csv,argon_only,20,75,50,False
Lissajouswaveformsdifferentmediums/argon/20 kHz/75% breakdown/0_75breakdown-0003/0_75breakdown-0003_51.csv,argon_only,20,75,51,True
Lissajouswaveformsdifferentmediums/argon/20 kHz/75% breakdown/0_75breakdown-0003/0_75breakdown-0003_52.csv,argon_only,20,75,52,False
Lissajouswaveformsdifferentmediums/argon/20 kHz/75% breakdown/0_75breakdown-0003/0_75breakdown-0003_53.csv,argon_only,20,75,53,False
Lissajouswaveformsdifferentmediums/argon/20 kHz/75% breakdown/0_75breakdown-0003/0_75breakdown-0003_54.csv,argon_only,20,75,54,False
Lissajouswaveformsdifferentmediums/argon/20 kHz/75% breakdown/0_75breakdown-0003/0_75breakdown-0003_55.csv,argon_only,20,75,55,False
Lissajouswaveformsdifferentmediums/argon/20 kHz/75% breakdown/0_75breakdown-0003/0_75breakdown-0003_56.csv,argon_only,20,75,56,True
Lissajouswaveformsdifferentmediums/argon/20 kHz/75% breakdown/0_75breakdown-0003/0_75breakdown-0003_57.csv,argon_only,20,75,57,False
Lissajouswaveformsdifferentmediums/argon/20 kHz/75% breakdown/0_75breakdown-0003/0_75breakdown-0003_58.csv,argon_only,20,75,58,False
Lissajouswaveformsdifferentmediums/argon/20 kHz/75% breakdown/0_75breakdown-0003/0_75breakdown-0003_59.csv,argon_only,20,75,59,False
Lissajouswaveformsdifferentmediums/argon/20 kHz/75% breakdown/0_75breakdown-0003/0_75breakdown-0003_60.csv,argon_only,20,75,60,True
Lissajouswaveformsdifferentmediums/argon/20 kHz/75% breakdown/0_75breakdown-0003/0_75breakdown-0003_61.csv,argon_only,20,75,61,False
Lissajouswaveformsdifferentmediums/argon/20 kHz/75% breakdown/0_75breakdown-0003/0_75breakdown-0003_62.csv,argon_only,20,75,62,False
Lissajouswaveformsdifferentmediums/argon/20 kHz/75% breakdown/0_75breakdown-0003/0_75breakdown-0003_63.csv,argon_only,20,75,63,False
Lissajouswaveformsdifferentmediums/argon/20 kHz/75% breakdown/0_75breakdown-0003/0_75breakdown-0003_64.csv,argon_only,20,75,64,True
Lissajouswaveformsdifferentmediums/argon/20 kHz/90% breakdown/0_9breakdown-0004/0_9breakdown-0004_01.csv,argon_only,20,90,1,True
Lissajouswaveformsdifferentmediums/argon/20 kHz/90% breakdown/0_9breakdown-0004/0_9breakdown-0004_02.csv,argon_only,20,90,2,False
Lissajouswaveformsdifferentmediums/argon/20 kHz/90% breakdown/0_9breakdown-0004/0_9breakdown-0004_03.csv,argon_only,20,90,3,False
Lissajouswaveformsdifferentmediums/argon/20 kHz/90% breakdown/0_9breakdown-0004/0_9breakdown-0004_04.csv,argon_only,20,90,4,False
Lissajouswaveformsdifferentmediums/argon/20 kHz/90% breakdown/0_9breakdown-0004/0_9breakdown-0004_05.csv,argon_only,20,90,5,True
Lissajouswaveformsdifferentmediums/argon/20 kHz/90% breakdown/0_9breakdown-0004/0_9breakdown-0004_06.csv,argon_only,20,90,6,False
Lissajouswaveformsdifferentmediums/argon/20 kHz/90% breakdown/0_9breakdown-0004/0_9breakdown-0004_07.csv,argon_only,20,90,7,False
Lissajouswaveformsdifferentmediums/argon/20 kHz/90% breakdown/0_9breakdown-0004/0_9breakdown-0004_08.csv,argon_only,20,90,8,False
Lissajouswaveformsdifferentmediums/argon/20 kHz/90% breakdown/0_9breakdown-0004/0_9breakdown-0004_09.csv,argon_only,20,90,9,True
Lissajouswaveformsdifferentmediums/argon/20 kHz/90% breakdown/0_9breakdown-0004/0_9breakdown-0004_10.csv,argon_only,20,90,10,False
Lissajouswaveformsdifferentmediums/argon/20 kHz/90% breakdown/0_9breakdown-0004/0_9breakdown-0004_11.csv,argon_only,20,90,11,False
Lissajouswaveformsdifferentmediums/argon/20 kHz/90% breakdown/0_9breakdown-0004/0_9breakdown-0004_12.csv,argon_only,20,90,12,False
Lissajouswaveformsdifferentmediums/argon/20 kHz/90% breakdown/0_9breakdown-0004/0_9breakdown-0004_13.csv,argon_only,20,90,13,False
Lissajouswaveformsdifferentmediums/argon/20 kHz/90% breakdown/0_9breakdown-0004/0_9breakdown-0004_14.csv,argon_only,20,90,14,True
Lissajouswaveformsdifferentmediums/argon/20 kHz/90% breakdown/0_9breakdown-0004/0_9breakdown-0004_15.csv,argon_only,20,90,15,False
Lissajouswaveformsdifferentmediums/argon/20 kHz/90% breakdown/0_9breakdown-0004/0_9breakdown-0004_16.csv,argon_only,20,90,16,False
Lissajouswaveformsdifferentmediums/argon/20 kHz/90% breakdown/0_9breakdown-0004/0_9breakdown-0004_17.csv,argon_only,20,90,17,False
Lissajouswaveformsdifferentmediums/argon/20 kHz/90% breakdown/0_9breakdown-0004/0_9breakdown-0004_18.csv,argon_only,20,90,18,True
Lissajouswaveformsdifferentmediums/argon/20 kHz/90% breakdown/0_9breakdown-0004/0_9breakdown-0004_19.csv,argon_only,20,90,19,False
Lissajouswaveformsdifferentmediums/argon/20 kHz/90% breakdown/0_9breakdown-0004/0_9breakdown-0004_20.csv,argon_only,20,90,20,False
Lissajouswaveformsdifferentmediums/argon/20 kHz/90% breakdown/0_9breakdown-0004/0_9breakdown-0004_21.csv,argon_only,20,90,21,False
Lissajouswaveformsdifferentmediums/argon/20 kHz/90% breakdown/0_9breakdown-0004/0_9breakdown-0004_22.csv,argon_only,20,90,22,True
Lissajouswaveformsdifferentmediums/argon/20 kHz/90% breakdown/0_9breakdown-0004/0_9breakdown-0004_23.csv,argon_only,20,90,23,False
Lissajouswaveformsdifferentmediums/argon/20 kHz/90% breakdown/0_9breakdown-0004/0_9breakdown-0004_24.csv,argon_only,20,90,24,False
Lissajouswaveformsdifferentmediums/argon/20 kHz/90% breakdown/0_9breakdown-0004/0_9breakdown-0004_25.csv,argon_only,20,90,25,False
Lissajouswaveformsdifferentmediums/argon/20 kHz/90% breakdown/0_9breakdown-0004/0_9breakdown-0004_26.csv,argon_only,20,90,26,True
Lissajouswaveformsdifferentmediums/argon/20 kHz/90% breakdown/0_9breakdown-0004/0_9breakdown-0004_27.csv,argon_only,20,90,27,False
Lissajouswaveformsdifferentmediums/argon/20 kHz/90% breakdown/0_9breakdown-0004/0_9breakdown-0004_28.csv,argon_only,20,90,28,False
Lissajouswaveformsdifferentmediums/argon/20 kHz/90% breakdown/0_9breakdown-0004/0_9breakdown-0004_29.csv,argon_only,20,90,29,False
Lissajouswaveformsdifferentmediums/argon/20 kHz/90% breakdown/0_9breakdown-0004/0_9breakdown-0004_30.csv,argon_only,20,90,30,True
Lissajouswaveformsdifferentmediums/argon/20 kHz/90% breakdown/0_9breakdown-0004/0_9breakdown-0004_31.csv,argon_only,20,90,31,False
Lissajouswaveformsdifferentmediums/argon/20 kHz/90% breakdown/0_9breakdown-0004/0_9breakdown-0004_32.csv,argon_only,20,90,32,False
Lissajouswaveformsdifferentmediums/argon/20 kHz/90% breakdown/0_9breakdown-0004/0_9breakdown-0004_33.csv,argon_only,20,90,33,False
Lissajouswaveformsdifferentmediums/argon/20 kHz/90% breakdown/0_9breakdown-0004/0_9breakdown-0004_34.csv,argon_only,20,90,34,False
Lissajouswaveformsdifferentmediums/argon/20 kHz/90% breakdown/0_9breakdown-0004/0_9breakdown-0004_35.csv,argon_only,20,90,35,True
Lissajouswaveformsdifferentmediums/argon/20 kHz/90% breakdown/0_9breakdown-0004/0_9breakdown-0004_36.csv,argon_only,20,90,36,False
Lissajouswaveformsdifferentmediums/argon/20 kHz/90% breakdown/0_9breakdown-0004/0_9breakdown-0004_37.csv,argon_only,20,90,37,False
Lissajouswaveformsdifferentmediums/argon/20 kHz/90% breakdown/0_9breakdown-0004/0_9breakdown-0004_38.csv,argon_only,20,90,38,False
Lissajouswaveformsdifferentmediums/argon/20 kHz/90% breakdown/0_9breakdown-0004/0_9breakdown-0004_39.csv,argon_only,20,90,39,True
Lissajouswaveformsdifferentmediums/argon/20 kHz/90% breakdown/0_9breakdown-0004/0_9breakdown-0004_40.csv,argon_only,20,90,40,False
Lissajouswaveformsdifferentmediums/argon/20 kHz/90% breakdown/0_9breakdown-0004/0_9breakdown-0004_41.csv,argon_only,20,90,41,False
Lissajouswaveformsdifferentmediums/argon/20 kHz/90% breakdown/0_9breakdown-0004/0_9breakdown-0004_42.csv,argon_only,20,90,42,False
Lissajouswaveformsdifferentmediums/argon/20 kHz/90% breakdown/0_9breakdown-0004/0_9breakdown-0004_43.csv,argon_only,20,90,43,True
Lissajouswaveformsdifferentmediums/argon/20 kHz/90% breakdown/0_9breakdown-0004/0_9breakdown-0004_44.csv,argon_only,20,90,44,False
Lissajouswaveformsdifferentmediums/argon/20 kHz/90% breakdown/0_9breakdown-0004/0_9breakdown-0004_45.csv,argon_only,20,90,45,False
Lissajouswaveformsdifferentmediums/argon/20 kHz/90% breakdown/0_9breakdown-0004/0_9breakdown-0004_46.csv,argon_only,20,90,46,False
Lissajouswaveformsdifferentmediums/argon/20 kHz/90% breakdown/0_9breakdown-0004/0_9breakdown-0004_47.csv,argon_only,20,90,47,True
Lissajouswaveformsdifferentmediums/argon/20 kHz/90% breakdown/0_9breakdown-0004/0_9breakdown-0004_48.csv,argon_only,20,90,48,False
Lissajouswaveformsdifferentmediums/argon/20 kHz/90% breakdown/0_9breakdown-0004/0_9breakdown-0004_49.csv,argon_only,20,90,49,False
Lissajouswaveformsdifferentmediums/argon/20 kHz/90% breakdown/0_9breakdown-0004/0_9breakdown-0004_50.csv,argon_only,20,90,50,False
Lissajouswaveformsdifferentmediums/argon/20 kHz/90% breakdown/0_9breakdown-0004/0_9breakdown-0004_51.csv,argon_only,20,90,51,True
Lissajouswaveformsdifferentmediums/argon/20 kHz/90% breakdown/0_9breakdown-0004/0_9breakdown-0004_52.csv,argon_only,20,90,52,False
Lissajouswaveformsdifferentmediums/argon/20 kHz/90% breakdown/0_9breakdown-0004/0_9breakdown-0004_53.csv,argon_only,20,90,53,False
Lissajouswaveformsdifferentmediums/argon/20 kHz/90% breakdown/0_9breakdown-0004/0_9breakdown-0004_54.csv,argon_only,20,90,54,False
Lissajouswaveformsdifferentmediums/argon/20 kHz/90% breakdown/0_9breakdown-0004/0_9breakdown-0004_55.csv,argon_only,20,90,55,False
Lissajouswaveformsdifferentmediums/argon/20 kHz/90% breakdown/0_9breakdown-0004/0_9breakdown-0004_56.csv,argon_only,20,90,56,True
Lissajouswaveformsdifferentmediums/argon/20 kHz/90% breakdown/0_9breakdown-0004/0_9breakdown-0004_57.csv,argon_only,20,90,57,False
Lissajouswaveformsdifferentmediums/argon/20 kHz/90% breakdown/0_9breakdown-0004/0_9breakdown-0004_58.csv,argon_only,20,90,58,False
Lissajouswaveformsdifferentmediums/argon/20 kHz/90% breakdown/0_9breakdown-0004/0_9breakdown-0004_59.csv,argon_only,20,90,59,False
Lissajouswaveformsdifferentmediums/argon/20 kHz/90% breakdown/0_9breakdown-0004/0_9breakdown-0004_60.csv,argon_only,20,90,60,True
Lissajouswaveformsdifferentmediums/argon/20 kHz/90% breakdown/0_9breakdown-0004/0_9breakdown-0004_61.csv,argon_only,20,90,61,False
Lissajouswaveformsdifferentmediums/argon/20 kHz/90% breakdown/0_9breakdown-0004/0_9breakdown-0004_62.csv,argon_only,20,90,62,False
Lissajouswaveformsdifferentmediums/argon/20 kHz/90% breakdown/0_9breakdown-0004/0_9breakdown-0004_63.csv,argon_only,20,90,63,False
Lissajouswaveformsdifferentmediums/argon/20 kHz/90% breakdown/0_9breakdown-0004/0_9breakdown-0004_64.csv,argon_only,20,90,64,True
Lissajouswaveformsdifferentmediums/argon/20 kHz/breakdown/breakdown/breakdown_01.csv,argon_only,20,100,1,True
Lissajouswaveformsdifferentmediums/argon/20 kHz/breakdown/breakdown/breakdown_02.csv,argon_only,20,100,2,False
Lissajouswaveformsdifferentmediums/argon/20 kHz/breakdown/breakdown/breakdown_03.csv,argon_only,20,100,3,False
Lissajouswaveformsdifferentmediums/argon/20 kHz/breakdown/breakdown/breakdown_04.csv,argon_only,20,100,4,False
Lissajouswaveformsdifferentmediums/argon/20 kHz/breakdown/breakdown/breakdown_05.csv,argon_only,20,100,5,True
Lissajouswaveformsdifferentmediums/argon/20 kHz/breakdown/breakdown/breakdown_06.csv,argon_only,20,100,6,False
Lissajouswaveformsdifferentmediums/argon/20 kHz/breakdown/breakdown/breakdown_07.csv,argon_only,20,100,7,False
Lissajouswaveformsdifferentmediums/argon/20 kHz/breakdown/breakdown/breakdown_08.csv,argon_only,20,100,8,False
Lissajouswaveformsdifferentmediums/argon/20 kHz/breakdown/breakdown/breakdown_09.csv,argon_only,20,100,9,True
Lissajouswaveformsdifferentmediums/argon/20 kHz/breakdown/breakdown/breakdown_10.csv,argon_only,20,100,10,False
Lissajouswaveformsdifferentmediums/argon/20 kHz/breakdown/breakdown/breakdown_11.csv,argon_only,20,100,11,False
Lissajouswaveformsdifferentmediums/argon/20 kHz/breakdown/breakdown/breakdown_12.csv,argon_only,20,100,12,False
Lissajouswaveformsdifferentmediums/argon/20 kHz/breakdown/breakdown/breakdown_13.csv,argon_only,20,100,13,False
Lissajouswaveformsdifferentmediums/argon/20 kHz/breakdown/breakdown/breakdown_14.csv,argon_only,20,100,14,True
Lissajouswaveformsdifferentmediums/argon/20 kHz/breakdown/breakdown/breakdown_15.csv,argon_only,20,100,15,False
Lissajouswaveformsdifferentmediums/argon/20 kHz/breakdown/breakdown/breakdown_16.csv,argon_only,20,100,16,False
Lissajouswaveformsdifferentmediums/argon/20 kHz/breakdown/breakdown/breakdown_17.csv,argon_only,20,100,17,False
Lissajouswaveformsdifferentmediums/argon/20 kHz/breakdown/breakdown/breakdown_18.csv,argon_only,20,100,18,True
Lissajouswaveformsdifferentmediums/argon/20 kHz/breakdown/breakdown/breakdown_19.csv,argon_only,20,100,19,False
Lissajouswaveformsdifferentmediums/argon/20 kHz/breakdown/breakdown/breakdown_20.csv,argon_only,20,100,20,False
Lissajouswaveformsdifferentmediums/argon/20 kHz/breakdown/breakdown/breakdown_21.csv,argon_only,20,100,21,False
Lissajouswaveformsdifferentmediums/argon/20 kHz/breakdown/breakdown/breakdown_22.csv,argon_only,20,100,22,True
Lissajouswaveformsdifferentmediums/argon/20 kHz/breakdown/breakdown/breakdown_23.csv,argon_only,20,100,23,False
Lissajouswaveformsdifferentmediums/argon/20 kHz/breakdown/breakdown/breakdown_24.csv,argon_only,20,100,24,False
Lissajouswaveformsdifferentmediums/argon/20 kHz/breakdown/breakdown/breakdown_25.csv,argon_only,20,100,25,False
Lissajouswaveformsdifferentmediums/argon/20 kHz/breakdown/breakdown/breakdown_26.csv,argon_only,20,100,26,True
Lissajouswaveformsdifferentmediums/argon/20 kHz/breakdown/breakdown/breakdown_27.csv,argon_only,20,100,27,False
Lissajouswaveformsdifferentmediums/argon/20 kHz/breakdown/breakdown/breakdown_28.csv,argon_only,20,100,28,False
Lissajouswaveformsdifferentmediums/argon/20 kHz/breakdown/breakdown/breakdown_29.csv,argon_only,20,100,29,False
Lissajouswaveformsdifferentmediums/argon/20 kHz/breakdown/breakdown/breakdown_30.csv,argon_only,20,100,30,True
Lissajouswaveformsdifferentmediums/argon/20 kHz/breakdown/breakdown/breakdown_31.csv,argon_only,20,100,31,False
Lissajouswaveformsdifferentmediums/argon/20 kHz/breakdown/breakdown/breakdown_32.csv,argon_only,20,100,32,False
Lissajouswaveformsdifferentmediums/argon/20 kHz/breakdown/breakdown/breakdown_33.csv,argon_only,20,100,33,False
Lissajouswaveformsdifferentmediums/argon/20 kHz/breakdown/breakdown/breakdown_34.csv,argon_only,20,100,34,False
Lissajouswaveformsdifferentmediums/argon/20 kHz/breakdown/breakdown/breakdown_35.csv,argon_only,20,100,35,True
Lissajouswaveformsdifferentmediums/argon/20 kHz/breakdown/breakdown/breakdown_36.csv,argon_only,20,100,36,False
Lissajouswaveformsdifferentmediums/argon/20 kHz/breakdown/breakdown/breakdown_37.csv,argon_only,20,100,37,False
Lissajouswaveformsdifferentmediums/argon/20 kHz/breakdown/breakdown/breakdown_38.csv,argon_only,20,100,38,False
Lissajouswaveformsdifferentmediums/argon/20 kHz/breakdown/breakdown/breakdown_39.csv,argon_only,20,100,39,True
Lissajouswaveformsdifferentmediums/argon/20 kHz/breakdown/breakdown/breakdown_40.csv,argon_only,20,100,40,False
Lissajouswaveformsdifferentmediums/argon/20 kHz/breakdown/breakdown/breakdown_41.csv,argon_only,20,100,41,False
Lissajouswaveformsdifferentmediums/argon/20 kHz/breakdown/breakdown/breakdown_42.csv,argon_only,20,100,42,False
Lissajouswaveformsdifferentmediums/argon/20 kHz/breakdown/breakdown/breakdown_43.csv,argon_only,20,100,43,True
Lissajouswaveformsdifferentmediums/argon/20 kHz/breakdown/breakdown/breakdown_44.csv,argon_only,20,100,44,False
Lissajouswaveformsdifferentmediums/argon/20 kHz/breakdown/breakdown/breakdown_45.csv,argon_only,20,100,45,False
Lissajouswaveformsdifferentmediums/argon/20 kHz/breakdown/breakdown/breakdown_46.csv,argon_only,20,100,46,False
Lissajouswaveformsdifferentmediums/argon/20 kHz/breakdown/breakdown/breakdown_47.csv,argon_only,20,100,47,True
Lissajouswaveformsdifferentmediums/argon/20 kHz/breakdown/breakdown/breakdown_48.csv,argon_only,20,100,48,False
Lissajouswaveformsdifferentmediums/argon/20 kHz/breakdown/breakdown/breakdown_49.csv,argon_only,20,100,49,False
Lissajouswaveformsdifferentmediums/argon/20 kHz/breakdown/breakdown/breakdown_50.csv,argon_only,20,100,50,False
Lissajouswaveformsdifferentmediums/argon/20 kHz/breakdown/breakdown/breakdown_51.csv,argon_only,20,100,51,True
Lissajouswaveformsdifferentmediums/argon/20 kHz/breakdown/breakdown/breakdown_52.csv,argon_only,20,100,52,False
Lissajouswaveformsdifferentmediums/argon/20 kHz/breakdown/breakdown/breakdown_53.csv,argon_only,20,100,53,False
Lissajouswaveformsdifferentmediums/argon/20 kHz/breakdown/breakdown/breakdown_54.csv,argon_only,20,100,54,False
Lissajouswaveformsdifferentmediums/argon/20 kHz/breakdown/breakdown/breakdown_55.csv,argon_only,20,100,55,False
Lissajouswaveformsdifferentmediums/argon/20 kHz/breakdown/breakdown/breakdown_56.csv,argon_only,20,100,56,True
Lissajouswaveformsdifferentmediums/argon/20 kHz/breakdown/breakdown/breakdown_57.csv,argon_only,20,100,57,False
Lissajouswaveformsdifferentmediums/argon/20 kHz/breakdown/breakdown/breakdown_58.csv,argon_only,20,100,58,False
Lissajouswaveformsdifferentmediums/argon/20 kHz/breakdown/breakdown/breakdown_59.csv,argon_only,20,100,59,False
Lissajouswaveformsdifferentmediums/argon/20 kHz/breakdown/breakdown/breakdown_60.csv,argon_only,20,100,60,True
Lissajouswaveformsdifferentmediums/argon/20 kHz/breakdown/breakdown/breakdown_61.csv,argon_only,20,100,61,False
Lissajouswaveformsdifferentmediums/argon/20 kHz/breakdown/breakdown/breakdown_62.csv,argon_only,20,100,62,False
Lissajouswaveformsdifferentmediums/argon/20 kHz/breakdown/breakdown/breakdown_63.csv,argon_only,20,100,63,False
Lissajouswaveformsdifferentmediums/argon/20 kHz/breakdown/breakdown/breakdown_64.csv,argon_only,20,100,64,True
Lissajouswaveformsdifferentmediums/argon/20 kHz/105% breakdown/105breakdown-0005/105breakdown-0005_01.csv,argon_only,20,105,1,True
Lissajouswaveformsdifferentmediums/argon/20 kHz/105% breakdown/105breakdown-0005/105breakdown-0005_02.csv,argon_only,20,105,2,False
Lissajouswaveformsdifferentmediums/argon/20 kHz/105% breakdown/105breakdown-0005/105breakdown-0005_03.csv,argon_only,20,105,3,False
Lissajouswaveformsdifferentmediums/argon/20 kHz/105% breakdown/105breakdown-0005/105breakdown-0005_04.csv,argon_only,20,105,4,False
Lissajouswaveformsdifferentmediums/argon/20 kHz/105% breakdown/105breakdown-0005/105breakdown-0005_05.csv,argon_only,20,105,5,True
Lissajouswaveformsdifferentmediums/argon/20 kHz/105% breakdown/105breakdown-0005/105breakdown-0005_06.csv,argon_only,20,105,6,False
Lissajouswaveformsdifferentmediums/argon/20 kHz/105% breakdown/105breakdown-0005/105breakdown-0005_07.csv,argon_only,20,105,7,False
Lissajouswaveformsdifferentmediums/argon/20 kHz/105% breakdown/105breakdown-0005/105breakdown-0005_08.csv,argon_only,20,105,8,False
Lissajouswaveformsdifferentmediums/argon/20 kHz/105% breakdown/105breakdown-0005/105breakdown-0005_09.csv,argon_only,20,105,9,True
Lissajouswaveformsdifferentmediums/argon/20 kHz/105% breakdown/105breakdown-0005/105breakdown-0005_10.csv,argon_only,20,105,10,False
Lissajouswaveformsdifferentmediums/argon/20 kHz/105% breakdown/105breakdown-0005/105breakdown-0005_11.csv,argon_only,20,105,11,False
Lissajouswaveformsdifferentmediums/argon/20 kHz/105% breakdown/105breakdown-0005/105breakdown-0005_12.csv,argon_only,20,105,12,False
Lissajouswaveformsdifferentmediums/argon/20 kHz/105% breakdown/105breakdown-0005/105breakdown-0005_13.csv,argon_only,20,105,13,False
Lissajouswaveformsdifferentmediums/argon/20 kHz/105% breakdown/105breakdown-0005/105breakdown-0005_14.csv,argon_only,20,105,14,True
Lissajouswaveformsdifferentmediums/argon/20 kHz/105% breakdown/105breakdown-0005/105breakdown-0005_15.csv,argon_only,20,105,15,False
Lissajouswaveformsdifferentmediums/argon/20 kHz/105% breakdown/105breakdown-0005/105breakdown-0005_16.csv,argon_only,20,105,16,False
Lissajouswaveformsdifferentmediums/argon/20 kHz/105% breakdown/105breakdown-0005/105breakdown-0005_17.csv,argon_only,20,105,17,False
Lissajouswaveformsdifferentmediums/argon/20 kHz/105% breakdown/105breakdown-0005/105breakdown-0005_18.csv,argon_only,20,105,18,True
Lissajouswaveformsdifferentmediums/argon/20 kHz/105% breakdown/105breakdown-0005/105breakdown-0005_19.csv,argon_only,20,105,19,False
Lissajouswaveformsdifferentmediums/argon/20 kHz/105% breakdown/105breakdown-0005/105breakdown-0005_20.csv,argon_only,20,105,20,False
Lissajouswaveformsdifferentmediums/argon/20 kHz/105% breakdown/105breakdown-0005/105breakdown-0005_21.csv,argon_only,20,105,21,False
Lissajouswaveformsdifferentmediums/argon/20 kHz/105% breakdown/105breakdown-0005/105breakdown-0005_22.csv,argon_only,20,105,22,True
Lissajouswaveformsdifferentmediums/argon/20 kHz/105% breakdown/105breakdown-0005/105breakdown-0005_23.csv,argon_only,20,105,23,False
Lissajouswaveformsdifferentmediums/argon/20 kHz/105% breakdown/105breakdown-0005/105breakdown-0005_24.csv,argon_only,20,105,24,False
Lissajouswaveformsdifferentmediums/argon/20 kHz/105% breakdown/105breakdown-0005/105breakdown-0005_25.csv,argon_only,20,105,25,False
Lissajouswaveformsdifferentmediums/argon/20 kHz/105% breakdown/105breakdown-0005/105breakdown-0005_26.csv,argon_only,20,105,26,True
Lissajouswaveformsdifferentmediums/argon/20 kHz/105% breakdown/105breakdown-0005/105breakdown-0005_27.csv,argon_only,20,105,27,False
Lissajouswaveformsdifferentmediums/argon/20 kHz/105% breakdown/105breakdown-0005/105breakdown-0005_28.csv,argon_only,20,105,28,False
Lissajouswaveformsdifferentmediums/argon/20 kHz/105% breakdown/105breakdown-0005/105breakdown-0005_29.csv,argon_only,20,105,29,False
Lissajouswaveformsdifferentmediums/argon/20 kHz/105% breakdown/105breakdown-0005/105breakdown-0005_30.csv,argon_only,20,105,30,True
Lissajouswaveformsdifferentmediums/argon/20 kHz/105% breakdown/105breakdown-0005/105breakdown-0005_31.csv,argon_only,20,105,31,False
Lissajouswaveformsdifferentmediums/argon/20 kHz/105% breakdown/105breakdown-0005/105breakdown-0005_32.csv,argon_only,20,105,32,False
Lissajouswaveformsdifferentmediums/argon/20 kHz/105% breakdown/105breakdown-0005/105breakdown-0005_33.csv,argon_only,20,105,33,False
Lissajouswaveformsdifferentmediums/argon/20 kHz/105% breakdown/105breakdown-0005/105breakdown-0005_34.csv,argon_only,20,105,34,False
Lissajouswaveformsdifferentmediums/argon/20 kHz/105% breakdown/105breakdown-0005/105breakdown-0005_35.csv,argon_only,20,105,35,True
Lissajouswaveformsdifferentmediums/argon/20 kHz/105% breakdown/105breakdown-0005/105breakdown-0005_36.csv,argon_only,20,105,36,False
Lissajouswaveformsdifferentmediums/argon/20 kHz/105% breakdown/105breakdown-0005/105breakdown-0005_37.csv,argon_only,20,105,37,False
Lissajouswaveformsdifferentmediums/argon/20 kHz/105% breakdown/105breakdown-0005/105breakdown-0005_38.csv,argon_only,20,105,38,False
Lissajouswaveformsdifferentmediums/argon/20 kHz/105% breakdown/105breakdown-0005/105breakdown-0005_39.csv,argon_only,20,105,39,True
Lissajouswaveformsdifferentmediums/argon/20 kHz/105% breakdown/105breakdown-0005/105breakdown-0005_40.csv,argon_only,20,105,40,False
Lissajouswaveformsdifferentmediums/argon/20 kHz/105% breakdown/105breakdown-0005/105breakdown-0005_41.csv,argon_only,20,105,41,False
Lissajouswaveformsdifferentmediums/argon/20 kHz/105% breakdown/105breakdown-0005/105breakdown-0005_42.csv,argon_only,20,105,42,False
Lissajouswaveformsdifferentmediums/argon/20 kHz/105% breakdown/105breakdown-0005/105breakdown-0005_43.csv,argon_only,20,105,43,True
Lissajouswaveformsdifferentmediums/argon/20 kHz/105% breakdown/105breakdown-0005/105breakdown-0005_44.csv,argon_only,20,105,44,False
Lissajouswaveformsdifferentmediums/argon/20 kHz/105% breakdown/105breakdown-0005/105breakdown-0005_45.csv,argon_only,20,105,45,False
Lissajouswaveformsdifferentmediums/argon/20 kHz/105% breakdown/105breakdown-0005/105breakdown-0005_46.csv,argon_only,20,105,46,False
Lissajouswaveformsdifferentmediums/argon/20 kHz/105% breakdown/105breakdown-0005/105breakdown-0005_47.csv,argon_only,20,105,47,True
Lissajouswaveformsdifferentmediums/argon/20 kHz/105% breakdown/105breakdown-0005/105breakdown-0005_48.csv,argon_only,20,105,48,False
Lissajouswaveformsdifferentmediums/argon/20 kHz/105% breakdown/105breakdown-0005/105breakdown-0005_49.csv,argon_only,20,105,49,False
Lissajouswaveformsdifferentmediums/argon/20 kHz/105% breakdown/105breakdown-0005/105breakdown-0005_50.csv,argon_only,20,105,50,False
Lissajouswaveformsdifferentmediums/argon/20 kHz/105% breakdown/105breakdown-0005/105breakdown-0005_51.csv,argon_only,20,105,51,True
Lissajouswaveformsdifferentmediums/argon/20 kHz/105% breakdown/105breakdown-0005/105breakdown-0005_52.csv,argon_only,20,105,52,False
Lissajouswaveformsdifferentmediums/argon/20 kHz/105% breakdown/105breakdown-0005/105breakdown-0005_53.csv,argon_only,20,105,53,False
Lissajouswaveformsdifferentmediums/argon/20 kHz/105% breakdown/105breakdown-0005/105breakdown-0005_54.csv,argon_only,20,105,54,False
Lissajouswaveformsdifferentmediums/argon/20 kHz/105% breakdown/105breakdown-0005/105breakdown-0005_55.csv,argon_only,20,105,55,False
Lissajouswaveformsdifferentmediums/argon/20 kHz/105% breakdown/105breakdown-0005/105breakdown-0005_56.csv,argon_only,20,105,56,True
Lissajouswaveformsdifferentmediums/argon/20 kHz/105% breakdown/105breakdown-0005/105breakdown-0005_57.csv,argon_only,20,105,57,False
Lissajouswaveformsdifferentmediums/argon/20 kHz/105% breakdown/105breakdown-0005/105breakdown-0005_58.csv,argon_only,20,105,58,False
Lissajouswaveformsdifferentmediums/argon/20 kHz/105% breakdown/105breakdown-0005/105breakdown-0005_59.csv,argon_only,20,105,59,False
Lissajouswaveformsdifferentmediums/argon/20 kHz/105% breakdown/105breakdown-0005/105breakdown-0005_60.csv,argon_only,20,105,60,True
Lissajouswaveformsdifferentmediums/argon/20 kHz/105% breakdown/105breakdown-0005/105breakdown-0005_61.csv,argon_only,20,105,61,False
Lissajouswaveformsdifferentmediums/argon/20 kHz/105% breakdown/105breakdown-0005/105breakdown-0005_62.csv,argon_only,20,105,62,False
Lissajouswaveformsdifferentmediums/argon/20 kHz/105% breakdown/105breakdown-0005/105breakdown-0005_63.csv,argon_only,20,105,63,False
Lissajouswaveformsdifferentmediums/argon/20 kHz/105% breakdown/105breakdown-0005/105breakdown-0005_64.csv,argon_only,20,105,64,True
Lissajouswaveformsdifferentmediums/argon/20 kHz/115% breakdown/115breakdown-0006/115breakdown-0006_01.csv,argon_only,20,115,1,True
Lissajouswaveformsdifferentmediums/argon/20 kHz/115% breakdown/115breakdown-0006/115breakdown-0006_02.csv,argon_only,20,115,2,False
Lissajouswaveformsdifferentmediums/argon/20 kHz/115% breakdown/115breakdown-0006/115breakdown-0006_03.csv,argon_only,20,115,3,False
Lissajouswaveformsdifferentmediums/argon/20 kHz/115% breakdown/115breakdown-0006/115breakdown-0006_04.csv,argon_only,20,115,4,False
Lissajouswaveformsdifferentmediums/argon/20 kHz/115% breakdown/115breakdown-0006/115breakdown-0006_05.csv,argon_only,20,115,5,True
Lissajouswaveformsdifferentmediums/argon/20 kHz/115% breakdown/115breakdown-0006/115breakdown-0006_06.csv,argon_only,20,115,6,False
Lissajouswaveformsdifferentmediums/argon/20 kHz/115% breakdown/115breakdown-0006/115breakdown-0006_07.csv,argon_only,20,115,7,False
Lissajouswaveformsdifferentmediums/argon/20 kHz/115% breakdown/115breakdown-0006/115breakdown-0006_08.csv,argon_only,20,115,8,False
Lissajouswaveformsdifferentmediums/argon/20 kHz/115% breakdown/115breakdown-0006/115breakdown-0006_09.csv,argon_only,20,115,9,True
Lissajouswaveformsdifferentmediums/argon/20 kHz/115% breakdown/115breakdown-0006/115breakdown-0006_10.csv,argon_only,20,115,10,False
Lissajouswaveformsdifferentmediums/argon/20 kHz/115% breakdown/115breakdown-0006/115breakdown-0006_11.csv,argon_only,20,115,11,False
Lissajouswaveformsdifferentmediums/argon/20 kHz/115% breakdown/115breakdown-0006/115breakdown-0006_12.csv,argon_only,20,115,12,False
Lissajouswaveformsdifferentmediums/argon/20 kHz/115% breakdown/115breakdown-0006/115breakdown-0006_13.csv,argon_only,20,115,13,False
Lissajouswaveformsdifferentmediums/argon/20 kHz/115% breakdown/115breakdown-0006/115breakdown-0006_14.csv,argon_only,20,115,14,True
Lissajouswaveformsdifferentmediums/argon/20 kHz/115% breakdown/115breakdown-0006/115breakdown-0006_15.csv,argon_only,20,115,15,False
Lissajouswaveformsdifferentmediums/argon/20 kHz/115% breakdown/115breakdown-0006/115breakdown-0006_16.csv,argon_only,20,115,16,False
Lissajouswaveformsdifferentmediums/argon/20 kHz/115% breakdown/115breakdown-0006/115breakdown-0006_17.csv,argon_only,20,115,17,False
Lissajouswaveformsdifferentmediums/argon/20 kHz/115% breakdown/115breakdown-0006/115breakdown-0006_18.csv,argon_only,20,115,18,True
Lissajouswaveformsdifferentmediums/argon/20 kHz/115% breakdown/115breakdown-0006/115breakdown-0006_19.csv,argon_only,20,115,19,False
Lissajouswaveformsdifferentmediums/argon/20 kHz/115% breakdown/115breakdown-0006/115breakdown-0006_20.csv,argon_only,20,115,20,False
Lissajouswaveformsdifferentmediums/argon/20 kHz/115% breakdown/115breakdown-0006/115breakdown-0006_21.csv,argon_only,20,115,21,False
Lissajouswaveformsdifferentmediums/argon/20 kHz/115% breakdown/115breakdown-0006/115breakdown-0006_22.csv,argon_only,20,115,22,True
Lissajouswaveformsdifferentmediums/argon/20 kHz/115% breakdown/115breakdown-0006/115breakdown-0006_23.csv,argon_only,20,115,23,False
Lissajouswaveformsdifferentmediums/argon/20 kHz/115% breakdown/115breakdown-0006/115breakdown-0006_24.csv,argon_only,20,115,24,False
Lissajouswaveformsdifferentmediums/argon/20 kHz/115% breakdown/115breakdown-0006/115breakdown-0006_25.csv,argon_only,20,115,25,False
Lissajouswaveformsdifferentmediums/argon/20 kHz/115% breakdown/115breakdown-0006/115breakdown-0006_26.csv,argon_only,20,115,26,True
Lissajouswaveformsdifferentmediums/argon/20 kHz/115% breakdown/115breakdown-0006/115breakdown-0006_27.csv,argon_only,20,115,27,False
Lissajouswaveformsdifferentmediums/argon/20 kHz/115% breakdown/115breakdown-0006/115breakdown-0006_28.csv,argon_only,20,115,28,False
Lissajouswaveformsdifferentmediums/argon/20 kHz/115% breakdown/115breakdown-0006/115breakdown-0006_29.csv,argon_only,20,115,29,False
Lissajouswaveformsdifferentmediums/argon/20 kHz/115% breakdown/115breakdown-0006/115breakdown-0006_30.csv,argon_only,20,115,30,True
Lissajouswaveformsdifferentmediums/argon/20 kHz/115% breakdown/115breakdown-0006/115breakdown-0006_31.csv,argon_only,20,115,31,False
Lissajouswaveformsdifferentmediums/argon/20 kHz/115% breakdown/115breakdown-0006/115breakdown-0006_32.csv,argon_only,20,115,32,False
Lissajouswaveformsdifferentmediums/argon/20 kHz/115% breakdown/115breakdown-0006/115breakdown-0006_33.csv,argon_only,20,115,33,False
Lissajouswaveformsdifferentmediums/argon/20 kHz/115% breakdown/115breakdown-0006/115breakdown-0006_34.csv,argon_only,20,115,34,False
Lissajouswaveformsdifferentmediums/argon/20 kHz/115% breakdown/115breakdown-0006/115breakdown-0006_35.csv,argon_only,20,115,35,True
Lissajouswaveformsdifferentmediums/argon/20 kHz/115% breakdown/115breakdown-0006/115breakdown-0006_36.csv,argon_only,20,115,36,False
Lissajouswaveformsdifferentmediums/argon/20 kHz/115% breakdown/115breakdown-0006/115breakdown-0006_37.csv,argon_only,20,115,37,False
Lissajouswaveformsdifferentmediums/argon/20 kHz/115% breakdown/115breakdown-0006/115breakdown-0006_38.csv,argon_only,20,115,38,False
Lissajouswaveformsdifferentmediums/argon/20 kHz/115% breakdown/115breakdown-0006/115breakdown-0006_39.csv,argon_only,20,115,39,True
Lissajouswaveformsdifferentmediums/argon/20 kHz/115% breakdown/115breakdown-0006/115breakdown-0006_40.csv,argon_only,20,115,40,False
Lissajouswaveformsdifferentmediums/argon/20 kHz/115% breakdown/115breakdown-0006/115breakdown-0006_41.csv,argon_only,20,115,41,False
Lissajouswaveformsdifferentmediums/argon/20 kHz/115% breakdown/115breakdown-0006/115breakdown-0006_42.csv,argon_only,20,115,42,False
Lissajouswaveformsdifferentmediums/argon/20 kHz/115% breakdown/115breakdown-0006/115breakdown-0006_43.csv,argon_only,20,115,43,True
Lissajouswaveformsdifferentmediums/argon/20 kHz/115% breakdown/115breakdown-0006/115breakdown-0006_44.csv,argon_only,20,115,44,False
Lissajouswaveformsdifferentmediums/argon/20 kHz/115% breakdown/115breakdown-0006/115breakdown-0006_45.csv,argon_only,20,115,45,False
Lissajouswaveformsdifferentmediums/argon/20 kHz/115% breakdown/115breakdown-0006/115breakdown-0006_46.csv,argon_only,20,115,46,False
Lissajouswaveformsdifferentmediums/argon/20 kHz/115% breakdown/115breakdown-0006/115breakdown-0006_47.csv,argon_only,20,115,47,True
Lissajouswaveformsdifferentmediums/argon/20 kHz/115% breakdown/115breakdown-0006/115breakdown-0006_48.csv,argon_only,20,115,48,False
Lissajouswaveformsdifferentmediums/argon/20 kHz/115% breakdown/115breakdown-0006/115breakdown-0006_49.csv,argon_only,20,115,49,False
Lissajouswaveformsdifferentmediums/argon/20 kHz/115% breakdown/115breakdown-0006/115breakdown-0006_50.csv,argon_only,20,115,50,False
Lissajouswaveformsdifferentmediums/argon/20 kHz/115% breakdown/115breakdown-0006/115breakdown-0006_51.csv,argon_only,20,115,51,True
Lissajouswaveformsdifferentmediums/argon/20 kHz/115% breakdown/115breakdown-0006/115breakdown-0006_52.csv,argon_only,20,115,52,False
Lissajouswaveformsdifferentmediums/argon/20 kHz/115% breakdown/115breakdown-0006/115breakdown-0006_53.csv,argon_only,20,115,53,False
Lissajouswaveformsdifferentmediums/argon/20 kHz/115% breakdown/115breakdown-0006/115breakdown-0006_54.csv,argon_only,20,115,54,False
Lissajouswaveformsdifferentmediums/argon/20 kHz/115% breakdown/115breakdown-0006/115breakdown-0006_55.csv,argon_only,20,115,55,False
Lissajouswaveformsdifferentmediums/argon/20 kHz/115% breakdown/115breakdown-0006/115breakdown-0006_56.csv,argon_only,20,115,56,True
Lissajouswaveformsdifferentmediums/argon/20 kHz/115% breakdown/115breakdown-0006/115breakdown-0006_57.csv,argon_only,20,115,57,False
Lissajouswaveformsdifferentmediums/argon/20 kHz/115% breakdown/115breakdown-0006/115breakdown-0006_58.csv,argon_only,20,115,58,False
Lissajouswaveformsdifferentmediums/argon/20 kHz/115% breakdown/115breakdown-0006/115breakdown-0006_59.csv,argon_only,20,115,59,False
Lissajouswaveformsdifferentmediums/argon/20 kHz/115% breakdown/115breakdown-0006/115breakdown-0006_60.csv,argon_only,20,115,60,True
Lissajouswaveformsdifferentmediums/argon/20 kHz/115% breakdown/115breakdown-0006/115breakdown-0006_61.csv,argon_only,20,115,61,False
Lissajouswaveformsdifferentmediums/argon/20 kHz/115% breakdown/115breakdown-0006/115breakdown-0006_62.csv,argon_only,20,115,62,False
Lissajouswaveformsdifferentmediums/argon/20 kHz/115% breakdown/115breakdown-0006/115breakdown-0006_63.csv,argon_only,20,115,63,False
Lissajouswaveformsdifferentmediums/argon/20 kHz/115% breakdown/115breakdown-0006/115breakdown-0006_64.csv,argon_only,20,115,64,True
Lissajouswaveformsdifferentmediums/argon/Lissajousfigure1 20 kHz/Lissajousfigure1_01.csv,argon_only,20,MAX,1,True
Lissajouswaveformsdifferentmediums/argon/Lissajousfigure1 20 kHz/Lissajousfigure1_02.csv,argon_only,20,MAX,2,True
Lissajouswaveformsdifferentmediums/argon/Lissajousfigure1 20 kHz/Lissajousfigure1_03.csv,argon_only,20,MAX,3,True
Lissajouswaveformsdifferentmediums/argon/Lissajousfigure1 20 kHz/Lissajousfigure1_04.csv,argon_only,20,MAX,4,True
Lissajouswaveformsdifferentmediums/argon/Lissajousfigure1 20 kHz/Lissajousfigure1_05.csv,argon_only,20,MAX,5,True
Lissajouswaveformsdifferentmediums/argon/Lissajousfigure1 20 kHz/Lissajousfigure1_06.csv,argon_only,20,MAX,6,True
Lissajouswaveformsdifferentmediums/argon/Lissajousfigure1 20 kHz/Lissajousfigure1_07.csv,argon_only,20,MAX,7,True
Lissajouswaveformsdifferentmediums/argon/Lissajousfigure1 20 kHz/Lissajousfigure1_08.csv,argon_only,20,MAX,8,True
Lissajouswaveformsdifferentmediums/argon/Lissajousfigure1 20 kHz/Lissajousfigure1_09.csv,argon_only,20,MAX,9,True
Lissajouswaveformsdifferentmediums/argon/Lissajousfigure1 20 kHz/Lissajousfigure1_10.csv,argon_only,20,MAX,10,True
Lissajouswaveformsdifferentmediums/argon/Lissajousfigure1 20 kHz/Lissajousfigure1_11.csv,argon_only,20,MAX,11,True
Lissajouswaveformsdifferentmediums/argon/Lissajousfigure1 20 kHz/Lissajousfigure1_12.csv,argon_only,20,MAX,12,True
Lissajouswaveformsdifferentmediums/argon/Lissajousfigure1 20 kHz/Lissajousfigure1_13.csv,argon_only,20,MAX,13,True
Lissajouswaveformsdifferentmediums/argon/Lissajousfigure1 20 kHz/Lissajousfigure1_14.csv,argon_only,20,MAX,14,True
Lissajouswaveformsdifferentmediums/argon/Lissajousfigure1 20 kHz/Lissajousfigure1_15.csv,argon_only,20,MAX,15,True
Lissajouswaveformsdifferentmediums/argon/Lissajousfigure1 20 kHz/Lissajousfigure1_16.csv,argon_only,20,MAX,16,True
Lissajouswaveformsdifferentmediums/argon/Lissajousfigure1 20 kHz/Lissajousfigure1_17.csv,argon_only,20,MAX,17,True
Lissajouswaveformsdifferentmediums/argon/Lissajousfigure1 20 kHz/Lissajousfigure1_18.csv,argon_only,20,MAX,18,True
Lissajouswaveformsdifferentmediums/argon/Lissajousfigure1 20 kHz/Lissajousfigure1_19.csv,argon_only,20,MAX,19,True
Lissajouswaveformsdifferentmediums/argon/Lissajousfigure1 20 kHz/Lissajousfigure1_20.csv,argon_only,20,MAX,20,True
Lissajouswaveformsdifferentmediums/argon/Lissajousfigure1 20 kHz/Lissajousfigure1_21.csv,argon_only,20,MAX,21,True
Lissajouswaveformsdifferentmediums/argon/Lissajousfigure1 20 kHz/Lissajousfigure1_22.csv,argon_only,20,MAX,22,True
Lissajouswaveformsdifferentmediums/argon/Lissajousfigure1 20 kHz/Lissajousfigure1_23.csv,argon_only,20,MAX,23,True
Lissajouswaveformsdifferentmediums/argon/Lissajousfigure1 20 kHz/Lissajousfigure1_24.csv,argon_only,20,MAX,24,True
Lissajouswaveformsdifferentmediums/argon/Lissajousfigure1 20 kHz/Lissajousfigure1_25.csv,argon_only,20,MAX,25,True
Lissajouswaveformsdifferentmediums/argon/Lissajousfigure1 20 kHz/Lissajousfigure1_26.csv,argon_only,20,MAX,26,True
Lissajouswaveformsdifferentmediums/argon/Lissajousfigure1 20 kHz/Lissajousfigure1_27.csv,argon_only,20,MAX,27,True
Lissajouswaveformsdifferentmediums/argon/Lissajousfigure1 20 kHz/Lissajousfigure1_28.csv,argon_only,20,MAX,28,True
Lissajouswaveformsdifferentmediums/argon/Lissajousfigure1 20 kHz/Lissajousfigure1_29.csv,argon_only,20,MAX,29,True
Lissajouswaveformsdifferentmediums/argon/Lissajousfigure1 20 kHz/Lissajousfigure1_30.csv,argon_only,20,MAX,30,True
Lissajouswaveformsdifferentmediums/argon/Lissajousfigure1 20 kHz/Lissajousfigure1_31.csv,argon_only,20,MAX,31,True
Lissajouswaveformsdifferentmediums/argon/Lissajousfigure1 20 kHz/Lissajousfigure1_32.csv,argon_only,20,MAX,32,True
Lissajouswaveformsdifferentmediums/argon/Lissajousfigure1 20 kHz/Lissajousfigure1_33.csv,argon_only,20,MAX,33,True
Lissajouswaveformsdifferentmediums/argon/Lissajousfigure1 20 kHz/Lissajousfigure1_34.csv,argon_only,20,MAX,34,True
Lissajouswaveformsdifferentmediums/argon/Lissajousfigure1 20 kHz/Lissajousfigure1_35.csv,argon_only,20,MAX,35,True
Lissajouswaveformsdifferentmediums/argon/Lissajousfigure1 20 kHz/Lissajousfigure1_36.csv,argon_only,20,MAX,36,True
Lissajouswaveformsdifferentmediums/argon/Lissajousfigure1 20 kHz/Lissajousfigure1_37.csv,argon_only,20,MAX,37,True
Lissajouswaveformsdifferentmediums/argon/Lissajousfigure1 20 kHz/Lissajousfigure1_38.csv,argon_only,20,MAX,38,True
Lissajouswaveformsdifferentmediums/argon/Lissajousfigure1 20 kHz/Lissajousfigure1_39.csv,argon_only,20,MAX,39,True
Lissajouswaveformsdifferentmediums/argon/Lissajousfigure1 20 kHz/Lissajousfigure1_40.csv,argon_only,20,MAX,40,True
Lissajouswaveformsdifferentmediums/argon/Lissajousfigure1 20 kHz/Lissajousfigure1_41.csv,argon_only,20,MAX,41,True
Lissajouswaveformsdifferentmediums/argon/Lissajousfigure1 20 kHz/Lissajousfigure1_42.csv,argon_only,20,MAX,42,True
Lissajouswaveformsdifferentmediums/argon/Lissajousfigure1 20 kHz/Lissajousfigure1_43.csv,argon_only,20,MAX,43,True
Lissajouswaveformsdifferentmediums/argon/Lissajousfigure1 20 kHz/Lissajousfigure1_44.csv,argon_only,20,MAX,44,True
Lissajouswaveformsdifferentmediums/argon/Lissajousfigure1 20 kHz/Lissajousfigure1_45.csv,argon_only,20,MAX,45,True
Lissajouswaveformsdifferentmediums/argon/Lissajousfigure1 20 kHz/Lissajousfigure1_46.csv,argon_only,20,MAX,46,True
Lissajouswaveformsdifferentmediums/argon/Lissajousfigure1 20 kHz/Lissajousfigure1_47.csv,argon_only,20,MAX,47,True
Lissajouswaveformsdifferentmediums/argon/Lissajousfigure1 20 kHz/Lissajousfigure1_48.csv,argon_only,20,MAX,48,True
Lissajouswaveformsdifferentmediums/argon/Lissajousfigure1 20 kHz/Lissajousfigure1_49.csv,argon_only,20,MAX,49,True
Lissajouswaveformsdifferentmediums/argon/Lissajousfigure1 20 kHz/Lissajousfigure1_50.csv,argon_only,20,MAX,50,True
Lissajouswaveformsdifferentmediums/argon/Lissajousfigure1 20 kHz/Lissajousfigure1_51.csv,argon_only,20,MAX,51,True
Lissajouswaveformsdifferentmediums/argon/Lissajousfigure1 20 kHz/Lissajousfigure1_52.csv,argon_only,20,MAX,52,True
Lissajouswaveformsdifferentmediums/argon/Lissajousfigure1 20 kHz/Lissajousfigure1_53.csv,argon_only,20,MAX,53,True
Lissajouswaveformsdifferentmediums/argon/Lissajousfigure1 20 kHz/Lissajousfigure1_54.csv,argon_only,20,MAX,54,True
Lissajouswaveformsdifferentmediums/argon/Lissajousfigure1 20 kHz/Lissajousfigure1_55.csv,argon_only,20,MAX,55,True
Lissajouswaveformsdifferentmediums/argon/Lissajousfigure1 20 kHz/Lissajousfigure1_56.csv,argon_only,20,MAX,56,True
Lissajouswaveformsdifferentmediums/argon/Lissajousfigure1 20 kHz/Lissajousfigure1_57.csv,argon_only,20,MAX,57,True
Lissajouswaveformsdifferentmediums/argon/Lissajousfigure1 20 kHz/Lissajousfigure1_58.csv,argon_only,20,MAX,58,True
Lissajouswaveformsdifferentmediums/argon/Lissajousfigure1 20 kHz/Lissajousfigure1_59.csv,argon_only,20,MAX,59,True
Lissajouswaveformsdifferentmediums/argon/Lissajousfigure1 20 kHz/Lissajousfigure1_60.csv,argon_only,20,MAX,60,True
Lissajouswaveformsdifferentmediums/argon/Lissajousfigure1 20 kHz/Lissajousfigure1_61.csv,argon_only,20,MAX,61,True
Lissajouswaveformsdifferentmediums/argon/Lissajousfigure1 20 kHz/Lissajousfigure1_62.csv,argon_only,20,MAX,62,True
Lissajouswaveformsdifferentmediums/argon/Lissajousfigure1 20 kHz/Lissajousfigure1_63.csv,argon_only,20,MAX,63,True
Lissajouswaveformsdifferentmediums/argon/Lissajousfigure1 20 kHz/Lissajousfigure1_64.csv,argon_only,20,MAX,64,True
Lissajouswaveformsdifferentmediums/pure water/4 kHz/40% breakdown/0_4breakdown-0002/0_4breakdown-0002_01.csv,pure_water,4,40,1,True
Lissajouswaveformsdifferentmediums/pure water/4 kHz/40% breakdown/0_4breakdown-0002/0_4breakdown-0002_02.csv,pure_water,4,40,2,False
Lissajouswaveformsdifferentmediums/pure water/4 kHz/40% breakdown/0_4breakdown-0002/0_4breakdown-0002_03.csv,pure_water,4,40,3,False
Lissajouswaveformsdifferentmediums/pure water/4 kHz/40% breakdown/0_4breakdown-0002/0_4breakdown-0002_04.csv,pure_water,4,40,4,False
Lissajouswaveformsdifferentmediums/pure water/4 kHz/40% breakdown/0_4breakdown-0002/0_4breakdown-0002_05.csv,pure_water,4,40,5,True
Lissajouswaveformsdifferentmediums/pure water/4 kHz/40% breakdown/0_4breakdown-0002/0_4breakdown-0002_06.csv,pure_water,4,40,6,False
Lissajouswaveformsdifferentmediums/pure water/4 kHz/40% breakdown/0_4breakdown-0002/0_4breakdown-0002_07.csv,pure_water,4,40,7,False
Lissajouswaveformsdifferentmediums/pure water/4 kHz/40% breakdown/0_4breakdown-0002/0_4breakdown-0002_08.csv,pure_water,4,40,8,False
Lissajouswaveformsdifferentmediums/pure water/4 kHz/40% breakdown/0_4breakdown-0002/0_4breakdown-0002_09.csv,pure_water,4,40,9,True
Lissajouswaveformsdifferentmediums/pure water/4 kHz/40% breakdown/0_4breakdown-0002/0_4breakdown-0002_10.csv,pure_water,4,40,10,False
Lissajouswaveformsdifferentmediums/pure water/4 kHz/40% breakdown/0_4breakdown-0002/0_4breakdown-0002_11.csv,pure_water,4,40,11,False
Lissajouswaveformsdifferentmediums/pure water/4 kHz/40% breakdown/0_4breakdown-0002/0_4breakdown-0002_12.csv,pure_water,4,40,12,False
Lissajouswaveformsdifferentmediums/pure water/4 kHz/40% breakdown/0_4breakdown-0002/0_4breakdown-0002_13.csv,pure_water,4,40,13,False
Lissajouswaveformsdifferentmediums/pure water/4 kHz/40% breakdown/0_4breakdown-0002/0_4breakdown-0002_14.csv,pure_water,4,40,14,True
Lissajouswaveformsdifferentmediums/pure water/4 kHz/40% breakdown/0_4breakdown-0002/0_4breakdown-0002_15.csv,pure_water,4,40,15,False
Lissajouswaveformsdifferentmediums/pure water/4 kHz/40% breakdown/0_4breakdown-0002/0_4breakdown-0002_16.csv,pure_water,4,40,16,False
Lissajouswaveformsdifferentmediums/pure water/4 kHz/40% breakdown/0_4breakdown-0002/0_4breakdown-0002_17.csv,pure_water,4,40,17,False
Lissajouswaveformsdifferentmediums/pure water/4 kHz/40% breakdown/0_4breakdown-0002/0_4breakdown-0002_18.csv,pure_water,4,40,18,True
Lissajouswaveformsdifferentmediums/pure water/4 kHz/40% breakdown/0_4breakdown-0002/0_4breakdown-0002_19.csv,pure_water,4,40,19,False
Lissajouswaveformsdifferentmediums/pure water/4 kHz/40% breakdown/0_4breakdown-0002/0_4breakdown-0002_20.csv,pure_water,4,40,20,False
Lissajouswaveformsdifferentmediums/pure water/4 kHz/40% breakdown/0_4breakdown-0002/0_4breakdown-0002_21.csv,pure_water,4,40,21,False
Lissajouswaveformsdifferentmediums/pure water/4 kHz/40% breakdown/0_4breakdown-0002/0_4breakdown-0002_22.csv,pure_water,4,40,22,True
Lissajouswaveformsdifferentmediums/pure water/4 kHz/40% breakdown/0_4breakdown-0002/0_4breakdown-0002_23.csv,pure_water,4,40,23,False
Lissajouswaveformsdifferentmediums/pure water/4 kHz/40% breakdown/0_4breakdown-0002/0_4breakdown-0002_24.csv,pure_water,4,40,24,False
Lissajouswaveformsdifferentmediums/pure water/4 kHz/40% breakdown/0_4breakdown-0002/0_4breakdown-0002_25.csv,pure_water,4,40,25,False
Lissajouswaveformsdifferentmediums/pure water/4 kHz/40% breakdown/0_4breakdown-0002/0_4breakdown-0002_26.csv,pure_water,4,40,26,True
Lissajouswaveformsdifferentmediums/pure water/4 kHz/40% breakdown/0_4breakdown-0002/0_4breakdown-0002_27.csv,pure_water,4,40,27,False
Lissajouswaveformsdifferentmediums/pure water/4 kHz/40% breakdown/0_4breakdown-0002/0_4breakdown-0002_28.csv,pure_water,4,40,28,False
Lissajouswaveformsdifferentmediums/pure water/4 kHz/40% breakdown/0_4breakdown-0002/0_4breakdown-0002_29.csv,pure_water,4,40,29,False
Lissajouswaveformsdifferentmediums/pure water/4 kHz/40% breakdown/0_4breakdown-0002/0_4breakdown-0002_30.csv,pure_water,4,40,30,True
Lissajouswaveformsdifferentmediums/pure water/4 kHz/40% breakdown/0_4breakdown-0002/0_4breakdown-0002_31.csv,pure_water,4,40,31,False
Lissajouswaveformsdifferentmediums/pure water/4 kHz/40% breakdown/0_4breakdown-0002/0_4breakdown-0002_32.csv,pure_water,4,40,32,False
Lissajouswaveformsdifferentmediums/pure water/4 kHz/40% breakdown/0_4breakdown-0002/0_4breakdown-0002_33.csv,pure_water,4,40,33,False
Lissajouswaveformsdifferentmediums/pure water/4 kHz/40% breakdown/0_4breakdown-0002/0_4breakdown-0002_34.csv,pure_water,4,40,34,False
Lissajouswaveformsdifferentmediums/pure water/4 kHz/40% breakdown/0_4breakdown-0002/0_4breakdown-0002_35.csv,pure_water,4,40,35,True
Lissajouswaveformsdifferentmediums/pure water/4 kHz/40% breakdown/0_4breakdown-0002/0_4breakdown-0002_36.csv,pure_water,4,40,36,False
Lissajouswaveformsdifferentmediums/pure water/4 kHz/40% breakdown/0_4breakdown-0002/0_4breakdown-0002_37.csv,pure_water,4,40,37,False
Lissajouswaveformsdifferentmediums/pure water/4 kHz/40% breakdown/0_4breakdown-0002/0_4breakdown-0002_38.csv,pure_water,4,40,38,False
Lissajouswaveformsdifferentmediums/pure water/4 kHz/40% breakdown/0_4breakdown-0002/0_4breakdown-0002_39.csv,pure_water,4,40,39,True
Lissajouswaveformsdifferentmediums/pure water/4 kHz/40% breakdown/0_4breakdown-0002/0_4breakdown-0002_40.csv,pure_water,4,40,40,False
Lissajouswaveformsdifferentmediums/pure water/4 kHz/40% breakdown/0_4breakdown-0002/0_4breakdown-0002_41.csv,pure_water,4,40,41,False
Lissajouswaveformsdifferentmediums/pure water/4 kHz/40% breakdown/0_4breakdown-0002/0_4breakdown-0002_42.csv,pure_water,4,40,42,False
Lissajouswaveformsdifferentmediums/pure water/4 kHz/40% breakdown/0_4breakdown-0002/0_4breakdown-0002_43.csv,pure_water,4,40,43,True
Lissajouswaveformsdifferentmediums/pure water/4 kHz/40% breakdown/0_4breakdown-0002/0_4breakdown-0002_44.csv,pure_water,4,40,44,False
Lissajouswaveformsdifferentmediums/pure water/4 kHz/40% breakdown/0_4breakdown-0002/0_4breakdown-0002_45.csv,pure_water,4,40,45,False
Lissajouswaveformsdifferentmediums/pure water/4 kHz/40% breakdown/0_4breakdown-0002/0_4breakdown-0002_46.csv,pure_water,4,40,46,False
Lissajouswaveformsdifferentmediums/pure water/4 kHz/40% breakdown/0_4breakdown-0002/0_4breakdown-0002_47.csv,pure_water,4,40,47,True
Lissajouswaveformsdifferentmediums/pure water/4 kHz/40% breakdown/0_4breakdown-0002/0_4breakdown-0002_48.csv,pure_water,4,40,48,False
Lissajouswaveformsdifferentmediums/pure water/4 kHz/40% breakdown/0_4breakdown-0002/0_4breakdown-0002_49.csv,pure_water,4,40,49,False
Lissajouswaveformsdifferentmediums/pure water/4 kHz/40% breakdown/0_4breakdown-0002/0_4breakdown-0002_50.csv,pure_water,4,40,50,False
Lissajouswaveformsdifferentmediums/pure water/4 kHz/40% breakdown/0_4breakdown-0002/0_4breakdown-0002_51.csv,pure_water,4,40,51,True
Lissajouswaveformsdifferentmediums/pure water/4 kHz/40% breakdown/0_4breakdown-0002/0_4breakdown-0002_52.csv,pure_water,4,40,52,False
Lissajouswaveformsdifferentmediums/pure water/4 kHz/40% breakdown/0_4breakdown-0002/0_4breakdown-0002_53.csv,pure_water,4,40,53,False
Lissajouswaveformsdifferentmediums/pure water/4 kHz/40% breakdown/0_4breakdown-0002/0_4breakdown-0002_54.csv,pure_water,4,40,54,False
Lissajouswaveformsdifferentmediums/pure water/4 kHz/40% breakdown/0_4breakdown-0002/0_4breakdown-0002_55.csv,pure_water,4,40,55,False
Lissajouswaveformsdifferentmediums/pure water/4 kHz/40% breakdown/0_4breakdown-0002/0_4breakdown-0002_56.csv,pure_water,4,40,56,True
Lissajouswaveformsdifferentmediums/pure water/4 kHz/40% breakdown/0_4breakdown-0002/0_4breakdown-0002_57.csv,pure_water,4,40,57,False
Lissajouswaveformsdifferentmediums/pure water/4 kHz/40% breakdown/0_4breakdown-0002/0_4breakdown-0002_58.csv,pure_water,4,40,58,False
Lissajouswaveformsdifferentmediums/pure water/4 kHz/40% breakdown/0_4breakdown-0002/0_4breakdown-0002_59.csv,pure_water,4,40,59,False
Lissajouswaveformsdifferentmediums/pure water/4 kHz/40% breakdown/0_4breakdown-0002/0_4breakdown-0002_60.csv,pure_water,4,40,60,True
Lissajouswaveformsdifferentmediums/pure water/4 kHz/40% breakdown/0_4breakdown-0002/0_4breakdown-0002_61.csv,pure_water,4,40,61,False
Lissajouswaveformsdifferentmediums/pure water/4 kHz/40% breakdown/0_4breakdown-0002/0_4breakdown-0002_62.csv,pure_water,4,40,62,False
Lissajouswaveformsdifferentmediums/pure water/4 kHz/40% breakdown/0_4breakdown-0002/0_4breakdown-0002_63.csv,pure_water,4,40,63,False
Lissajouswaveformsdifferentmediums/pure water/4 kHz/40% breakdown/0_4breakdown-0002/0_4breakdown-0002_64.csv,pure_water,4,40,64,True
Lissajouswaveformsdifferentmediums/pure water/4 kHz/60% breakdown/0_6breakdown-0003/0_6breakdown-0003_01.csv,pure_water,4,60,1,True
Lissajouswaveformsdifferentmediums/pure water/4 kHz/60% breakdown/0_6breakdown-0003/0_6breakdown-0003_02.csv,pure_water,4,60,2,False
Lissajouswaveformsdifferentmediums/pure water/4 kHz/60% breakdown/0_6breakdown-0003/0_6breakdown-0003_03.csv,pure_water,4,60,3,False
Lissajouswaveformsdifferentmediums/pure water/4 kHz/60% breakdown/0_6breakdown-0003/0_6breakdown-0003_04.csv,pure_water,4,60,4,False
Lissajouswaveformsdifferentmediums/pure water/4 kHz/60% breakdown/0_6breakdown-0003/0_6breakdown-0003_05.csv,pure_water,4,60,5,True
Lissajouswaveformsdifferentmediums/pure water/4 kHz/60% breakdown/0_6breakdown-0003/0_6breakdown-0003_06.csv,pure_water,4,60,6,False
Lissajouswaveformsdifferentmediums/pure water/4 kHz/60% breakdown/0_6breakdown-0003/0_6breakdown-0003_07.csv,pure_water,4,60,7,False
Lissajouswaveformsdifferentmediums/pure water/4 kHz/60% breakdown/0_6breakdown-0003/0_6breakdown-0003_08.csv,pure_water,4,60,8,False
Lissajouswaveformsdifferentmediums/pure water/4 kHz/60% breakdown/0_6breakdown-0003/0_6breakdown-0003_09.csv,pure_water,4,60,9,True
Lissajouswaveformsdifferentmediums/pure water/4 kHz/60% breakdown/0_6breakdown-0003/0_6breakdown-0003_10.csv,pure_water,4,60,10,False
Lissajouswaveformsdifferentmediums/pure water/4 kHz/60% breakdown/0_6breakdown-0003/0_6breakdown-0003_11.csv,pure_water,4,60,11,False
Lissajouswaveformsdifferentmediums/pure water/4 kHz/60% breakdown/0_6breakdown-0003/0_6breakdown-0003_12.csv,pure_water,4,60,12,False
Lissajouswaveformsdifferentmediums/pure water/4 kHz/60% breakdown/0_6breakdown-0003/0_6breakdown-0003_13.csv,pure_water,4,60,13,False
Lissajouswaveformsdifferentmediums/pure water/4 kHz/60% breakdown/0_6breakdown-0003/0_6breakdown-0003_14.csv,pure_water,4,60,14,True
Lissajouswaveformsdifferentmediums/pure water/4 kHz/60% breakdown/0_6breakdown-0003/0_6breakdown-0003_15.csv,pure_water,4,60,15,False
Lissajouswaveformsdifferentmediums/pure water/4 kHz/60% breakdown/0_6breakdown-0003/0_6breakdown-0003_16.csv,pure_water,4,60,16,False
Lissajouswaveformsdifferentmediums/pure water/4 kHz/60% breakdown/0_6breakdown-0003/0_6breakdown-0003_17.csv,pure_water,4,60,17,False
Lissajouswaveformsdifferentmediums/pure water/4 kHz/60% breakdown/0_6breakdown-0003/0_6breakdown-0003_18.csv,pure_water,4,60,18,True
Lissajouswaveformsdifferentmediums/pure water/4 kHz/60% breakdown/0_6breakdown-0003/0_6breakdown-0003_19.csv,pure_water,4,60,19,False
Lissajouswaveformsdifferentmediums/pure water/4 kHz/60% breakdown/0_6breakdown-0003/0_6breakdown-0003_20.csv,pure_water,4,60,20,False
Lissajouswaveformsdifferentmediums/pure water/4 kHz/60% breakdown/0_6breakdown-0003/0_6breakdown-0003_21.csv,pure_water,4,60,21,False
Lissajouswaveformsdifferentmediums/pure water/4 kHz/60% breakdown/0_6breakdown-0003/0_6breakdown-0003_22.csv,pure_water,4,60,22,True
Lissajouswaveformsdifferentmediums/pure water/4 kHz/60% breakdown/0_6breakdown-0003/0_6breakdown-0003_23.csv,pure_water,4,60,23,False
Lissajouswaveformsdifferentmediums/pure water/4 kHz/60% breakdown/0_6breakdown-0003/0_6breakdown-0003_24.csv,pure_water,4,60,24,False
Lissajouswaveformsdifferentmediums/pure water/4 kHz/60% breakdown/0_6breakdown-0003/0_6breakdown-0003_25.csv,pure_water,4,60,25,False
Lissajouswaveformsdifferentmediums/pure water/4 kHz/60% breakdown/0_6breakdown-0003/0_6breakdown-0003_26.csv,pure_water,4,60,26,True
Lissajouswaveformsdifferentmediums/pure water/4 kHz/60% breakdown/0_6breakdown-0003/0_6breakdown-0003_27.csv,pure_water,4,60,27,False
Lissajouswaveformsdifferentmediums/pure water/4 kHz/60% breakdown/0_6breakdown-0003/0_6breakdown-0003_28.csv,pure_water,4,60,28,False
Lissajouswaveformsdifferentmediums/pure water/4 kHz/60% breakdown/0_6breakdown-0003/0_6breakdown-0003_29.csv,pure_water,4,60,29,False
Lissajouswaveformsdifferentmediums/pure water/4 kHz/60% breakdown/0_6breakdown-0003/0_6breakdown-0003_30.csv,pure_water,4,60,30,True
Lissajouswaveformsdifferentmediums/pure water/4 kHz/60% breakdown/0_6breakdown-0003/0_6breakdown-0003_31.csv,pure_water,4,60,31,False
Lissajouswaveformsdifferentmediums/pure water/4 kHz/60% breakdown/0_6breakdown-0003/0_6breakdown-0003_32.csv,pure_water,4,60,32,False
Lissajouswaveformsdifferentmediums/pure water/4 kHz/60% breakdown/0_6breakdown-0003/0_6breakdown-0003_33.csv,pure_water,4,60,33,False
Lissajouswaveformsdifferentmediums/pure water/4 kHz/60% breakdown/0_6breakdown-0003/0_6breakdown-0003_34.csv,pure_water,4,60,34,False
Lissajouswaveformsdifferentmediums/pure water/4 kHz/60% breakdown/0_6breakdown-0003/0_6breakdown-0003_35.csv,pure_water,4,60,35,True
Lissajouswaveformsdifferentmediums/pure water/4 kHz/60% breakdown/0_6breakdown-0003/0_6breakdown-0003_36.csv,pure_water,4,60,36,False
Lissajouswaveformsdifferentmediums/pure water/4 kHz/60% breakdown/0_6breakdown-0003/0_6breakdown-0003_37.csv,pure_water,4,60,37,False
Lissajouswaveformsdifferentmediums/pure water/4 kHz/60% breakdown/0_6breakdown-0003/0_6breakdown-0003_38.csv,pure_water,4,60,38,False
Lissajouswaveformsdifferentmediums/pure water/4 kHz/60% breakdown/0_6breakdown-0003/0_6breakdown-0003_39.csv,pure_water,4,60,39,True
Lissajouswaveformsdifferentmediums/pure water/4 kHz/60% breakdown/0_6breakdown-0003/0_6breakdown-0003_40.csv,pure_water,4,60,40,False
Lissajouswaveformsdifferentmediums/pure water/4 kHz/60% breakdown/0_6breakdown-0003/0_6breakdown-0003_41.csv,pure_water,4,60,41,False
Lissajouswaveformsdifferentmediums/pure water/4 kHz/60% breakdown/0_6breakdown-0003/0_6breakdown-0003_42.csv,pure_water,4,60,42,False
Lissajouswaveformsdifferentmediums/pure water/4 kHz/60% breakdown/0_6breakdown-0003/0_6breakdown-0003_43.csv,pure_water,4,60,43,True
Lissajouswaveformsdifferentmediums/pure water/4 kHz/60% breakdown/0_6breakdown-0003/0_6breakdown-0003_44.csv,pure_water,4,60,44,False
Lissajouswaveformsdifferentmediums/pure water/4 kHz/60% breakdown/0_6breakdown-0003/0_6breakdown-0003_45.csv,pure_water,4,60,45,False
Lissajouswaveformsdifferentmediums/pure water/4 kHz/60% breakdown/0_6breakdown-0003/0_6breakdown-0003_46.csv,pure_water,4,60,46,False
Lissajouswaveformsdifferentmediums/pure water/4 kHz/60% breakdown/0_6breakdown-0003/0_6breakdown-0003_47.csv,pure_water,4,60,47,True
Lissajouswaveformsdifferentmediums/pure water/4 kHz/60% breakdown/0_6breakdown-0003/0_6breakdown-0003_48.csv,pure_water,4,60,48,False
Lissajouswaveformsdifferentmediums/pure water/4 kHz/60% breakdown/0_6breakdown-0003/0_6breakdown-0003_49.csv,pure_water,4,60,49,False
Lissajouswaveformsdifferentmediums/pure water/4 kHz/60% breakdown/0_6breakdown-0003/0_6breakdown-0003_50.csv,pure_water,4,60,50,False
Lissajouswaveformsdifferentmediums/pure water/4 kHz/60% breakdown/0_6breakdown-0003/0_6breakdown-0003_51.csv,pure_water,4,60,51,True
Lissajouswaveformsdifferentmediums/pure water/4 kHz/60% breakdown/0_6breakdown-0003/0_6breakdown-0003_52.csv,pure_water,4,60,52,False
Lissajouswaveformsdifferentmediums/pure water/4 kHz/60% breakdown/0_6breakdown-0003/0_6breakdown-0003_53.csv,pure_water,4,60,53,False
Lissajouswaveformsdifferentmediums/pure water/4 kHz/60% breakdown/0_6breakdown-0003/0_6breakdown-0003_54.csv,pure_water,4,60,54,False
Lissajouswaveformsdifferentmediums/pure water/4 kHz/60% breakdown/0_6breakdown-0003/0_6breakdown-0003_55.csv,pure_water,4,60,55,False
Lissajouswaveformsdifferentmediums/pure water/4 kHz/60% breakdown/0_6breakdown-0003/0_6breakdown-0003_56.csv,pure_water,4,60,56,True
Lissajouswaveformsdifferentmediums/pure water/4 kHz/60% breakdown/0_6breakdown-0003/0_6breakdown-0003_57.csv,pure_water,4,60,57,False
Lissajouswaveformsdifferentmediums/pure water/4 kHz/60% breakdown/0_6breakdown-0003/0_6breakdown-0003_58.csv,pure_water,4,60,58,False
Lissajouswaveformsdifferentmediums/pure water/4 kHz/60% breakdown/0_6breakdown-0003/0_6breakdown-0003_59.csv,pure_water,4,60,59,False
Lissajouswaveformsdifferentmediums/pure water/4 kHz/60% breakdown/0_6breakdown-0003/0_6breakdown-0003_60.csv,pure_water,4,60,60,True
Lissajouswaveformsdifferentmediums/pure water/4 kHz/60% breakdown/0_6breakdown-0003/0_6breakdown-0003_61.csv,pure_water,4,60,61,False
Lissajouswaveformsdifferentmediums/pure water/4 kHz/60% breakdown/0_6breakdown-0003/0_6breakdown-0003_62.csv,pure_water,4,60,62,False
Lissajouswaveformsdifferentmediums/pure water/4 kHz/60% breakdown/0_6breakdown-0003/0_6breakdown-0003_63.csv,pure_water,4,60,63,False
Lissajouswaveformsdifferentmediums/pure water/4 kHz/60% breakdown/0_6breakdown-0003/0_6breakdown-0003_64.csv,pure_water,4,60,64,True
Lissajouswaveformsdifferentmediums/pure water/4 kHz/75% breakdown/0_75breakdown-0004/0_75breakdown-0004_01.csv,pure_water,4,75,1,True
Lissajouswaveformsdifferentmediums/pure water/4 kHz/75% breakdown/0_75breakdown-0004/0_75breakdown-0004_02.csv,pure_water,4,75,2,False
Lissajouswaveformsdifferentmediums/pure water/4 kHz/75% breakdown/0_75breakdown-0004/0_75breakdown-0004_03.csv,pure_water,4,75,3,False
Lissajouswaveformsdifferentmediums/pure water/4 kHz/75% breakdown/0_75breakdown-0004/0_75breakdown-0004_04.csv,pure_water,4,75,4,False
Lissajouswaveformsdifferentmediums/pure water/4 kHz/75% breakdown/0_75breakdown-0004/0_75breakdown-0004_05.csv,pure_water,4,75,5,True
Lissajouswaveformsdifferentmediums/pure water/4 kHz/75% breakdown/0_75breakdown-0004/0_75breakdown-0004_06.csv,pure_water,4,75,6,False
Lissajouswaveformsdifferentmediums/pure water/4 kHz/75% breakdown/0_75breakdown-0004/0_75breakdown-0004_07.csv,pure_water,4,75,7,False
Lissajouswaveformsdifferentmediums/pure water/4 kHz/75% breakdown/0_75breakdown-0004/0_75breakdown-0004_08.csv,pure_water,4,75,8,False
Lissajouswaveformsdifferentmediums/pure water/4 kHz/75% breakdown/0_75breakdown-0004/0_75breakdown-0004_09.csv,pure_water,4,75,9,True
Lissajouswaveformsdifferentmediums/pure water/4 kHz/75% breakdown/0_75breakdown-0004/0_75breakdown-0004_10.csv,pure_water,4,75,10,False
Lissajouswaveformsdifferentmediums/pure water/4 kHz/75% breakdown/0_75breakdown-0004/0_75breakdown-0004_11.csv,pure_water,4,75,11,False
Lissajouswaveformsdifferentmediums/pure water/4 kHz/75% breakdown/0_75breakdown-0004/0_75breakdown-0004_12.csv,pure_water,4,75,12,False
Lissajouswaveformsdifferentmediums/pure water/4 kHz/75% breakdown/0_75breakdown-0004/0_75breakdown-0004_13.csv,pure_water,4,75,13,False
Lissajouswaveformsdifferentmediums/pure water/4 kHz/75% breakdown/0_75breakdown-0004/0_75breakdown-0004_14.csv,pure_water,4,75,14,True
Lissajouswaveformsdifferentmediums/pure water/4 kHz/75% breakdown/0_75breakdown-0004/0_75breakdown-0004_15.csv,pure_water,4,75,15,False
Lissajouswaveformsdifferentmediums/pure water/4 kHz/75% breakdown/0_75breakdown-0004/0_75breakdown-0004_16.csv,pure_water,4,75,16,False
Lissajouswaveformsdifferentmediums/pure water/4 kHz/75% breakdown/0_75breakdown-0004/0_75breakdown-0004_17.csv,pure_water,4,75,17,False
Lissajouswaveformsdifferentmediums/pure water/4 kHz/75% breakdown/0_75breakdown-0004/0_75breakdown-0004_18.csv,pure_water,4,75,18,True
Lissajouswaveformsdifferentmediums/pure water/4 kHz/75% breakdown/0_75breakdown-0004/0_75breakdown-0004_19.csv,pure_water,4,75,19,False
Lissajouswaveformsdifferentmediums/pure water/4 kHz/75% breakdown/0_75breakdown-0004/0_75breakdown-0004_20.csv,pure_water,4,75,20,False
Lissajouswaveformsdifferentmediums/pure water/4 kHz/75% breakdown/0_75breakdown-0004/0_75breakdown-0004_21.csv,pure_water,4,75,21,False
Lissajouswaveformsdifferentmediums/pure water/4 kHz/75% breakdown/0_75breakdown-0004/0_75breakdown-0004_22.csv,pure_water,4,75,22,True
Lissajouswaveformsdifferentmediums/pure water/4 kHz/75% breakdown/0_75breakdown-0004/0_75breakdown-0004_23.csv,pure_water,4,75,23,False
Lissajouswaveformsdifferentmediums/pure water/4 kHz/75% breakdown/0_75breakdown-0004/0_75breakdown-0004_24.csv,pure_water,4,75,24,False
Lissajouswaveformsdifferentmediums/pure water/4 kHz/75% breakdown/0_75breakdown-0004/0_75breakdown-0004_25.csv,pure_water,4,75,25,False
Lissajouswaveformsdifferentmediums/pure water/4 kHz/75% breakdown/0_75breakdown-0004/0_75breakdown-0004_26.csv,pure_water,4,75,26,True
Lissajouswaveformsdifferentmediums/pure water/4 kHz/75% breakdown/0_75breakdown-0004/0_75breakdown-0004_27.csv,pure_water,4,75,27,False
Lissajouswaveformsdifferentmediums/pure water/4 kHz/75% breakdown/0_75breakdown-0004/0_75breakdown-0004_28.csv,pure_water,4,75,28,False
Lissajouswaveformsdifferentmediums/pure water/4 kHz/75% breakdown/0_75breakdown-0004/0_75breakdown-0004_29.csv,pure_water,4,75,29,False
Lissajouswaveformsdifferentmediums/pure water/4 kHz/75% breakdown/0_75breakdown-0004/0_75breakdown-0004_30.csv,pure_water,4,75,30,True
Lissajouswaveformsdifferentmediums/pure water/4 kHz/75% breakdown/0_75breakdown-0004/0_75breakdown-0004_31.csv,pure_water,4,75,31,False
Lissajouswaveformsdifferentmediums/pure water/4 kHz/75% breakdown/0_75breakdown-0004/0_75breakdown-0004_32.csv,pure_water,4,75,32,False
Lissajouswaveformsdifferentmediums/pure water/4 kHz/75% breakdown/0_75breakdown-0004/0_75breakdown-0004_33.csv,pure_water,4,75,33,False
Lissajouswaveformsdifferentmediums/pure water/4 kHz/75% breakdown/0_75breakdown-0004/0_75breakdown-0004_34.csv,pure_water,4,75,34,False
Lissajouswaveformsdifferentmediums/pure water/4 kHz/75% breakdown/0_75breakdown-0004/0_75breakdown-0004_35.csv,pure_water,4,75,35,True
Lissajouswaveformsdifferentmediums/pure water/4 kHz/75% breakdown/0_75breakdown-0004/0_75breakdown-0004_36.csv,pure_water,4,75,36,False
Lissajouswaveformsdifferentmediums/pure water/4 kHz/75% breakdown/0_75breakdown-0004/0_75breakdown-0004_37.csv,pure_water,4,75,37,False
Lissajouswaveformsdifferentmediums/pure water/4 kHz/75% breakdown/0_75breakdown-0004/0_75breakdown-0004_38.csv,pure_water,4,75,38,False
Lissajouswaveformsdifferentmediums/pure water/4 kHz/75% breakdown/0_75breakdown-0004/0_75breakdown-0004_39.csv,pure_water,4,75,39,True
Lissajouswaveformsdifferentmediums/pure water/4 kHz/75% breakdown/0_75breakdown-0004/0_75breakdown-0004_40.csv,pure_water,4,75,40,False
Lissajouswaveformsdifferentmediums/pure water/4 kHz/75% breakdown/0_75breakdown-0004/0_75breakdown-0004_41.csv,pure_water,4,75,41,False
Lissajouswaveformsdifferentmediums/pure water/4 kHz/75% breakdown/0_75breakdown-0004/0_75breakdown-0004_42.csv,pure_water,4,75,42,False
Lissajouswaveformsdifferentmediums/pure water/4 kHz/75% breakdown/0_75breakdown-0004/0_75breakdown-0004_43.csv,pure_water,4,75,43,True
Lissajouswaveformsdifferentmediums/pure water/4 kHz/75% breakdown/0_75breakdown-0004/0_75breakdown-0004_44.csv,pure_water,4,75,44,False
Lissajouswaveformsdifferentmediums/pure water/4 kHz/75% breakdown/0_75breakdown-0004/0_75breakdown-0004_45.csv,pure_water,4,75,45,False
Lissajouswaveformsdifferentmediums/pure water/4 kHz/75% breakdown/0_75breakdown-0004/0_75breakdown-0004_46.csv,pure_water,4,75,46,False
Lissajouswaveformsdifferentmediums/pure water/4 kHz/75% breakdown/0_75breakdown-0004/0_75breakdown-0004_47.csv,pure_water,4,75,47,True
Lissajouswaveformsdifferentmediums/pure water/4 kHz/75% breakdown/0_75breakdown-0004/0_75breakdown-0004_48.csv,pure_water,4,75,48,False
Lissajouswaveformsdifferentmediums/pure water/4 kHz/75% breakdown/0_75breakdown-0004/0_75breakdown-0004_49.csv,pure_water,4,75,49,False
Lissajouswaveformsdifferentmediums/pure water/4 kHz/75% breakdown/0_75breakdown-0004/0_75breakdown-0004_50.csv,pure_water,4,75,50,False
Lissajouswaveformsdifferentmediums/pure water/4 kHz/75% breakdown/0_75breakdown-0004/0_75breakdown-0004_51.csv,pure_water,4,75,51,True
Lissajouswaveformsdifferentmediums/pure water/4 kHz/75% breakdown/0_75breakdown-0004/0_75breakdown-0004_52.csv,pure_water,4,75,52,False
Lissajouswaveformsdifferentmediums/pure water/4 kHz/75% breakdown/0_75breakdown-0004/0_75breakdown-0004_53.csv,pure_water,4,75,53,False
Lissajouswaveformsdifferentmediums/pure water/4 kHz/75% breakdown/0_75breakdown-0004/0_75breakdown-0004_54.csv,pure_water,4,75,54,False
Lissajouswaveformsdifferentmediums/pure water/4 kHz/75% breakdown/0_75breakdown-0004/0_75breakdown-0004_55.csv,pure_water,4,75,55,False
Lissajouswaveformsdifferentmediums/pure water/4 kHz/75% breakdown/0_75breakdown-0004/0_75breakdown-0004_56.csv,pure_water,4,75,56,True
Lissajouswaveformsdifferentmediums/pure water/4 kHz/75% breakdown/0_75breakdown-0004/0_75breakdown-0004_57.csv,pure_water,4,75,57,False
Lissajouswaveformsdifferentmediums/pure water/4 kHz/75% breakdown/0_75breakdown-0004/0_75breakdown-0004_58.csv,pure_water,4,75,58,False
Lissajouswaveformsdifferentmediums/pure water/4 kHz/75% breakdown/0_75breakdown-0004/0_75breakdown-0004_59.csv,pure_water,4,75,59,False
Lissajouswaveformsdifferentmediums/pure water/4 kHz/75% breakdown/0_75breakdown-0004/0_75breakdown-0004_60.csv,pure_water,4,75,60,True
Lissajouswaveformsdifferentmediums/pure water/4 kHz/75% breakdown/0_75breakdown-0004/0_75breakdown-0004_61.csv,pure_water,4,75,61,False
Lissajouswaveformsdifferentmediums/pure water/4 kHz/75% breakdown/0_75breakdown-0004/0_75breakdown-0004_62.csv,pure_water,4,75,62,False
Lissajouswaveformsdifferentmediums/pure water/4 kHz/75% breakdown/0_75breakdown-0004/0_75breakdown-0004_63.csv,pure_water,4,75,63,False
Lissajouswaveformsdifferentmediums/pure water/4 kHz/75% breakdown/0_75breakdown-0004/0_75breakdown-0004_64.csv,pure_water,4,75,64,True
Lissajouswaveformsdifferentmediums/pure water/4 kHz/90% breakdown/0_9breakdown-0005/0_9breakdown-0005_01.csv,pure_water,4,90,1,True
Lissajouswaveformsdifferentmediums/pure water/4 kHz/90% breakdown/0_9breakdown-0005/0_9breakdown-0005_02.csv,pure_water,4,90,2,False
Lissajouswaveformsdifferentmediums/pure water/4 kHz/90% breakdown/0_9breakdown-0005/0_9breakdown-0005_03.csv,pure_water,4,90,3,False
Lissajouswaveformsdifferentmediums/pure water/4 kHz/90% breakdown/0_9breakdown-0005/0_9breakdown-0005_04.csv,pure_water,4,90,4,False
Lissajouswaveformsdifferentmediums/pure water/4 kHz/90% breakdown/0_9breakdown-0005/0_9breakdown-0005_05.csv,pure_water,4,90,5,True
Lissajouswaveformsdifferentmediums/pure water/4 kHz/90% breakdown/0_9breakdown-0005/0_9breakdown-0005_06.csv,pure_water,4,90,6,False
Lissajouswaveformsdifferentmediums/pure water/4 kHz/90% breakdown/0_9breakdown-0005/0_9breakdown-0005_07.csv,pure_water,4,90,7,False
Lissajouswaveformsdifferentmediums/pure water/4 kHz/90% breakdown/0_9breakdown-0005/0_9breakdown-0005_08.csv,pure_water,4,90,8,False
Lissajouswaveformsdifferentmediums/pure water/4 kHz/90% breakdown/0_9breakdown-0005/0_9breakdown-0005_09.csv,pure_water,4,90,9,True
Lissajouswaveformsdifferentmediums/pure water/4 kHz/90% breakdown/0_9breakdown-0005/0_9breakdown-0005_10.csv,pure_water,4,90,10,False
Lissajouswaveformsdifferentmediums/pure water/4 kHz/90% breakdown/0_9breakdown-0005/0_9breakdown-0005_11.csv,pure_water,4,90,11,False
Lissajouswaveformsdifferentmediums/pure water/4 kHz/90% breakdown/0_9breakdown-0005/0_9breakdown-0005_12.csv,pure_water,4,90,12,False
Lissajouswaveformsdifferentmediums/pure water/4 kHz/90% breakdown/0_9breakdown-0005/0_9breakdown-0005_13.csv,pure_water,4,90,13,False
Lissajouswaveformsdifferentmediums/pure water/4 kHz/90% breakdown/0_9breakdown-0005/0_9breakdown-0005_14.csv,pure_water,4,90,14,True
Lissajouswaveformsdifferentmediums/pure water/4 kHz/90% breakdown/0_9breakdown-0005/0_9breakdown-0005_15.csv,pure_water,4,90,15,False
Lissajouswaveformsdifferentmediums/pure water/4 kHz/90% breakdown/0_9breakdown-0005/0_9breakdown-0005_16.csv,pure_water,4,90,16,False
Lissajouswaveformsdifferentmediums/pure water/4 kHz/90% breakdown/0_9breakdown-0005/0_9breakdown-0005_17.csv,pure_water,4,90,17,False
Lissajouswaveformsdifferentmediums/pure water/4 kHz/90% breakdown/0_9breakdown-0005/0_9breakdown-0005_18.csv,pure_water,4,90,18,True
Lissajouswaveformsdifferentmediums/pure water/4 kHz/90% breakdown/0_9breakdown-0005/0_9breakdown-0005_19.csv,pure_water,4,90,19,False
Lissajouswaveformsdifferentmediums/pure water/4 kHz/90% breakdown/0_9breakdown-0005/0_9breakdown-0005_20.csv,pure_water,4,90,20,False
Lissajouswaveformsdifferentmediums/pure water/4 kHz/90% breakdown/0_9breakdown-0005/0_9breakdown-0005_21.csv,pure_water,4,90,21,False
Lissajouswaveformsdifferentmediums/pure water/4 kHz/90% breakdown/0_9breakdown-0005/0_9breakdown-0005_22.csv,pure_water,4,90,22,True
Lissajouswaveformsdifferentmediums/pure water/4 kHz/90% breakdown/0_9breakdown-0005/0_9breakdown-0005_23.csv,pure_water,4,90,23,False
Lissajouswaveformsdifferentmediums/pure water/4 kHz/90% breakdown/0_9breakdown-0005/0_9breakdown-0005_24.csv,pure_water,4,90,24,False
Lissajouswaveformsdifferentmediums/pure water/4 kHz/90% breakdown/0_9breakdown-0005/0_9breakdown-0005_25.csv,pure_water,4,90,25,False
Lissajouswaveformsdifferentmediums/pure water/4 kHz/90% breakdown/0_9breakdown-0005/0_9breakdown-0005_26.csv,pure_water,4,90,26,True
Lissajouswaveformsdifferentmediums/pure water/4 kHz/90% breakdown/0_9breakdown-0005/0_9breakdown-0005_27.csv,pure_water,4,90,27,False
Lissajouswaveformsdifferentmediums/pure water/4 kHz/90% breakdown/0_9breakdown-0005/0_9breakdown-0005_28.csv,pure_water,4,90,28,False
Lissajouswaveformsdifferentmediums/pure water/4 kHz/90% breakdown/0_9breakdown-0005/0_9breakdown-0005_29.csv,pure_water,4,90,29,False
Lissajouswaveformsdifferentmediums/pure water/4 kHz/90% breakdown/0_9breakdown-0005/0_9breakdown-0005_30.csv,pure_water,4,90,30,True
Lissajouswaveformsdifferentmediums/pure water/4 kHz/90% breakdown/0_9breakdown-0005/0_9breakdown-0005_31.csv,pure_water,4,90,31,False
Lissajouswaveformsdifferentmediums/pure water/4 kHz/90% breakdown/0_9breakdown-0005/0_9breakdown-0005_32.csv,pure_water,4,90,32,False
Lissajouswaveformsdifferentmediums/pure water/4 kHz/90% breakdown/0_9breakdown-0005/0_9breakdown-0005_33.csv,pure_water,4,90,33,False
Lissajouswaveformsdifferentmediums/pure water/4 kHz/90% breakdown/0_9breakdown-0005/0_9breakdown-0005_34.csv,pure_water,4,90,34,False
Lissajouswaveformsdifferentmediums/pure water/4 kHz/90% breakdown/0_9breakdown-0005/0_9breakdown-0005_35.csv,pure_water,4,90,35,True
Lissajouswaveformsdifferentmediums/pure water/4 kHz/90% breakdown/0_9breakdown-0005/0_9breakdown-0005_36.csv,pure_water,4,90,36,False
Lissajouswaveformsdifferentmediums/pure water/4 kHz/90% breakdown/0_9breakdown-0005/0_9breakdown-0005_37.csv,pure_water,4,90,37,False
Lissajouswaveformsdifferentmediums/pure water/4 kHz/90% breakdown/0_9breakdown-0005/0_9breakdown-0005_38.csv,pure_water,4,90,38,False
Lissajouswaveformsdifferentmediums/pure water/4 kHz/90% breakdown/0_9breakdown-0005/0_9breakdown-0005_39.csv,pure_water,4,90,39,True
Lissajouswaveformsdifferentmediums/pure water/4 kHz/90% breakdown/0_9breakdown-0005/0_9breakdown-0005_40.csv,pure_water,4,90,40,False
Lissajouswaveformsdifferentmediums/pure water/4 kHz/90% breakdown/0_9breakdown-0005/0_9breakdown-0005_41.csv,pure_water,4,90,41,False
Lissajouswaveformsdifferentmediums/pure water/4 kHz/90% breakdown/0_9breakdown-0005/0_9breakdown-0005_42.csv,pure_water,4,90,42,False
Lissajouswaveformsdifferentmediums/pure water/4 kHz/90% breakdown/0_9breakdown-0005/0_9breakdown-0005_43.csv,pure_water,4,90,43,True
Lissajouswaveformsdifferentmediums/pure water/4 kHz/90% breakdown/0_9breakdown-0005/0_9breakdown-0005_44.csv,pure_water,4,90,44,False
Lissajouswaveformsdifferentmediums/pure water/4 kHz/90% breakdown/0_9breakdown-0005/0_9breakdown-0005_45.csv,pure_water,4,90,45,False
Lissajouswaveformsdifferentmediums/pure water/4 kHz/90% breakdown/0_9breakdown-0005/0_9breakdown-0005_46.csv,pure_water,4,90,46,False
Lissajouswaveformsdifferentmediums/pure water/4 kHz/90% breakdown/0_9breakdown-0005/0_9breakdown-0005_47.csv,pure_water,4,90,47,True
Lissajouswaveformsdifferentmediums/pure water/4 kHz/90% breakdown/0_9breakdown-0005/0_9breakdown-0005_48.csv,pure_water,4,90,48,False
Lissajouswaveformsdifferentmediums/pure water/4 kHz/90% breakdown/0_9breakdown-0005/0_9breakdown-0005_49.csv,pure_water,4,90,49,False
Lissajouswaveformsdifferentmediums/pure water/4 kHz/90% breakdown/0_9breakdown-0005/0_9breakdown-0005_50.csv,pure_water,4,90,50,False
Lissajouswaveformsdifferentmediums/pure water/4 kHz/90% breakdown/0_9breakdown-0005/0_9breakdown-0005_51.csv,pure_water,4,90,51,True
Lissajouswaveformsdifferentmediums/pure water/4 kHz/90% breakdown/0_9breakdown-0005/0_9breakdown-0005_52.csv,pure_water,4,90,52,False
Lissajouswaveformsdifferentmediums/pure water/4 kHz/90% breakdown/0_9breakdown-0005/0_9breakdown-0005_53.csv,pure_water,4,90,53,False
Lissajouswaveformsdifferentmediums/pure water/4 kHz/90% breakdown/0_9breakdown-0005/0_9breakdown-0005_54.csv,pure_water,4,90,54,False
Lissajouswaveformsdifferentmediums/pure water/4 kHz/90% breakdown/0_9breakdown-0005/0_9breakdown-0005_55.csv,pure_water,4,90,55,False
Lissajouswaveformsdifferentmediums/pure water/4 kHz/90% breakdown/0_9breakdown-0005/0_9breakdown-0005_56.csv,pure_water,4,90,56,True
Lissajouswaveformsdifferentmediums/pure water/4 kHz/90% breakdown/0_9breakdown-0005/0_9breakdown-0005_57.csv,pure_water,4,90,57,False
Lissajouswaveformsdifferentmediums/pure water/4 kHz/90% breakdown/0_9breakdown-0005/0_9breakdown-0005_58.csv,pure_water,4,90,58,False
Lissajouswaveformsdifferentmediums/pure water/4 kHz/90% breakdown/0_9breakdown-0005/0_9breakdown-0005_59.csv,pure_water,4,90,59,False
Lissajouswaveformsdifferentmediums/pure water/4 kHz/90% breakdown/0_9breakdown-0005/0_9breakdown-0005_60.csv,pure_water,4,90,60,True
Lissajouswaveformsdifferentmediums/pure water/4 kHz/90% breakdown/0_9breakdown-0005/0_9breakdown-0005_61.csv,pure_water,4,90,61,False
Lissajouswaveformsdifferentmediums/pure water/4 kHz/90% breakdown/0_9breakdown-0005/0_9breakdown-0005_62.csv,pure_water,4,90,62,False
Lissajouswaveformsdifferentmediums/pure water/4 kHz/90% breakdown/0_9breakdown-0005/0_9breakdown-0005_63.csv,pure_water,4,90,63,False
Lissajouswaveformsdifferentmediums/pure water/4 kHz/90% breakdown/0_9breakdown-0005/0_9breakdown-0005_64.csv,pure_water,4,90,64,True
Lissajouswaveformsdifferentmediums/pure water/4 kHz/breakdown/breakdown/breakdown_01.csv,pure_water,4,100,1,True
Lissajouswaveformsdifferentmediums/pure water/4 kHz/breakdown/breakdown/breakdown_02.csv,pure_water,4,100,2,False
Lissajouswaveformsdifferentmediums/pure water/4 kHz/breakdown/breakdown/breakdown_03.csv,pure_water,4,100,3,False
Lissajouswaveformsdifferentmediums/pure water/4 kHz/breakdown/breakdown/breakdown_04.csv,pure_water,4,100,4,False
Lissajouswaveformsdifferentmediums/pure water/4 kHz/breakdown/breakdown/breakdown_05.csv,pure_water,4,100,5,True
Lissajouswaveformsdifferentmediums/pure water/4 kHz/breakdown/breakdown/breakdown_06.csv,pure_water,4,100,6,False
Lissajouswaveformsdifferentmediums/pure water/4 kHz/breakdown/breakdown/breakdown_07.csv,pure_water,4,100,7,False
Lissajouswaveformsdifferentmediums/pure water/4 kHz/breakdown/breakdown/breakdown_08.csv,pure_water,4,100,8,False
Lissajouswaveformsdifferentmediums/pure water/4 kHz/breakdown/breakdown/breakdown_09.csv,pure_water,4,100,9,True
Lissajouswaveformsdifferentmediums/pure water/4 kHz/breakdown/breakdown/breakdown_10.csv,pure_water,4,100,10,False
Lissajouswaveformsdifferentmediums/pure water/4 kHz/breakdown/breakdown/breakdown_11.csv,pure_water,4,100,11,False
Lissajouswaveformsdifferentmediums/pure water/4 kHz/breakdown/breakdown/breakdown_12.csv,pure_water,4,100,12,False
Lissajouswaveformsdifferentmediums/pure water/4 kHz/breakdown/breakdown/breakdown_13.csv,pure_water,4,100,13,False
Lissajouswaveformsdifferentmediums/pure water/4 kHz/breakdown/breakdown/breakdown_14.csv,pure_water,4,100,14,True
Lissajouswaveformsdifferentmediums/pure water/4 kHz/breakdown/breakdown/breakdown_15.csv,pure_water,4,100,15,False
Lissajouswaveformsdifferentmediums/pure water/4 kHz/breakdown/breakdown/breakdown_16.csv,pure_water,4,100,16,False
Lissajouswaveformsdifferentmediums/pure water/4 kHz/breakdown/breakdown/breakdown_17.csv,pure_water,4,100,17,False
Lissajouswaveformsdifferentmediums/pure water/4 kHz/breakdown/breakdown/breakdown_18.csv,pure_water,4,100,18,True
Lissajouswaveformsdifferentmediums/pure water/4 kHz/breakdown/breakdown/breakdown_19.csv,pure_water,4,100,19,False
Lissajouswaveformsdifferentmediums/pure water/4 kHz/breakdown/breakdown/breakdown_20.csv,pure_water,4,100,20,False
Lissajouswaveformsdifferentmediums/pure water/4 kHz/breakdown/breakdown/breakdown_21.csv,pure_water,4,100,21,False
Lissajouswaveformsdifferentmediums/pure water/4 kHz/breakdown/breakdown/breakdown_22.csv,pure_water,4,100,22,True
Lissajouswaveformsdifferentmediums/pure water/4 kHz/breakdown/breakdown/breakdown_23.csv,pure_water,4,100,23,False
Lissajouswaveformsdifferentmediums/pure water/4 kHz/breakdown/breakdown/breakdown_24.csv,pure_water,4,100,24,False
Lissajouswaveformsdifferentmediums/pure water/4 kHz/breakdown/breakdown/breakdown_25.csv,pure_water,4,100,25,False
Lissajouswaveformsdifferentmediums/pure water/4 kHz/breakdown/breakdown/breakdown_26.csv,pure_water,4,100,26,True
Lissajouswaveformsdifferentmediums/pure water/4 kHz/breakdown/breakdown/breakdown_27.csv,pure_water,4,100,27,False
Lissajouswaveformsdifferentmediums/pure water/4 kHz/breakdown/breakdown/breakdown_28.csv,pure_water,4,100,28,False
Lissajouswaveformsdifferentmediums/pure water/4 kHz/breakdown/breakdown/breakdown_29.csv,pure_water,4,100,29,False
Lissajouswaveformsdifferentmediums/pure water/4 kHz/breakdown/breakdown/breakdown_30.csv,pure_water,4,100,30,True
Lissajouswaveformsdifferentmediums/pure water/4 kHz/breakdown/breakdown/breakdown_31.csv,pure_water,4,100,31,False
Lissajouswaveformsdifferentmediums/pure water/4 kHz/breakdown/breakdown/breakdown_32.csv,pure_water,4,100,32,False
Lissajouswaveformsdifferentmediums/pure water/4 kHz/breakdown/breakdown/breakdown_33.csv,pure_water,4,100,33,False
Lissajouswaveformsdifferentmediums/pure water/4 kHz/breakdown/breakdown/breakdown_34.csv,pure_water,4,100,34,False
Lissajouswaveformsdifferentmediums/pure water/4 kHz/breakdown/breakdown/breakdown_35.csv,pure_water,4,100,35,True
Lissajouswaveformsdifferentmediums/pure water/4 kHz/breakdown/breakdown/breakdown_36.csv,pure_water,4,100,36,False
Lissajouswaveformsdifferentmediums/pure water/4 kHz/breakdown/breakdown/breakdown_37.csv,pure_water,4,100,37,False
Lissajouswaveformsdifferentmediums/pure water/4 kHz/breakdown/breakdown/breakdown_38.csv,pure_water,4,100,38,False
Lissajouswaveformsdifferentmediums/pure water/4 kHz/breakdown/breakdown/breakdown_39.csv,pure_water,4,100,39,True
Lissajouswaveformsdifferentmediums/pure water/4 kHz/breakdown/breakdown/breakdown_40.csv,pure_water,4,100,40,False
Lissajouswaveformsdifferentmediums/pure water/4 kHz/breakdown/breakdown/breakdown_41.csv,pure_water,4,100,41,False
Lissajouswaveformsdifferentmediums/pure water/4 kHz/breakdown/breakdown/breakdown_42.csv,pure_water,4,100,42,False
Lissajouswaveformsdifferentmediums/pure water/4 kHz/breakdown/breakdown/breakdown_43.csv,pure_water,4,100,43,True
Lissajouswaveformsdifferentmediums/pure water/4 kHz/breakdown/breakdown/breakdown_44.csv,pure_water,4,100,44,False
Lissajouswaveformsdifferentmediums/pure water/4 kHz/breakdown/breakdown/breakdown_45.csv,pure_water,4,100,45,False
Lissajouswaveformsdifferentmediums/pure water/4 kHz/breakdown/breakdown/breakdown_46.csv,pure_water,4,100,46,False
Lissajouswaveformsdifferentmediums/pure water/4 kHz/breakdown/breakdown/breakdown_47.csv,pure_water,4,100,47,True
Lissajouswaveformsdifferentmediums/pure water/4 kHz/breakdown/breakdown/breakdown_48.csv,pure_water,4,100,48,False
Lissajouswaveformsdifferentmediums/pure water/4 kHz/breakdown/breakdown/breakdown_49.csv,pure_water,4,100,49,False
Lissajouswaveformsdifferentmediums/pure water/4 kHz/breakdown/breakdown/breakdown_50.csv,pure_water,4,100,50,False
Lissajouswaveformsdifferentmediums/pure water/4 kHz/breakdown/breakdown/breakdown_51.csv,pure_water,4,100,51,True
Lissajouswaveformsdifferentmediums/pure water/4 kHz/breakdown/breakdown/breakdown_52.csv,pure_water,4,100,52,False
Lissajouswaveformsdifferentmediums/pure water/4 kHz/breakdown/breakdown/breakdown_53.csv,pure_water,4,100,53,False
Lissajouswaveformsdifferentmediums/pure water/4 kHz/breakdown/breakdown/breakdown_54.csv,pure_water,4,100,54,False
Lissajouswaveformsdifferentmediums/pure water/4 kHz/breakdown/breakdown/breakdown_55.csv,pure_water,4,100,55,False
Lissajouswaveformsdifferentmediums/pure water/4 kHz/breakdown/breakdown/breakdown_56.csv,pure_water,4,100,56,True
Lissajouswaveformsdifferentmediums/pure water/4 kHz/breakdown/breakdown/breakdown_57.csv,pure_water,4,100,57,False
Lissajouswaveformsdifferentmediums/pure water/4 kHz/breakdown/breakdown/breakdown_58.csv,pure_water,4,100,58,False
Lissajouswaveformsdifferentmediums/pure water/4 kHz/breakdown/breakdown/breakdown_59.csv,pure_water,4,100,59,False
Lissajouswaveformsdifferentmediums/pure water/4 kHz/breakdown/breakdown/breakdown_60.csv,pure_water,4,100,60,True
Lissajouswaveformsdifferentmediums/pure water/4 kHz/breakdown/breakdown/breakdown_61.csv,pure_water,4,100,61,False
Lissajouswaveformsdifferentmediums/pure water/4 kHz/breakdown/breakdown/breakdown_62.csv,pure_water,4,100,62,False
Lissajouswaveformsdifferentmediums/pure water/4 kHz/breakdown/breakdown/breakdown_63.csv,pure_water,4,100,63,False
Lissajouswaveformsdifferentmediums/pure water/4 kHz/breakdown/breakdown/breakdown_64.csv,pure_water,4,100,64,True
Lissajouswaveformsdifferentmediums/pure water/4 kHz/105% breakdown/105breakdown-0006/105breakdown-0006_01.csv,pure_water,4,105,1,True
Lissajouswaveformsdifferentmediums/pure water/4 kHz/105% breakdown/105breakdown-0006/105breakdown-0006_02.csv,pure_water,4,105,2,False
Lissajouswaveformsdifferentmediums/pure water/4 kHz/105% breakdown/105breakdown-0006/105breakdown-0006_03.csv,pure_water,4,105,3,False
Lissajouswaveformsdifferentmediums/pure water/4 kHz/105% breakdown/105breakdown-0006/105breakdown-0006_04.csv,pure_water,4,105,4,False
Lissajouswaveformsdifferentmediums/pure water/4 kHz/105% breakdown/105breakdown-0006/105breakdown-0006_05.csv,pure_water,4,105,5,True
Lissajouswaveformsdifferentmediums/pure water/4 kHz/105% breakdown/105breakdown-0006/105breakdown-0006_06.csv,pure_water,4,105,6,False
Lissajouswaveformsdifferentmediums/pure water/4 kHz/105% breakdown/105breakdown-0006/105breakdown-0006_07.csv,pure_water,4,105,7,False
Lissajouswaveformsdifferentmediums/pure water/4 kHz/105% breakdown/105breakdown-0006/105breakdown-0006_08.csv,pure_water,4,105,8,False
Lissajouswaveformsdifferentmediums/pure water/4 kHz/105% breakdown/105breakdown-0006/105breakdown-0006_09.csv,pure_water,4,105,9,True
Lissajouswaveformsdifferentmediums/pure water/4 kHz/105% breakdown/105breakdown-0006/105breakdown-0006_10.csv,pure_water,4,105,10,False
Lissajouswaveformsdifferentmediums/pure water/4 kHz/105% breakdown/105breakdown-0006/105breakdown-0006_11.csv,pure_water,4,105,11,False
Lissajouswaveformsdifferentmediums/pure water/4 kHz/105% breakdown/105breakdown-0006/105breakdown-0006_12.csv,pure_water,4,105,12,False
Lissajouswaveformsdifferentmediums/pure water/4 kHz/105% breakdown/105breakdown-0006/105breakdown-0006_13.csv,pure_water,4,105,13,False
Lissajouswaveformsdifferentmediums/pure water/4 kHz/105% breakdown/105breakdown-0006/105breakdown-0006_14.csv,pure_water,4,105,14,True
Lissajouswaveformsdifferentmediums/pure water/4 kHz/105% breakdown/105breakdown-0006/105breakdown-0006_15.csv,pure_water,4,105,15,False
Lissajouswaveformsdifferentmediums/pure water/4 kHz/105% breakdown/105breakdown-0006/105breakdown-0006_16.csv,pure_water,4,105,16,False
Lissajouswaveformsdifferentmediums/pure water/4 kHz/105% breakdown/105breakdown-0006/105breakdown-0006_17.csv,pure_water,4,105,17,False
Lissajouswaveformsdifferentmediums/pure water/4 kHz/105% breakdown/105breakdown-0006/105breakdown-0006_18.csv,pure_water,4,105,18,True
Lissajouswaveformsdifferentmediums/pure water/4 kHz/105% breakdown/105breakdown-0006/105breakdown-0006_19.csv,pure_water,4,105,19,False
Lissajouswaveformsdifferentmediums/pure water/4 kHz/105% breakdown/105breakdown-0006/105breakdown-0006_20.csv,pure_water,4,105,20,False
Lissajouswaveformsdifferentmediums/pure water/4 kHz/105% breakdown/105breakdown-0006/105breakdown-0006_21.csv,pure_water,4,105,21,False
Lissajouswaveformsdifferentmediums/pure water/4 kHz/105% breakdown/105breakdown-0006/105breakdown-0006_22.csv,pure_water,4,105,22,True
Lissajouswaveformsdifferentmediums/pure water/4 kHz/105% breakdown/105breakdown-0006/105breakdown-0006_23.csv,pure_water,4,105,23,False
Lissajouswaveformsdifferentmediums/pure water/4 kHz/105% breakdown/105breakdown-0006/105breakdown-0006_24.csv,pure_water,4,105,24,False
Lissajouswaveformsdifferentmediums/pure water/4 kHz/105% breakdown/105breakdown-0006/105breakdown-0006_25.csv,pure_water,4,105,25,False
Lissajouswaveformsdifferentmediums/pure water/4 kHz/105% breakdown/105breakdown-0006/105breakdown-0006_26.csv,pure_water,4,105,26,True
Lissajouswaveformsdifferentmediums/pure water/4 kHz/105% breakdown/105breakdown-0006/105breakdown-0006_27.csv,pure_water,4,105,27,False
Lissajouswaveformsdifferentmediums/pure water/4 kHz/105% breakdown/105breakdown-0006/105breakdown-0006_28.csv,pure_water,4,105,28,False
Lissajouswaveformsdifferentmediums/pure water/4 kHz/105% breakdown/105breakdown-0006/105breakdown-0006_29.csv,pure_water,4,105,29,False
Lissajouswaveformsdifferentmediums/pure water/4 kHz/105% breakdown/105breakdown-0006/105breakdown-0006_30.csv,pure_water,4,105,30,True
Lissajouswaveformsdifferentmediums/pure water/4 kHz/105% breakdown/105breakdown-0006/105breakdown-0006_31.csv,pure_water,4,105,31,False
Lissajouswaveformsdifferentmediums/pure water/4 kHz/105% breakdown/105breakdown-0006/105breakdown-0006_32.csv,pure_water,4,105,32,False
Lissajouswaveformsdifferentmediums/pure water/4 kHz/105% breakdown/105breakdown-0006/105breakdown-0006_33.csv,pure_water,4,105,33,False
Lissajouswaveformsdifferentmediums/pure water/4 kHz/105% breakdown/105breakdown-0006/105breakdown-0006_34.csv,pure_water,4,105,34,False
Lissajouswaveformsdifferentmediums/pure water/4 kHz/105% breakdown/105breakdown-0006/105breakdown-0006_35.csv,pure_water,4,105,35,True
Lissajouswaveformsdifferentmediums/pure water/4 kHz/105% breakdown/105breakdown-0006/105breakdown-0006_36.csv,pure_water,4,105,36,False
Lissajouswaveformsdifferentmediums/pure water/4 kHz/105% breakdown/105breakdown-0006/105breakdown-0006_37.csv,pure_water,4,105,37,False
Lissajouswaveformsdifferentmediums/pure water/4 kHz/105% breakdown/105breakdown-0006/105breakdown-0006_38.csv,pure_water,4,105,38,False
Lissajouswaveformsdifferentmediums/pure water/4 kHz/105% breakdown/105breakdown-0006/105breakdown-0006_39.csv,pure_water,4,105,39,True
Lissajouswaveformsdifferentmediums/pure water/4 kHz/105% breakdown/105breakdown-0006/105breakdown-0006_40.csv,pure_water,4,105,40,False
Lissajouswaveformsdifferentmediums/pure water/4 kHz/105% breakdown/105breakdown-0006/105breakdown-0006_41.csv,pure_water,4,105,41,False
Lissajouswaveformsdifferentmediums/pure water/4 kHz/105% breakdown/105breakdown-0006/105breakdown-0006_42.csv,pure_water,4,105,42,False
Lissajouswaveformsdifferentmediums/pure water/4 kHz/105% breakdown/105breakdown-0006/105breakdown-0006_43.csv,pure_water,4,105,43,True
Lissajouswaveformsdifferentmediums/pure water/4 kHz/105% breakdown/105breakdown-0006/105breakdown-0006_44.csv,pure_water,4,105,44,False
Lissajouswaveformsdifferentmediums/pure water/4 kHz/105% breakdown/105breakdown-0006/105breakdown-0006_45.csv,pure_water,4,105,45,False
Lissajouswaveformsdifferentmediums/pure water/4 kHz/105% breakdown/105breakdown-0006/105breakdown-0006_46.csv,pure_water,4,105,46,False
Lissajouswaveformsdifferentmediums/pure water/4 kHz/105% breakdown/105breakdown-0006/105breakdown-0006_47.csv,pure_water,4,105,47,True
Lissajouswaveformsdifferentmediums/pure water/4 kHz/105% breakdown/105breakdown-0006/105breakdown-0006_48.csv,pure_water,4,105,48,False
Lissajouswaveformsdifferentmediums/pure water/4 kHz/105% breakdown/105breakdown-0006/105breakdown-0006_49.csv,pure_water,4,105,49,False
Lissajouswaveformsdifferentmediums/pure water/4 kHz/105% breakdown/105breakdown-0006/105breakdown-0006_50.csv,pure_water,4,105,50,False
Lissajouswaveformsdifferentmediums/pure water/4 kHz/105% breakdown/105breakdown-0006/105breakdown-0006_51.csv,pure_water,4,105,51,True
Lissajouswaveformsdifferentmediums/pure water/4 kHz/105% breakdown/105breakdown-0006/105breakdown-0006_52.csv,pure_water,4,105,52,False
Lissajouswaveformsdifferentmediums/pure water/4 kHz/105% breakdown/105breakdown-0006/105breakdown-0006_53.csv,pure_water,4,105,53,False
Lissajouswaveformsdifferentmediums/pure water/4 kHz/105% breakdown/105breakdown-0006/105breakdown-0006_54.csv,pure_water,4,105,54,False
Lissajouswaveformsdifferentmediums/pure water/4 kHz/105% breakdown/105breakdown-0006/105breakdown-0006_55.csv,pure_water,4,105,55,False
Lissajouswaveformsdifferentmediums/pure water/4 kHz/105% breakdown/105breakdown-0006/105breakdown-0006_56.csv,pure_water,4,105,56,True
Lissajouswaveformsdifferentmediums/pure water/4 kHz/105% breakdown/105breakdown-0006/105breakdown-0006_57.csv,pure_water,4,105,57,False
Lissajouswaveformsdifferentmediums/pure water/4 kHz/105% breakdown/105breakdown-0006/105breakdown-0006_58.csv,pure_water,4,105,58,False
Lissajouswaveformsdifferentmediums/pure water/4 kHz/105% breakdown/105breakdown-0006/105breakdown-0006_59.csv,pure_water,4,105,59,False
Lissajouswaveformsdifferentmediums/pure water/4 kHz/105% breakdown/105breakdown-0006/105breakdown-0006_60.csv,pure_water,4,105,60,True
Lissajouswaveformsdifferentmediums/pure water/4 kHz/105% breakdown/105breakdown-0006/105breakdown-0006_61.csv,pure_water,4,105,61,False
Lissajouswaveformsdifferentmediums/pure water/4 kHz/105% breakdown/105breakdown-0006/105breakdown-0006_62.csv,pure_water,4,105,62,False
Lissajouswaveformsdifferentmediums/pure water/4 kHz/105% breakdown/105breakdown-0006/105breakdown-0006_63.csv,pure_water,4,105,63,False
Lissajouswaveformsdifferentmediums/pure water/4 kHz/105% breakdown/105breakdown-0006/105breakdown-0006_64.csv,pure_water,4,105,64,True
Lissajouswaveformsdifferentmediums/pure water/4 kHz/115% breakdown/115breakdown-0007/115breakdown-0007_01.csv,pure_water,4,115,1,True
Lissajouswaveformsdifferentmediums/pure water/4 kHz/115% breakdown/115breakdown-0007/115breakdown-0007_02.csv,pure_water,4,115,2,False
Lissajouswaveformsdifferentmediums/pure water/4 kHz/115% breakdown/115breakdown-0007/115breakdown-0007_03.csv,pure_water,4,115,3,False
Lissajouswaveformsdifferentmediums/pure water/4 kHz/115% breakdown/115breakdown-0007/115breakdown-0007_04.csv,pure_water,4,115,4,False
Lissajouswaveformsdifferentmediums/pure water/4 kHz/115% breakdown/115breakdown-0007/115breakdown-0007_05.csv,pure_water,4,115,5,True
Lissajouswaveformsdifferentmediums/pure water/4 kHz/115% breakdown/115breakdown-0007/115breakdown-0007_06.csv,pure_water,4,115,6,False
Lissajouswaveformsdifferentmediums/pure water/4 kHz/115% breakdown/115breakdown-0007/115breakdown-0007_07.csv,pure_water,4,115,7,False
Lissajouswaveformsdifferentmediums/pure water/4 kHz/115% breakdown/115breakdown-0007/115breakdown-0007_08.csv,pure_water,4,115,8,False
Lissajouswaveformsdifferentmediums/pure water/4 kHz/115% breakdown/115breakdown-0007/115breakdown-0007_09.csv,pure_water,4,115,9,True
Lissajouswaveformsdifferentmediums/pure water/4 kHz/115% breakdown/115breakdown-0007/115breakdown-0007_10.csv,pure_water,4,115,10,False
Lissajouswaveformsdifferentmediums/pure water/4 kHz/115% breakdown/115breakdown-0007/115breakdown-0007_11.csv,pure_water,4,115,11,False
Lissajouswaveformsdifferentmediums/pure water/4 kHz/115% breakdown/115breakdown-0007/115breakdown-0007_12.csv,pure_water,4,115,12,False
Lissajouswaveformsdifferentmediums/pure water/4 kHz/115% breakdown/115breakdown-0007/115breakdown-0007_13.csv,pure_water,4,115,13,False
Lissajouswaveformsdifferentmediums/pure water/4 kHz/115% breakdown/115breakdown-0007/115breakdown-0007_14.csv,pure_water,4,115,14,True
Lissajouswaveformsdifferentmediums/pure water/4 kHz/115% breakdown/115breakdown-0007/115breakdown-0007_15.csv,pure_water,4,115,15,False
Lissajouswaveformsdifferentmediums/pure water/4 kHz/115% breakdown/115breakdown-0007/115breakdown-0007_16.csv,pure_water,4,115,16,False
Lissajouswaveformsdifferentmediums/pure water/4 kHz/115% breakdown/115breakdown-0007/115breakdown-0007_17.csv,pure_water,4,115,17,False
Lissajouswaveformsdifferentmediums/pure water/4 kHz/115% breakdown/115breakdown-0007/115breakdown-0007_18.csv,pure_water,4,115,18,True
Lissajouswaveformsdifferentmediums/pure water/4 kHz/115% breakdown/115breakdown-0007/115breakdown-0007_19.csv,pure_water,4,115,19,False
Lissajouswaveformsdifferentmediums/pure water/4 kHz/115% breakdown/115breakdown-0007/115breakdown-0007_20.csv,pure_water,4,115,20,False
Lissajouswaveformsdifferentmediums/pure water/4 kHz/115% breakdown/115breakdown-0007/115breakdown-0007_21.csv,pure_water,4,115,21,False
Lissajouswaveformsdifferentmediums/pure water/4 kHz/115% breakdown/115breakdown-0007/115breakdown-0007_22.csv,pure_water,4,115,22,True
Lissajouswaveformsdifferentmediums/pure water/4 kHz/115% breakdown/115breakdown-0007/115breakdown-0007_23.csv,pure_water,4,115,23,False
Lissajouswaveformsdifferentmediums/pure water/4 kHz/115% breakdown/115breakdown-0007/115breakdown-0007_24.csv,pure_water,4,115,24,False
Lissajouswaveformsdifferentmediums/pure water/4 kHz/115% breakdown/115breakdown-0007/115breakdown-0007_25.csv,pure_water,4,115,25,False
Lissajouswaveformsdifferentmediums/pure water/4 kHz/115% breakdown/115breakdown-0007/115breakdown-0007_26.csv,pure_water,4,115,26,True
Lissajouswaveformsdifferentmediums/pure water/4 kHz/115% breakdown/115breakdown-0007/115breakdown-0007_27.csv,pure_water,4,115,27,False
Lissajouswaveformsdifferentmediums/pure water/4 kHz/115% breakdown/115breakdown-0007/115breakdown-0007_28.csv,pure_water,4,115,28,False
Lissajouswaveformsdifferentmediums/pure water/4 kHz/115% breakdown/115breakdown-0007/115breakdown-0007_29.csv,pure_water,4,115,29,False
Lissajouswaveformsdifferentmediums/pure water/4 kHz/115% breakdown/115breakdown-0007/115breakdown-0007_30.csv,pure_water,4,115,30,True
Lissajouswaveformsdifferentmediums/pure water/4 kHz/115% breakdown/115breakdown-0007/115breakdown-0007_31.csv,pure_water,4,115,31,False
Lissajouswaveformsdifferentmediums/pure water/4 kHz/115% breakdown/115breakdown-0007/115breakdown-0007_32.csv,pure_water,4,115,32,False
Lissajouswaveformsdifferentmediums/pure water/4 kHz/115% breakdown/115breakdown-0007/115breakdown-0007_33.csv,pure_water,4,115,33,False
Lissajouswaveformsdifferentmediums/pure water/4 kHz/115% breakdown/115breakdown-0007/115breakdown-0007_34.csv,pure_water,4,115,34,False
Lissajouswaveformsdifferentmediums/pure water/4 kHz/115% breakdown/115breakdown-0007/115breakdown-0007_35.csv,pure_water,4,115,35,True
Lissajouswaveformsdifferentmediums/pure water/4 kHz/115% breakdown/115breakdown-0007/115breakdown-0007_36.csv,pure_water,4,115,36,False
Lissajouswaveformsdifferentmediums/pure water/4 kHz/115% breakdown/115breakdown-0007/115breakdown-0007_37.csv,pure_water,4,115,37,False
Lissajouswaveformsdifferentmediums/pure water/4 kHz/115% breakdown/115breakdown-0007/115breakdown-0007_38.csv,pure_water,4,115,38,False
Lissajouswaveformsdifferentmediums/pure water/4 kHz/115% breakdown/115breakdown-0007/115breakdown-0007_39.csv,pure_water,4,115,39,True
Lissajouswaveformsdifferentmediums/pure water/4 kHz/115% breakdown/115breakdown-0007/115breakdown-0007_40.csv,pure_water,4,115,40,False
Lissajouswaveformsdifferentmediums/pure water/4 kHz/115% breakdown/115breakdown-0007/115breakdown-0007_41.csv,pure_water,4,115,41,False
Lissajouswaveformsdifferentmediums/pure water/4 kHz/115% breakdown/115breakdown-0007/115breakdown-0007_42.csv,pure_water,4,115,42,False
Lissajouswaveformsdifferentmediums/pure water/4 kHz/115% breakdown/115breakdown-0007/115breakdown-0007_43.csv,pure_water,4,115,43,True
Lissajouswaveformsdifferentmediums/pure water/4 kHz/115% breakdown/115breakdown-0007/115breakdown-0007_44.csv,pure_water,4,115,44,False
Lissajouswaveformsdifferentmediums/pure water/4 kHz/115% breakdown/115breakdown-0007/115breakdown-0007_45.csv,pure_water,4,115,45,False
Lissajouswaveformsdifferentmediums/pure water/4 kHz/115% breakdown/115breakdown-0007/115breakdown-0007_46.csv,pure_water,4,115,46,False
Lissajouswaveformsdifferentmediums/pure water/4 kHz/115% breakdown/115breakdown-0007/115breakdown-0007_47.csv,pure_water,4,115,47,True
Lissajouswaveformsdifferentmediums/pure water/4 kHz/115% breakdown/115breakdown-0007/115breakdown-0007_48.csv,pure_water,4,115,48,False
Lissajouswaveformsdifferentmediums/pure water/4 kHz/115% breakdown/115breakdown-0007/115breakdown-0007_49.csv,pure_water,4,115,49,False
Lissajouswaveformsdifferentmediums/pure water/4 kHz/115% breakdown/115breakdown-0007/115breakdown-0007_50.csv,pure_water,4,115,50,False
Lissajouswaveformsdifferentmediums/pure water/4 kHz/115% breakdown/115breakdown-0007/115breakdown-0007_51.csv,pure_water,4,115,51,True
Lissajouswaveformsdifferentmediums/pure water/4 kHz/115% breakdown/115breakdown-0007/115breakdown-0007_52.csv,pure_water,4,115,52,False
Lissajouswaveformsdifferentmediums/pure water/4 kHz/115% breakdown/115breakdown-0007/115breakdown-0007_53.csv,pure_water,4,115,53,False
Lissajouswaveformsdifferentmediums/pure water/4 kHz/115% breakdown/115breakdown-0007/115breakdown-0007_54.csv,pure_water,4,115,54,False
Lissajouswaveformsdifferentmediums/pure water/4 kHz/115% breakdown/115breakdown-0007/115breakdown-0007_55.csv,pure_water,4,115,55,False
Lissajouswaveformsdifferentmediums/pure water/4 kHz/115% breakdown/115breakdown-0007/115breakdown-0007_56.csv,pure_water,4,115,56,True
Lissajouswaveformsdifferentmediums/pure water/4 kHz/115% breakdown/115breakdown-0007/115breakdown-0007_57.csv,pure_water,4,115,57,False
Lissajouswaveformsdifferentmediums/pure water/4 kHz/115% breakdown/115breakdown-0007/115breakdown-0007_58.csv,pure_water,4,115,58,False
Lissajouswaveformsdifferentmediums/pure water/4 kHz/115% breakdown/115breakdown-0007/115breakdown-0007_59.csv,pure_water,4,115,59,False
Lissajouswaveformsdifferentmediums/pure water/4 kHz/115% breakdown/115breakdown-0007/115breakdown-0007_60.csv,pure_water,4,115,60,True
Lissajouswaveformsdifferentmediums/pure water/4 kHz/115% breakdown/115breakdown-0007/115breakdown-0007_61.csv,pure_water,4,115,61,False
Lissajouswaveformsdifferentmediums/pure water/4 kHz/115% breakdown/115breakdown-0007/115breakdown-0007_62.csv,pure_water,4,115,62,False
Lissajouswaveformsdifferentmediums/pure water/4 kHz/115% breakdown/115breakdown-0007/115breakdown-0007_63.csv,pure_water,4,115,63,False
Lissajouswaveformsdifferentmediums/pure water/4 kHz/115% breakdown/115breakdown-0007/115breakdown-0007_64.csv,pure_water,4,115,64,True
Lissajouswaveformsdifferentmediums/pure water/Lissajousfigure4kHz-0003/Lissajousfigure4kHz-0003_01.csv,pure_water,4,MAX,1,True
Lissajouswaveformsdifferentmediums/pure water/Lissajousfigure4kHz-0003/Lissajousfigure4kHz-0003_02.csv,pure_water,4,MAX,2,True
Lissajouswaveformsdifferentmediums/pure water/Lissajousfigure4kHz-0003/Lissajousfigure4kHz-0003_03.csv,pure_water,4,MAX,3,True
Lissajouswaveformsdifferentmediums/pure water/Lissajousfigure4kHz-0003/Lissajousfigure4kHz-0003_04.csv,pure_water,4,MAX,4,True
Lissajouswaveformsdifferentmediums/pure water/Lissajousfigure4kHz-0003/Lissajousfigure4kHz-0003_05.csv,pure_water,4,MAX,5,True
Lissajouswaveformsdifferentmediums/pure water/Lissajousfigure4kHz-0003/Lissajousfigure4kHz-0003_06.csv,pure_water,4,MAX,6,True
Lissajouswaveformsdifferentmediums/pure water/Lissajousfigure4kHz-0003/Lissajousfigure4kHz-0003_07.csv,pure_water,4,MAX,7,True
Lissajouswaveformsdifferentmediums/pure water/Lissajousfigure4kHz-0003/Lissajousfigure4kHz-0003_08.csv,pure_water,4,MAX,8,True
Lissajouswaveformsdifferentmediums/pure water/Lissajousfigure4kHz-0003/Lissajousfigure4kHz-0003_09.csv,pure_water,4,MAX,9,True
Lissajouswaveformsdifferentmediums/pure water/Lissajousfigure4kHz-0003/Lissajousfigure4kHz-0003_10.csv,pure_water,4,MAX,10,True
Lissajouswaveformsdifferentmediums/pure water/Lissajousfigure4kHz-0003/Lissajousfigure4kHz-0003_11.csv,pure_water,4,MAX,11,True
Lissajouswaveformsdifferentmediums/pure water/Lissajousfigure4kHz-0003/Lissajousfigure4kHz-0003_12.csv,pure_water,4,MAX,12,True
Lissajouswaveformsdifferentmediums/pure water/Lissajousfigure4kHz-0003/Lissajousfigure4kHz-0003_13.csv,pure_water,4,MAX,13,True
Lissajouswaveformsdifferentmediums/pure water/Lissajousfigure4kHz-0003/Lissajousfigure4kHz-0003_14.csv,pure_water,4,MAX,14,True
Lissajouswaveformsdifferentmediums/pure water/Lissajousfigure4kHz-0003/Lissajousfigure4kHz-0003_15.csv,pure_water,4,MAX,15,True
Lissajouswaveformsdifferentmediums/pure water/Lissajousfigure4kHz-0003/Lissajousfigure4kHz-0003_16.csv,pure_water,4,MAX,16,True
Lissajouswaveformsdifferentmediums/pure water/Lissajousfigure4kHz-0003/Lissajousfigure4kHz-0003_17.csv,pure_water,4,MAX,17,True
Lissajouswaveformsdifferentmediums/pure water/Lissajousfigure4kHz-0003/Lissajousfigure4kHz-0003_18.csv,pure_water,4,MAX,18,True
Lissajouswaveformsdifferentmediums/pure water/Lissajousfigure4kHz-0003/Lissajousfigure4kHz-0003_19.csv,pure_water,4,MAX,19,True
Lissajouswaveformsdifferentmediums/pure water/Lissajousfigure4kHz-0003/Lissajousfigure4kHz-0003_20.csv,pure_water,4,MAX,20,True
Lissajouswaveformsdifferentmediums/pure water/Lissajousfigure4kHz-0003/Lissajousfigure4kHz-0003_21.csv,pure_water,4,MAX,21,True
Lissajouswaveformsdifferentmediums/pure water/Lissajousfigure4kHz-0003/Lissajousfigure4kHz-0003_22.csv,pure_water,4,MAX,22,True
Lissajouswaveformsdifferentmediums/pure water/Lissajousfigure4kHz-0003/Lissajousfigure4kHz-0003_23.csv,pure_water,4,MAX,23,True
Lissajouswaveformsdifferentmediums/pure water/Lissajousfigure4kHz-0003/Lissajousfigure4kHz-0003_24.csv,pure_water,4,MAX,24,True
Lissajouswaveformsdifferentmediums/pure water/Lissajousfigure4kHz-0003/Lissajousfigure4kHz-0003_25.csv,pure_water,4,MAX,25,True
Lissajouswaveformsdifferentmediums/pure water/Lissajousfigure4kHz-0003/Lissajousfigure4kHz-0003_26.csv,pure_water,4,MAX,26,True
Lissajouswaveformsdifferentmediums/pure water/Lissajousfigure4kHz-0003/Lissajousfigure4kHz-0003_27.csv,pure_water,4,MAX,27,True
Lissajouswaveformsdifferentmediums/pure water/Lissajousfigure4kHz-0003/Lissajousfigure4kHz-0003_28.csv,pure_water,4,MAX,28,True
Lissajouswaveformsdifferentmediums/pure water/Lissajousfigure4kHz-0003/Lissajousfigure4kHz-0003_29.csv,pure_water,4,MAX,29,True
Lissajouswaveformsdifferentmediums/pure water/Lissajousfigure4kHz-0003/Lissajousfigure4kHz-0003_30.csv,pure_water,4,MAX,30,True
Lissajouswaveformsdifferentmediums/pure water/Lissajousfigure4kHz-0003/Lissajousfigure4kHz-0003_31.csv,pure_water,4,MAX,31,True
Lissajouswaveformsdifferentmediums/pure water/Lissajousfigure4kHz-0003/Lissajousfigure4kHz-0003_32.csv,pure_water,4,MAX,32,True
Lissajouswaveformsdifferentmediums/pure water/Lissajousfigure4kHz-0003/Lissajousfigure4kHz-0003_33.csv,pure_water,4,MAX,33,True
Lissajouswaveformsdifferentmediums/pure water/Lissajousfigure4kHz-0003/Lissajousfigure4kHz-0003_34.csv,pure_water,4,MAX,34,True
Lissajouswaveformsdifferentmediums/pure water/Lissajousfigure4kHz-0003/Lissajousfigure4kHz-0003_35.csv,pure_water,4,MAX,35,True
Lissajouswaveformsdifferentmediums/pure water/Lissajousfigure4kHz-0003/Lissajousfigure4kHz-0003_36.csv,pure_water,4,MAX,36,True
Lissajouswaveformsdifferentmediums/pure water/Lissajousfigure4kHz-0003/Lissajousfigure4kHz-0003_37.csv,pure_water,4,MAX,37,True
Lissajouswaveformsdifferentmediums/pure water/Lissajousfigure4kHz-0003/Lissajousfigure4kHz-0003_38.csv,pure_water,4,MAX,38,True
Lissajouswaveformsdifferentmediums/pure water/Lissajousfigure4kHz-0003/Lissajousfigure4kHz-0003_39.csv,pure_water,4,MAX,39,True
Lissajouswaveformsdifferentmediums/pure water/Lissajousfigure4kHz-0003/Lissajousfigure4kHz-0003_40.csv,pure_water,4,MAX,40,True
Lissajouswaveformsdifferentmediums/pure water/Lissajousfigure4kHz-0003/Lissajousfigure4kHz-0003_41.csv,pure_water,4,MAX,41,True
Lissajouswaveformsdifferentmediums/pure water/Lissajousfigure4kHz-0003/Lissajousfigure4kHz-0003_42.csv,pure_water,4,MAX,42,True
Lissajouswaveformsdifferentmediums/pure water/Lissajousfigure4kHz-0003/Lissajousfigure4kHz-0003_43.csv,pure_water,4,MAX,43,True
Lissajouswaveformsdifferentmediums/pure water/Lissajousfigure4kHz-0003/Lissajousfigure4kHz-0003_44.csv,pure_water,4,MAX,44,True
Lissajouswaveformsdifferentmediums/pure water/Lissajousfigure4kHz-0003/Lissajousfigure4kHz-0003_45.csv,pure_water,4,MAX,45,True
Lissajouswaveformsdifferentmediums/pure water/Lissajousfigure4kHz-0003/Lissajousfigure4kHz-0003_46.csv,pure_water,4,MAX,46,True
Lissajouswaveformsdifferentmediums/pure water/Lissajousfigure4kHz-0003/Lissajousfigure4kHz-0003_47.csv,pure_water,4,MAX,47,True
Lissajouswaveformsdifferentmediums/pure water/Lissajousfigure4kHz-0003/Lissajousfigure4kHz-0003_48.csv,pure_water,4,MAX,48,True
Lissajouswaveformsdifferentmediums/pure water/Lissajousfigure4kHz-0003/Lissajousfigure4kHz-0003_49.csv,pure_water,4,MAX,49,True
Lissajouswaveformsdifferentmediums/pure water/Lissajousfigure4kHz-0003/Lissajousfigure4kHz-0003_50.csv,pure_water,4,MAX,50,True
Lissajouswaveformsdifferentmediums/pure water/Lissajousfigure4kHz-0003/Lissajousfigure4kHz-0003_51.csv,pure_water,4,MAX,51,True
Lissajouswaveformsdifferentmediums/pure water/Lissajousfigure4kHz-0003/Lissajousfigure4kHz-0003_52.csv,pure_water,4,MAX,52,True
Lissajouswaveformsdifferentmediums/pure water/Lissajousfigure4kHz-0003/Lissajousfigure4kHz-0003_53.csv,pure_water,4,MAX,53,True
Lissajouswaveformsdifferentmediums/pure water/Lissajousfigure4kHz-0003/Lissajousfigure4kHz-0003_54.csv,pure_water,4,MAX,54,True
Lissajouswaveformsdifferentmediums/pure water/Lissajousfigure4kHz-0003/Lissajousfigure4kHz-0003_55.csv,pure_water,4,MAX,55,True
Lissajouswaveformsdifferentmediums/pure water/Lissajousfigure4kHz-0003/Lissajousfigure4kHz-0003_56.csv,pure_water,4,MAX,56,True
Lissajouswaveformsdifferentmediums/pure water/Lissajousfigure4kHz-0003/Lissajousfigure4kHz-0003_57.csv,pure_water,4,MAX,57,True
Lissajouswaveformsdifferentmediums/pure water/Lissajousfigure4kHz-0003/Lissajousfigure4kHz-0003_58.csv,pure_water,4,MAX,58,True
Lissajouswaveformsdifferentmediums/pure water/Lissajousfigure4kHz-0003/Lissajousfigure4kHz-0003_59.csv,pure_water,4,MAX,59,True
Lissajouswaveformsdifferentmediums/pure water/Lissajousfigure4kHz-0003/Lissajousfigure4kHz-0003_60.csv,pure_water,4,MAX,60,True
Lissajouswaveformsdifferentmediums/pure water/Lissajousfigure4kHz-0003/Lissajousfigure4kHz-0003_61.csv,pure_water,4,MAX,61,True
Lissajouswaveformsdifferentmediums/pure water/Lissajousfigure4kHz-0003/Lissajousfigure4kHz-0003_62.csv,pure_water,4,MAX,62,True
Lissajouswaveformsdifferentmediums/pure water/Lissajousfigure4kHz-0003/Lissajousfigure4kHz-0003_63.csv,pure_water,4,MAX,63,True
Lissajouswaveformsdifferentmediums/pure water/Lissajousfigure4kHz-0003/Lissajousfigure4kHz-0003_64.csv,pure_water,4,MAX,64,True
Lissajouswaveformsdifferentmediums/pure water/10 kHz/breakdown/breakdown/breakdown_01.csv,pure_water,10,100,1,True
Lissajouswaveformsdifferentmediums/pure water/10 kHz/breakdown/breakdown/breakdown_02.csv,pure_water,10,100,2,False
Lissajouswaveformsdifferentmediums/pure water/10 kHz/breakdown/breakdown/breakdown_03.csv,pure_water,10,100,3,False
Lissajouswaveformsdifferentmediums/pure water/10 kHz/breakdown/breakdown/breakdown_04.csv,pure_water,10,100,4,False
Lissajouswaveformsdifferentmediums/pure water/10 kHz/breakdown/breakdown/breakdown_05.csv,pure_water,10,100,5,True
Lissajouswaveformsdifferentmediums/pure water/10 kHz/breakdown/breakdown/breakdown_06.csv,pure_water,10,100,6,False
Lissajouswaveformsdifferentmediums/pure water/10 kHz/breakdown/breakdown/breakdown_07.csv,pure_water,10,100,7,False
Lissajouswaveformsdifferentmediums/pure water/10 kHz/breakdown/breakdown/breakdown_08.csv,pure_water,10,100,8,False
Lissajouswaveformsdifferentmediums/pure water/10 kHz/breakdown/breakdown/breakdown_09.csv,pure_water,10,100,9,True
Lissajouswaveformsdifferentmediums/pure water/10 kHz/breakdown/breakdown/breakdown_10.csv,pure_water,10,100,10,False
Lissajouswaveformsdifferentmediums/pure water/10 kHz/breakdown/breakdown/breakdown_11.csv,pure_water,10,100,11,False
Lissajouswaveformsdifferentmediums/pure water/10 kHz/breakdown/breakdown/breakdown_12.csv,pure_water,10,100,12,False
Lissajouswaveformsdifferentmediums/pure water/10 kHz/breakdown/breakdown/breakdown_13.csv,pure_water,10,100,13,False
Lissajouswaveformsdifferentmediums/pure water/10 kHz/breakdown/breakdown/breakdown_14.csv,pure_water,10,100,14,True
Lissajouswaveformsdifferentmediums/pure water/10 kHz/breakdown/breakdown/breakdown_15.csv,pure_water,10,100,15,False
Lissajouswaveformsdifferentmediums/pure water/10 kHz/breakdown/breakdown/breakdown_16.csv,pure_water,10,100,16,False
Lissajouswaveformsdifferentmediums/pure water/10 kHz/breakdown/breakdown/breakdown_17.csv,pure_water,10,100,17,False
Lissajouswaveformsdifferentmediums/pure water/10 kHz/breakdown/breakdown/breakdown_18.csv,pure_water,10,100,18,True
Lissajouswaveformsdifferentmediums/pure water/10 kHz/breakdown/breakdown/breakdown_19.csv,pure_water,10,100,19,False
Lissajouswaveformsdifferentmediums/pure water/10 kHz/breakdown/breakdown/breakdown_20.csv,pure_water,10,100,20,False
Lissajouswaveformsdifferentmediums/pure water/10 kHz/breakdown/breakdown/breakdown_21.csv,pure_water,10,100,21,False
Lissajouswaveformsdifferentmediums/pure water/10 kHz/breakdown/breakdown/breakdown_22.csv,pure_water,10,100,22,True
Lissajouswaveformsdifferentmediums/pure water/10 kHz/breakdown/breakdown/breakdown_23.csv,pure_water,10,100,23,False
Lissajouswaveformsdifferentmediums/pure water/10 kHz/breakdown/breakdown/breakdown_24.csv,pure_water,10,100,24,False
Lissajouswaveformsdifferentmediums/pure water/10 kHz/breakdown/breakdown/breakdown_25.csv,pure_water,10,100,25,False
Lissajouswaveformsdifferentmediums/pure water/10 kHz/breakdown/breakdown/breakdown_26.csv,pure_water,10,100,26,True
Lissajouswaveformsdifferentmediums/pure water/10 kHz/breakdown/breakdown/breakdown_27.csv,pure_water,10,100,27,False
Lissajouswaveformsdifferentmediums/pure water/10 kHz/breakdown/breakdown/breakdown_28.csv,pure_water,10,100,28,False
Lissajouswaveformsdifferentmediums/pure water/10 kHz/breakdown/breakdown/breakdown_29.csv,pure_water,10,100,29,False
Lissajouswaveformsdifferentmediums/pure water/10 kHz/breakdown/breakdown/breakdown_30.csv,pure_water,10,100,30,True
Lissajouswaveformsdifferentmediums/pure water/10 kHz/breakdown/breakdown/breakdown_31.csv,pure_water,10,100,31,False
Lissajouswaveformsdifferentmediums/pure water/10 kHz/breakdown/breakdown/breakdown_32.csv,pure_water,10,100,32,False
Lissajouswaveformsdifferentmediums/pure water/10 kHz/breakdown/breakdown/breakdown_33.csv,pure_water,10,100,33,False
Lissajouswaveformsdifferentmediums/pure water/10 kHz/breakdown/breakdown/breakdown_34.csv,pure_water,10,100,34,False
Lissajouswaveformsdifferentmediums/pure water/10 kHz/breakdown/breakdown/breakdown_35.csv,pure_water,10,100,35,True
Lissajouswaveformsdifferentmediums/pure water/10 kHz/breakdown/breakdown/breakdown_36.csv,pure_water,10,100,36,False
Lissajouswaveformsdifferentmediums/pure water/10 kHz/breakdown/breakdown/breakdown_37.csv,pure_water,10,100,37,False
Lissajouswaveformsdifferentmediums/pure water/10 kHz/breakdown/breakdown/breakdown_38.csv,pure_water,10,100,38,False
Lissajouswaveformsdifferentmediums/pure water/10 kHz/breakdown/breakdown/breakdown_39.csv,pure_water,10,100,39,True
Lissajouswaveformsdifferentmediums/pure water/10 kHz/breakdown/breakdown/breakdown_40.csv,pure_water,10,100,40,False
Lissajouswaveformsdifferentmediums/pure water/10 kHz/breakdown/breakdown/breakdown_41.csv,pure_water,10,100,41,False
Lissajouswaveformsdifferentmediums/pure water/10 kHz/breakdown/breakdown/breakdown_42.csv,pure_water,10,100,42,False
Lissajouswaveformsdifferentmediums/pure water/10 kHz/breakdown/breakdown/breakdown_43.csv,pure_water,10,100,43,True
Lissajouswaveformsdifferentmediums/pure water/10 kHz/breakdown/breakdown/breakdown_44.csv,pure_water,10,100,44,False
Lissajouswaveformsdifferentmediums/pure water/10 kHz/breakdown/breakdown/breakdown_45.csv,pure_water,10,100,45,False
Lissajouswaveformsdifferentmediums/pure water/10 kHz/breakdown/breakdown/breakdown_46.csv,pure_water,10,100,46,False
Lissajouswaveformsdifferentmediums/pure water/10 kHz/breakdown/breakdown/breakdown_47.csv,pure_water,10,100,47,True
Lissajouswaveformsdifferentmediums/pure water/10 kHz/breakdown/breakdown/breakdown_48.csv,pure_water,10,100,48,False
Lissajouswaveformsdifferentmediums/pure water/10 kHz/breakdown/breakdown/breakdown_49.csv,pure_water,10,100,49,False
Lissajouswaveformsdifferentmediums/pure water/10 kHz/breakdown/breakdown/breakdown_50.csv,pure_water,10,100,50,False
Lissajouswaveformsdifferentmediums/pure water/10 kHz/breakdown/breakdown/breakdown_51.csv,pure_water,10,100,51,True
Lissajouswaveformsdifferentmediums/pure water/10 kHz/breakdown/breakdown/breakdown_52.csv,pure_water,10,100,52,False
Lissajouswaveformsdifferentmediums/pure water/10 kHz/breakdown/breakdown/breakdown_53.csv,pure_water,10,100,53,False
Lissajouswaveformsdifferentmediums/pure water/10 kHz/breakdown/breakdown/breakdown_54.csv,pure_water,10,100,54,False
Lissajouswaveformsdifferentmediums/pure water/10 kHz/breakdown/breakdown/breakdown_55.csv,pure_water,10,100,55,False
Lissajouswaveformsdifferentmediums/pure water/10 kHz/breakdown/breakdown/breakdown_56.csv,pure_water,10,100,56,True
Lissajouswaveformsdifferentmediums/pure water/10 kHz/breakdown/breakdown/breakdown_57.csv,pure_water,10,100,57,False
Lissajouswaveformsdifferentmediums/pure water/10 kHz/breakdown/breakdown/breakdown_58.csv,pure_water,10,100,58,False
Lissajouswaveformsdifferentmediums/pure water/10 kHz/breakdown/breakdown/breakdown_59.csv,pure_water,10,100,59,False
Lissajouswaveformsdifferentmediums/pure water/10 kHz/breakdown/breakdown/breakdown_60.csv,pure_water,10,100,60,True
Lissajouswaveformsdifferentmediums/pure water/10 kHz/breakdown/breakdown/breakdown_61.csv,pure_water,10,100,61,False
Lissajouswaveformsdifferentmediums/pure water/10 kHz/breakdown/breakdown/breakdown_62.csv,pure_water,10,100,62,False
Lissajouswaveformsdifferentmediums/pure water/10 kHz/breakdown/breakdown/breakdown_63.csv,pure_water,10,100,63,False
Lissajouswaveformsdifferentmediums/pure water/10 kHz/breakdown/breakdown/breakdown_64.csv,pure_water,10,100,64,True
Lissajouswaveformsdifferentmediums/pure water/Lissajousfigure10kHz-0002/Lissajousfigure10kHz-0002_01.csv,pure_water,10,MAX,1,True
Lissajouswaveformsdifferentmediums/pure water/Lissajousfigure10kHz-0002/Lissajousfigure10kHz-0002_02.csv,pure_water,10,MAX,2,True
Lissajouswaveformsdifferentmediums/pure water/Lissajousfigure10kHz-0002/Lissajousfigure10kHz-0002_03.csv,pure_water,10,MAX,3,True
Lissajouswaveformsdifferentmediums/pure water/Lissajousfigure10kHz-0002/Lissajousfigure10kHz-0002_04.csv,pure_water,10,MAX,4,True
Lissajouswaveformsdifferentmediums/pure water/Lissajousfigure10kHz-0002/Lissajousfigure10kHz-0002_05.csv,pure_water,10,MAX,5,True
Lissajouswaveformsdifferentmediums/pure water/Lissajousfigure10kHz-0002/Lissajousfigure10kHz-0002_06.csv,pure_water,10,MAX,6,True
Lissajouswaveformsdifferentmediums/pure water/Lissajousfigure10kHz-0002/Lissajousfigure10kHz-0002_07.csv,pure_water,10,MAX,7,True
Lissajouswaveformsdifferentmediums/pure water/Lissajousfigure10kHz-0002/Lissajousfigure10kHz-0002_08.csv,pure_water,10,MAX,8,True
Lissajouswaveformsdifferentmediums/pure water/Lissajousfigure10kHz-0002/Lissajousfigure10kHz-0002_09.csv,pure_water,10,MAX,9,True
Lissajouswaveformsdifferentmediums/pure water/Lissajousfigure10kHz-0002/Lissajousfigure10kHz-0002_10.csv,pure_water,10,MAX,10,True
Lissajouswaveformsdifferentmediums/pure water/Lissajousfigure10kHz-0002/Lissajousfigure10kHz-0002_11.csv,pure_water,10,MAX,11,True
Lissajouswaveformsdifferentmediums/pure water/Lissajousfigure10kHz-0002/Lissajousfigure10kHz-0002_12.csv,pure_water,10,MAX,12,True
Lissajouswaveformsdifferentmediums/pure water/Lissajousfigure10kHz-0002/Lissajousfigure10kHz-0002_13.csv,pure_water,10,MAX,13,True
Lissajouswaveformsdifferentmediums/pure water/Lissajousfigure10kHz-0002/Lissajousfigure10kHz-0002_14.csv,pure_water,10,MAX,14,True
Lissajouswaveformsdifferentmediums/pure water/Lissajousfigure10kHz-0002/Lissajousfigure10kHz-0002_15.csv,pure_water,10,MAX,15,True
Lissajouswaveformsdifferentmediums/pure water/Lissajousfigure10kHz-0002/Lissajousfigure10kHz-0002_16.csv,pure_water,10,MAX,16,True
Lissajouswaveformsdifferentmediums/pure water/Lissajousfigure10kHz-0002/Lissajousfigure10kHz-0002_17.csv,pure_water,10,MAX,17,True
Lissajouswaveformsdifferentmediums/pure water/Lissajousfigure10kHz-0002/Lissajousfigure10kHz-0002_18.csv,pure_water,10,MAX,18,True
Lissajouswaveformsdifferentmediums/pure water/Lissajousfigure10kHz-0002/Lissajousfigure10kHz-0002_19.csv,pure_water,10,MAX,19,True
Lissajouswaveformsdifferentmediums/pure water/Lissajousfigure10kHz-0002/Lissajousfigure10kHz-0002_20.csv,pure_water,10,MAX,20,True
Lissajouswaveformsdifferentmediums/pure water/Lissajousfigure10kHz-0002/Lissajousfigure10kHz-0002_21.csv,pure_water,10,MAX,21,True
Lissajouswaveformsdifferentmediums/pure water/Lissajousfigure10kHz-0002/Lissajousfigure10kHz-0002_22.csv,pure_water,10,MAX,22,True
Lissajouswaveformsdifferentmediums/pure water/Lissajousfigure10kHz-0002/Lissajousfigure10kHz-0002_23.csv,pure_water,10,MAX,23,True
Lissajouswaveformsdifferentmediums/pure water/Lissajousfigure10kHz-0002/Lissajousfigure10kHz-0002_24.csv,pure_water,10,MAX,24,True
Lissajouswaveformsdifferentmediums/pure water/Lissajousfigure10kHz-0002/Lissajousfigure10kHz-0002_25.csv,pure_water,10,MAX,25,True
Lissajouswaveformsdifferentmediums/pure water/Lissajousfigure10kHz-0002/Lissajousfigure10kHz-0002_26.csv,pure_water,10,MAX,26,True
Lissajouswaveformsdifferentmediums/pure water/Lissajousfigure10kHz-0002/Lissajousfigure10kHz-0002_27.csv,pure_water,10,MAX,27,True
Lissajouswaveformsdifferentmediums/pure water/Lissajousfigure10kHz-0002/Lissajousfigure10kHz-0002_28.csv,pure_water,10,MAX,28,True
Lissajouswaveformsdifferentmediums/pure water/Lissajousfigure10kHz-0002/Lissajousfigure10kHz-0002_29.csv,pure_water,10,MAX,29,True
Lissajouswaveformsdifferentmediums/pure water/Lissajousfigure10kHz-0002/Lissajousfigure10kHz-0002_30.csv,pure_water,10,MAX,30,True
Lissajouswaveformsdifferentmediums/pure water/Lissajousfigure10kHz-0002/Lissajousfigure10kHz-0002_31.csv,pure_water,10,MAX,31,True
Lissajouswaveformsdifferentmediums/pure water/Lissajousfigure10kHz-0002/Lissajousfigure10kHz-0002_32.csv,pure_water,10,MAX,32,True
Lissajouswaveformsdifferentmediums/pure water/Lissajousfigure10kHz-0002/Lissajousfigure10kHz-0002_33.csv,pure_water,10,MAX,33,True
Lissajouswaveformsdifferentmediums/pure water/Lissajousfigure10kHz-0002/Lissajousfigure10kHz-0002_34.csv,pure_water,10,MAX,34,True
Lissajouswaveformsdifferentmediums/pure water/Lissajousfigure10kHz-0002/Lissajousfigure10kHz-0002_35.csv,pure_water,10,MAX,35,True
Lissajouswaveformsdifferentmediums/pure water/Lissajousfigure10kHz-0002/Lissajousfigure10kHz-0002_36.csv,pure_water,10,MAX,36,True
Lissajouswaveformsdifferentmediums/pure water/Lissajousfigure10kHz-0002/Lissajousfigure10kHz-0002_37.csv,pure_water,10,MAX,37,True
Lissajouswaveformsdifferentmediums/pure water/Lissajousfigure10kHz-0002/Lissajousfigure10kHz-0002_38.csv,pure_water,10,MAX,38,True
Lissajouswaveformsdifferentmediums/pure water/Lissajousfigure10kHz-0002/Lissajousfigure10kHz-0002_39.csv,pure_water,10,MAX,39,True
Lissajouswaveformsdifferentmediums/pure water/Lissajousfigure10kHz-0002/Lissajousfigure10kHz-0002_40.csv,pure_water,10,MAX,40,True
Lissajouswaveformsdifferentmediums/pure water/Lissajousfigure10kHz-0002/Lissajousfigure10kHz-0002_41.csv,pure_water,10,MAX,41,True
Lissajouswaveformsdifferentmediums/pure water/Lissajousfigure10kHz-0002/Lissajousfigure10kHz-0002_42.csv,pure_water,10,MAX,42,True
Lissajouswaveformsdifferentmediums/pure water/Lissajousfigure10kHz-0002/Lissajousfigure10kHz-0002_43.csv,pure_water,10,MAX,43,True
Lissajouswaveformsdifferentmediums/pure water/Lissajousfigure10kHz-0002/Lissajousfigure10kHz-0002_44.csv,pure_water,10,MAX,44,True
Lissajouswaveformsdifferentmediums/pure water/Lissajousfigure10kHz-0002/Lissajousfigure10kHz-0002_45.csv,pure_water,10,MAX,45,True
Lissajouswaveformsdifferentmediums/pure water/Lissajousfigure10kHz-0002/Lissajousfigure10kHz-0002_46.csv,pure_water,10,MAX,46,True
Lissajouswaveformsdifferentmediums/pure water/Lissajousfigure10kHz-0002/Lissajousfigure10kHz-0002_47.csv,pure_water,10,MAX,47,True
Lissajouswaveformsdifferentmediums/pure water/Lissajousfigure10kHz-0002/Lissajousfigure10kHz-0002_48.csv,pure_water,10,MAX,48,True
Lissajouswaveformsdifferentmediums/pure water/Lissajousfigure10kHz-0002/Lissajousfigure10kHz-0002_49.csv,pure_water,10,MAX,49,True
Lissajouswaveformsdifferentmediums/pure water/Lissajousfigure10kHz-0002/Lissajousfigure10kHz-0002_50.csv,pure_water,10,MAX,50,True
Lissajouswaveformsdifferentmediums/pure water/Lissajousfigure10kHz-0002/Lissajousfigure10kHz-0002_51.csv,pure_water,10,MAX,51,True
Lissajouswaveformsdifferentmediums/pure water/Lissajousfigure10kHz-0002/Lissajousfigure10kHz-0002_52.csv,pure_water,10,MAX,52,True
Lissajouswaveformsdifferentmediums/pure water/Lissajousfigure10kHz-0002/Lissajousfigure10kHz-0002_53.csv,pure_water,10,MAX,53,True
Lissajouswaveformsdifferentmediums/pure water/Lissajousfigure10kHz-0002/Lissajousfigure10kHz-0002_54.csv,pure_water,10,MAX,54,True
Lissajouswaveformsdifferentmediums/pure water/Lissajousfigure10kHz-0002/Lissajousfigure10kHz-0002_55.csv,pure_water,10,MAX,55,True
Lissajouswaveformsdifferentmediums/pure water/Lissajousfigure10kHz-0002/Lissajousfigure10kHz-0002_56.csv,pure_water,10,MAX,56,True
Lissajouswaveformsdifferentmediums/pure water/Lissajousfigure10kHz-0002/Lissajousfigure10kHz-0002_57.csv,pure_water,10,MAX,57,True
Lissajouswaveformsdifferentmediums/pure water/Lissajousfigure10kHz-0002/Lissajousfigure10kHz-0002_58.csv,pure_water,10,MAX,58,True
Lissajouswaveformsdifferentmediums/pure water/Lissajousfigure10kHz-0002/Lissajousfigure10kHz-0002_59.csv,pure_water,10,MAX,59,True
Lissajouswaveformsdifferentmediums/pure water/Lissajousfigure10kHz-0002/Lissajousfigure10kHz-0002_60.csv,pure_water,10,MAX,60,True
Lissajouswaveformsdifferentmediums/pure water/Lissajousfigure10kHz-0002/Lissajousfigure10kHz-0002_61.csv,pure_water,10,MAX,61,True
Lissajouswaveformsdifferentmediums/pure water/Lissajousfigure10kHz-0002/Lissajousfigure10kHz-0002_62.csv,pure_water,10,MAX,62,True
Lissajouswaveformsdifferentmediums/pure water/Lissajousfigure10kHz-0002/Lissajousfigure10kHz-0002_63.csv,pure_water,10,MAX,63,True
Lissajouswaveformsdifferentmediums/pure water/Lissajousfigure10kHz-0002/Lissajousfigure10kHz-0002_64.csv,pure_water,10,MAX,64,True
Lissajouswaveformsdifferentmediums/pure water/Lissajousfigure20kHz/Lissajousfigure20kHz_01.csv,pure_water,20,MAX,1,True
Lissajouswaveformsdifferentmediums/pure water/Lissajousfigure20kHz/Lissajousfigure20kHz_02.csv,pure_water,20,MAX,2,True
Lissajouswaveformsdifferentmediums/pure water/Lissajousfigure20kHz/Lissajousfigure20kHz_03.csv,pure_water,20,MAX,3,True
Lissajouswaveformsdifferentmediums/pure water/Lissajousfigure20kHz/Lissajousfigure20kHz_04.csv,pure_water,20,MAX,4,True
Lissajouswaveformsdifferentmediums/pure water/Lissajousfigure20kHz/Lissajousfigure20kHz_05.csv,pure_water,20,MAX,5,True
Lissajouswaveformsdifferentmediums/pure water/Lissajousfigure20kHz/Lissajousfigure20kHz_06.csv,pure_water,20,MAX,6,True
Lissajouswaveformsdifferentmediums/pure water/Lissajousfigure20kHz/Lissajousfigure20kHz_07.csv,pure_water,20,MAX,7,True
Lissajouswaveformsdifferentmediums/pure water/Lissajousfigure20kHz/Lissajousfigure20kHz_08.csv,pure_water,20,MAX,8,True
Lissajouswaveformsdifferentmediums/pure water/Lissajousfigure20kHz/Lissajousfigure20kHz_09.csv,pure_water,20,MAX,9,True
Lissajouswaveformsdifferentmediums/pure water/Lissajousfigure20kHz/Lissajousfigure20kHz_10.csv,pure_water,20,MAX,10,True
Lissajouswaveformsdifferentmediums/pure water/Lissajousfigure20kHz/Lissajousfigure20kHz_11.csv,pure_water,20,MAX,11,True
Lissajouswaveformsdifferentmediums/pure water/Lissajousfigure20kHz/Lissajousfigure20kHz_12.csv,pure_water,20,MAX,12,True
Lissajouswaveformsdifferentmediums/pure water/Lissajousfigure20kHz/Lissajousfigure20kHz_13.csv,pure_water,20,MAX,13,True
Lissajouswaveformsdifferentmediums/pure water/Lissajousfigure20kHz/Lissajousfigure20kHz_14.csv,pure_water,20,MAX,14,True
Lissajouswaveformsdifferentmediums/pure water/Lissajousfigure20kHz/Lissajousfigure20kHz_15.csv,pure_water,20,MAX,15,True
Lissajouswaveformsdifferentmediums/pure water/Lissajousfigure20kHz/Lissajousfigure20kHz_16.csv,pure_water,20,MAX,16,True
Lissajouswaveformsdifferentmediums/pure water/Lissajousfigure20kHz/Lissajousfigure20kHz_17.csv,pure_water,20,MAX,17,True
Lissajouswaveformsdifferentmediums/pure water/Lissajousfigure20kHz/Lissajousfigure20kHz_18.csv,pure_water,20,MAX,18,True
Lissajouswaveformsdifferentmediums/pure water/Lissajousfigure20kHz/Lissajousfigure20kHz_19.csv,pure_water,20,MAX,19,True
Lissajouswaveformsdifferentmediums/pure water/Lissajousfigure20kHz/Lissajousfigure20kHz_20.csv,pure_water,20,MAX,20,True
Lissajouswaveformsdifferentmediums/pure water/Lissajousfigure20kHz/Lissajousfigure20kHz_21.csv,pure_water,20,MAX,21,True
Lissajouswaveformsdifferentmediums/pure water/Lissajousfigure20kHz/Lissajousfigure20kHz_22.csv,pure_water,20,MAX,22,True
Lissajouswaveformsdifferentmediums/pure water/Lissajousfigure20kHz/Lissajousfigure20kHz_23.csv,pure_water,20,MAX,23,True
Lissajouswaveformsdifferentmediums/pure water/Lissajousfigure20kHz/Lissajousfigure20kHz_24.csv,pure_water,20,MAX,24,True
Lissajouswaveformsdifferentmediums/pure water/Lissajousfigure20kHz/Lissajousfigure20kHz_25.csv,pure_water,20,MAX,25,True
Lissajouswaveformsdifferentmediums/pure water/Lissajousfigure20kHz/Lissajousfigure20kHz_26.csv,pure_water,20,MAX,26,True
Lissajouswaveformsdifferentmediums/pure water/Lissajousfigure20kHz/Lissajousfigure20kHz_27.csv,pure_water,20,MAX,27,True
Lissajouswaveformsdifferentmediums/pure water/Lissajousfigure20kHz/Lissajousfigure20kHz_28.csv,pure_water,20,MAX,28,True
Lissajouswaveformsdifferentmediums/pure water/Lissajousfigure20kHz/Lissajousfigure20kHz_29.csv,pure_water,20,MAX,29,True
Lissajouswaveformsdifferentmediums/pure water/Lissajousfigure20kHz/Lissajousfigure20kHz_30.csv,pure_water,20,MAX,30,True
Lissajouswaveformsdifferentmediums/pure water/Lissajousfigure20kHz/Lissajousfigure20kHz_31.csv,pure_water,20,MAX,31,True
Lissajouswaveformsdifferentmediums/pure water/Lissajousfigure20kHz/Lissajousfigure20kHz_32.csv,pure_water,20,MAX,32,True
Lissajouswaveformsdifferentmediums/pure water/Lissajousfigure20kHz/Lissajousfigure20kHz_33.csv,pure_water,20,MAX,33,True
Lissajouswaveformsdifferentmediums/pure water/Lissajousfigure20kHz/Lissajousfigure20kHz_34.csv,pure_water,20,MAX,34,True
Lissajouswaveformsdifferentmediums/pure water/Lissajousfigure20kHz/Lissajousfigure20kHz_35.csv,pure_water,20,MAX,35,True
Lissajouswaveformsdifferentmediums/pure water/Lissajousfigure20kHz/Lissajousfigure20kHz_36.csv,pure_water,20,MAX,36,True
Lissajouswaveformsdifferentmediums/pure water/Lissajousfigure20kHz/Lissajousfigure20kHz_37.csv,pure_water,20,MAX,37,True
Lissajouswaveformsdifferentmediums/pure water/Lissajousfigure20kHz/Lissajousfigure20kHz_38.csv,pure_water,20,MAX,38,True
Lissajouswaveformsdifferentmediums/pure water/Lissajousfigure20kHz/Lissajousfigure20kHz_39.csv,pure_water,20,MAX,39,True
Lissajouswaveformsdifferentmediums/pure water/Lissajousfigure20kHz/Lissajousfigure20kHz_40.csv,pure_water,20,MAX,40,True
Lissajouswaveformsdifferentmediums/pure water/Lissajousfigure20kHz/Lissajousfigure20kHz_41.csv,pure_water,20,MAX,41,True
Lissajouswaveformsdifferentmediums/pure water/Lissajousfigure20kHz/Lissajousfigure20kHz_42.csv,pure_water,20,MAX,42,True
Lissajouswaveformsdifferentmediums/pure water/Lissajousfigure20kHz/Lissajousfigure20kHz_43.csv,pure_water,20,MAX,43,True
Lissajouswaveformsdifferentmediums/pure water/Lissajousfigure20kHz/Lissajousfigure20kHz_44.csv,pure_water,20,MAX,44,True
Lissajouswaveformsdifferentmediums/pure water/Lissajousfigure20kHz/Lissajousfigure20kHz_45.csv,pure_water,20,MAX,45,True
Lissajouswaveformsdifferentmediums/pure water/Lissajousfigure20kHz/Lissajousfigure20kHz_46.csv,pure_water,20,MAX,46,True
Lissajouswaveformsdifferentmediums/pure water/Lissajousfigure20kHz/Lissajousfigure20kHz_47.csv,pure_water,20,MAX,47,True
Lissajouswaveformsdifferentmediums/pure water/Lissajousfigure20kHz/Lissajousfigure20kHz_48.csv,pure_water,20,MAX,48,True
Lissajouswaveformsdifferentmediums/pure water/Lissajousfigure20kHz/Lissajousfigure20kHz_49.csv,pure_water,20,MAX,49,True
Lissajouswaveformsdifferentmediums/pure water/Lissajousfigure20kHz/Lissajousfigure20kHz_50.csv,pure_water,20,MAX,50,True
Lissajouswaveformsdifferentmediums/pure water/Lissajousfigure20kHz/Lissajousfigure20kHz_51.csv,pure_water,20,MAX,51,True
Lissajouswaveformsdifferentmediums/pure water/Lissajousfigure20kHz/Lissajousfigure20kHz_52.csv,pure_water,20,MAX,52,True
Lissajouswaveformsdifferentmediums/pure water/Lissajousfigure20kHz/Lissajousfigure20kHz_53.csv,pure_water,20,MAX,53,True
Lissajouswaveformsdifferentmediums/pure water/Lissajousfigure20kHz/Lissajousfigure20kHz_54.csv,pure_water,20,MAX,54,True
Lissajouswaveformsdifferentmediums/pure water/Lissajousfigure20kHz/Lissajousfigure20kHz_55.csv,pure_water,20,MAX,55,True
Lissajouswaveformsdifferentmediums/pure water/Lissajousfigure20kHz/Lissajousfigure20kHz_56.csv,pure_water,20,MAX,56,True
Lissajouswaveformsdifferentmediums/pure water/Lissajousfigure20kHz/Lissajousfigure20kHz_57.csv,pure_water,20,MAX,57,True
Lissajouswaveformsdifferentmediums/pure water/Lissajousfigure20kHz/Lissajousfigure20kHz_58.csv,pure_water,20,MAX,58,True
Lissajouswaveformsdifferentmediums/pure water/Lissajousfigure20kHz/Lissajousfigure20kHz_59.csv,pure_water,20,MAX,59,True
Lissajouswaveformsdifferentmediums/pure water/Lissajousfigure20kHz/Lissajousfigure20kHz_60.csv,pure_water,20,MAX,60,True
Lissajouswaveformsdifferentmediums/pure water/Lissajousfigure20kHz/Lissajousfigure20kHz_61.csv,pure_water,20,MAX,61,True
Lissajouswaveformsdifferentmediums/pure water/Lissajousfigure20kHz/Lissajousfigure20kHz_62.csv,pure_water,20,MAX,62,True
Lissajouswaveformsdifferentmediums/pure water/Lissajousfigure20kHz/Lissajousfigure20kHz_63.csv,pure_water,20,MAX,63,True
Lissajouswaveformsdifferentmediums/pure water/Lissajousfigure20kHz/Lissajousfigure20kHz_64.csv,pure_water,20,MAX,64,True
