condition,condition_label,material,burst_kHz,volume_ml,is_reactor_volume,reactor_volume_ml,concentration_mM,equivalents_per_ion,negative_charge_equivalent_rate_per_s,negative_charge_equivalent_rate_ci_low_per_s,negative_charge_equivalent_rate_ci_high_per_s,minutes_per_ion_equivalent,minutes_per_ion_equivalent_ci_low,minutes_per_ion_equivalent_ci_high,interpretation,source_rate_reportable,source_rate_evidence_tier,assumptions
BMIM_nitrate_4kHz,"BMIM nitrate, 4 kHz",BMIM_nitrate,4.0,0.0,False,2.5,5.0,1.0,2.577141363335664e+16,2.5183415128336444e+16,2.5886991360766576e+16,0.0,0.0,0.0,hypothetical electrical-rate transfer to a 5 mM metal-ion inventory; BMIM nitrate itself contains no metal,True,exploratory_transferred_model,total_negative_electrical_charge_equivalents; 100_percent_delivery_and_utilization; not_electron_specific; not_a_chemical_yield_prediction
BMIM_nitrate_4kHz,"BMIM nitrate, 4 kHz",BMIM_nitrate,4.0,0.05,False,2.5,5.0,1.0,2.577141363335664e+16,2.5183415128336444e+16,2.5886991360766576e+16,0.09736467515382656,0.09692997079875265,0.09963800794608194,hypothetical electrical-rate transfer to a 5 mM metal-ion inventory; BMIM nitrate itself contains no metal,True,exploratory_transferred_model,total_negative_electrical_charge_equivalents; 100_percent_delivery_and_utilization; not_electron_specific; not_a_chemical_yield_prediction
BMIM_nitrate_4kHz,"BMIM nitrate, 4 kHz",BMIM_nitrate,4.0,0.1,False,2.5,5.0,1.0,2.577141363335664e+16,2.5183415128336444e+16,2.5886991360766576e+16,0.19472935030765312,0.1938599415975053,0.19927601589216387,hypothetical electrical-rate transfer to a 5 mM metal-ion inventory; BMIM nitrate itself contains no metal,True,exploratory_transferred_model,total_negative_electrical_charge_equivalents; 100_percent_delivery_and_utilization; not_electron_specific; not_a_chemical_yield_prediction
BMIM_nitrate_4kHz,"BMIM nitrate, 4 kHz",BMIM_nitrate,4.0,0.15000000000000002,False,2.5,5.0,1.0,2.577141363335664e+16,2.5183415128336444e+16,2.5886991360766576e+16,0.2920940254614797,0.290789912396258,0.29891402383824583,hypothetical electrical-rate transfer to a 5 mM metal-ion inventory; BMIM nitrate itself contains no metal,True,exploratory_transferred_model,total_negative_electrical_charge_equivalents; 100_percent_delivery_and_utilization; not_electron_specific; not_a_chemical_yield_prediction
BMIM_nitrate_4kHz,"BMIM nitrate, 4 kHz",BMIM_nitrate,4.0,0.2,False,2.5,5.0,1.0,2.577141363335664e+16,2.5183415128336444e+16,2.5886991360766576e+16,0.38945870061530624,0.3877198831950106,0.39855203178432774,hypothetical electrical-rate transfer to a 5 mM metal-ion inventory; BMIM nitrate itself contains no metal,True,exploratory_transferred_model,total_negative_electrical_charge_equivalents; 100_percent_delivery_and_utilization; not_electron_specific; not_a_chemical_yield_prediction
BMIM_nitrate_4kHz,"BMIM nitrate, 4 kHz",BMIM_nitrate,4.0,0.25,False,2.5,5.0,1.0,2.577141363335664e+16,2.5183415128336444e+16,2.5886991360766576e+16,0.4868233757691328,0.48464985399376326,0.49819003973040965,hypothetical electrical-rate transfer to a 5 mM metal-ion inventory; BMIM nitrate itself contains no metal,True,exploratory_transferred_model,total_negative_electrical_charge_equivalents; 100_percent_delivery_and_utilization; not_electron_specific; not_a_chemical_yield_prediction
BMIM_nitrate_4kHz,"BMIM nitrate, 4 kHz",BMIM_nitrate,4.0,0.30000000000000004,False,2.5,5.0,1.0,2.577141363335664e+16,2.5183415128336444e+16,2.5886991360766576e+16,0.5841880509229594,0.581579824792516,0.5978280476764917,hypothetical electrical-rate transfer to a 5 mM metal-ion inventory; BMIM nitrate itself contains no metal,True,exploratory_transferred_model,total_negative_electrical_charge_equivalents; 100_percent_delivery_and_utilization; not_electron_specific; not_a_chemical_yield_prediction
BMIM_nitrate_4kHz,"BMIM nitrate, 4 kHz",BMIM_nitrate,4.0,0.35000000000000003,False,2.5,5.0,1.0,2.577141363335664e+16,2.5183415128336444e+16,2.5886991360766576e+16,0.681552726076786,0.6785097955912686,0.6974660556225736,hypothetical electrical-rate transfer to a 5 mM metal-ion inventory; BMIM nitrate itself contains no metal,True,exploratory_transferred_model,total_negative_electrical_charge_equivalents; 100_percent_delivery_and_utilization; not_electron_specific; not_a_chemical_yield_prediction
BMIM_nitrate_4kHz,"BMIM nitrate, 4 kHz",BMIM_nitrate,4.0,0.4,False,2.5,5.0,1.0,2.577141363335664e+16,2.5183415128336444e+16,2.5886991360766576e+16,0.7789174012306125,0.7754397663900212,0.7971040635686555,hypothetical electrical-rate transfer to a 5 mM metal-ion inventory; BMIM nitrate itself contains no metal,True,exploratory_transferred_model,total_negative_electrical_charge_equivalents; 100_percent_delivery_and_utilization; not_electron_specific; not_a_chemical_yield_prediction
BMIM_nitrate_4kHz,"BMIM nitrate, 4 kHz",BMIM_nitrate,4.0,0.45,False,2.5,5.0,1.0,2.577141363335664e+16,2.5183415128336444e+16,2.5886991360766576e+16,0.8762820763844391,0.872369737188774,0.8967420715147374,hypothetical electrical-rate transfer to a 5 mM metal-ion inventory; BMIM nitrate itself contains no metal,True,exploratory_transferred_model,total_negative_electrical_charge_equivalents; 100_percent_delivery_and_utilization; not_electron_specific; not_a_chemical_yield_prediction
BMIM_nitrate_4kHz,"BMIM nitrate, 4 kHz",BMIM_nitrate,4.0,0.5,False,2.5,5.0,1.0,2.577141363335664e+16,2.5183415128336444e+16,2.5886991360766576e+16,0.9736467515382656,0.9692997079875265,0.9963800794608193,hypothetical electrical-rate transfer to a 5 mM metal-ion inventory; BMIM nitrate itself contains no metal,True,exploratory_transferred_model,total_negative_electrical_charge_equivalents; 100_percent_delivery_and_utilization; not_electron_specific; not_a_chemical_yield_prediction
BMIM_nitrate_4kHz,"BMIM nitrate, 4 kHz",BMIM_nitrate,4.0,0.55,False,2.5,5.0,1.0,2.577141363335664e+16,2.5183415128336444e+16,2.5886991360766576e+16,1.0710114266920923,1.0662296787862793,1.0960180874069012,hypothetical electrical-rate transfer to a 5 mM metal-ion inventory; BMIM nitrate itself contains no metal,True,exploratory_transferred_model,total_negative_electrical_charge_equivalents; 100_percent_delivery_and_utilization; not_electron_specific; not_a_chemical_yield_prediction
BMIM_nitrate_4kHz,"BMIM nitrate, 4 kHz",BMIM_nitrate,4.0,0.6000000000000001,False,2.5,5.0,1.0,2.577141363335664e+16,2.5183415128336444e+16,2.5886991360766576e+16,1.168376101845919,1.163159649585032,1.1956560953529833,hypothetical electrical-rate transfer to a 5 mM metal-ion inventory; BMIM nitrate itself contains no metal,True,exploratory_transferred_model,total_negative_electrical_charge_equivalents; 100_percent_delivery_and_utilization; not_electron_specific; not_a_chemical_yield_prediction
BMIM_nitrate_4kHz,"BMIM nitrate, 4 kHz",BMIM_nitrate,4.0,0.65,False,2.5,5.0,1.0,2.577141363335664e+16,2.5183415128336444e+16,2.5886991360766576e+16,1.2657407769997453,1.2600896203837846,1.295294103299065,hypothetical electrical-rate transfer to a 5 mM metal-ion inventory; BMIM nitrate itself contains no metal,True,exploratory_transferred_model,total_negative_electrical_charge_equivalents; 100_percent_delivery_and_utilization; not_electron_specific; not_a_chemical_yield_prediction
BMIM_nitrate_4kHz,"BMIM nitrate, 4 kHz",BMIM_nitrate,4.0,0.7000000000000001,False,2.5,5.0,1.0,2.577141363335664e+16,2.5183415128336444e+16,2.5886991360766576e+16,1.363105452153572,1.3570195911825371,1.3949321112451472,hypothetical electrical-rate transfer to a 5 mM metal-ion inventory; BMIM nitrate itself contains no metal,True,exploratory_transferred_model,total_negative_electrical_charge_equivalents; 100_percent_delivery_and_utilization; not_electron_specific; not_a_chemical_yield_prediction
BMIM_nitrate_4kHz,"BMIM nitrate, 4 kHz",BMIM_nitrate,4.0,0.75,False,2.5,5.0,1.0,2.577141363335664e+16,2.5183415128336444e+16,2.5886991360766576e+16,1.4604701273073986,1.4539495619812899,1.494570119191229,hypothetical electrical-rate transfer to a 5 mM metal-ion inventory; BMIM nitrate itself contains no metal,True,exploratory_transferred_model,total_negative_electrical_charge_equivalents; 100_percent_delivery_and_utilization; not_electron_specific; not_a_chemical_yield_prediction
BMIM_nitrate_4kHz,"BMIM nitrate, 4 kHz",BMIM_nitrate,4.0,0.8,False,2.5,5.0,1.0,2.577141363335664e+16,2.5183415128336444e+16,2.5886991360766576e+16,1.557834802461225,1.5508795327800424,1.594208127137311,hypothetical electrical-rate transfer to a 5 mM metal-ion inventory; BMIM nitrate itself contains no metal,True,exploratory_transferred_model,total_negative_electrical_charge_equivalents; 100_percent_delivery_and_utilization; not_electron_specific; not_a_chemical_yield_prediction
BMIM_nitrate_4kHz,"BMIM nitrate, 4 kHz",BMIM_nitrate,4.0,0.8500000000000001,False,2.5,5.0,1.0,2.577141363335664e+16,2.5183415128336444e+16,2.5886991360766576e+16,1.6551994776150518,1.6478095035787954,1.693846135083393,hypothetical electrical-rate transfer to a 5 mM metal-ion inventory; BMIM nitrate itself contains no metal,True,exploratory_transferred_model,total_negative_electrical_charge_equivalents; 100_percent_delivery_and_utilization; not_electron_specific; not_a_chemical_yield_prediction
BMIM_nitrate_4kHz,"BMIM nitrate, 4 kHz",BMIM_nitrate,4.0,0.9,False,2.5,5.0,1.0,2.577141363335664e+16,2.5183415128336444e+16,2.5886991360766576e+16,1.7525641527688782,1.744739474377548,1.7934841430294748,hypothetical electrical-rate transfer to a 5 mM metal-ion inventory; BMIM nitrate itself contains no metal,True,exploratory_transferred_model,total_negative_electrical_charge_equivalents; 100_percent_delivery_and_utilization; not_electron_specific; not_a_chemical_yield_prediction
BMIM_nitrate_4kHz,"BMIM nitrate, 4 kHz",BMIM_nitrate,4.0,0.9500000000000001,False,2.5,5.0,1.0,2.577141363335664e+16,2.5183415128336444e+16,2.5886991360766576e+16,1.8499288279227049,1.8416694451763005,1.8931221509755567,hypothetical electrical-rate transfer to a 5 mM metal-ion inventory; BMIM nitrate itself contains no metal,True,exploratory_transferred_model,total_negative_electrical_charge_equivalents; 100_percent_delivery_and_utilization; not_electron_specific; not_a_chemical_yield_prediction
BMIM_nitrate_4kHz,"BMIM nitrate, 4 kHz",BMIM_nitrate,4.0,1.0,False,2.5,5.0,1.0,2.577141363335664e+16,2.5183415128336444e+16,2.5886991360766576e+16,1.9472935030765313,1.938599415975053,1.9927601589216386,hypothetical electrical-rate transfer to a 5 mM metal-ion inventory; BMIM nitrate itself contains no metal,True,exploratory_transferred_model,total_negative_electrical_charge_equivalents; 100_percent_delivery_and_utilization; not_electron_specific; not_a_chemical_yield_prediction
BMIM_nitrate_4kHz,"BMIM nitrate, 4 kHz",BMIM_nitrate,4.0,1.05,False,2.5,5.0,1.0,2.577141363335664e+16,2.5183415128336444e+16,2.5886991360766576e+16,2.044658178230358,2.035529386773806,2.0923981668677207,hypothetical electrical-rate transfer to a 5 mM metal-ion inventory; BMIM nitrate itself contains no metal,True,exploratory_transferred_model,total_negative_electrical_charge_equivalents; 100_percent_delivery_and_utilization; not_electron_specific; not_a_chemical_yield_prediction
BMIM_nitrate_4kHz,"BMIM nitrate, 4 kHz",BMIM_nitrate,4.0,1.1,False,2.5,5.0,1.0,2.577141363335664e+16,2.5183415128336444e+16,2.5886991360766576e+16,2.1420228533841845,2.1324593575725586,2.1920361748138024,hypothetical electrical-rate transfer to a 5 mM metal-ion inventory; BMIM nitrate itself contains no metal,True,exploratory_transferred_model,total_negative_electrical_charge_equivalents; 100_percent_delivery_and_utilization; not_electron_specific; not_a_chemical_yield_prediction
BMIM_nitrate_4kHz,"BMIM nitrate, 4 kHz",BMIM_nitrate,4.0,1.1500000000000001,False,2.5,5.0,1.0,2.577141363335664e+16,2.5183415128336444e+16,2.5886991360766576e+16,2.2393875285380114,2.2293893283713113,2.2916741827598845,hypothetical electrical-rate transfer to a 5 mM metal-ion inventory; BMIM nitrate itself contains no metal,True,exploratory_transferred_model,total_negative_electrical_charge_equivalents; 100_percent_delivery_and_utilization; not_electron_specific; not_a_chemical_yield_prediction
BMIM_nitrate_4kHz,"BMIM nitrate, 4 kHz",BMIM_nitrate,4.0,1.2000000000000002,False,2.5,5.0,1.0,2.577141363335664e+16,2.5183415128336444e+16,2.5886991360766576e+16,2.336752203691838,2.326319299170064,2.3913121907059667,hypothetical electrical-rate transfer to a 5 mM metal-ion inventory; BMIM nitrate itself contains no metal,True,exploratory_transferred_model,total_negative_electrical_charge_equivalents; 100_percent_delivery_and_utilization; not_electron_specific; not_a_chemical_yield_prediction
BMIM_nitrate_4kHz,"BMIM nitrate, 4 kHz",BMIM_nitrate,4.0,1.25,False,2.5,5.0,1.0,2.577141363335664e+16,2.5183415128336444e+16,2.5886991360766576e+16,2.4341168788456637,2.423249269968816,2.490950198652048,hypothetical electrical-rate transfer to a 5 mM metal-ion inventory; BMIM nitrate itself contains no metal,True,exploratory_transferred_model,total_negative_electrical_charge_equivalents; 100_percent_delivery_and_utilization; not_electron_specific; not_a_chemical_yield_prediction
BMIM_nitrate_4kHz,"BMIM nitrate, 4 kHz",BMIM_nitrate,4.0,1.3,False,2.5,5.0,1.0,2.577141363335664e+16,2.5183415128336444e+16,2.5886991360766576e+16,2.5314815539994906,2.520179240767569,2.59058820659813,hypothetical electrical-rate transfer to a 5 mM metal-ion inventory; BMIM nitrate itself contains no metal,True,exploratory_transferred_model,total_negative_electrical_charge_equivalents; 100_percent_delivery_and_utilization; not_electron_specific; not_a_chemical_yield_prediction
BMIM_nitrate_4kHz,"BMIM nitrate, 4 kHz",BMIM_nitrate,4.0,1.35,False,2.5,5.0,1.0,2.577141363335664e+16,2.5183415128336444e+16,2.5886991360766576e+16,2.6288462291533174,2.617109211566322,2.690226214544212,hypothetical electrical-rate transfer to a 5 mM metal-ion inventory; BMIM nitrate itself contains no metal,True,exploratory_transferred_model,total_negative_electrical_charge_equivalents; 100_percent_delivery_and_utilization; not_electron_specific; not_a_chemical_yield_prediction
BMIM_nitrate_4kHz,"BMIM nitrate, 4 kHz",BMIM_nitrate,4.0,1.4000000000000001,False,2.5,5.0,1.0,2.577141363335664e+16,2.5183415128336444e+16,2.5886991360766576e+16,2.726210904307144,2.7140391823650742,2.7898642224902943,hypothetical electrical-rate transfer to a 5 mM metal-ion inventory; BMIM nitrate itself contains no metal,True,exploratory_transferred_model,total_negative_electrical_charge_equivalents; 100_percent_delivery_and_utilization; not_electron_specific; not_a_chemical_yield_prediction
BMIM_nitrate_4kHz,"BMIM nitrate, 4 kHz",BMIM_nitrate,4.0,1.4500000000000002,False,2.5,5.0,1.0,2.577141363335664e+16,2.5183415128336444e+16,2.5886991360766576e+16,2.8235755794609703,2.810969153163827,2.889502230436376,hypothetical electrical-rate transfer to a 5 mM metal-ion inventory; BMIM nitrate itself contains no metal,True,exploratory_transferred_model,total_negative_electrical_charge_equivalents; 100_percent_delivery_and_utilization; not_electron_specific; not_a_chemical_yield_prediction
BMIM_nitrate_4kHz,"BMIM nitrate, 4 kHz",BMIM_nitrate,4.0,1.5,False,2.5,5.0,1.0,2.577141363335664e+16,2.5183415128336444e+16,2.5886991360766576e+16,2.920940254614797,2.9078991239625798,2.989140238382458,hypothetical electrical-rate transfer to a 5 mM metal-ion inventory; BMIM nitrate itself contains no metal,True,exploratory_transferred_model,total_negative_electrical_charge_equivalents; 100_percent_delivery_and_utilization; not_electron_specific; not_a_chemical_yield_prediction
BMIM_nitrate_4kHz,"BMIM nitrate, 4 kHz",BMIM_nitrate,4.0,1.55,False,2.5,5.0,1.0,2.577141363335664e+16,2.5183415128336444e+16,2.5886991360766576e+16,3.0183049297686235,3.004829094761332,3.08877824632854,hypothetical electrical-rate transfer to a 5 mM metal-ion inventory; BMIM nitrate itself contains no metal,True,exploratory_transferred_model,total_negative_electrical_charge_equivalents; 100_percent_delivery_and_utilization; not_electron_specific; not_a_chemical_yield_prediction
BMIM_nitrate_4kHz,"BMIM nitrate, 4 kHz",BMIM_nitrate,4.0,1.6,False,2.5,5.0,1.0,2.577141363335664e+16,2.5183415128336444e+16,2.5886991360766576e+16,3.11566960492245,3.101759065560085,3.188416254274622,hypothetical electrical-rate transfer to a 5 mM metal-ion inventory; BMIM nitrate itself contains no metal,True,exploratory_transferred_model,total_negative_electrical_charge_equivalents; 100_percent_delivery_and_utilization; not_electron_specific; not_a_chemical_yield_prediction
BMIM_nitrate_4kHz,"BMIM nitrate, 4 kHz",BMIM_nitrate,4.0,1.6500000000000001,False,2.5,5.0,1.0,2.577141363335664e+16,2.5183415128336444e+16,2.5886991360766576e+16,3.213034280076277,3.198689036358838,3.288054262220704,hypothetical electrical-rate transfer to a 5 mM metal-ion inventory; BMIM nitrate itself contains no metal,True,exploratory_transferred_model,total_negative_electrical_charge_equivalents; 100_percent_delivery_and_utilization; not_electron_specific; not_a_chemical_yield_prediction
BMIM_nitrate_4kHz,"BMIM nitrate, 4 kHz",BMIM_nitrate,4.0,1.7000000000000002,False,2.5,5.0,1.0,2.577141363335664e+16,2.5183415128336444e+16,2.5886991360766576e+16,3.3103989552301036,3.295619007157591,3.387692270166786,hypothetical electrical-rate transfer to a 5 mM metal-ion inventory; BMIM nitrate itself contains no metal,True,exploratory_transferred_model,total_negative_electrical_charge_equivalents; 100_percent_delivery_and_utilization; not_electron_specific; not_a_chemical_yield_prediction
BMIM_nitrate_4kHz,"BMIM nitrate, 4 kHz",BMIM_nitrate,4.0,1.75,False,2.5,5.0,1.0,2.577141363335664e+16,2.5183415128336444e+16,2.5886991360766576e+16,3.40776363038393,3.392548977956343,3.4873302781128674,hypothetical electrical-rate transfer to a 5 mM metal-ion inventory; BMIM nitrate itself contains no metal,True,exploratory_transferred_model,total_negative_electrical_charge_equivalents; 100_percent_delivery_and_utilization; not_electron_specific; not_a_chemical_yield_prediction
BMIM_nitrate_4kHz,"BMIM nitrate, 4 kHz",BMIM_nitrate,4.0,1.8,False,2.5,5.0,1.0,2.577141363335664e+16,2.5183415128336444e+16,2.5886991360766576e+16,3.5051283055377565,3.489478948755096,3.5869682860589496,hypothetical electrical-rate transfer to a 5 mM metal-ion inventory; BMIM nitrate itself contains no metal,True,exploratory_transferred_model,total_negative_electrical_charge_equivalents; 100_percent_delivery_and_utilization; not_electron_specific; not_a_chemical_yield_prediction
BMIM_nitrate_4kHz,"BMIM nitrate, 4 kHz",BMIM_nitrate,4.0,1.85,False,2.5,5.0,1.0,2.577141363335664e+16,2.5183415128336444e+16,2.5886991360766576e+16,3.602492980691583,3.586408919553848,3.6866062940050313,hypothetical electrical-rate transfer to a 5 mM metal-ion inventory; BMIM nitrate itself contains no metal,True,exploratory_transferred_model,total_negative_electrical_charge_equivalents; 100_percent_delivery_and_utilization; not_electron_specific; not_a_chemical_yield_prediction
BMIM_nitrate_4kHz,"BMIM nitrate, 4 kHz",BMIM_nitrate,4.0,1.9000000000000001,False,2.5,5.0,1.0,2.577141363335664e+16,2.5183415128336444e+16,2.5886991360766576e+16,3.6998576558454097,3.683338890352601,3.7862443019511134,hypothetical electrical-rate transfer to a 5 mM metal-ion inventory; BMIM nitrate itself contains no metal,True,exploratory_transferred_model,total_negative_electrical_charge_equivalents; 100_percent_delivery_and_utilization; not_electron_specific; not_a_chemical_yield_prediction
BMIM_nitrate_4kHz,"BMIM nitrate, 4 kHz",BMIM_nitrate,4.0,1.9500000000000002,False,2.5,5.0,1.0,2.577141363335664e+16,2.5183415128336444e+16,2.5886991360766576e+16,3.7972223309992366,3.7802688611513537,3.8858823098971955,hypothetical electrical-rate transfer to a 5 mM metal-ion inventory; BMIM nitrate itself contains no metal,True,exploratory_transferred_model,total_negative_electrical_charge_equivalents; 100_percent_delivery_and_utilization; not_electron_specific; not_a_chemical_yield_prediction
BMIM_nitrate_4kHz,"BMIM nitrate, 4 kHz",BMIM_nitrate,4.0,2.0,False,2.5,5.0,1.0,2.577141363335664e+16,2.5183415128336444e+16,2.5886991360766576e+16,3.8945870061530625,3.877198831950106,3.985520317843277,hypothetical electrical-rate transfer to a 5 mM metal-ion inventory; BMIM nitrate itself contains no metal,True,exploratory_transferred_model,total_negative_electrical_charge_equivalents; 100_percent_delivery_and_utilization; not_electron_specific; not_a_chemical_yield_prediction
BMIM_nitrate_4kHz,"BMIM nitrate, 4 kHz",BMIM_nitrate,4.0,2.0500000000000003,False,2.5,5.0,1.0,2.577141363335664e+16,2.5183415128336444e+16,2.5886991360766576e+16,3.9919516813068894,3.974128802748859,4.085158325789359,hypothetical electrical-rate transfer to a 5 mM metal-ion inventory; BMIM nitrate itself contains no metal,True,exploratory_transferred_model,total_negative_electrical_charge_equivalents; 100_percent_delivery_and_utilization; not_electron_specific; not_a_chemical_yield_prediction
BMIM_nitrate_4kHz,"BMIM nitrate, 4 kHz",BMIM_nitrate,4.0,2.1,False,2.5,5.0,1.0,2.577141363335664e+16,2.5183415128336444e+16,2.5886991360766576e+16,4.089316356460716,4.071058773547612,4.1847963337354415,hypothetical electrical-rate transfer to a 5 mM metal-ion inventory; BMIM nitrate itself contains no metal,True,exploratory_transferred_model,total_negative_electrical_charge_equivalents; 100_percent_delivery_and_utilization; not_electron_specific; not_a_chemical_yield_prediction
BMIM_nitrate_4kHz,"BMIM nitrate, 4 kHz",BMIM_nitrate,4.0,2.15,False,2.5,5.0,1.0,2.577141363335664e+16,2.5183415128336444e+16,2.5886991360766576e+16,4.186681031614542,4.167988744346364,4.284434341681523,hypothetical electrical-rate transfer to a 5 mM metal-ion inventory; BMIM nitrate itself contains no metal,True,exploratory_transferred_model,total_negative_electrical_charge_equivalents; 100_percent_delivery_and_utilization; not_electron_specific; not_a_chemical_yield_prediction
BMIM_nitrate_4kHz,"BMIM nitrate, 4 kHz",BMIM_nitrate,4.0,2.2,False,2.5,5.0,1.0,2.577141363335664e+16,2.5183415128336444e+16,2.5886991360766576e+16,4.284045706768369,4.264918715145117,4.384072349627605,hypothetical electrical-rate transfer to a 5 mM metal-ion inventory; BMIM nitrate itself contains no metal,True,exploratory_transferred_model,total_negative_electrical_charge_equivalents; 100_percent_delivery_and_utilization; not_electron_specific; not_a_chemical_yield_prediction
BMIM_nitrate_4kHz,"BMIM nitrate, 4 kHz",BMIM_nitrate,4.0,2.25,False,2.5,5.0,1.0,2.577141363335664e+16,2.5183415128336444e+16,2.5886991360766576e+16,4.381410381922195,4.361848685943869,4.4837103575736865,hypothetical electrical-rate transfer to a 5 mM metal-ion inventory; BMIM nitrate itself contains no metal,True,exploratory_transferred_model,total_negative_electrical_charge_equivalents; 100_percent_delivery_and_utilization; not_electron_specific; not_a_chemical_yield_prediction
BMIM_nitrate_4kHz,"BMIM nitrate, 4 kHz",BMIM_nitrate,4.0,2.3000000000000003,False,2.5,5.0,1.0,2.577141363335664e+16,2.5183415128336444e+16,2.5886991360766576e+16,4.478775057076023,4.458778656742623,4.583348365519769,hypothetical electrical-rate transfer to a 5 mM metal-ion inventory; BMIM nitrate itself contains no metal,True,exploratory_transferred_model,total_negative_electrical_charge_equivalents; 100_percent_delivery_and_utilization; not_electron_specific; not_a_chemical_yield_prediction
BMIM_nitrate_4kHz,"BMIM nitrate, 4 kHz",BMIM_nitrate,4.0,2.35,False,2.5,5.0,1.0,2.577141363335664e+16,2.5183415128336444e+16,2.5886991360766576e+16,4.576139732229849,4.5557086275413745,4.682986373465851,hypothetical electrical-rate transfer to a 5 mM metal-ion inventory; BMIM nitrate itself contains no metal,True,exploratory_transferred_model,total_negative_electrical_charge_equivalents; 100_percent_delivery_and_utilization; not_electron_specific; not_a_chemical_yield_prediction
BMIM_nitrate_4kHz,"BMIM nitrate, 4 kHz",BMIM_nitrate,4.0,2.4000000000000004,False,2.5,5.0,1.0,2.577141363335664e+16,2.5183415128336444e+16,2.5886991360766576e+16,4.673504407383676,4.652638598340128,4.782624381411933,hypothetical electrical-rate transfer to a 5 mM metal-ion inventory; BMIM nitrate itself contains no metal,True,exploratory_transferred_model,total_negative_electrical_charge_equivalents; 100_percent_delivery_and_utilization; not_electron_specific; not_a_chemical_yield_prediction
BMIM_nitrate_4kHz,"BMIM nitrate, 4 kHz",BMIM_nitrate,4.0,2.45,False,2.5,5.0,1.0,2.577141363335664e+16,2.5183415128336444e+16,2.5886991360766576e+16,4.7708690825375015,4.74956856913888,4.882262389358014,hypothetical electrical-rate transfer to a 5 mM metal-ion inventory; BMIM nitrate itself contains no metal,True,exploratory_transferred_model,total_negative_electrical_charge_equivalents; 100_percent_delivery_and_utilization; not_electron_specific; not_a_chemical_yield_prediction
BMIM_nitrate_4kHz,"BMIM nitrate, 4 kHz",BMIM_nitrate,4.0,2.5,True,2.5,5.0,1.0,2.577141363335664e+16,2.5183415128336444e+16,2.5886991360766576e+16,4.8682337576913275,4.846498539937632,4.981900397304096,hypothetical electrical-rate transfer to a 5 mM metal-ion inventory; BMIM nitrate itself contains no metal,True,exploratory_transferred_model,total_negative_electrical_charge_equivalents; 100_percent_delivery_and_utilization; not_electron_specific; not_a_chemical_yield_prediction
BMIM_nitrate_4kHz,"BMIM nitrate, 4 kHz",BMIM_nitrate,4.0,2.5500000000000003,False,2.5,5.0,1.0,2.577141363335664e+16,2.5183415128336444e+16,2.5886991360766576e+16,4.965598432845155,4.943428510736386,5.081538405250178,hypothetical electrical-rate transfer to a 5 mM metal-ion inventory; BMIM nitrate itself contains no metal,True,exploratory_transferred_model,total_negative_electrical_charge_equivalents; 100_percent_delivery_and_utilization; not_electron_specific; not_a_chemical_yield_prediction
BMIM_nitrate_4kHz,"BMIM nitrate, 4 kHz",BMIM_nitrate,4.0,2.6,False,2.5,5.0,1.0,2.577141363335664e+16,2.5183415128336444e+16,2.5886991360766576e+16,5.062963107998981,5.040358481535138,5.18117641319626,hypothetical electrical-rate transfer to a 5 mM metal-ion inventory; BMIM nitrate itself contains no metal,True,exploratory_transferred_model,total_negative_electrical_charge_equivalents; 100_percent_delivery_and_utilization; not_electron_specific; not_a_chemical_yield_prediction
BMIM_nitrate_4kHz,"BMIM nitrate, 4 kHz",BMIM_nitrate,4.0,2.6500000000000004,False,2.5,5.0,1.0,2.577141363335664e+16,2.5183415128336444e+16,2.5886991360766576e+16,5.160327783152809,5.137288452333892,5.280814421142343,hypothetical electrical-rate transfer to a 5 mM metal-ion inventory; BMIM nitrate itself contains no metal,True,exploratory_transferred_model,total_negative_electrical_charge_equivalents; 100_percent_delivery_and_utilization; not_electron_specific; not_a_chemical_yield_prediction
BMIM_nitrate_4kHz,"BMIM nitrate, 4 kHz",BMIM_nitrate,4.0,2.7,False,2.5,5.0,1.0,2.577141363335664e+16,2.5183415128336444e+16,2.5886991360766576e+16,5.257692458306635,5.234218423132644,5.380452429088424,hypothetical electrical-rate transfer to a 5 mM metal-ion inventory; BMIM nitrate itself contains no metal,True,exploratory_transferred_model,total_negative_electrical_charge_equivalents; 100_percent_delivery_and_utilization; not_electron_specific; not_a_chemical_yield_prediction
BMIM_nitrate_4kHz,"BMIM nitrate, 4 kHz",BMIM_nitrate,4.0,2.75,False,2.5,5.0,1.0,2.577141363335664e+16,2.5183415128336444e+16,2.5886991360766576e+16,5.355057133460461,5.331148393931396,5.480090437034506,hypothetical electrical-rate transfer to a 5 mM metal-ion inventory; BMIM nitrate itself contains no metal,True,exploratory_transferred_model,total_negative_electrical_charge_equivalents; 100_percent_delivery_and_utilization; not_electron_specific; not_a_chemical_yield_prediction
BMIM_nitrate_4kHz,"BMIM nitrate, 4 kHz",BMIM_nitrate,4.0,2.8000000000000003,False,2.5,5.0,1.0,2.577141363335664e+16,2.5183415128336444e+16,2.5886991360766576e+16,5.452421808614288,5.4280783647301485,5.579728444980589,hypothetical electrical-rate transfer to a 5 mM metal-ion inventory; BMIM nitrate itself contains no metal,True,exploratory_transferred_model,total_negative_electrical_charge_equivalents; 100_percent_delivery_and_utilization; not_electron_specific; not_a_chemical_yield_prediction
BMIM_nitrate_4kHz,"BMIM nitrate, 4 kHz",BMIM_nitrate,4.0,2.85,False,2.5,5.0,1.0,2.577141363335664e+16,2.5183415128336444e+16,2.5886991360766576e+16,5.549786483768114,5.525008335528901,5.679366452926669,hypothetical electrical-rate transfer to a 5 mM metal-ion inventory; BMIM nitrate itself contains no metal,True,exploratory_transferred_model,total_negative_electrical_charge_equivalents; 100_percent_delivery_and_utilization; not_electron_specific; not_a_chemical_yield_prediction
BMIM_nitrate_4kHz,"BMIM nitrate, 4 kHz",BMIM_nitrate,4.0,2.9000000000000004,False,2.5,5.0,1.0,2.577141363335664e+16,2.5183415128336444e+16,2.5886991360766576e+16,5.6471511589219405,5.621938306327654,5.779004460872752,hypothetical electrical-rate transfer to a 5 mM metal-ion inventory; BMIM nitrate itself contains no metal,True,exploratory_transferred_model,total_negative_electrical_charge_equivalents; 100_percent_delivery_and_utilization; not_electron_specific; not_a_chemical_yield_prediction
BMIM_nitrate_4kHz,"BMIM nitrate, 4 kHz",BMIM_nitrate,4.0,2.95,False,2.5,5.0,1.0,2.577141363335664e+16,2.5183415128336444e+16,2.5886991360766576e+16,5.744515834075767,5.718868277126406,5.878642468818834,hypothetical electrical-rate transfer to a 5 mM metal-ion inventory; BMIM nitrate itself contains no metal,True,exploratory_transferred_model,total_negative_electrical_charge_equivalents; 100_percent_delivery_and_utilization; not_electron_specific; not_a_chemical_yield_prediction
BMIM_nitrate_4kHz,"BMIM nitrate, 4 kHz",BMIM_nitrate,4.0,3.0,False,2.5,5.0,1.0,2.577141363335664e+16,2.5183415128336444e+16,2.5886991360766576e+16,5.841880509229594,5.8157982479251595,5.978280476764916,hypothetical electrical-rate transfer to a 5 mM metal-ion inventory; BMIM nitrate itself contains no metal,True,exploratory_transferred_model,total_negative_electrical_charge_equivalents; 100_percent_delivery_and_utilization; not_electron_specific; not_a_chemical_yield_prediction
BMIM_nitrate_4kHz,"BMIM nitrate, 4 kHz",BMIM_nitrate,4.0,3.0500000000000003,False,2.5,5.0,1.0,2.577141363335664e+16,2.5183415128336444e+16,2.5886991360766576e+16,5.93924518438342,5.912728218723912,6.077918484710998,hypothetical electrical-rate transfer to a 5 mM metal-ion inventory; BMIM nitrate itself contains no metal,True,exploratory_transferred_model,total_negative_electrical_charge_equivalents; 100_percent_delivery_and_utilization; not_electron_specific; not_a_chemical_yield_prediction
BMIM_nitrate_4kHz,"BMIM nitrate, 4 kHz",BMIM_nitrate,4.0,3.1,False,2.5,5.0,1.0,2.577141363335664e+16,2.5183415128336444e+16,2.5886991360766576e+16,6.036609859537247,6.009658189522664,6.17755649265708,hypothetical electrical-rate transfer to a 5 mM metal-ion inventory; BMIM nitrate itself contains no metal,True,exploratory_transferred_model,total_negative_electrical_charge_equivalents; 100_percent_delivery_and_utilization; not_electron_specific; not_a_chemical_yield_prediction
BMIM_nitrate_4kHz,"BMIM nitrate, 4 kHz",BMIM_nitrate,4.0,3.1500000000000004,False,2.5,5.0,1.0,2.577141363335664e+16,2.5183415128336444e+16,2.5886991360766576e+16,6.133974534691074,6.106588160321418,6.277194500603162,hypothetical electrical-rate transfer to a 5 mM metal-ion inventory; BMIM nitrate itself contains no metal,True,exploratory_transferred_model,total_negative_electrical_charge_equivalents; 100_percent_delivery_and_utilization; not_electron_specific; not_a_chemical_yield_prediction
BMIM_nitrate_4kHz,"BMIM nitrate, 4 kHz",BMIM_nitrate,4.0,3.2,False,2.5,5.0,1.0,2.577141363335664e+16,2.5183415128336444e+16,2.5886991360766576e+16,6.2313392098449,6.20351813112017,6.376832508549244,hypothetical electrical-rate transfer to a 5 mM metal-ion inventory; BMIM nitrate itself contains no metal,True,exploratory_transferred_model,total_negative_electrical_charge_equivalents; 100_percent_delivery_and_utilization; not_electron_specific; not_a_chemical_yield_prediction
BMIM_nitrate_4kHz,"BMIM nitrate, 4 kHz",BMIM_nitrate,4.0,3.25,False,2.5,5.0,1.0,2.577141363335664e+16,2.5183415128336444e+16,2.5886991360766576e+16,6.328703884998727,6.3004481019189225,6.476470516495325,hypothetical electrical-rate transfer to a 5 mM metal-ion inventory; BMIM nitrate itself contains no metal,True,exploratory_transferred_model,total_negative_electrical_charge_equivalents; 100_percent_delivery_and_utilization; not_electron_specific; not_a_chemical_yield_prediction
BMIM_nitrate_4kHz,"BMIM nitrate, 4 kHz",BMIM_nitrate,4.0,3.3000000000000003,False,2.5,5.0,1.0,2.577141363335664e+16,2.5183415128336444e+16,2.5886991360766576e+16,6.426068560152554,6.397378072717676,6.576108524441408,hypothetical electrical-rate transfer to a 5 mM metal-ion inventory; BMIM nitrate itself contains no metal,True,exploratory_transferred_model,total_negative_electrical_charge_equivalents; 100_percent_delivery_and_utilization; not_electron_specific; not_a_chemical_yield_prediction
BMIM_nitrate_4kHz,"BMIM nitrate, 4 kHz",BMIM_nitrate,4.0,3.35,False,2.5,5.0,1.0,2.577141363335664e+16,2.5183415128336444e+16,2.5886991360766576e+16,6.52343323530638,6.494308043516428,6.675746532387489,hypothetical electrical-rate transfer to a 5 mM metal-ion inventory; BMIM nitrate itself contains no metal,True,exploratory_transferred_model,total_negative_electrical_charge_equivalents; 100_percent_delivery_and_utilization; not_electron_specific; not_a_chemical_yield_prediction
BMIM_nitrate_4kHz,"BMIM nitrate, 4 kHz",BMIM_nitrate,4.0,3.4000000000000004,False,2.5,5.0,1.0,2.577141363335664e+16,2.5183415128336444e+16,2.5886991360766576e+16,6.620797910460207,6.591238014315182,6.775384540333572,hypothetical electrical-rate transfer to a 5 mM metal-ion inventory; BMIM nitrate itself contains no metal,True,exploratory_transferred_model,total_negative_electrical_charge_equivalents; 100_percent_delivery_and_utilization; not_electron_specific; not_a_chemical_yield_prediction
BMIM_nitrate_4kHz,"BMIM nitrate, 4 kHz",BMIM_nitrate,4.0,3.45,False,2.5,5.0,1.0,2.577141363335664e+16,2.5183415128336444e+16,2.5886991360766576e+16,6.718162585614033,6.6881679851139335,6.875022548279653,hypothetical electrical-rate transfer to a 5 mM metal-ion inventory; BMIM nitrate itself contains no metal,True,exploratory_transferred_model,total_negative_electrical_charge_equivalents; 100_percent_delivery_and_utilization; not_electron_specific; not_a_chemical_yield_prediction
BMIM_nitrate_4kHz,"BMIM nitrate, 4 kHz",BMIM_nitrate,4.0,3.5,False,2.5,5.0,1.0,2.577141363335664e+16,2.5183415128336444e+16,2.5886991360766576e+16,6.81552726076786,6.785097955912686,6.974660556225735,hypothetical electrical-rate transfer to a 5 mM metal-ion inventory; BMIM nitrate itself contains no metal,True,exploratory_transferred_model,total_negative_electrical_charge_equivalents; 100_percent_delivery_and_utilization; not_electron_specific; not_a_chemical_yield_prediction
BMIM_nitrate_4kHz,"BMIM nitrate, 4 kHz",BMIM_nitrate,4.0,3.5500000000000003,False,2.5,5.0,1.0,2.577141363335664e+16,2.5183415128336444e+16,2.5886991360766576e+16,6.912891935921686,6.882027926711438,7.074298564171817,hypothetical electrical-rate transfer to a 5 mM metal-ion inventory; BMIM nitrate itself contains no metal,True,exploratory_transferred_model,total_negative_electrical_charge_equivalents; 100_percent_delivery_and_utilization; not_electron_specific; not_a_chemical_yield_prediction
BMIM_nitrate_4kHz,"BMIM nitrate, 4 kHz",BMIM_nitrate,4.0,3.6,False,2.5,5.0,1.0,2.577141363335664e+16,2.5183415128336444e+16,2.5886991360766576e+16,7.010256611075513,6.978957897510192,7.173936572117899,hypothetical electrical-rate transfer to a 5 mM metal-ion inventory; BMIM nitrate itself contains no metal,True,exploratory_transferred_model,total_negative_electrical_charge_equivalents; 100_percent_delivery_and_utilization; not_electron_specific; not_a_chemical_yield_prediction
BMIM_nitrate_4kHz,"BMIM nitrate, 4 kHz",BMIM_nitrate,4.0,3.6500000000000004,False,2.5,5.0,1.0,2.577141363335664e+16,2.5183415128336444e+16,2.5886991360766576e+16,7.10762128622934,7.075887868308944,7.273574580063981,hypothetical electrical-rate transfer to a 5 mM metal-ion inventory; BMIM nitrate itself contains no metal,True,exploratory_transferred_model,total_negative_electrical_charge_equivalents; 100_percent_delivery_and_utilization; not_electron_specific; not_a_chemical_yield_prediction
BMIM_nitrate_4kHz,"BMIM nitrate, 4 kHz",BMIM_nitrate,4.0,3.7,False,2.5,5.0,1.0,2.577141363335664e+16,2.5183415128336444e+16,2.5886991360766576e+16,7.204985961383166,7.172817839107696,7.3732125880100625,hypothetical electrical-rate transfer to a 5 mM metal-ion inventory; BMIM nitrate itself contains no metal,True,exploratory_transferred_model,total_negative_electrical_charge_equivalents; 100_percent_delivery_and_utilization; not_electron_specific; not_a_chemical_yield_prediction
BMIM_nitrate_4kHz,"BMIM nitrate, 4 kHz",BMIM_nitrate,4.0,3.75,False,2.5,5.0,1.0,2.577141363335664e+16,2.5183415128336444e+16,2.5886991360766576e+16,7.302350636536992,7.269747809906448,7.472850595956144,hypothetical electrical-rate transfer to a 5 mM metal-ion inventory; BMIM nitrate itself contains no metal,True,exploratory_transferred_model,total_negative_electrical_charge_equivalents; 100_percent_delivery_and_utilization; not_electron_specific; not_a_chemical_yield_prediction
BMIM_nitrate_4kHz,"BMIM nitrate, 4 kHz",BMIM_nitrate,4.0,3.8000000000000003,False,2.5,5.0,1.0,2.577141363335664e+16,2.5183415128336444e+16,2.5886991360766576e+16,7.399715311690819,7.366677780705202,7.572488603902227,hypothetical electrical-rate transfer to a 5 mM metal-ion inventory; BMIM nitrate itself contains no metal,True,exploratory_transferred_model,total_negative_electrical_charge_equivalents; 100_percent_delivery_and_utilization; not_electron_specific; not_a_chemical_yield_prediction
BMIM_nitrate_4kHz,"BMIM nitrate, 4 kHz",BMIM_nitrate,4.0,3.85,False,2.5,5.0,1.0,2.577141363335664e+16,2.5183415128336444e+16,2.5886991360766576e+16,7.497079986844645,7.463607751503954,7.6721266118483085,hypothetical electrical-rate transfer to a 5 mM metal-ion inventory; BMIM nitrate itself contains no metal,True,exploratory_transferred_model,total_negative_electrical_charge_equivalents; 100_percent_delivery_and_utilization; not_electron_specific; not_a_chemical_yield_prediction
BMIM_nitrate_4kHz,"BMIM nitrate, 4 kHz",BMIM_nitrate,4.0,3.9000000000000004,False,2.5,5.0,1.0,2.577141363335664e+16,2.5183415128336444e+16,2.5886991360766576e+16,7.594444661998473,7.5605377223027075,7.771764619794391,hypothetical electrical-rate transfer to a 5 mM metal-ion inventory; BMIM nitrate itself contains no metal,True,exploratory_transferred_model,total_negative_electrical_charge_equivalents; 100_percent_delivery_and_utilization; not_electron_specific; not_a_chemical_yield_prediction
BMIM_nitrate_4kHz,"BMIM nitrate, 4 kHz",BMIM_nitrate,4.0,3.95,False,2.5,5.0,1.0,2.577141363335664e+16,2.5183415128336444e+16,2.5886991360766576e+16,7.691809337152299,7.65746769310146,7.871402627740473,hypothetical electrical-rate transfer to a 5 mM metal-ion inventory; BMIM nitrate itself contains no metal,True,exploratory_transferred_model,total_negative_electrical_charge_equivalents; 100_percent_delivery_and_utilization; not_electron_specific; not_a_chemical_yield_prediction
BMIM_nitrate_4kHz,"BMIM nitrate, 4 kHz",BMIM_nitrate,4.0,4.0,False,2.5,5.0,1.0,2.577141363335664e+16,2.5183415128336444e+16,2.5886991360766576e+16,7.789174012306125,7.754397663900212,7.971040635686554,hypothetical electrical-rate transfer to a 5 mM metal-ion inventory; BMIM nitrate itself contains no metal,True,exploratory_transferred_model,total_negative_electrical_charge_equivalents; 100_percent_delivery_and_utilization; not_electron_specific; not_a_chemical_yield_prediction
BMIM_nitrate_4kHz,"BMIM nitrate, 4 kHz",BMIM_nitrate,4.0,4.05,False,2.5,5.0,1.0,2.577141363335664e+16,2.5183415128336444e+16,2.5886991360766576e+16,7.886538687459951,7.851327634698964,8.070678643632636,hypothetical electrical-rate transfer to a 5 mM metal-ion inventory; BMIM nitrate itself contains no metal,True,exploratory_transferred_model,total_negative_electrical_charge_equivalents; 100_percent_delivery_and_utilization; not_electron_specific; not_a_chemical_yield_prediction
BMIM_nitrate_4kHz,"BMIM nitrate, 4 kHz",BMIM_nitrate,4.0,4.1000000000000005,False,2.5,5.0,1.0,2.577141363335664e+16,2.5183415128336444e+16,2.5886991360766576e+16,7.983903362613779,7.948257605497718,8.170316651578718,hypothetical electrical-rate transfer to a 5 mM metal-ion inventory; BMIM nitrate itself contains no metal,True,exploratory_transferred_model,total_negative_electrical_charge_equivalents; 100_percent_delivery_and_utilization; not_electron_specific; not_a_chemical_yield_prediction
BMIM_nitrate_4kHz,"BMIM nitrate, 4 kHz",BMIM_nitrate,4.0,4.15,False,2.5,5.0,1.0,2.577141363335664e+16,2.5183415128336444e+16,2.5886991360766576e+16,8.081268037767606,8.045187576296472,8.269954659524801,hypothetical electrical-rate transfer to a 5 mM metal-ion inventory; BMIM nitrate itself contains no metal,True,exploratory_transferred_model,total_negative_electrical_charge_equivalents; 100_percent_delivery_and_utilization; not_electron_specific; not_a_chemical_yield_prediction
BMIM_nitrate_4kHz,"BMIM nitrate, 4 kHz",BMIM_nitrate,4.0,4.2,False,2.5,5.0,1.0,2.577141363335664e+16,2.5183415128336444e+16,2.5886991360766576e+16,8.178632712921432,8.142117547095223,8.369592667470883,hypothetical electrical-rate transfer to a 5 mM metal-ion inventory; BMIM nitrate itself contains no metal,True,exploratory_transferred_model,total_negative_electrical_charge_equivalents; 100_percent_delivery_and_utilization; not_electron_specific; not_a_chemical_yield_prediction
BMIM_nitrate_4kHz,"BMIM nitrate, 4 kHz",BMIM_nitrate,4.0,4.25,False,2.5,5.0,1.0,2.577141363335664e+16,2.5183415128336444e+16,2.5886991360766576e+16,8.275997388075258,8.239047517893976,8.469230675416965,hypothetical electrical-rate transfer to a 5 mM metal-ion inventory; BMIM nitrate itself contains no metal,True,exploratory_transferred_model,total_negative_electrical_charge_equivalents; 100_percent_delivery_and_utilization; not_electron_specific; not_a_chemical_yield_prediction
BMIM_nitrate_4kHz,"BMIM nitrate, 4 kHz",BMIM_nitrate,4.0,4.3,False,2.5,5.0,1.0,2.577141363335664e+16,2.5183415128336444e+16,2.5886991360766576e+16,8.373362063229084,8.335977488692729,8.568868683363046,hypothetical electrical-rate transfer to a 5 mM metal-ion inventory; BMIM nitrate itself contains no metal,True,exploratory_transferred_model,total_negative_electrical_charge_equivalents; 100_percent_delivery_and_utilization; not_electron_specific; not_a_chemical_yield_prediction
BMIM_nitrate_4kHz,"BMIM nitrate, 4 kHz",BMIM_nitrate,4.0,4.3500000000000005,False,2.5,5.0,1.0,2.577141363335664e+16,2.5183415128336444e+16,2.5886991360766576e+16,8.470726738382911,8.432907459491481,8.668506691309128,hypothetical electrical-rate transfer to a 5 mM metal-ion inventory; BMIM nitrate itself contains no metal,True,exploratory_transferred_model,total_negative_electrical_charge_equivalents; 100_percent_delivery_and_utilization; not_electron_specific; not_a_chemical_yield_prediction
BMIM_nitrate_4kHz,"BMIM nitrate, 4 kHz",BMIM_nitrate,4.0,4.4,False,2.5,5.0,1.0,2.577141363335664e+16,2.5183415128336444e+16,2.5886991360766576e+16,8.568091413536738,8.529837430290234,8.76814469925521,hypothetical electrical-rate transfer to a 5 mM metal-ion inventory; BMIM nitrate itself contains no metal,True,exploratory_transferred_model,total_negative_electrical_charge_equivalents; 100_percent_delivery_and_utilization; not_electron_specific; not_a_chemical_yield_prediction
BMIM_nitrate_4kHz,"BMIM nitrate, 4 kHz",BMIM_nitrate,4.0,4.45,False,2.5,5.0,1.0,2.577141363335664e+16,2.5183415128336444e+16,2.5886991360766576e+16,8.665456088690565,8.626767401088987,8.867782707201291,hypothetical electrical-rate transfer to a 5 mM metal-ion inventory; BMIM nitrate itself contains no metal,True,exploratory_transferred_model,total_negative_electrical_charge_equivalents; 100_percent_delivery_and_utilization; not_electron_specific; not_a_chemical_yield_prediction
BMIM_nitrate_4kHz,"BMIM nitrate, 4 kHz",BMIM_nitrate,4.0,4.5,False,2.5,5.0,1.0,2.577141363335664e+16,2.5183415128336444e+16,2.5886991360766576e+16,8.76282076384439,8.723697371887738,8.967420715147373,hypothetical electrical-rate transfer to a 5 mM metal-ion inventory; BMIM nitrate itself contains no metal,True,exploratory_transferred_model,total_negative_electrical_charge_equivalents; 100_percent_delivery_and_utilization; not_electron_specific; not_a_chemical_yield_prediction
BMIM_nitrate_4kHz,"BMIM nitrate, 4 kHz",BMIM_nitrate,4.0,4.55,False,2.5,5.0,1.0,2.577141363335664e+16,2.5183415128336444e+16,2.5886991360766576e+16,8.860185438998217,8.82062734268649,9.067058723093455,hypothetical electrical-rate transfer to a 5 mM metal-ion inventory; BMIM nitrate itself contains no metal,True,exploratory_transferred_model,total_negative_electrical_charge_equivalents; 100_percent_delivery_and_utilization; not_electron_specific; not_a_chemical_yield_prediction
BMIM_nitrate_4kHz,"BMIM nitrate, 4 kHz",BMIM_nitrate,4.0,4.6000000000000005,False,2.5,5.0,1.0,2.577141363335664e+16,2.5183415128336444e+16,2.5886991360766576e+16,8.957550114152045,8.917557313485245,9.166696731039538,hypothetical electrical-rate transfer to a 5 mM metal-ion inventory; BMIM nitrate itself contains no metal,True,exploratory_transferred_model,total_negative_electrical_charge_equivalents; 100_percent_delivery_and_utilization; not_electron_specific; not_a_chemical_yield_prediction
BMIM_nitrate_4kHz,"BMIM nitrate, 4 kHz",BMIM_nitrate,4.0,4.65,False,2.5,5.0,1.0,2.577141363335664e+16,2.5183415128336444e+16,2.5886991360766576e+16,9.05491478930587,9.014487284283998,9.26633473898562,hypothetical electrical-rate transfer to a 5 mM metal-ion inventory; BMIM nitrate itself contains no metal,True,exploratory_transferred_model,total_negative_electrical_charge_equivalents; 100_percent_delivery_and_utilization; not_electron_specific; not_a_chemical_yield_prediction
BMIM_nitrate_4kHz,"BMIM nitrate, 4 kHz",BMIM_nitrate,4.0,4.7,False,2.5,5.0,1.0,2.577141363335664e+16,2.5183415128336444e+16,2.5886991360766576e+16,9.152279464459697,9.111417255082749,9.365972746931702,hypothetical electrical-rate transfer to a 5 mM metal-ion inventory; BMIM nitrate itself contains no metal,True,exploratory_transferred_model,total_negative_electrical_charge_equivalents; 100_percent_delivery_and_utilization; not_electron_specific; not_a_chemical_yield_prediction
BMIM_nitrate_4kHz,"BMIM nitrate, 4 kHz",BMIM_nitrate,4.0,4.75,False,2.5,5.0,1.0,2.577141363335664e+16,2.5183415128336444e+16,2.5886991360766576e+16,9.249644139613524,9.208347225881502,9.465610754877783,hypothetical electrical-rate transfer to a 5 mM metal-ion inventory; BMIM nitrate itself contains no metal,True,exploratory_transferred_model,total_negative_electrical_charge_equivalents; 100_percent_delivery_and_utilization; not_electron_specific; not_a_chemical_yield_prediction
BMIM_nitrate_4kHz,"BMIM nitrate, 4 kHz",BMIM_nitrate,4.0,4.800000000000001,False,2.5,5.0,1.0,2.577141363335664e+16,2.5183415128336444e+16,2.5886991360766576e+16,9.347008814767351,9.305277196680256,9.565248762823867,hypothetical electrical-rate transfer to a 5 mM metal-ion inventory; BMIM nitrate itself contains no metal,True,exploratory_transferred_model,total_negative_electrical_charge_equivalents; 100_percent_delivery_and_utilization; not_electron_specific; not_a_chemical_yield_prediction
BMIM_nitrate_4kHz,"BMIM nitrate, 4 kHz",BMIM_nitrate,4.0,4.8500000000000005,False,2.5,5.0,1.0,2.577141363335664e+16,2.5183415128336444e+16,2.5886991360766576e+16,9.444373489921178,9.402207167479007,9.664886770769947,hypothetical electrical-rate transfer to a 5 mM metal-ion inventory; BMIM nitrate itself contains no metal,True,exploratory_transferred_model,total_negative_electrical_charge_equivalents; 100_percent_delivery_and_utilization; not_electron_specific; not_a_chemical_yield_prediction
BMIM_nitrate_4kHz,"BMIM nitrate, 4 kHz",BMIM_nitrate,4.0,4.9,False,2.5,5.0,1.0,2.577141363335664e+16,2.5183415128336444e+16,2.5886991360766576e+16,9.541738165075003,9.49913713827776,9.764524778716028,hypothetical electrical-rate transfer to a 5 mM metal-ion inventory; BMIM nitrate itself contains no metal,True,exploratory_transferred_model,total_negative_electrical_charge_equivalents; 100_percent_delivery_and_utilization; not_electron_specific; not_a_chemical_yield_prediction
BMIM_nitrate_4kHz,"BMIM nitrate, 4 kHz",BMIM_nitrate,4.0,4.95,False,2.5,5.0,1.0,2.577141363335664e+16,2.5183415128336444e+16,2.5886991360766576e+16,9.63910284022883,9.596067109076513,9.86416278666211,hypothetical electrical-rate transfer to a 5 mM metal-ion inventory; BMIM nitrate itself contains no metal,True,exploratory_transferred_model,total_negative_electrical_charge_equivalents; 100_percent_delivery_and_utilization; not_electron_specific; not_a_chemical_yield_prediction
BMIM_nitrate_4kHz,"BMIM nitrate, 4 kHz",BMIM_nitrate,4.0,5.0,False,2.5,5.0,1.0,2.577141363335664e+16,2.5183415128336444e+16,2.5886991360766576e+16,9.736467515382655,9.692997079875264,9.963800794608192,hypothetical electrical-rate transfer to a 5 mM metal-ion inventory; BMIM nitrate itself contains no metal,True,exploratory_transferred_model,total_negative_electrical_charge_equivalents; 100_percent_delivery_and_utilization; not_electron_specific; not_a_chemical_yield_prediction
BMIM_nitrate_10kHz,"BMIM nitrate, 10 kHz",BMIM_nitrate,10.0,0.0,False,2.5,5.0,1.0,5.228471334049858e+16,5.102682073225807e+16,5.2423908798379176e+16,0.0,0.0,0.0,hypothetical electrical-rate transfer to a 5 mM metal-ion inventory; BMIM nitrate itself contains no metal,True,exploratory_transferred_model,total_negative_electrical_charge_equivalents; 100_percent_delivery_and_utilization; not_electron_specific; not_a_chemical_yield_prediction
BMIM_nitrate_10kHz,"BMIM nitrate, 10 kHz",BMIM_nitrate,10.0,0.05,False,2.5,5.0,1.0,5.228471334049858e+16,5.102682073225807e+16,5.2423908798379176e+16,0.047991566872053144,0.047864140125778755,0.049174635626091194,hypothetical electrical-rate transfer to a 5 mM metal-ion inventory; BMIM nitrate itself contains no metal,True,exploratory_transferred_model,total_negative_electrical_charge_equivalents; 100_percent_delivery_and_utilization; not_electron_specific; not_a_chemical_yield_prediction
BMIM_nitrate_10kHz,"BMIM nitrate, 10 kHz",BMIM_nitrate,10.0,0.1,False,2.5,5.0,1.0,5.228471334049858e+16,5.102682073225807e+16,5.2423908798379176e+16,0.09598313374410629,0.09572828025155751,0.09834927125218239,hypothetical electrical-rate transfer to a 5 mM metal-ion inventory; BMIM nitrate itself contains no metal,True,exploratory_transferred_model,total_negative_electrical_charge_equivalents; 100_percent_delivery_and_utilization; not_electron_specific; not_a_chemical_yield_prediction
BMIM_nitrate_10kHz,"BMIM nitrate, 10 kHz",BMIM_nitrate,10.0,0.15000000000000002,False,2.5,5.0,1.0,5.228471334049858e+16,5.102682073225807e+16,5.2423908798379176e+16,0.14397470061615944,0.14359242037733627,0.1475239068782736,hypothetical electrical-rate transfer to a 5 mM metal-ion inventory; BMIM nitrate itself contains no metal,True,exploratory_transferred_model,total_negative_electrical_charge_equivalents; 100_percent_delivery_and_utilization; not_electron_specific; not_a_chemical_yield_prediction
BMIM_nitrate_10kHz,"BMIM nitrate, 10 kHz",BMIM_nitrate,10.0,0.2,False,2.5,5.0,1.0,5.228471334049858e+16,5.102682073225807e+16,5.2423908798379176e+16,0.19196626748821258,0.19145656050311502,0.19669854250436478,hypothetical electrical-rate transfer to a 5 mM metal-ion inventory; BMIM nitrate itself contains no metal,True,exploratory_transferred_model,total_negative_electrical_charge_equivalents; 100_percent_delivery_and_utilization; not_electron_specific; not_a_chemical_yield_prediction
BMIM_nitrate_10kHz,"BMIM nitrate, 10 kHz",BMIM_nitrate,10.0,0.25,False,2.5,5.0,1.0,5.228471334049858e+16,5.102682073225807e+16,5.2423908798379176e+16,0.23995783436026571,0.23932070062889374,0.24587317813045595,hypothetical electrical-rate transfer to a 5 mM metal-ion inventory; BMIM nitrate itself contains no metal,True,exploratory_transferred_model,total_negative_electrical_charge_equivalents; 100_percent_delivery_and_utilization; not_electron_specific; not_a_chemical_yield_prediction
BMIM_nitrate_10kHz,"BMIM nitrate, 10 kHz",BMIM_nitrate,10.0,0.30000000000000004,False,2.5,5.0,1.0,5.228471334049858e+16,5.102682073225807e+16,5.2423908798379176e+16,0.2879494012323189,0.28718484075467254,0.2950478137565472,hypothetical electrical-rate transfer to a 5 mM metal-ion inventory; BMIM nitrate itself contains no metal,True,exploratory_transferred_model,total_negative_electrical_charge_equivalents; 100_percent_delivery_and_utilization; not_electron_specific; not_a_chemical_yield_prediction
BMIM_nitrate_10kHz,"BMIM nitrate, 10 kHz",BMIM_nitrate,10.0,0.35000000000000003,False,2.5,5.0,1.0,5.228471334049858e+16,5.102682073225807e+16,5.2423908798379176e+16,0.335940968104372,0.33504898088045126,0.34422244938263835,hypothetical electrical-rate transfer to a 5 mM metal-ion inventory; BMIM nitrate itself contains no metal,True,exploratory_transferred_model,total_negative_electrical_charge_equivalents; 100_percent_delivery_and_utilization; not_electron_specific; not_a_chemical_yield_prediction
BMIM_nitrate_10kHz,"BMIM nitrate, 10 kHz",BMIM_nitrate,10.0,0.4,False,2.5,5.0,1.0,5.228471334049858e+16,5.102682073225807e+16,5.2423908798379176e+16,0.38393253497642515,0.38291312100623004,0.39339708500872955,hypothetical electrical-rate transfer to a 5 mM metal-ion inventory; BMIM nitrate itself contains no metal,True,exploratory_transferred_model,total_negative_electrical_charge_equivalents; 100_percent_delivery_and_utilization; not_electron_specific; not_a_chemical_yield_prediction
BMIM_nitrate_10kHz,"BMIM nitrate, 10 kHz",BMIM_nitrate,10.0,0.45,False,2.5,5.0,1.0,5.228471334049858e+16,5.102682073225807e+16,5.2423908798379176e+16,0.4319241018484783,0.4307772611320088,0.44257172063482075,hypothetical electrical-rate transfer to a 5 mM metal-ion inventory; BMIM nitrate itself contains no metal,True,exploratory_transferred_model,total_negative_electrical_charge_equivalents; 100_percent_delivery_and_utilization; not_electron_specific; not_a_chemical_yield_prediction
BMIM_nitrate_10kHz,"BMIM nitrate, 10 kHz",BMIM_nitrate,10.0,0.5,False,2.5,5.0,1.0,5.228471334049858e+16,5.102682073225807e+16,5.2423908798379176e+16,0.47991566872053143,0.4786414012577875,0.4917463562609119,hypothetical electrical-rate transfer to a 5 mM metal-ion inventory; BMIM nitrate itself contains no metal,True,exploratory_transferred_model,total_negative_electrical_charge_equivalents; 100_percent_delivery_and_utilization; not_electron_specific; not_a_chemical_yield_prediction
BMIM_nitrate_10kHz,"BMIM nitrate, 10 kHz",BMIM_nitrate,10.0,0.55,False,2.5,5.0,1.0,5.228471334049858e+16,5.102682073225807e+16,5.2423908798379176e+16,0.5279072355925846,0.5265055413835663,0.5409209918870032,hypothetical electrical-rate transfer to a 5 mM metal-ion inventory; BMIM nitrate itself contains no metal,True,exploratory_transferred_model,total_negative_electrical_charge_equivalents; 100_percent_delivery_and_utilization; not_electron_specific; not_a_chemical_yield_prediction
BMIM_nitrate_10kHz,"BMIM nitrate, 10 kHz",BMIM_nitrate,10.0,0.6000000000000001,False,2.5,5.0,1.0,5.228471334049858e+16,5.102682073225807e+16,5.2423908798379176e+16,0.5758988024646378,0.5743696815093451,0.5900956275130944,hypothetical electrical-rate transfer to a 5 mM metal-ion inventory; BMIM nitrate itself contains no metal,True,exploratory_transferred_model,total_negative_electrical_charge_equivalents; 100_percent_delivery_and_utilization; not_electron_specific; not_a_chemical_yield_prediction
BMIM_nitrate_10kHz,"BMIM nitrate, 10 kHz",BMIM_nitrate,10.0,0.65,False,2.5,5.0,1.0,5.228471334049858e+16,5.102682073225807e+16,5.2423908798379176e+16,0.6238903693366908,0.6222338216351238,0.6392702631391856,hypothetical electrical-rate transfer to a 5 mM metal-ion inventory; BMIM nitrate itself contains no metal,True,exploratory_transferred_model,total_negative_electrical_charge_equivalents; 100_percent_delivery_and_utilization; not_electron_specific; not_a_chemical_yield_prediction
BMIM_nitrate_10kHz,"BMIM nitrate, 10 kHz",BMIM_nitrate,10.0,0.7000000000000001,False,2.5,5.0,1.0,5.228471334049858e+16,5.102682073225807e+16,5.2423908798379176e+16,0.671881936208744,0.6700979617609025,0.6884448987652767,hypothetical electrical-rate transfer to a 5 mM metal-ion inventory; BMIM nitrate itself contains no metal,True,exploratory_transferred_model,total_negative_electrical_charge_equivalents; 100_percent_delivery_and_utilization; not_electron_specific; not_a_chemical_yield_prediction
BMIM_nitrate_10kHz,"BMIM nitrate, 10 kHz",BMIM_nitrate,10.0,0.75,False,2.5,5.0,1.0,5.228471334049858e+16,5.102682073225807e+16,5.2423908798379176e+16,0.7198735030807972,0.7179621018866813,0.737619534391368,hypothetical electrical-rate transfer to a 5 mM metal-ion inventory; BMIM nitrate itself contains no metal,True,exploratory_transferred_model,total_negative_electrical_charge_equivalents; 100_percent_delivery_and_utilization; not_electron_specific; not_a_chemical_yield_prediction
BMIM_nitrate_10kHz,"BMIM nitrate, 10 kHz",BMIM_nitrate,10.0,0.8,False,2.5,5.0,1.0,5.228471334049858e+16,5.102682073225807e+16,5.2423908798379176e+16,0.7678650699528503,0.7658262420124601,0.7867941700174591,hypothetical electrical-rate transfer to a 5 mM metal-ion inventory; BMIM nitrate itself contains no metal,True,exploratory_transferred_model,total_negative_electrical_charge_equivalents; 100_percent_delivery_and_utilization; not_electron_specific; not_a_chemical_yield_prediction
BMIM_nitrate_10kHz,"BMIM nitrate, 10 kHz",BMIM_nitrate,10.0,0.8500000000000001,False,2.5,5.0,1.0,5.228471334049858e+16,5.102682073225807e+16,5.2423908798379176e+16,0.8158566368249035,0.8136903821382389,0.8359688056435504,hypothetical electrical-rate transfer to a 5 mM metal-ion inventory; BMIM nitrate itself contains no metal,True,exploratory_transferred_model,total_negative_electrical_charge_equivalents; 100_percent_delivery_and_utilization; not_electron_specific; not_a_chemical_yield_prediction
BMIM_nitrate_10kHz,"BMIM nitrate, 10 kHz",BMIM_nitrate,10.0,0.9,False,2.5,5.0,1.0,5.228471334049858e+16,5.102682073225807e+16,5.2423908798379176e+16,0.8638482036969566,0.8615545222640176,0.8851434412696415,hypothetical electrical-rate transfer to a 5 mM metal-ion inventory; BMIM nitrate itself contains no metal,True,exploratory_transferred_model,total_negative_electrical_charge_equivalents; 100_percent_delivery_and_utilization; not_electron_specific; not_a_chemical_yield_prediction
BMIM_nitrate_10kHz,"BMIM nitrate, 10 kHz",BMIM_nitrate,10.0,0.9500000000000001,False,2.5,5.0,1.0,5.228471334049858e+16,5.102682073225807e+16,5.2423908798379176e+16,0.9118397705690098,0.9094186623897963,0.9343180768957327,hypothetical electrical-rate transfer to a 5 mM metal-ion inventory; BMIM nitrate itself contains no metal,True,exploratory_transferred_model,total_negative_electrical_charge_equivalents; 100_percent_delivery_and_utilization; not_electron_specific; not_a_chemical_yield_prediction
BMIM_nitrate_10kHz,"BMIM nitrate, 10 kHz",BMIM_nitrate,10.0,1.0,False,2.5,5.0,1.0,5.228471334049858e+16,5.102682073225807e+16,5.2423908798379176e+16,0.9598313374410629,0.957282802515575,0.9834927125218238,hypothetical electrical-rate transfer to a 5 mM metal-ion inventory; BMIM nitrate itself contains no metal,True,exploratory_transferred_model,total_negative_electrical_charge_equivalents; 100_percent_delivery_and_utilization; not_electron_specific; not_a_chemical_yield_prediction
BMIM_nitrate_10kHz,"BMIM nitrate, 10 kHz",BMIM_nitrate,10.0,1.05,False,2.5,5.0,1.0,5.228471334049858e+16,5.102682073225807e+16,5.2423908798379176e+16,1.0078229043131162,1.005146942641354,1.0326673481479152,hypothetical electrical-rate transfer to a 5 mM metal-ion inventory; BMIM nitrate itself contains no metal,True,exploratory_transferred_model,total_negative_electrical_charge_equivalents; 100_percent_delivery_and_utilization; not_electron_specific; not_a_chemical_yield_prediction
BMIM_nitrate_10kHz,"BMIM nitrate, 10 kHz",BMIM_nitrate,10.0,1.1,False,2.5,5.0,1.0,5.228471334049858e+16,5.102682073225807e+16,5.2423908798379176e+16,1.0558144711851691,1.0530110827671326,1.0818419837740063,hypothetical electrical-rate transfer to a 5 mM metal-ion inventory; BMIM nitrate itself contains no metal,True,exploratory_transferred_model,total_negative_electrical_charge_equivalents; 100_percent_delivery_and_utilization; not_electron_specific; not_a_chemical_yield_prediction
BMIM_nitrate_10kHz,"BMIM nitrate, 10 kHz",BMIM_nitrate,10.0,1.1500000000000001,False,2.5,5.0,1.0,5.228471334049858e+16,5.102682073225807e+16,5.2423908798379176e+16,1.1038060380572223,1.1008752228929115,1.1310166194000977,hypothetical electrical-rate transfer to a 5 mM metal-ion inventory; BMIM nitrate itself contains no metal,True,exploratory_transferred_model,total_negative_electrical_charge_equivalents; 100_percent_delivery_and_utilization; not_electron_specific; not_a_chemical_yield_prediction
BMIM_nitrate_10kHz,"BMIM nitrate, 10 kHz",BMIM_nitrate,10.0,1.2000000000000002,False,2.5,5.0,1.0,5.228471334049858e+16,5.102682073225807e+16,5.2423908798379176e+16,1.1517976049292755,1.1487393630186902,1.1801912550261888,hypothetical electrical-rate transfer to a 5 mM metal-ion inventory; BMIM nitrate itself contains no metal,True,exploratory_transferred_model,total_negative_electrical_charge_equivalents; 100_percent_delivery_and_utilization; not_electron_specific; not_a_chemical_yield_prediction
BMIM_nitrate_10kHz,"BMIM nitrate, 10 kHz",BMIM_nitrate,10.0,1.25,False,2.5,5.0,1.0,5.228471334049858e+16,5.102682073225807e+16,5.2423908798379176e+16,1.1997891718013285,1.1966035031444686,1.2293658906522797,hypothetical electrical-rate transfer to a 5 mM metal-ion inventory; BMIM nitrate itself contains no metal,True,exploratory_transferred_model,total_negative_electrical_charge_equivalents; 100_percent_delivery_and_utilization; not_electron_specific; not_a_chemical_yield_prediction
BMIM_nitrate_10kHz,"BMIM nitrate, 10 kHz",BMIM_nitrate,10.0,1.3,False,2.5,5.0,1.0,5.228471334049858e+16,5.102682073225807e+16,5.2423908798379176e+16,1.2477807386733817,1.2444676432702475,1.2785405262783711,hypothetical electrical-rate transfer to a 5 mM metal-ion inventory; BMIM nitrate itself contains no metal,True,exploratory_transferred_model,total_negative_electrical_charge_equivalents; 100_percent_delivery_and_utilization; not_electron_specific; not_a_chemical_yield_prediction
BMIM_nitrate_10kHz,"BMIM nitrate, 10 kHz",BMIM_nitrate,10.0,1.35,False,2.5,5.0,1.0,5.228471334049858e+16,5.102682073225807e+16,5.2423908798379176e+16,1.2957723055454349,1.2923317833960264,1.3277151619044623,hypothetical electrical-rate transfer to a 5 mM metal-ion inventory; BMIM nitrate itself contains no metal,True,exploratory_transferred_model,total_negative_electrical_charge_equivalents; 100_percent_delivery_and_utilization; not_electron_specific; not_a_chemical_yield_prediction
BMIM_nitrate_10kHz,"BMIM nitrate, 10 kHz",BMIM_nitrate,10.0,1.4000000000000001,False,2.5,5.0,1.0,5.228471334049858e+16,5.102682073225807e+16,5.2423908798379176e+16,1.343763872417488,1.340195923521805,1.3768897975305534,hypothetical electrical-rate transfer to a 5 mM metal-ion inventory; BMIM nitrate itself contains no metal,True,exploratory_transferred_model,total_negative_electrical_charge_equivalents; 100_percent_delivery_and_utilization; not_electron_specific; not_a_chemical_yield_prediction
BMIM_nitrate_10kHz,"BMIM nitrate, 10 kHz",BMIM_nitrate,10.0,1.4500000000000002,False,2.5,5.0,1.0,5.228471334049858e+16,5.102682073225807e+16,5.2423908798379176e+16,1.391755439289541,1.3880600636475837,1.4260644331566446,hypothetical electrical-rate transfer to a 5 mM metal-ion inventory; BMIM nitrate itself contains no metal,True,exploratory_transferred_model,total_negative_electrical_charge_equivalents; 100_percent_delivery_and_utilization; not_electron_specific; not_a_chemical_yield_prediction
BMIM_nitrate_10kHz,"BMIM nitrate, 10 kHz",BMIM_nitrate,10.0,1.5,False,2.5,5.0,1.0,5.228471334049858e+16,5.102682073225807e+16,5.2423908798379176e+16,1.4397470061615945,1.4359242037733626,1.475239068782736,hypothetical electrical-rate transfer to a 5 mM metal-ion inventory; BMIM nitrate itself contains no metal,True,exploratory_transferred_model,total_negative_electrical_charge_equivalents; 100_percent_delivery_and_utilization; not_electron_specific; not_a_chemical_yield_prediction
BMIM_nitrate_10kHz,"BMIM nitrate, 10 kHz",BMIM_nitrate,10.0,1.55,False,2.5,5.0,1.0,5.228471334049858e+16,5.102682073225807e+16,5.2423908798379176e+16,1.4877385730336474,1.4837883438991413,1.5244137044088268,hypothetical electrical-rate transfer to a 5 mM metal-ion inventory; BMIM nitrate itself contains no metal,True,exploratory_transferred_model,total_negative_electrical_charge_equivalents; 100_percent_delivery_and_utilization; not_electron_specific; not_a_chemical_yield_prediction
BMIM_nitrate_10kHz,"BMIM nitrate, 10 kHz",BMIM_nitrate,10.0,1.6,False,2.5,5.0,1.0,5.228471334049858e+16,5.102682073225807e+16,5.2423908798379176e+16,1.5357301399057006,1.5316524840249202,1.5735883400349182,hypothetical electrical-rate transfer to a 5 mM metal-ion inventory; BMIM nitrate itself contains no metal,True,exploratory_transferred_model,total_negative_electrical_charge_equivalents; 100_percent_delivery_and_utilization; not_electron_specific; not_a_chemical_yield_prediction
BMIM_nitrate_10kHz,"BMIM nitrate, 10 kHz",BMIM_nitrate,10.0,1.6500000000000001,False,2.5,5.0,1.0,5.228471334049858e+16,5.102682073225807e+16,5.2423908798379176e+16,1.5837217067777538,1.579516624150699,1.6227629756610096,hypothetical electrical-rate transfer to a 5 mM metal-ion inventory; BMIM nitrate itself contains no metal,True,exploratory_transferred_model,total_negative_electrical_charge_equivalents; 100_percent_delivery_and_utilization; not_electron_specific; not_a_chemical_yield_prediction
BMIM_nitrate_10kHz,"BMIM nitrate, 10 kHz",BMIM_nitrate,10.0,1.7000000000000002,False,2.5,5.0,1.0,5.228471334049858e+16,5.102682073225807e+16,5.2423908798379176e+16,1.631713273649807,1.6273807642764777,1.6719376112871007,hypothetical electrical-rate transfer to a 5 mM metal-ion inventory; BMIM nitrate itself contains no metal,True,exploratory_transferred_model,total_negative_electrical_charge_equivalents; 100_percent_delivery_and_utilization; not_electron_specific; not_a_chemical_yield_prediction
BMIM_nitrate_10kHz,"BMIM nitrate, 10 kHz",BMIM_nitrate,10.0,1.75,False,2.5,5.0,1.0,5.228471334049858e+16,5.102682073225807e+16,5.2423908798379176e+16,1.67970484052186,1.6752449044022564,1.7211122469131919,hypothetical electrical-rate transfer to a 5 mM metal-ion inventory; BMIM nitrate itself contains no metal,True,exploratory_transferred_model,total_negative_electrical_charge_equivalents; 100_percent_delivery_and_utilization; not_electron_specific; not_a_chemical_yield_prediction
BMIM_nitrate_10kHz,"BMIM nitrate, 10 kHz",BMIM_nitrate,10.0,1.8,False,2.5,5.0,1.0,5.228471334049858e+16,5.102682073225807e+16,5.2423908798379176e+16,1.7276964073939132,1.7231090445280353,1.770286882539283,hypothetical electrical-rate transfer to a 5 mM metal-ion inventory; BMIM nitrate itself contains no metal,True,exploratory_transferred_model,total_negative_electrical_charge_equivalents; 100_percent_delivery_and_utilization; not_electron_specific; not_a_chemical_yield_prediction
BMIM_nitrate_10kHz,"BMIM nitrate, 10 kHz",BMIM_nitrate,10.0,1.85,False,2.5,5.0,1.0,5.228471334049858e+16,5.102682073225807e+16,5.2423908798379176e+16,1.7756879742659661,1.7709731846538137,1.8194615181653742,hypothetical electrical-rate transfer to a 5 mM metal-ion inventory; BMIM nitrate itself contains no metal,True,exploratory_transferred_model,total_negative_electrical_charge_equivalents; 100_percent_delivery_and_utilization; not_electron_specific; not_a_chemical_yield_prediction
BMIM_nitrate_10kHz,"BMIM nitrate, 10 kHz",BMIM_nitrate,10.0,1.9000000000000001,False,2.5,5.0,1.0,5.228471334049858e+16,5.102682073225807e+16,5.2423908798379176e+16,1.8236795411380196,1.8188373247795926,1.8686361537914653,hypothetical electrical-rate transfer to a 5 mM metal-ion inventory; BMIM nitrate itself contains no metal,True,exploratory_transferred_model,total_negative_electrical_charge_equivalents; 100_percent_delivery_and_utilization; not_electron_specific; not_a_chemical_yield_prediction
BMIM_nitrate_10kHz,"BMIM nitrate, 10 kHz",BMIM_nitrate,10.0,1.9500000000000002,False,2.5,5.0,1.0,5.228471334049858e+16,5.102682073225807e+16,5.2423908798379176e+16,1.8716711080100727,1.8667014649053715,1.9178107894175567,hypothetical electrical-rate transfer to a 5 mM metal-ion inventory; BMIM nitrate itself contains no metal,True,exploratory_transferred_model,total_negative_electrical_charge_equivalents; 100_percent_delivery_and_utilization; not_electron_specific; not_a_chemical_yield_prediction
BMIM_nitrate_10kHz,"BMIM nitrate, 10 kHz",BMIM_nitrate,10.0,2.0,False,2.5,5.0,1.0,5.228471334049858e+16,5.102682073225807e+16,5.2423908798379176e+16,1.9196626748821257,1.91456560503115,1.9669854250436476,hypothetical electrical-rate transfer to a 5 mM metal-ion inventory; BMIM nitrate itself contains no metal,True,exploratory_transferred_model,total_negative_electrical_charge_equivalents; 100_percent_delivery_and_utilization; not_electron_specific; not_a_chemical_yield_prediction
BMIM_nitrate_10kHz,"BMIM nitrate, 10 kHz",BMIM_nitrate,10.0,2.0500000000000003,False,2.5,5.0,1.0,5.228471334049858e+16,5.102682073225807e+16,5.2423908798379176e+16,1.967654241754179,1.9624297451569288,2.0161600606697387,hypothetical electrical-rate transfer to a 5 mM metal-ion inventory; BMIM nitrate itself contains no metal,True,exploratory_transferred_model,total_negative_electrical_charge_equivalents; 100_percent_delivery_and_utilization; not_electron_specific; not_a_chemical_yield_prediction
BMIM_nitrate_10kHz,"BMIM nitrate, 10 kHz",BMIM_nitrate,10.0,2.1,False,2.5,5.0,1.0,5.228471334049858e+16,5.102682073225807e+16,5.2423908798379176e+16,2.0156458086262323,2.010293885282708,2.0653346962958303,hypothetical electrical-rate transfer to a 5 mM metal-ion inventory; BMIM nitrate itself contains no metal,True,exploratory_transferred_model,total_negative_electrical_charge_equivalents; 100_percent_delivery_and_utilization; not_electron_specific; not_a_chemical_yield_prediction
BMIM_nitrate_10kHz,"BMIM nitrate, 10 kHz",BMIM_nitrate,10.0,2.15,False,2.5,5.0,1.0,5.228471334049858e+16,5.102682073225807e+16,5.2423908798379176e+16,2.0636373754982853,2.058158025408486,2.114509331921921,hypothetical electrical-rate transfer to a 5 mM metal-ion inventory; BMIM nitrate itself contains no metal,True,exploratory_transferred_model,total_negative_electrical_charge_equivalents; 100_percent_delivery_and_utilization; not_electron_specific; not_a_chemical_yield_prediction
BMIM_nitrate_10kHz,"BMIM nitrate, 10 kHz",BMIM_nitrate,10.0,2.2,False,2.5,5.0,1.0,5.228471334049858e+16,5.102682073225807e+16,5.2423908798379176e+16,2.1116289423703383,2.1060221655342652,2.1636839675480126,hypothetical electrical-rate transfer to a 5 mM metal-ion inventory; BMIM nitrate itself contains no metal,True,exploratory_transferred_model,total_negative_electrical_charge_equivalents; 100_percent_delivery_and_utilization; not_electron_specific; not_a_chemical_yield_prediction
BMIM_nitrate_10kHz,"BMIM nitrate, 10 kHz",BMIM_nitrate,10.0,2.25,False,2.5,5.0,1.0,5.228471334049858e+16,5.102682073225807e+16,5.2423908798379176e+16,2.1596205092423912,2.153886305660044,2.2128586031741033,hypothetical electrical-rate transfer to a 5 mM metal-ion inventory; BMIM nitrate itself contains no metal,True,exploratory_transferred_model,total_negative_electrical_charge_equivalents; 100_percent_delivery_and_utilization; not_electron_specific; not_a_chemical_yield_prediction
BMIM_nitrate_10kHz,"BMIM nitrate, 10 kHz",BMIM_nitrate,10.0,2.3000000000000003,False,2.5,5.0,1.0,5.228471334049858e+16,5.102682073225807e+16,5.2423908798379176e+16,2.2076120761144447,2.201750445785823,2.2620332388001954,hypothetical electrical-rate transfer to a 5 mM metal-ion inventory; BMIM nitrate itself contains no metal,True,exploratory_transferred_model,total_negative_electrical_charge_equivalents; 100_percent_delivery_and_utilization; not_electron_specific; not_a_chemical_yield_prediction
BMIM_nitrate_10kHz,"BMIM nitrate, 10 kHz",BMIM_nitrate,10.0,2.35,False,2.5,5.0,1.0,5.228471334049858e+16,5.102682073225807e+16,5.2423908798379176e+16,2.2556036429864976,2.2496145859116012,2.311207874426286,hypothetical electrical-rate transfer to a 5 mM metal-ion inventory; BMIM nitrate itself contains no metal,True,exploratory_transferred_model,total_negative_electrical_charge_equivalents; 100_percent_delivery_and_utilization; not_electron_specific; not_a_chemical_yield_prediction
BMIM_nitrate_10kHz,"BMIM nitrate, 10 kHz",BMIM_nitrate,10.0,2.4000000000000004,False,2.5,5.0,1.0,5.228471334049858e+16,5.102682073225807e+16,5.2423908798379176e+16,2.303595209858551,2.2974787260373803,2.3603825100523776,hypothetical electrical-rate transfer to a 5 mM metal-ion inventory; BMIM nitrate itself contains no metal,True,exploratory_transferred_model,total_negative_electrical_charge_equivalents; 100_percent_delivery_and_utilization; not_electron_specific; not_a_chemical_yield_prediction
BMIM_nitrate_10kHz,"BMIM nitrate, 10 kHz",BMIM_nitrate,10.0,2.45,False,2.5,5.0,1.0,5.228471334049858e+16,5.102682073225807e+16,5.2423908798379176e+16,2.351586776730604,2.345342866163159,2.4095571456784683,hypothetical electrical-rate transfer to a 5 mM metal-ion inventory; BMIM nitrate itself contains no metal,True,exploratory_transferred_model,total_negative_electrical_charge_equivalents; 100_percent_delivery_and_utilization; not_electron_specific; not_a_chemical_yield_prediction
BMIM_nitrate_10kHz,"BMIM nitrate, 10 kHz",BMIM_nitrate,10.0,2.5,True,2.5,5.0,1.0,5.228471334049858e+16,5.102682073225807e+16,5.2423908798379176e+16,2.399578343602657,2.3932070062889372,2.4587317813045595,hypothetical electrical-rate transfer to a 5 mM metal-ion inventory; BMIM nitrate itself contains no metal,True,exploratory_transferred_model,total_negative_electrical_charge_equivalents; 100_percent_delivery_and_utilization; not_electron_specific; not_a_chemical_yield_prediction
BMIM_nitrate_10kHz,"BMIM nitrate, 10 kHz",BMIM_nitrate,10.0,2.5500000000000003,False,2.5,5.0,1.0,5.228471334049858e+16,5.102682073225807e+16,5.2423908798379176e+16,2.4475699104747104,2.4410711464147163,2.507906416930651,hypothetical electrical-rate transfer to a 5 mM metal-ion inventory; BMIM nitrate itself contains no metal,True,exploratory_transferred_model,total_negative_electrical_charge_equivalents; 100_percent_delivery_and_utilization; not_electron_specific; not_a_chemical_yield_prediction
BMIM_nitrate_10kHz,"BMIM nitrate, 10 kHz",BMIM_nitrate,10.0,2.6,False,2.5,5.0,1.0,5.228471334049858e+16,5.102682073225807e+16,5.2423908798379176e+16,2.4955614773467634,2.488935286540495,2.5570810525567422,hypothetical electrical-rate transfer to a 5 mM metal-ion inventory; BMIM nitrate itself contains no metal,True,exploratory_transferred_model,total_negative_electrical_charge_equivalents; 100_percent_delivery_and_utilization; not_electron_specific; not_a_chemical_yield_prediction
BMIM_nitrate_10kHz,"BMIM nitrate, 10 kHz",BMIM_nitrate,10.0,2.6500000000000004,False,2.5,5.0,1.0,5.228471334049858e+16,5.102682073225807e+16,5.2423908798379176e+16,2.543553044218817,2.536799426666274,2.606255688182834,hypothetical electrical-rate transfer to a 5 mM metal-ion inventory; BMIM nitrate itself contains no metal,True,exploratory_transferred_model,total_negative_electrical_charge_equivalents; 100_percent_delivery_and_utilization; not_electron_specific; not_a_chemical_yield_prediction
BMIM_nitrate_10kHz,"BMIM nitrate, 10 kHz",BMIM_nitrate,10.0,2.7,False,2.5,5.0,1.0,5.228471334049858e+16,5.102682073225807e+16,5.2423908798379176e+16,2.5915446110908698,2.584663566792053,2.6554303238089245,hypothetical electrical-rate transfer to a 5 mM metal-ion inventory; BMIM nitrate itself contains no metal,True,exploratory_transferred_model,total_negative_electrical_charge_equivalents; 100_percent_delivery_and_utilization; not_electron_specific; not_a_chemical_yield_prediction
BMIM_nitrate_10kHz,"BMIM nitrate, 10 kHz",BMIM_nitrate,10.0,2.75,False,2.5,5.0,1.0,5.228471334049858e+16,5.102682073225807e+16,5.2423908798379176e+16,2.6395361779629227,2.6325277069178314,2.7046049594350157,hypothetical electrical-rate transfer to a 5 mM metal-ion inventory; BMIM nitrate itself contains no metal,True,exploratory_transferred_model,total_negative_electrical_charge_equivalents; 100_percent_delivery_and_utilization; not_electron_specific; not_a_chemical_yield_prediction
BMIM_nitrate_10kHz,"BMIM nitrate, 10 kHz",BMIM_nitrate,10.0,2.8000000000000003,False,2.5,5.0,1.0,5.228471334049858e+16,5.102682073225807e+16,5.2423908798379176e+16,2.687527744834976,2.68039184704361,2.753779595061107,hypothetical electrical-rate transfer to a 5 mM metal-ion inventory; BMIM nitrate itself contains no metal,True,exploratory_transferred_model,total_negative_electrical_charge_equivalents; 100_percent_delivery_and_utilization; not_electron_specific; not_a_chemical_yield_prediction
BMIM_nitrate_10kHz,"BMIM nitrate, 10 kHz",BMIM_nitrate,10.0,2.85,False,2.5,5.0,1.0,5.228471334049858e+16,5.102682073225807e+16,5.2423908798379176e+16,2.735519311707029,2.7282559871693888,2.802954230687198,hypothetical electrical-rate transfer to a 5 mM metal-ion inventory; BMIM nitrate itself contains no metal,True,exploratory_transferred_model,total_negative_electrical_charge_equivalents; 100_percent_delivery_and_utilization; not_electron_specific; not_a_chemical_yield_prediction
BMIM_nitrate_10kHz,"BMIM nitrate, 10 kHz",BMIM_nitrate,10.0,2.9000000000000004,False,2.5,5.0,1.0,5.228471334049858e+16,5.102682073225807e+16,5.2423908798379176e+16,2.783510878579082,2.7761201272951674,2.852128866313289,hypothetical electrical-rate transfer to a 5 mM metal-ion inventory; BMIM nitrate itself contains no metal,True,exploratory_transferred_model,total_negative_electrical_charge_equivalents; 100_percent_delivery_and_utilization; not_electron_specific; not_a_chemical_yield_prediction
BMIM_nitrate_10kHz,"BMIM nitrate, 10 kHz",BMIM_nitrate,10.0,2.95,False,2.5,5.0,1.0,5.228471334049858e+16,5.102682073225807e+16,5.2423908798379176e+16,2.831502445451135,2.823984267420946,2.9013035019393802,hypothetical electrical-rate transfer to a 5 mM metal-ion inventory; BMIM nitrate itself contains no metal,True,exploratory_transferred_model,total_negative_electrical_charge_equivalents; 100_percent_delivery_and_utilization; not_electron_specific; not_a_chemical_yield_prediction
BMIM_nitrate_10kHz,"BMIM nitrate, 10 kHz",BMIM_nitrate,10.0,3.0,False,2.5,5.0,1.0,5.228471334049858e+16,5.102682073225807e+16,5.2423908798379176e+16,2.879494012323189,2.871848407546725,2.950478137565472,hypothetical electrical-rate transfer to a 5 mM metal-ion inventory; BMIM nitrate itself contains no metal,True,exploratory_transferred_model,total_negative_electrical_charge_equivalents; 100_percent_delivery_and_utilization; not_electron_specific; not_a_chemical_yield_prediction
BMIM_nitrate_10kHz,"BMIM nitrate, 10 kHz",BMIM_nitrate,10.0,3.0500000000000003,False,2.5,5.0,1.0,5.228471334049858e+16,5.102682073225807e+16,5.2423908798379176e+16,2.927485579195242,2.919712547672504,2.999652773191563,hypothetical electrical-rate transfer to a 5 mM metal-ion inventory; BMIM nitrate itself contains no metal,True,exploratory_transferred_model,total_negative_electrical_charge_equivalents; 100_percent_delivery_and_utilization; not_electron_specific; not_a_chemical_yield_prediction
BMIM_nitrate_10kHz,"BMIM nitrate, 10 kHz",BMIM_nitrate,10.0,3.1,False,2.5,5.0,1.0,5.228471334049858e+16,5.102682073225807e+16,5.2423908798379176e+16,2.975477146067295,2.9675766877982825,3.0488274088176537,hypothetical electrical-rate transfer to a 5 mM metal-ion inventory; BMIM nitrate itself contains no metal,True,exploratory_transferred_model,total_negative_electrical_charge_equivalents; 100_percent_delivery_and_utilization; not_electron_specific; not_a_chemical_yield_prediction
BMIM_nitrate_10kHz,"BMIM nitrate, 10 kHz",BMIM_nitrate,10.0,3.1500000000000004,False,2.5,5.0,1.0,5.228471334049858e+16,5.102682073225807e+16,5.2423908798379176e+16,3.0234687129393483,3.0154408279240617,3.0980020444437453,hypothetical electrical-rate transfer to a 5 mM metal-ion inventory; BMIM nitrate itself contains no metal,True,exploratory_transferred_model,total_negative_electrical_charge_equivalents; 100_percent_delivery_and_utilization; not_electron_specific; not_a_chemical_yield_prediction
BMIM_nitrate_10kHz,"BMIM nitrate, 10 kHz",BMIM_nitrate,10.0,3.2,False,2.5,5.0,1.0,5.228471334049858e+16,5.102682073225807e+16,5.2423908798379176e+16,3.0714602798114012,3.0633049680498403,3.1471766800698364,hypothetical electrical-rate transfer to a 5 mM metal-ion inventory; BMIM nitrate itself contains no metal,True,exploratory_transferred_model,total_negative_electrical_charge_equivalents; 100_percent_delivery_and_utilization; not_electron_specific; not_a_chemical_yield_prediction
BMIM_nitrate_10kHz,"BMIM nitrate, 10 kHz",BMIM_nitrate,10.0,3.25,False,2.5,5.0,1.0,5.228471334049858e+16,5.102682073225807e+16,5.2423908798379176e+16,3.119451846683454,3.1111691081756185,3.1963513156959276,hypothetical electrical-rate transfer to a 5 mM metal-ion inventory; BMIM nitrate itself contains no metal,True,exploratory_transferred_model,total_negative_electrical_charge_equivalents; 100_percent_delivery_and_utilization; not_electron_specific; not_a_chemical_yield_prediction
BMIM_nitrate_10kHz,"BMIM nitrate, 10 kHz",BMIM_nitrate,10.0,3.3000000000000003,False,2.5,5.0,1.0,5.228471334049858e+16,5.102682073225807e+16,5.2423908798379176e+16,3.1674434135555076,3.159033248301398,3.245525951322019,hypothetical electrical-rate transfer to a 5 mM metal-ion inventory; BMIM nitrate itself contains no metal,True,exploratory_transferred_model,total_negative_electrical_charge_equivalents; 100_percent_delivery_and_utilization; not_electron_specific; not_a_chemical_yield_prediction
BMIM_nitrate_10kHz,"BMIM nitrate, 10 kHz",BMIM_nitrate,10.0,3.35,False,2.5,5.0,1.0,5.228471334049858e+16,5.102682073225807e+16,5.2423908798379176e+16,3.2154349804275606,3.2068973884271763,3.29470058694811,hypothetical electrical-rate transfer to a 5 mM metal-ion inventory; BMIM nitrate itself contains no metal,True,exploratory_transferred_model,total_negative_electrical_charge_equivalents; 100_percent_delivery_and_utilization; not_electron_specific; not_a_chemical_yield_prediction
BMIM_nitrate_10kHz,"BMIM nitrate, 10 kHz",BMIM_nitrate,10.0,3.4000000000000004,False,2.5,5.0,1.0,5.228471334049858e+16,5.102682073225807e+16,5.2423908798379176e+16,3.263426547299614,3.2547615285529554,3.3438752225742014,hypothetical electrical-rate transfer to a 5 mM metal-ion inventory; BMIM nitrate itself contains no metal,True,exploratory_transferred_model,total_negative_electrical_charge_equivalents; 100_percent_delivery_and_utilization; not_electron_specific; not_a_chemical_yield_prediction
BMIM_nitrate_10kHz,"BMIM nitrate, 10 kHz",BMIM_nitrate,10.0,3.45,False,2.5,5.0,1.0,5.228471334049858e+16,5.102682073225807e+16,5.2423908798379176e+16,3.311418114171667,3.302625668678734,3.3930498582002926,hypothetical electrical-rate transfer to a 5 mM metal-ion inventory; BMIM nitrate itself contains no metal,True,exploratory_transferred_model,total_negative_electrical_charge_equivalents; 100_percent_delivery_and_utilization; not_electron_specific; not_a_chemical_yield_prediction
BMIM_nitrate_10kHz,"BMIM nitrate, 10 kHz",BMIM_nitrate,10.0,3.5,False,2.5,5.0,1.0,5.228471334049858e+16,5.102682073225807e+16,5.2423908798379176e+16,3.35940968104372,3.3504898088045127,3.4422244938263837,hypothetical electrical-rate transfer to a 5 mM metal-ion inventory; BMIM nitrate itself contains no metal,True,exploratory_transferred_model,total_negative_electrical_charge_equivalents; 100_percent_delivery_and_utilization; not_electron_specific; not_a_chemical_yield_prediction
BMIM_nitrate_10kHz,"BMIM nitrate, 10 kHz",BMIM_nitrate,10.0,3.5500000000000003,False,2.5,5.0,1.0,5.228471334049858e+16,5.102682073225807e+16,5.2423908798379176e+16,3.407401247915773,3.3983539489302914,3.4913991294524744,hypothetical electrical-rate transfer to a 5 mM metal-ion inventory; BMIM nitrate itself contains no metal,True,exploratory_transferred_model,total_negative_electrical_charge_equivalents; 100_percent_delivery_and_utilization; not_electron_specific; not_a_chemical_yield_prediction
BMIM_nitrate_10kHz,"BMIM nitrate, 10 kHz",BMIM_nitrate,10.0,3.6,False,2.5,5.0,1.0,5.228471334049858e+16,5.102682073225807e+16,5.2423908798379176e+16,3.4553928147878263,3.4462180890560705,3.540573765078566,hypothetical electrical-rate transfer to a 5 mM metal-ion inventory; BMIM nitrate itself contains no metal,True,exploratory_transferred_model,total_negative_electrical_charge_equivalents; 100_percent_delivery_and_utilization; not_electron_specific; not_a_chemical_yield_prediction
BMIM_nitrate_10kHz,"BMIM nitrate, 10 kHz",BMIM_nitrate,10.0,3.6500000000000004,False,2.5,5.0,1.0,5.228471334049858e+16,5.102682073225807e+16,5.2423908798379176e+16,3.5033843816598793,3.4940822291818487,3.589748400704657,hypothetical electrical-rate transfer to a 5 mM metal-ion inventory; BMIM nitrate itself contains no metal,True,exploratory_transferred_model,total_negative_electrical_charge_equivalents; 100_percent_delivery_and_utilization; not_electron_specific; not_a_chemical_yield_prediction
BMIM_nitrate_10kHz,"BMIM nitrate, 10 kHz",BMIM_nitrate,10.0,3.7,False,2.5,5.0,1.0,5.228471334049858e+16,5.102682073225807e+16,5.2423908798379176e+16,3.5513759485319323,3.5419463693076274,3.6389230363307483,hypothetical electrical-rate transfer to a 5 mM metal-ion inventory; BMIM nitrate itself contains no metal,True,exploratory_transferred_model,total_negative_electrical_charge_equivalents; 100_percent_delivery_and_utilization; not_electron_specific; not_a_chemical_yield_prediction
BMIM_nitrate_10kHz,"BMIM nitrate, 10 kHz",BMIM_nitrate,10.0,3.75,False,2.5,5.0,1.0,5.228471334049858e+16,5.102682073225807e+16,5.2423908798379176e+16,3.5993675154039853,3.589810509433406,3.688097671956839,hypothetical electrical-rate transfer to a 5 mM metal-ion inventory; BMIM nitrate itself contains no metal,True,exploratory_transferred_model,total_negative_electrical_charge_equivalents; 100_percent_delivery_and_utilization; not_electron_specific; not_a_chemical_yield_prediction
BMIM_nitrate_10kHz,"BMIM nitrate, 10 kHz",BMIM_nitrate,10.0,3.8000000000000003,False,2.5,5.0,1.0,5.228471334049858e+16,5.102682073225807e+16,5.2423908798379176e+16,3.647359082276039,3.637674649559185,3.7372723075829306,hypothetical electrical-rate transfer to a 5 mM metal-ion inventory; BMIM nitrate itself contains no metal,True,exploratory_transferred_model,total_negative_electrical_charge_equivalents; 100_percent_delivery_and_utilization; not_electron_specific; not_a_chemical_yield_prediction
BMIM_nitrate_10kHz,"BMIM nitrate, 10 kHz",BMIM_nitrate,10.0,3.85,False,2.5,5.0,1.0,5.228471334049858e+16,5.102682073225807e+16,5.2423908798379176e+16,3.695350649148092,3.685538789684964,3.7864469432090218,hypothetical electrical-rate transfer to a 5 mM metal-ion inventory; BMIM nitrate itself contains no metal,True,exploratory_transferred_model,total_negative_electrical_charge_equivalents; 100_percent_delivery_and_utilization; not_electron_specific; not_a_chemical_yield_prediction
BMIM_nitrate_10kHz,"BMIM nitrate, 10 kHz",BMIM_nitrate,10.0,3.9000000000000004,False,2.5,5.0,1.0,5.228471334049858e+16,5.102682073225807e+16,5.2423908798379176e+16,3.7433422160201455,3.733402929810743,3.8356215788351133,hypothetical electrical-rate transfer to a 5 mM metal-ion inventory; BMIM nitrate itself contains no metal,True,exploratory_transferred_model,total_negative_electrical_charge_equivalents; 100_percent_delivery_and_utilization; not_electron_specific; not_a_chemical_yield_prediction
BMIM_nitrate_10kHz,"BMIM nitrate, 10 kHz",BMIM_nitrate,10.0,3.95,False,2.5,5.0,1.0,5.228471334049858e+16,5.102682073225807e+16,5.2423908798379176e+16,3.7913337828921985,3.7812670699365216,3.8847962144612045,hypothetical electrical-rate transfer to a 5 mM metal-ion inventory; BMIM nitrate itself contains no metal,True,exploratory_transferred_model,total_negative_electrical_charge_equivalents; 100_percent_delivery_and_utilization; not_electron_specific; not_a_chemical_yield_prediction
BMIM_nitrate_10kHz,"BMIM nitrate, 10 kHz",BMIM_nitrate,10.0,4.0,False,2.5,5.0,1.0,5.228471334049858e+16,5.102682073225807e+16,5.2423908798379176e+16,3.8393253497642514,3.8291312100623,3.933970850087295,hypothetical electrical-rate transfer to a 5 mM metal-ion inventory; BMIM nitrate itself contains no metal,True,exploratory_transferred_model,total_negative_electrical_charge_equivalents; 100_percent_delivery_and_utilization; not_electron_specific; not_a_chemical_yield_prediction
BMIM_nitrate_10kHz,"BMIM nitrate, 10 kHz",BMIM_nitrate,10.0,4.05,False,2.5,5.0,1.0,5.228471334049858e+16,5.102682073225807e+16,5.2423908798379176e+16,3.8873169166363044,3.8769953501880785,3.9831454857133863,hypothetical electrical-rate transfer to a 5 mM metal-ion inventory; BMIM nitrate itself contains no metal,True,exploratory_transferred_model,total_negative_electrical_charge_equivalents; 100_percent_delivery_and_utilization; not_electron_specific; not_a_chemical_yield_prediction
BMIM_nitrate_10kHz,"BMIM nitrate, 10 kHz",BMIM_nitrate,10.0,4.1000000000000005,False,2.5,5.0,1.0,5.228471334049858e+16,5.102682073225807e+16,5.2423908798379176e+16,3.935308483508358,3.9248594903138576,4.0323201213394775,hypothetical electrical-rate transfer to a 5 mM metal-ion inventory; BMIM nitrate itself contains no metal,True,exploratory_transferred_model,total_negative_electrical_charge_equivalents; 100_percent_delivery_and_utilization; not_electron_specific; not_a_chemical_yield_prediction
BMIM_nitrate_10kHz,"BMIM nitrate, 10 kHz",BMIM_nitrate,10.0,4.15,False,2.5,5.0,1.0,5.228471334049858e+16,5.102682073225807e+16,5.2423908798379176e+16,3.9833000503804112,3.9727236304396367,4.0814947569655695,hypothetical electrical-rate transfer to a 5 mM metal-ion inventory; BMIM nitrate itself contains no metal,True,exploratory_transferred_model,total_negative_electrical_charge_equivalents; 100_percent_delivery_and_utilization; not_electron_specific; not_a_chemical_yield_prediction
BMIM_nitrate_10kHz,"BMIM nitrate, 10 kHz",BMIM_nitrate,10.0,4.2,False,2.5,5.0,1.0,5.228471334049858e+16,5.102682073225807e+16,5.2423908798379176e+16,4.031291617252465,4.020587770565416,4.130669392591661,hypothetical electrical-rate transfer to a 5 mM metal-ion inventory; BMIM nitrate itself contains no metal,True,exploratory_transferred_model,total_negative_electrical_charge_equivalents; 100_percent_delivery_and_utilization; not_electron_specific; not_a_chemical_yield_prediction
BMIM_nitrate_10kHz,"BMIM nitrate, 10 kHz",BMIM_nitrate,10.0,4.25,False,2.5,5.0,1.0,5.228471334049858e+16,5.102682073225807e+16,5.2423908798379176e+16,4.079283184124518,4.068451910691194,4.179844028217752,hypothetical electrical-rate transfer to a 5 mM metal-ion inventory; BMIM nitrate itself contains no metal,True,exploratory_transferred_model,total_negative_electrical_charge_equivalents; 100_percent_delivery_and_utilization; not_electron_specific; not_a_chemical_yield_prediction
BMIM_nitrate_10kHz,"BMIM nitrate, 10 kHz",BMIM_nitrate,10.0,4.3,False,2.5,5.0,1.0,5.228471334049858e+16,5.102682073225807e+16,5.2423908798379176e+16,4.127274750996571,4.116316050816972,4.229018663843842,hypothetical electrical-rate transfer to a 5 mM metal-ion inventory; BMIM nitrate itself contains no metal,True,exploratory_transferred_model,total_negative_electrical_charge_equivalents; 100_percent_delivery_and_utilization; not_electron_specific; not_a_chemical_yield_prediction
BMIM_nitrate_10kHz,"BMIM nitrate, 10 kHz",BMIM_nitrate,10.0,4.3500000000000005,False,2.5,5.0,1.0,5.228471334049858e+16,5.102682073225807e+16,5.2423908798379176e+16,4.175266317868624,4.164180190942751,4.278193299469934,hypothetical electrical-rate transfer to a 5 mM metal-ion inventory; BMIM nitrate itself contains no metal,True,exploratory_transferred_model,total_negative_electrical_charge_equivalents; 100_percent_delivery_and_utilization; not_electron_specific; not_a_chemical_yield_prediction
BMIM_nitrate_10kHz,"BMIM nitrate, 10 kHz",BMIM_nitrate,10.0,4.4,False,2.5,5.0,1.0,5.228471334049858e+16,5.102682073225807e+16,5.2423908798379176e+16,4.2232578847406765,4.2120443310685305,4.327367935096025,hypothetical electrical-rate transfer to a 5 mM metal-ion inventory; BMIM nitrate itself contains no metal,True,exploratory_transferred_model,total_negative_electrical_charge_equivalents; 100_percent_delivery_and_utilization; not_electron_specific; not_a_chemical_yield_prediction
BMIM_nitrate_10kHz,"BMIM nitrate, 10 kHz",BMIM_nitrate,10.0,4.45,False,2.5,5.0,1.0,5.228471334049858e+16,5.102682073225807e+16,5.2423908798379176e+16,4.2712494516127295,4.259908471194309,4.376542570722116,hypothetical electrical-rate transfer to a 5 mM metal-ion inventory; BMIM nitrate itself contains no metal,True,exploratory_transferred_model,total_negative_electrical_charge_equivalents; 100_percent_delivery_and_utilization; not_electron_specific; not_a_chemical_yield_prediction
BMIM_nitrate_10kHz,"BMIM nitrate, 10 kHz",BMIM_nitrate,10.0,4.5,False,2.5,5.0,1.0,5.228471334049858e+16,5.102682073225807e+16,5.2423908798379176e+16,4.3192410184847825,4.307772611320088,4.425717206348207,hypothetical electrical-rate transfer to a 5 mM metal-ion inventory; BMIM nitrate itself contains no metal,True,exploratory_transferred_model,total_negative_electrical_charge_equivalents; 100_percent_delivery_and_utilization; not_electron_specific; not_a_chemical_yield_prediction
BMIM_nitrate_10kHz,"BMIM nitrate, 10 kHz",BMIM_nitrate,10.0,4.55,False,2.5,5.0,1.0,5.228471334049858e+16,5.102682073225807e+16,5.2423908798379176e+16,4.3672325853568355,4.355636751445866,4.474891841974298,hypothetical electrical-rate transfer to a 5 mM metal-ion inventory; BMIM nitrate itself contains no metal,True,exploratory_transferred_model,total_negative_electrical_charge_equivalents; 100_percent_delivery_and_utilization; not_electron_specific; not_a_chemical_yield_prediction
BMIM_nitrate_10kHz,"BMIM nitrate, 10 kHz",BMIM_nitrate,10.0,4.6000000000000005,False,2.5,5.0,1.0,5.228471334049858e+16,5.102682073225807e+16,5.2423908798379176e+16,4.415224152228889,4.403500891571646,4.524066477600391,hypothetical electrical-rate transfer to a 5 mM metal-ion inventory; BMIM nitrate itself contains no metal,True,exploratory_transferred_model,total_negative_electrical_charge_equivalents; 100_percent_delivery_and_utilization; not_electron_specific; not_a_chemical_yield_prediction
BMIM_nitrate_10kHz,"BMIM nitrate, 10 kHz",BMIM_nitrate,10.0,4.65,False,2.5,5.0,1.0,5.228471334049858e+16,5.102682073225807e+16,5.2423908798379176e+16,4.463215719100942,4.451365031697424,4.573241113226481,hypothetical electrical-rate transfer to a 5 mM metal-ion inventory; BMIM nitrate itself contains no metal,True,exploratory_transferred_model,total_negative_electrical_charge_equivalents; 100_percent_delivery_and_utilization; not_electron_specific; not_a_chemical_yield_prediction
BMIM_nitrate_10kHz,"BMIM nitrate, 10 kHz",BMIM_nitrate,10.0,4.7,False,2.5,5.0,1.0,5.228471334049858e+16,5.102682073225807e+16,5.2423908798379176e+16,4.511207285972995,4.4992291718232025,4.622415748852572,hypothetical electrical-rate transfer to a 5 mM metal-ion inventory; BMIM nitrate itself contains no metal,True,exploratory_transferred_model,total_negative_electrical_charge_equivalents; 100_percent_delivery_and_utilization; not_electron_specific; not_a_chemical_yield_prediction
BMIM_nitrate_10kHz,"BMIM nitrate, 10 kHz",BMIM_nitrate,10.0,4.75,False,2.5,5.0,1.0,5.228471334049858e+16,5.102682073225807e+16,5.2423908798379176e+16,4.559198852845048,4.547093311948982,4.671590384478663,hypothetical electrical-rate transfer to a 5 mM metal-ion inventory; BMIM nitrate itself contains no metal,True,exploratory_transferred_model,total_negative_electrical_charge_equivalents; 100_percent_delivery_and_utilization; not_electron_specific; not_a_chemical_yield_prediction
BMIM_nitrate_10kHz,"BMIM nitrate, 10 kHz",BMIM_nitrate,10.0,4.800000000000001,False,2.5,5.0,1.0,5.228471334049858e+16,5.102682073225807e+16,5.2423908798379176e+16,4.607190419717102,4.594957452074761,4.720765020104755,hypothetical electrical-rate transfer to a 5 mM metal-ion inventory; BMIM nitrate itself contains no metal,True,exploratory_transferred_model,total_negative_electrical_charge_equivalents; 100_percent_delivery_and_utilization; not_electron_specific; not_a_chemical_yield_prediction
BMIM_nitrate_10kHz,"BMIM nitrate, 10 kHz",BMIM_nitrate,10.0,4.8500000000000005,False,2.5,5.0,1.0,5.228471334049858e+16,5.102682073225807e+16,5.2423908798379176e+16,4.655181986589155,4.642821592200539,4.7699396557308456,hypothetical electrical-rate transfer to a 5 mM metal-ion inventory; BMIM nitrate itself contains no metal,True,exploratory_transferred_model,total_negative_electrical_charge_equivalents; 100_percent_delivery_and_utilization; not_electron_specific; not_a_chemical_yield_prediction
BMIM_nitrate_10kHz,"BMIM nitrate, 10 kHz",BMIM_nitrate,10.0,4.9,False,2.5,5.0,1.0,5.228471334049858e+16,5.102682073225807e+16,5.2423908798379176e+16,4.703173553461208,4.690685732326318,4.819114291356937,hypothetical electrical-rate transfer to a 5 mM metal-ion inventory; BMIM nitrate itself contains no metal,True,exploratory_transferred_model,total_negative_electrical_charge_equivalents; 100_percent_delivery_and_utilization; not_electron_specific; not_a_chemical_yield_prediction
BMIM_nitrate_10kHz,"BMIM nitrate, 10 kHz",BMIM_nitrate,10.0,4.95,False,2.5,5.0,1.0,5.228471334049858e+16,5.102682073225807e+16,5.2423908798379176e+16,4.751165120333261,4.738549872452096,4.868288926983028,hypothetical electrical-rate transfer to a 5 mM metal-ion inventory; BMIM nitrate itself contains no metal,True,exploratory_transferred_model,total_negative_electrical_charge_equivalents; 100_percent_delivery_and_utilization; not_electron_specific; not_a_chemical_yield_prediction
BMIM_nitrate_10kHz,"BMIM nitrate, 10 kHz",BMIM_nitrate,10.0,5.0,False,2.5,5.0,1.0,5.228471334049858e+16,5.102682073225807e+16,5.2423908798379176e+16,4.799156687205314,4.7864140125778745,4.917463562609119,hypothetical electrical-rate transfer to a 5 mM metal-ion inventory; BMIM nitrate itself contains no metal,True,exploratory_transferred_model,total_negative_electrical_charge_equivalents; 100_percent_delivery_and_utilization; not_electron_specific; not_a_chemical_yield_prediction
BMIM_nitrate_20kHz,"BMIM nitrate, 20 kHz",BMIM_nitrate,20.0,0.0,False,2.5,5.0,1.0,9.988685813863787e+16,9.75359589807292e+16,1.0055266406100066e+17,0.0,0.0,0.0,hypothetical electrical-rate transfer to a 5 mM metal-ion inventory; BMIM nitrate itself contains no metal,True,supported_provisional_model_dependent,total_negative_electrical_charge_equivalents; 100_percent_delivery_and_utilization; not_electron_specific; not_a_chemical_yield_prediction
BMIM_nitrate_20kHz,"BMIM nitrate, 20 kHz",BMIM_nitrate,20.0,0.05,False,2.5,5.0,1.0,9.988685813863787e+16,9.75359589807292e+16,1.0055266406100066e+17,0.025120675166136367,0.02495433950058683,0.025726156208321384,hypothetical electrical-rate transfer to a 5 mM metal-ion inventory; BMIM nitrate itself contains no metal,True,supported_provisional_model_dependent,total_negative_electrical_charge_equivalents; 100_percent_delivery_and_utilization; not_electron_specific; not_a_chemical_yield_prediction
BMIM_nitrate_20kHz,"BMIM nitrate, 20 kHz",BMIM_nitrate,20.0,0.1,False,2.5,5.0,1.0,9.988685813863787e+16,9.75359589807292e+16,1.0055266406100066e+17,0.050241350332272734,0.04990867900117366,0.05145231241664277,hypothetical electrical-rate transfer to a 5 mM metal-ion inventory; BMIM nitrate itself contains no metal,True,supported_provisional_model_dependent,total_negative_electrical_charge_equivalents; 100_percent_delivery_and_utilization; not_electron_specific; not_a_chemical_yield_prediction
BMIM_nitrate_20kHz,"BMIM nitrate, 20 kHz",BMIM_nitrate,20.0,0.15000000000000002,False,2.5,5.0,1.0,9.988685813863787e+16,9.75359589807292e+16,1.0055266406100066e+17,0.0753620254984091,0.0748630185017605,0.07717846862496416,hypothetical electrical-rate transfer to a 5 mM metal-ion inventory; BMIM nitrate itself contains no metal,True,supported_provisional_model_dependent,total_negative_electrical_charge_equivalents; 100_percent_delivery_and_utilization; not_electron_specific; not_a_chemical_yield_prediction
BMIM_nitrate_20kHz,"BMIM nitrate, 20 kHz",BMIM_nitrate,20.0,0.2,False,2.5,5.0,1.0,9.988685813863787e+16,9.75359589807292e+16,1.0055266406100066e+17,0.10048270066454547,0.09981735800234733,0.10290462483328554,hypothetical electrical-rate transfer to a 5 mM metal-ion inventory; BMIM nitrate itself contains no metal,True,supported_provisional_model_dependent,total_negative_electrical_charge_equivalents; 100_percent_delivery_and_utilization; not_electron_specific; not_a_chemical_yield_prediction
BMIM_nitrate_20kHz,"BMIM nitrate, 20 kHz",BMIM_nitrate,20.0,0.25,False,2.5,5.0,1.0,9.988685813863787e+16,9.75359589807292e+16,1.0055266406100066e+17,0.12560337583068182,0.12477169750293415,0.1286307810416069,hypothetical electrical-rate transfer to a 5 mM metal-ion inventory; BMIM nitrate itself contains no metal,True,supported_provisional_model_dependent,total_negative_electrical_charge_equivalents; 100_percent_delivery_and_utilization; not_electron_specific; not_a_chemical_yield_prediction
BMIM_nitrate_20kHz,"BMIM nitrate, 20 kHz",BMIM_nitrate,20.0,0.30000000000000004,False,2.5,5.0,1.0,9.988685813863787e+16,9.75359589807292e+16,1.0055266406100066e+17,0.1507240509968182,0.149726037003521,0.15435693724992833,hypothetical electrical-rate transfer to a 5 mM metal-ion inventory; BMIM nitrate itself contains no metal,True,supported_provisional_model_dependent,total_negative_electrical_charge_equivalents; 100_percent_delivery_and_utilization; not_electron_specific; not_a_chemical_yield_prediction
BMIM_nitrate_20kHz,"BMIM nitrate, 20 kHz",BMIM_nitrate,20.0,0.35000000000000003,False,2.5,5.0,1.0,9.988685813863787e+16,9.75359589807292e+16,1.0055266406100066e+17,0.17584472616295457,0.1746803765041078,0.18008309345824972,hypothetical electrical-rate transfer to a 5 mM metal-ion inventory; BMIM nitrate itself contains no metal,True,supported_provisional_model_dependent,total_negative_electrical_charge_equivalents; 100_percent_delivery_and_utilization; not_electron_specific; not_a_chemical_yield_prediction
BMIM_nitrate_20kHz,"BMIM nitrate, 20 kHz",BMIM_nitrate,20.0,0.4,False,2.5,5.0,1.0,9.988685813863787e+16,9.75359589807292e+16,1.0055266406100066e+17,0.20096540132909094,0.19963471600469465,0.20580924966657108,hypothetical electrical-rate transfer to a 5 mM metal-ion inventory; BMIM nitrate itself contains no metal,True,supported_provisional_model_dependent,total_negative_electrical_charge_equivalents; 100_percent_delivery_and_utilization; not_electron_specific; not_a_chemical_yield_prediction
BMIM_nitrate_20kHz,"BMIM nitrate, 20 kHz",BMIM_nitrate,20.0,0.45,False,2.5,5.0,1.0,9.988685813863787e+16,9.75359589807292e+16,1.0055266406100066e+17,0.2260860764952273,0.2245890555052815,0.2315354058748925,hypothetical electrical-rate transfer to a 5 mM metal-ion inventory; BMIM nitrate itself contains no metal,True,supported_provisional_model_dependent,total_negative_electrical_charge_equivalents; 100_percent_delivery_and_utilization; not_electron_specific; not_a_chemical_yield_prediction
BMIM_nitrate_20kHz,"BMIM nitrate, 20 kHz",BMIM_nitrate,20.0,0.5,False,2.5,5.0,1.0,9.988685813863787e+16,9.75359589807292e+16,1.0055266406100066e+17,0.25120675166136364,0.2495433950058683,0.2572615620832138,hypothetical electrical-rate transfer to a 5 mM metal-ion inventory; BMIM nitrate itself contains no metal,True,supported_provisional_model_dependent,total_negative_electrical_charge_equivalents; 100_percent_delivery_and_utilization; not_electron_specific; not_a_chemical_yield_prediction
BMIM_nitrate_20kHz,"BMIM nitrate, 20 kHz",BMIM_nitrate,20.0,0.55,False,2.5,5.0,1.0,9.988685813863787e+16,9.75359589807292e+16,1.0055266406100066e+17,0.2763274268275,0.27449773450645515,0.28298771829153524,hypothetical electrical-rate transfer to a 5 mM metal-ion inventory; BMIM nitrate itself contains no metal,True,supported_provisional_model_dependent,total_negative_electrical_charge_equivalents; 100_percent_delivery_and_utilization; not_electron_specific; not_a_chemical_yield_prediction
BMIM_nitrate_20kHz,"BMIM nitrate, 20 kHz",BMIM_nitrate,20.0,0.6000000000000001,False,2.5,5.0,1.0,9.988685813863787e+16,9.75359589807292e+16,1.0055266406100066e+17,0.3014481019936364,0.299452074007042,0.30871387449985666,hypothetical electrical-rate transfer to a 5 mM metal-ion inventory; BMIM nitrate itself contains no metal,True,supported_provisional_model_dependent,total_negative_electrical_charge_equivalents; 100_percent_delivery_and_utilization; not_electron_specific; not_a_chemical_yield_prediction
BMIM_nitrate_20kHz,"BMIM nitrate, 20 kHz",BMIM_nitrate,20.0,0.65,False,2.5,5.0,1.0,9.988685813863787e+16,9.75359589807292e+16,1.0055266406100066e+17,0.3265687771597727,0.3244064135076288,0.334440030708178,hypothetical electrical-rate transfer to a 5 mM metal-ion inventory; BMIM nitrate itself contains no metal,True,supported_provisional_model_dependent,total_negative_electrical_charge_equivalents; 100_percent_delivery_and_utilization; not_electron_specific; not_a_chemical_yield_prediction
BMIM_nitrate_20kHz,"BMIM nitrate, 20 kHz",BMIM_nitrate,20.0,0.7000000000000001,False,2.5,5.0,1.0,9.988685813863787e+16,9.75359589807292e+16,1.0055266406100066e+17,0.35168945232590915,0.3493607530082156,0.36016618691649943,hypothetical electrical-rate transfer to a 5 mM metal-ion inventory; BMIM nitrate itself contains no metal,True,supported_provisional_model_dependent,total_negative_electrical_charge_equivalents; 100_percent_delivery_and_utilization; not_electron_specific; not_a_chemical_yield_prediction
BMIM_nitrate_20kHz,"BMIM nitrate, 20 kHz",BMIM_nitrate,20.0,0.75,False,2.5,5.0,1.0,9.988685813863787e+16,9.75359589807292e+16,1.0055266406100066e+17,0.3768101274920455,0.3743150925088025,0.3858923431248208,hypothetical electrical-rate transfer to a 5 mM metal-ion inventory; BMIM nitrate itself contains no metal,True,supported_provisional_model_dependent,total_negative_electrical_charge_equivalents; 100_percent_delivery_and_utilization; not_electron_specific; not_a_chemical_yield_prediction
BMIM_nitrate_20kHz,"BMIM nitrate, 20 kHz",BMIM_nitrate,20.0,0.8,False,2.5,5.0,1.0,9.988685813863787e+16,9.75359589807292e+16,1.0055266406100066e+17,0.4019308026581819,0.3992694320093893,0.41161849933314215,hypothetical electrical-rate transfer to a 5 mM metal-ion inventory; BMIM nitrate itself contains no metal,True,supported_provisional_model_dependent,total_negative_electrical_charge_equivalents; 100_percent_delivery_and_utilization; not_electron_specific; not_a_chemical_yield_prediction
BMIM_nitrate_20kHz,"BMIM nitrate, 20 kHz",BMIM_nitrate,20.0,0.8500000000000001,False,2.5,5.0,1.0,9.988685813863787e+16,9.75359589807292e+16,1.0055266406100066e+17,0.4270514778243183,0.4242237715099762,0.4373446555414636,hypothetical electrical-rate transfer to a 5 mM metal-ion inventory; BMIM nitrate itself contains no metal,True,supported_provisional_model_dependent,total_negative_electrical_charge_equivalents; 100_percent_delivery_and_utilization; not_electron_specific; not_a_chemical_yield_prediction
BMIM_nitrate_20kHz,"BMIM nitrate, 20 kHz",BMIM_nitrate,20.0,0.9,False,2.5,5.0,1.0,9.988685813863787e+16,9.75359589807292e+16,1.0055266406100066e+17,0.4521721529904546,0.449178111010563,0.463070811749785,hypothetical electrical-rate transfer to a 5 mM metal-ion inventory; BMIM nitrate itself contains no metal,True,supported_provisional_model_dependent,total_negative_electrical_charge_equivalents; 100_percent_delivery_and_utilization; not_electron_specific; not_a_chemical_yield_prediction
BMIM_nitrate_20kHz,"BMIM nitrate, 20 kHz",BMIM_nitrate,20.0,0.9500000000000001,False,2.5,5.0,1.0,9.988685813863787e+16,9.75359589807292e+16,1.0055266406100066e+17,0.47729282815659096,0.47413245051114977,0.48879696795810634,hypothetical electrical-rate transfer to a 5 mM metal-ion inventory; BMIM nitrate itself contains no metal,True,supported_provisional_model_dependent,total_negative_electrical_charge_equivalents; 100_percent_delivery_and_utilization; not_electron_specific; not_a_chemical_yield_prediction
BMIM_nitrate_20kHz,"BMIM nitrate, 20 kHz",BMIM_nitrate,20.0,1.0,False,2.5,5.0,1.0,9.988685813863787e+16,9.75359589807292e+16,1.0055266406100066e+17,0.5024135033227273,0.4990867900117366,0.5145231241664276,hypothetical electrical-rate transfer to a 5 mM metal-ion inventory; BMIM nitrate itself contains no metal,True,supported_provisional_model_dependent,total_negative_electrical_charge_equivalents; 100_percent_delivery_and_utilization; not_electron_specific; not_a_chemical_yield_prediction
BMIM_nitrate_20kHz,"BMIM nitrate, 20 kHz",BMIM_nitrate,20.0,1.05,False,2.5,5.0,1.0,9.988685813863787e+16,9.75359589807292e+16,1.0055266406100066e+17,0.5275341784888637,0.5240411295123235,0.5402492803747492,hypothetical electrical-rate transfer to a 5 mM metal-ion inventory; BMIM nitrate itself contains no metal,True,supported_provisional_model_dependent,total_negative_electrical_charge_equivalents; 100_percent_delivery_and_utilization; not_electron_specific; not_a_chemical_yield_prediction
BMIM_nitrate_20kHz,"BMIM nitrate, 20 kHz",BMIM_nitrate,20.0,1.1,False,2.5,5.0,1.0,9.988685813863787e+16,9.75359589807292e+16,1.0055266406100066e+17,0.552654853655,0.5489954690129103,0.5659754365830705,hypothetical electrical-rate transfer to a 5 mM metal-ion inventory; BMIM nitrate itself contains no metal,True,supported_provisional_model_dependent,total_negative_electrical_charge_equivalents; 100_percent_delivery_and_utilization; not_electron_specific; not_a_chemical_yield_prediction
BMIM_nitrate_20kHz,"BMIM nitrate, 20 kHz",BMIM_nitrate,20.0,1.1500000000000001,False,2.5,5.0,1.0,9.988685813863787e+16,9.75359589807292e+16,1.0055266406100066e+17,0.5777755288211365,0.5739498085134972,0.5917015927913919,hypothetical electrical-rate transfer to a 5 mM metal-ion inventory; BMIM nitrate itself contains no metal,True,supported_provisional_model_dependent,total_negative_electrical_charge_equivalents; 100_percent_delivery_and_utilization; not_electron_specific; not_a_chemical_yield_prediction
BMIM_nitrate_20kHz,"BMIM nitrate, 20 kHz",BMIM_nitrate,20.0,1.2000000000000002,False,2.5,5.0,1.0,9.988685813863787e+16,9.75359589807292e+16,1.0055266406100066e+17,0.6028962039872728,0.598904148014084,0.6174277489997133,hypothetical electrical-rate transfer to a 5 mM metal-ion inventory; BMIM nitrate itself contains no metal,True,supported_provisional_model_dependent,total_negative_electrical_charge_equivalents; 100_percent_delivery_and_utilization; not_electron_specific; not_a_chemical_yield_prediction
BMIM_nitrate_20kHz,"BMIM nitrate, 20 kHz",BMIM_nitrate,20.0,1.25,False,2.5,5.0,1.0,9.988685813863787e+16,9.75359589807292e+16,1.0055266406100066e+17,0.6280168791534091,0.6238584875146707,0.6431539052080346,hypothetical electrical-rate transfer to a 5 mM metal-ion inventory; BMIM nitrate itself contains no metal,True,supported_provisional_model_dependent,total_negative_electrical_charge_equivalents; 100_percent_delivery_and_utilization; not_electron_specific; not_a_chemical_yield_prediction
BMIM_nitrate_20kHz,"BMIM nitrate, 20 kHz",BMIM_nitrate,20.0,1.3,False,2.5,5.0,1.0,9.988685813863787e+16,9.75359589807292e+16,1.0055266406100066e+17,0.6531375543195455,0.6488128270152576,0.668880061416356,hypothetical electrical-rate transfer to a 5 mM metal-ion inventory; BMIM nitrate itself contains no metal,True,supported_provisional_model_dependent,total_negative_electrical_charge_equivalents; 100_percent_delivery_and_utilization; not_electron_specific; not_a_chemical_yield_prediction
BMIM_nitrate_20kHz,"BMIM nitrate, 20 kHz",BMIM_nitrate,20.0,1.35,False,2.5,5.0,1.0,9.988685813863787e+16,9.75359589807292e+16,1.0055266406100066e+17,0.6782582294856819,0.6737671665158445,0.6946062176246774,hypothetical electrical-rate transfer to a 5 mM metal-ion inventory; BMIM nitrate itself contains no metal,True,supported_provisional_model_dependent,total_negative_electrical_charge_equivalents; 100_percent_delivery_and_utilization; not_electron_specific; not_a_chemical_yield_prediction
BMIM_nitrate_20kHz,"BMIM nitrate, 20 kHz",BMIM_nitrate,20.0,1.4000000000000001,False,2.5,5.0,1.0,9.988685813863787e+16,9.75359589807292e+16,1.0055266406100066e+17,0.7033789046518183,0.6987215060164312,0.7203323738329989,hypothetical electrical-rate transfer to a 5 mM metal-ion inventory; BMIM nitrate itself contains no metal,True,supported_provisional_model_dependent,total_negative_electrical_charge_equivalents; 100_percent_delivery_and_utilization; not_electron_specific; not_a_chemical_yield_prediction
BMIM_nitrate_20kHz,"BMIM nitrate, 20 kHz",BMIM_nitrate,20.0,1.4500000000000002,False,2.5,5.0,1.0,9.988685813863787e+16,9.75359589807292e+16,1.0055266406100066e+17,0.7284995798179545,0.7236758455170181,0.7460585300413202,hypothetical electrical-rate transfer to a 5 mM metal-ion inventory; BMIM nitrate itself contains no metal,True,supported_provisional_model_dependent,total_negative_electrical_charge_equivalents; 100_percent_delivery_and_utilization; not_electron_specific; not_a_chemical_yield_prediction
BMIM_nitrate_20kHz,"BMIM nitrate, 20 kHz",BMIM_nitrate,20.0,1.5,False,2.5,5.0,1.0,9.988685813863787e+16,9.75359589807292e+16,1.0055266406100066e+17,0.753620254984091,0.748630185017605,0.7717846862496416,hypothetical electrical-rate transfer to a 5 mM metal-ion inventory; BMIM nitrate itself contains no metal,True,supported_provisional_model_dependent,total_negative_electrical_charge_equivalents; 100_percent_delivery_and_utilization; not_electron_specific; not_a_chemical_yield_prediction
BMIM_nitrate_20kHz,"BMIM nitrate, 20 kHz",BMIM_nitrate,20.0,1.55,False,2.5,5.0,1.0,9.988685813863787e+16,9.75359589807292e+16,1.0055266406100066e+17,0.7787409301502273,0.7735845245181917,0.7975108424579629,hypothetical electrical-rate transfer to a 5 mM metal-ion inventory; BMIM nitrate itself contains no metal,True,supported_provisional_model_dependent,total_negative_electrical_charge_equivalents; 100_percent_delivery_and_utilization; not_electron_specific; not_a_chemical_yield_prediction
BMIM_nitrate_20kHz,"BMIM nitrate, 20 kHz",BMIM_nitrate,20.0,1.6,False,2.5,5.0,1.0,9.988685813863787e+16,9.75359589807292e+16,1.0055266406100066e+17,0.8038616053163637,0.7985388640187786,0.8232369986662843,hypothetical electrical-rate transfer to a 5 mM metal-ion inventory; BMIM nitrate itself contains no metal,True,supported_provisional_model_dependent,total_negative_electrical_charge_equivalents; 100_percent_delivery_and_utilization; not_electron_specific; not_a_chemical_yield_prediction
BMIM_nitrate_20kHz,"BMIM nitrate, 20 kHz",BMIM_nitrate,20.0,1.6500000000000001,False,2.5,5.0,1.0,9.988685813863787e+16,9.75359589807292e+16,1.0055266406100066e+17,0.8289822804825001,0.8234932035193655,0.8489631548746058,hypothetical electrical-rate transfer to a 5 mM metal-ion inventory; BMIM nitrate itself contains no metal,True,supported_provisional_model_dependent,total_negative_electrical_charge_equivalents; 100_percent_delivery_and_utilization; not_electron_specific; not_a_chemical_yield_prediction
BMIM_nitrate_20kHz,"BMIM nitrate, 20 kHz",BMIM_nitrate,20.0,1.7000000000000002,False,2.5,5.0,1.0,9.988685813863787e+16,9.75359589807292e+16,1.0055266406100066e+17,0.8541029556486366,0.8484475430199524,0.8746893110829272,hypothetical electrical-rate transfer to a 5 mM metal-ion inventory; BMIM nitrate itself contains no metal,True,supported_provisional_model_dependent,total_negative_electrical_charge_equivalents; 100_percent_delivery_and_utilization; not_electron_specific; not_a_chemical_yield_prediction
BMIM_nitrate_20kHz,"BMIM nitrate, 20 kHz",BMIM_nitrate,20.0,1.75,False,2.5,5.0,1.0,9.988685813863787e+16,9.75359589807292e+16,1.0055266406100066e+17,0.8792236308147728,0.8734018825205391,0.9004154672912486,hypothetical electrical-rate transfer to a 5 mM metal-ion inventory; BMIM nitrate itself contains no metal,True,supported_provisional_model_dependent,total_negative_electrical_charge_equivalents; 100_percent_delivery_and_utilization; not_electron_specific; not_a_chemical_yield_prediction
BMIM_nitrate_20kHz,"BMIM nitrate, 20 kHz",BMIM_nitrate,20.0,1.8,False,2.5,5.0,1.0,9.988685813863787e+16,9.75359589807292e+16,1.0055266406100066e+17,0.9043443059809092,0.898356222021126,0.92614162349957,hypothetical electrical-rate transfer to a 5 mM metal-ion inventory; BMIM nitrate itself contains no metal,True,supported_provisional_model_dependent,total_negative_electrical_charge_equivalents; 100_percent_delivery_and_utilization; not_electron_specific; not_a_chemical_yield_prediction
BMIM_nitrate_20kHz,"BMIM nitrate, 20 kHz",BMIM_nitrate,20.0,1.85,False,2.5,5.0,1.0,9.988685813863787e+16,9.75359589807292e+16,1.0055266406100066e+17,0.9294649811470455,0.9233105615217126,0.9518677797078913,hypothetical electrical-rate transfer to a 5 mM metal-ion inventory; BMIM nitrate itself contains no metal,True,supported_provisional_model_dependent,total_negative_electrical_charge_equivalents; 100_percent_delivery_and_utilization; not_electron_specific; not_a_chemical_yield_prediction
BMIM_nitrate_20kHz,"BMIM nitrate, 20 kHz",BMIM_nitrate,20.0,1.9000000000000001,False,2.5,5.0,1.0,9.988685813863787e+16,9.75359589807292e+16,1.0055266406100066e+17,0.9545856563131819,0.9482649010222995,0.9775939359162127,hypothetical electrical-rate transfer to a 5 mM metal-ion inventory; BMIM nitrate itself contains no metal,True,supported_provisional_model_dependent,total_negative_electrical_charge_equivalents; 100_percent_delivery_and_utilization; not_electron_specific; not_a_chemical_yield_prediction
BMIM_nitrate_20kHz,"BMIM nitrate, 20 kHz",BMIM_nitrate,20.0,1.9500000000000002,False,2.5,5.0,1.0,9.988685813863787e+16,9.75359589807292e+16,1.0055266406100066e+17,0.9797063314793183,0.9732192405228864,1.003320092124534,hypothetical electrical-rate transfer to a 5 mM metal-ion inventory; BMIM nitrate itself contains no metal,True,supported_provisional_model_dependent,total_negative_electrical_charge_equivalents; 100_percent_delivery_and_utilization; not_electron_specific; not_a_chemical_yield_prediction
BMIM_nitrate_20kHz,"BMIM nitrate, 20 kHz",BMIM_nitrate,20.0,2.0,False,2.5,5.0,1.0,9.988685813863787e+16,9.75359589807292e+16,1.0055266406100066e+17,1.0048270066454545,0.9981735800234732,1.0290462483328553,hypothetical electrical-rate transfer to a 5 mM metal-ion inventory; BMIM nitrate itself contains no metal,True,supported_provisional_model_dependent,total_negative_electrical_charge_equivalents; 100_percent_delivery_and_utilization; not_electron_specific; not_a_chemical_yield_prediction
BMIM_nitrate_20kHz,"BMIM nitrate, 20 kHz",BMIM_nitrate,20.0,2.0500000000000003,False,2.5,5.0,1.0,9.988685813863787e+16,9.75359589807292e+16,1.0055266406100066e+17,1.029947681811591,1.0231279195240601,1.0547724045411768,hypothetical electrical-rate transfer to a 5 mM metal-ion inventory; BMIM nitrate itself contains no metal,True,supported_provisional_model_dependent,total_negative_electrical_charge_equivalents; 100_percent_delivery_and_utilization; not_electron_specific; not_a_chemical_yield_prediction
BMIM_nitrate_20kHz,"BMIM nitrate, 20 kHz",BMIM_nitrate,20.0,2.1,False,2.5,5.0,1.0,9.988685813863787e+16,9.75359589807292e+16,1.0055266406100066e+17,1.0550683569777275,1.048082259024647,1.0804985607494983,hypothetical electrical-rate transfer to a 5 mM metal-ion inventory; BMIM nitrate itself contains no metal,True,supported_provisional_model_dependent,total_negative_electrical_charge_equivalents; 100_percent_delivery_and_utilization; not_electron_specific; not_a_chemical_yield_prediction
BMIM_nitrate_20kHz,"BMIM nitrate, 20 kHz",BMIM_nitrate,20.0,2.15,False,2.5,5.0,1.0,9.988685813863787e+16,9.75359589807292e+16,1.0055266406100066e+17,1.0801890321438636,1.0730365985252337,1.1062247169578194,hypothetical electrical-rate transfer to a 5 mM metal-ion inventory; BMIM nitrate itself contains no metal,True,supported_provisional_model_dependent,total_negative_electrical_charge_equivalents; 100_percent_delivery_and_utilization; not_electron_specific; not_a_chemical_yield_prediction
BMIM_nitrate_20kHz,"BMIM nitrate, 20 kHz",BMIM_nitrate,20.0,2.2,False,2.5,5.0,1.0,9.988685813863787e+16,9.75359589807292e+16,1.0055266406100066e+17,1.10530970731,1.0979909380258206,1.131950873166141,hypothetical electrical-rate transfer to a 5 mM metal-ion inventory; BMIM nitrate itself contains no metal,True,supported_provisional_model_dependent,total_negative_electrical_charge_equivalents; 100_percent_delivery_and_utilization; not_electron_specific; not_a_chemical_yield_prediction
BMIM_nitrate_20kHz,"BMIM nitrate, 20 kHz",BMIM_nitrate,20.0,2.25,False,2.5,5.0,1.0,9.988685813863787e+16,9.75359589807292e+16,1.0055266406100066e+17,1.1304303824761364,1.1229452775264073,1.1576770293744623,hypothetical electrical-rate transfer to a 5 mM metal-ion inventory; BMIM nitrate itself contains no metal,True,supported_provisional_model_dependent,total_negative_electrical_charge_equivalents; 100_percent_delivery_and_utilization; not_electron_specific; not_a_chemical_yield_prediction
BMIM_nitrate_20kHz,"BMIM nitrate, 20 kHz",BMIM_nitrate,20.0,2.3000000000000003,False,2.5,5.0,1.0,9.988685813863787e+16,9.75359589807292e+16,1.0055266406100066e+17,1.155551057642273,1.1478996170269944,1.1834031855827838,hypothetical electrical-rate transfer to a 5 mM metal-ion inventory; BMIM nitrate itself contains no metal,True,supported_provisional_model_dependent,total_negative_electrical_charge_equivalents; 100_percent_delivery_and_utilization; not_electron_specific; not_a_chemical_yield_prediction
BMIM_nitrate_20kHz,"BMIM nitrate, 20 kHz",BMIM_nitrate,20.0,2.35,False,2.5,5.0,1.0,9.988685813863787e+16,9.75359589807292e+16,1.0055266406100066e+17,1.1806717328084093,1.172853956527581,1.209129341791105,hypothetical electrical-rate transfer to a 5 mM metal-ion inventory; BMIM nitrate itself contains no metal,True,supported_provisional_model_dependent,total_negative_electrical_charge_equivalents; 100_percent_delivery_and_utilization; not_electron_specific; not_a_chemical_yield_prediction
BMIM_nitrate_20kHz,"BMIM nitrate, 20 kHz",BMIM_nitrate,20.0,2.4000000000000004,False,2.5,5.0,1.0,9.988685813863787e+16,9.75359589807292e+16,1.0055266406100066e+17,1.2057924079745457,1.197808296028168,1.2348554979994266,hypothetical electrical-rate transfer to a 5 mM metal-ion inventory; BMIM nitrate itself contains no metal,True,supported_provisional_model_dependent,total_negative_electrical_charge_equivalents; 100_percent_delivery_and_utilization; not_electron_specific; not_a_chemical_yield_prediction
BMIM_nitrate_20kHz,"BMIM nitrate, 20 kHz",BMIM_nitrate,20.0,2.45,False,2.5,5.0,1.0,9.988685813863787e+16,9.75359589807292e+16,1.0055266406100066e+17,1.2309130831406818,1.2227626355287546,1.260581654207748,hypothetical electrical-rate transfer to a 5 mM metal-ion inventory; BMIM nitrate itself contains no metal,True,supported_provisional_model_dependent,total_negative_electrical_charge_equivalents; 100_percent_delivery_and_utilization; not_electron_specific; not_a_chemical_yield_prediction
BMIM_nitrate_20kHz,"BMIM nitrate, 20 kHz",BMIM_nitrate,20.0,2.5,True,2.5,5.0,1.0,9.988685813863787e+16,9.75359589807292e+16,1.0055266406100066e+17,1.2560337583068182,1.2477169750293413,1.2863078104160692,hypothetical electrical-rate transfer to a 5 mM metal-ion inventory; BMIM nitrate itself contains no metal,True,supported_provisional_model_dependent,total_negative_electrical_charge_equivalents; 100_percent_delivery_and_utilization; not_electron_specific; not_a_chemical_yield_prediction
BMIM_nitrate_20kHz,"BMIM nitrate, 20 kHz",BMIM_nitrate,20.0,2.5500000000000003,False,2.5,5.0,1.0,9.988685813863787e+16,9.75359589807292e+16,1.0055266406100066e+17,1.2811544334729548,1.2726713145299284,1.3120339666243908,hypothetical electrical-rate transfer to a 5 mM metal-ion inventory; BMIM nitrate itself contains no metal,True,supported_provisional_model_dependent,total_negative_electrical_charge_equivalents; 100_percent_delivery_and_utilization; not_electron_specific; not_a_chemical_yield_prediction
BMIM_nitrate_20kHz,"BMIM nitrate, 20 kHz",BMIM_nitrate,20.0,2.6,False,2.5,5.0,1.0,9.988685813863787e+16,9.75359589807292e+16,1.0055266406100066e+17,1.306275108639091,1.297625654030515,1.337760122832712,hypothetical electrical-rate transfer to a 5 mM metal-ion inventory; BMIM nitrate itself contains no metal,True,supported_provisional_model_dependent,total_negative_electrical_charge_equivalents; 100_percent_delivery_and_utilization; not_electron_specific; not_a_chemical_yield_prediction
BMIM_nitrate_20kHz,"BMIM nitrate, 20 kHz",BMIM_nitrate,20.0,2.6500000000000004,False,2.5,5.0,1.0,9.988685813863787e+16,9.75359589807292e+16,1.0055266406100066e+17,1.3313957838052275,1.3225799935311022,1.3634862790410336,hypothetical electrical-rate transfer to a 5 mM metal-ion inventory; BMIM nitrate itself contains no metal,True,supported_provisional_model_dependent,total_negative_electrical_charge_equivalents; 100_percent_delivery_and_utilization; not_electron_specific; not_a_chemical_yield_prediction
BMIM_nitrate_20kHz,"BMIM nitrate, 20 kHz",BMIM_nitrate,20.0,2.7,False,2.5,5.0,1.0,9.988685813863787e+16,9.75359589807292e+16,1.0055266406100066e+17,1.3565164589713639,1.347534333031689,1.389212435249355,hypothetical electrical-rate transfer to a 5 mM metal-ion inventory; BMIM nitrate itself contains no metal,True,supported_provisional_model_dependent,total_negative_electrical_charge_equivalents; 100_percent_delivery_and_utilization; not_electron_specific; not_a_chemical_yield_prediction
BMIM_nitrate_20kHz,"BMIM nitrate, 20 kHz",BMIM_nitrate,20.0,2.75,False,2.5,5.0,1.0,9.988685813863787e+16,9.75359589807292e+16,1.0055266406100066e+17,1.3816371341375,1.3724886725322758,1.4149385914576762,hypothetical electrical-rate transfer to a 5 mM metal-ion inventory; BMIM nitrate itself contains no metal,True,supported_provisional_model_dependent,total_negative_electrical_charge_equivalents; 100_percent_delivery_and_utilization; not_electron_specific; not_a_chemical_yield_prediction
BMIM_nitrate_20kHz,"BMIM nitrate, 20 kHz",BMIM_nitrate,20.0,2.8000000000000003,False,2.5,5.0,1.0,9.988685813863787e+16,9.75359589807292e+16,1.0055266406100066e+17,1.4067578093036366,1.3974430120328625,1.4406647476659977,hypothetical electrical-rate transfer to a 5 mM metal-ion inventory; BMIM nitrate itself contains no metal,True,supported_provisional_model_dependent,total_negative_electrical_charge_equivalents; 100_percent_delivery_and_utilization; not_electron_specific; not_a_chemical_yield_prediction
BMIM_nitrate_20kHz,"BMIM nitrate, 20 kHz",BMIM_nitrate,20.0,2.85,False,2.5,5.0,1.0,9.988685813863787e+16,9.75359589807292e+16,1.0055266406100066e+17,1.4318784844697727,1.4223973515334494,1.4663909038743188,hypothetical electrical-rate transfer to a 5 mM metal-ion inventory; BMIM nitrate itself contains no metal,True,supported_provisional_model_dependent,total_negative_electrical_charge_equivalents; 100_percent_delivery_and_utilization; not_electron_specific; not_a_chemical_yield_prediction
BMIM_nitrate_20kHz,"BMIM nitrate, 20 kHz",BMIM_nitrate,20.0,2.9000000000000004,False,2.5,5.0,1.0,9.988685813863787e+16,9.75359589807292e+16,1.0055266406100066e+17,1.456999159635909,1.4473516910340363,1.4921170600826403,hypothetical electrical-rate transfer to a 5 mM metal-ion inventory; BMIM nitrate itself contains no metal,True,supported_provisional_model_dependent,total_negative_electrical_charge_equivalents; 100_percent_delivery_and_utilization; not_electron_specific; not_a_chemical_yield_prediction
BMIM_nitrate_20kHz,"BMIM nitrate, 20 kHz",BMIM_nitrate,20.0,2.95,False,2.5,5.0,1.0,9.988685813863787e+16,9.75359589807292e+16,1.0055266406100066e+17,1.4821198348020455,1.472306030534623,1.5178432162909616,hypothetical electrical-rate transfer to a 5 mM metal-ion inventory; BMIM nitrate itself contains no metal,True,supported_provisional_model_dependent,total_negative_electrical_charge_equivalents; 100_percent_delivery_and_utilization; not_electron_specific; not_a_chemical_yield_prediction
BMIM_nitrate_20kHz,"BMIM nitrate, 20 kHz",BMIM_nitrate,20.0,3.0,False,2.5,5.0,1.0,9.988685813863787e+16,9.75359589807292e+16,1.0055266406100066e+17,1.507240509968182,1.49726037003521,1.5435693724992832,hypothetical electrical-rate transfer to a 5 mM metal-ion inventory; BMIM nitrate itself contains no metal,True,supported_provisional_model_dependent,total_negative_electrical_charge_equivalents; 100_percent_delivery_and_utilization; not_electron_specific; not_a_chemical_yield_prediction
BMIM_nitrate_20kHz,"BMIM nitrate, 20 kHz",BMIM_nitrate,20.0,3.0500000000000003,False,2.5,5.0,1.0,9.988685813863787e+16,9.75359589807292e+16,1.0055266406100066e+17,1.5323611851343182,1.5222147095357967,1.5692955287076045,hypothetical electrical-rate transfer to a 5 mM metal-ion inventory; BMIM nitrate itself contains no metal,True,supported_provisional_model_dependent,total_negative_electrical_charge_equivalents; 100_percent_delivery_and_utilization; not_electron_specific; not_a_chemical_yield_prediction
BMIM_nitrate_20kHz,"BMIM nitrate, 20 kHz",BMIM_nitrate,20.0,3.1,False,2.5,5.0,1.0,9.988685813863787e+16,9.75359589807292e+16,1.0055266406100066e+17,1.5574818603004545,1.5471690490363834,1.5950216849159258,hypothetical electrical-rate transfer to a 5 mM metal-ion inventory; BMIM nitrate itself contains no metal,True,supported_provisional_model_dependent,total_negative_electrical_charge_equivalents; 100_percent_delivery_and_utilization; not_electron_specific; not_a_chemical_yield_prediction
BMIM_nitrate_20kHz,"BMIM nitrate, 20 kHz",BMIM_nitrate,20.0,3.1500000000000004,False,2.5,5.0,1.0,9.988685813863787e+16,9.75359589807292e+16,1.0055266406100066e+17,1.5826025354665911,1.5721233885369705,1.6207478411242473,hypothetical electrical-rate transfer to a 5 mM metal-ion inventory; BMIM nitrate itself contains no metal,True,supported_provisional_model_dependent,total_negative_electrical_charge_equivalents; 100_percent_delivery_and_utilization; not_electron_specific; not_a_chemical_yield_prediction
BMIM_nitrate_20kHz,"BMIM nitrate, 20 kHz",BMIM_nitrate,20.0,3.2,False,2.5,5.0,1.0,9.988685813863787e+16,9.75359589807292e+16,1.0055266406100066e+17,1.6077232106327275,1.5970777280375572,1.6464739973325686,hypothetical electrical-rate transfer to a 5 mM metal-ion inventory; BMIM nitrate itself contains no metal,True,supported_provisional_model_dependent,total_negative_electrical_charge_equivalents; 100_percent_delivery_and_utilization; not_electron_specific; not_a_chemical_yield_prediction
BMIM_nitrate_20kHz,"BMIM nitrate, 20 kHz",BMIM_nitrate,20.0,3.25,False,2.5,5.0,1.0,9.988685813863787e+16,9.75359589807292e+16,1.0055266406100066e+17,1.6328438857988636,1.6220320675381439,1.67220015354089,hypothetical electrical-rate transfer to a 5 mM metal-ion inventory; BMIM nitrate itself contains no metal,True,supported_provisional_model_dependent,total_negative_electrical_charge_equivalents; 100_percent_delivery_and_utilization; not_electron_specific; not_a_chemical_yield_prediction
BMIM_nitrate_20kHz,"BMIM nitrate, 20 kHz",BMIM_nitrate,20.0,3.3000000000000003,False,2.5,5.0,1.0,9.988685813863787e+16,9.75359589807292e+16,1.0055266406100066e+17,1.6579645609650002,1.646986407038731,1.6979263097492117,hypothetical electrical-rate transfer to a 5 mM metal-ion inventory; BMIM nitrate itself contains no metal,True,supported_provisional_model_dependent,total_negative_electrical_charge_equivalents; 100_percent_delivery_and_utilization; not_electron_specific; not_a_chemical_yield_prediction
BMIM_nitrate_20kHz,"BMIM nitrate, 20 kHz",BMIM_nitrate,20.0,3.35,False,2.5,5.0,1.0,9.988685813863787e+16,9.75359589807292e+16,1.0055266406100066e+17,1.6830852361311366,1.6719407465393177,1.7236524659575327,hypothetical electrical-rate transfer to a 5 mM metal-ion inventory; BMIM nitrate itself contains no metal,True,supported_provisional_model_dependent,total_negative_electrical_charge_equivalents; 100_percent_delivery_and_utilization; not_electron_specific; not_a_chemical_yield_prediction
BMIM_nitrate_20kHz,"BMIM nitrate, 20 kHz",BMIM_nitrate,20.0,3.4000000000000004,False,2.5,5.0,1.0,9.988685813863787e+16,9.75359589807292e+16,1.0055266406100066e+17,1.7082059112972732,1.6968950860399048,1.7493786221658545,hypothetical electrical-rate transfer to a 5 mM metal-ion inventory; BMIM nitrate itself contains no metal,True,supported_provisional_model_dependent,total_negative_electrical_charge_equivalents; 100_percent_delivery_and_utilization; not_electron_specific; not_a_chemical_yield_prediction
BMIM_nitrate_20kHz,"BMIM nitrate, 20 kHz",BMIM_nitrate,20.0,3.45,False,2.5,5.0,1.0,9.988685813863787e+16,9.75359589807292e+16,1.0055266406100066e+17,1.7333265864634093,1.7218494255404915,1.7751047783741758,hypothetical electrical-rate transfer to a 5 mM metal-ion inventory; BMIM nitrate itself contains no metal,True,supported_provisional_model_dependent,total_negative_electrical_charge_equivalents; 100_percent_delivery_and_utilization; not_electron_specific; not_a_chemical_yield_prediction
BMIM_nitrate_20kHz,"BMIM nitrate, 20 kHz",BMIM_nitrate,20.0,3.5,False,2.5,5.0,1.0,9.988685813863787e+16,9.75359589807292e+16,1.0055266406100066e+17,1.7584472616295457,1.7468037650410781,1.800830934582497,hypothetical electrical-rate transfer to a 5 mM metal-ion inventory; BMIM nitrate itself contains no metal,True,supported_provisional_model_dependent,total_negative_electrical_charge_equivalents; 100_percent_delivery_and_utilization; not_electron_specific; not_a_chemical_yield_prediction
BMIM_nitrate_20kHz,"BMIM nitrate, 20 kHz",BMIM_nitrate,20.0,3.5500000000000003,False,2.5,5.0,1.0,9.988685813863787e+16,9.75359589807292e+16,1.0055266406100066e+17,1.7835679367956818,1.7717581045416648,1.8265570907908182,hypothetical electrical-rate transfer to a 5 mM metal-ion inventory; BMIM nitrate itself contains no metal,True,supported_provisional_model_dependent,total_negative_electrical_charge_equivalents; 100_percent_delivery_and_utilization; not_electron_specific; not_a_chemical_yield_prediction
BMIM_nitrate_20kHz,"BMIM nitrate, 20 kHz",BMIM_nitrate,20.0,3.6,False,2.5,5.0,1.0,9.988685813863787e+16,9.75359589807292e+16,1.0055266406100066e+17,1.8086886119618184,1.796712444042252,1.85228324699914,hypothetical electrical-rate transfer to a 5 mM metal-ion inventory; BMIM nitrate itself contains no metal,True,supported_provisional_model_dependent,total_negative_electrical_charge_equivalents; 100_percent_delivery_and_utilization; not_electron_specific; not_a_chemical_yield_prediction
BMIM_nitrate_20kHz,"BMIM nitrate, 20 kHz",BMIM_nitrate,20.0,3.6500000000000004,False,2.5,5.0,1.0,9.988685813863787e+16,9.75359589807292e+16,1.0055266406100066e+17,1.8338092871279548,1.8216667835428386,1.8780094032074612,hypothetical electrical-rate transfer to a 5 mM metal-ion inventory; BMIM nitrate itself contains no metal,True,supported_provisional_model_dependent,total_negative_electrical_charge_equivalents; 100_percent_delivery_and_utilization; not_electron_specific; not_a_chemical_yield_prediction
BMIM_nitrate_20kHz,"BMIM nitrate, 20 kHz",BMIM_nitrate,20.0,3.7,False,2.5,5.0,1.0,9.988685813863787e+16,9.75359589807292e+16,1.0055266406100066e+17,1.858929962294091,1.8466211230434253,1.9037355594157825,hypothetical electrical-rate transfer to a 5 mM metal-ion inventory; BMIM nitrate itself contains no metal,True,supported_provisional_model_dependent,total_negative_electrical_charge_equivalents; 100_percent_delivery_and_utilization; not_electron_specific; not_a_chemical_yield_prediction
BMIM_nitrate_20kHz,"BMIM nitrate, 20 kHz",BMIM_nitrate,20.0,3.75,False,2.5,5.0,1.0,9.988685813863787e+16,9.75359589807292e+16,1.0055266406100066e+17,1.8840506374602273,1.8715754625440122,1.9294617156241036,hypothetical electrical-rate transfer to a 5 mM metal-ion inventory; BMIM nitrate itself contains no metal,True,supported_provisional_model_dependent,total_negative_electrical_charge_equivalents; 100_percent_delivery_and_utilization; not_electron_specific; not_a_chemical_yield_prediction
BMIM_nitrate_20kHz,"BMIM nitrate, 20 kHz",BMIM_nitrate,20.0,3.8000000000000003,False,2.5,5.0,1.0,9.988685813863787e+16,9.75359589807292e+16,1.0055266406100066e+17,1.9091713126263639,1.896529802044599,1.9551878718324254,hypothetical electrical-rate transfer to a 5 mM metal-ion inventory; BMIM nitrate itself contains no metal,True,supported_provisional_model_dependent,total_negative_electrical_charge_equivalents; 100_percent_delivery_and_utilization; not_electron_specific; not_a_chemical_yield_prediction
BMIM_nitrate_20kHz,"BMIM nitrate, 20 kHz",BMIM_nitrate,20.0,3.85,False,2.5,5.0,1.0,9.988685813863787e+16,9.75359589807292e+16,1.0055266406100066e+17,1.9342919877925,1.921484141545186,1.9809140280407467,hypothetical electrical-rate transfer to a 5 mM metal-ion inventory; BMIM nitrate itself contains no metal,True,supported_provisional_model_dependent,total_negative_electrical_charge_equivalents; 100_percent_delivery_and_utilization; not_electron_specific; not_a_chemical_yield_prediction
BMIM_nitrate_20kHz,"BMIM nitrate, 20 kHz",BMIM_nitrate,20.0,3.9000000000000004,False,2.5,5.0,1.0,9.988685813863787e+16,9.75359589807292e+16,1.0055266406100066e+17,1.9594126629586366,1.9464384810457729,2.006640184249068,hypothetical electrical-rate transfer to a 5 mM metal-ion inventory; BMIM nitrate itself contains no metal,True,supported_provisional_model_dependent,total_negative_electrical_charge_equivalents; 100_percent_delivery_and_utilization; not_electron_specific; not_a_chemical_yield_prediction
BMIM_nitrate_20kHz,"BMIM nitrate, 20 kHz",BMIM_nitrate,20.0,3.95,False,2.5,5.0,1.0,9.988685813863787e+16,9.75359589807292e+16,1.0055266406100066e+17,1.984533338124773,1.9713928205463598,2.0323663404573895,hypothetical electrical-rate transfer to a 5 mM metal-ion inventory; BMIM nitrate itself contains no metal,True,supported_provisional_model_dependent,total_negative_electrical_charge_equivalents; 100_percent_delivery_and_utilization; not_electron_specific; not_a_chemical_yield_prediction
BMIM_nitrate_20kHz,"BMIM nitrate, 20 kHz",BMIM_nitrate,20.0,4.0,False,2.5,5.0,1.0,9.988685813863787e+16,9.75359589807292e+16,1.0055266406100066e+17,2.009654013290909,1.9963471600469465,2.0580924966657106,hypothetical electrical-rate transfer to a 5 mM metal-ion inventory; BMIM nitrate itself contains no metal,True,supported_provisional_model_dependent,total_negative_electrical_charge_equivalents; 100_percent_delivery_and_utilization; not_electron_specific; not_a_chemical_yield_prediction
BMIM_nitrate_20kHz,"BMIM nitrate, 20 kHz",BMIM_nitrate,20.0,4.05,False,2.5,5.0,1.0,9.988685813863787e+16,9.75359589807292e+16,1.0055266406100066e+17,2.0347746884570452,2.021301499547533,2.083818652874032,hypothetical electrical-rate transfer to a 5 mM metal-ion inventory; BMIM nitrate itself contains no metal,True,supported_provisional_model_dependent,total_negative_electrical_charge_equivalents; 100_percent_delivery_and_utilization; not_electron_specific; not_a_chemical_yield_prediction
BMIM_nitrate_20kHz,"BMIM nitrate, 20 kHz",BMIM_nitrate,20.0,4.1000000000000005,False,2.5,5.0,1.0,9.988685813863787e+16,9.75359589807292e+16,1.0055266406100066e+17,2.059895363623182,2.0462558390481203,2.1095448090823536,hypothetical electrical-rate transfer to a 5 mM metal-ion inventory; BMIM nitrate itself contains no metal,True,supported_provisional_model_dependent,total_negative_electrical_charge_equivalents; 100_percent_delivery_and_utilization; not_electron_specific; not_a_chemical_yield_prediction
BMIM_nitrate_20kHz,"BMIM nitrate, 20 kHz",BMIM_nitrate,20.0,4.15,False,2.5,5.0,1.0,9.988685813863787e+16,9.75359589807292e+16,1.0055266406100066e+17,2.0850160387893184,2.071210178548707,2.135270965290675,hypothetical electrical-rate transfer to a 5 mM metal-ion inventory; BMIM nitrate itself contains no metal,True,supported_provisional_model_dependent,total_negative_electrical_charge_equivalents; 100_percent_delivery_and_utilization; not_electron_specific; not_a_chemical_yield_prediction
BMIM_nitrate_20kHz,"BMIM nitrate, 20 kHz",BMIM_nitrate,20.0,4.2,False,2.5,5.0,1.0,9.988685813863787e+16,9.75359589807292e+16,1.0055266406100066e+17,2.110136713955455,2.096164518049294,2.1609971214989967,hypothetical electrical-rate transfer to a 5 mM metal-ion inventory; BMIM nitrate itself contains no metal,True,supported_provisional_model_dependent,total_negative_electrical_charge_equivalents; 100_percent_delivery_and_utilization; not_electron_specific; not_a_chemical_yield_prediction
BMIM_nitrate_20kHz,"BMIM nitrate, 20 kHz",BMIM_nitrate,20.0,4.25,False,2.5,5.0,1.0,9.988685813863787e+16,9.75359589807292e+16,1.0055266406100066e+17,2.135257389121591,2.1211188575498805,2.186723277707318,hypothetical electrical-rate transfer to a 5 mM metal-ion inventory; BMIM nitrate itself contains no metal,True,supported_provisional_model_dependent,total_negative_electrical_charge_equivalents; 100_percent_delivery_and_utilization; not_electron_specific; not_a_chemical_yield_prediction
BMIM_nitrate_20kHz,"BMIM nitrate, 20 kHz",BMIM_nitrate,20.0,4.3,False,2.5,5.0,1.0,9.988685813863787e+16,9.75359589807292e+16,1.0055266406100066e+17,2.1603780642877273,2.1460731970504674,2.212449433915639,hypothetical electrical-rate transfer to a 5 mM metal-ion inventory; BMIM nitrate itself contains no metal,True,supported_provisional_model_dependent,total_negative_electrical_charge_equivalents; 100_percent_delivery_and_utilization; not_electron_specific; not_a_chemical_yield_prediction
BMIM_nitrate_20kHz,"BMIM nitrate, 20 kHz",BMIM_nitrate,20.0,4.3500000000000005,False,2.5,5.0,1.0,9.988685813863787e+16,9.75359589807292e+16,1.0055266406100066e+17,2.185498739453864,2.1710275365510543,2.238175590123961,hypothetical electrical-rate transfer to a 5 mM metal-ion inventory; BMIM nitrate itself contains no metal,True,supported_provisional_model_dependent,total_negative_electrical_charge_equivalents; 100_percent_delivery_and_utilization; not_electron_specific; not_a_chemical_yield_prediction
BMIM_nitrate_20kHz,"BMIM nitrate, 20 kHz",BMIM_nitrate,20.0,4.4,False,2.5,5.0,1.0,9.988685813863787e+16,9.75359589807292e+16,1.0055266406100066e+17,2.21061941462,2.195981876051641,2.263901746332282,hypothetical electrical-rate transfer to a 5 mM metal-ion inventory; BMIM nitrate itself contains no metal,True,supported_provisional_model_dependent,total_negative_electrical_charge_equivalents; 100_percent_delivery_and_utilization; not_electron_specific; not_a_chemical_yield_prediction
BMIM_nitrate_20kHz,"BMIM nitrate, 20 kHz",BMIM_nitrate,20.0,4.45,False,2.5,5.0,1.0,9.988685813863787e+16,9.75359589807292e+16,1.0055266406100066e+17,2.2357400897861366,2.220936215552228,2.2896279025406034,hypothetical electrical-rate transfer to a 5 mM metal-ion inventory; BMIM nitrate itself contains no metal,True,supported_provisional_model_dependent,total_negative_electrical_charge_equivalents; 100_percent_delivery_and_utilization; not_electron_specific; not_a_chemical_yield_prediction
BMIM_nitrate_20kHz,"BMIM nitrate, 20 kHz",BMIM_nitrate,20.0,4.5,False,2.5,5.0,1.0,9.988685813863787e+16,9.75359589807292e+16,1.0055266406100066e+17,2.2608607649522727,2.2458905550528145,2.3153540587489245,hypothetical electrical-rate transfer to a 5 mM metal-ion inventory; BMIM nitrate itself contains no metal,True,supported_provisional_model_dependent,total_negative_electrical_charge_equivalents; 100_percent_delivery_and_utilization; not_electron_specific; not_a_chemical_yield_prediction
BMIM_nitrate_20kHz,"BMIM nitrate, 20 kHz",BMIM_nitrate,20.0,4.55,False,2.5,5.0,1.0,9.988685813863787e+16,9.75359589807292e+16,1.0055266406100066e+17,2.285981440118409,2.2708448945534014,2.3410802149572456,hypothetical electrical-rate transfer to a 5 mM metal-ion inventory; BMIM nitrate itself contains no metal,True,supported_provisional_model_dependent,total_negative_electrical_charge_equivalents; 100_percent_delivery_and_utilization; not_electron_specific; not_a_chemical_yield_prediction
BMIM_nitrate_20kHz,"BMIM nitrate, 20 kHz",BMIM_nitrate,20.0,4.6000000000000005,False,2.5,5.0,1.0,9.988685813863787e+16,9.75359589807292e+16,1.0055266406100066e+17,2.311102115284546,2.295799234053989,2.3668063711655676,hypothetical electrical-rate transfer to a 5 mM metal-ion inventory; BMIM nitrate itself contains no metal,True,supported_provisional_model_dependent,total_negative_electrical_charge_equivalents; 100_percent_delivery_and_utilization; not_electron_specific; not_a_chemical_yield_prediction
BMIM_nitrate_20kHz,"BMIM nitrate, 20 kHz",BMIM_nitrate,20.0,4.65,False,2.5,5.0,1.0,9.988685813863787e+16,9.75359589807292e+16,1.0055266406100066e+17,2.336222790450682,2.3207535735545752,2.392532527373889,hypothetical electrical-rate transfer to a 5 mM metal-ion inventory; BMIM nitrate itself contains no metal,True,supported_provisional_model_dependent,total_negative_electrical_charge_equivalents; 100_percent_delivery_and_utilization; not_electron_specific; not_a_chemical_yield_prediction
BMIM_nitrate_20kHz,"BMIM nitrate, 20 kHz",BMIM_nitrate,20.0,4.7,False,2.5,5.0,1.0,9.988685813863787e+16,9.75359589807292e+16,1.0055266406100066e+17,2.3613434656168186,2.345707913055162,2.41825868358221,hypothetical electrical-rate transfer to a 5 mM metal-ion inventory; BMIM nitrate itself contains no metal,True,supported_provisional_model_dependent,total_negative_electrical_charge_equivalents; 100_percent_delivery_and_utilization; not_electron_specific; not_a_chemical_yield_prediction
BMIM_nitrate_20kHz,"BMIM nitrate, 20 kHz",BMIM_nitrate,20.0,4.75,False,2.5,5.0,1.0,9.988685813863787e+16,9.75359589807292e+16,1.0055266406100066e+17,2.3864641407829548,2.370662252555749,2.4439848397905317,hypothetical electrical-rate transfer to a 5 mM metal-ion inventory; BMIM nitrate itself contains no metal,True,supported_provisional_model_dependent,total_negative_electrical_charge_equivalents; 100_percent_delivery_and_utilization; not_electron_specific; not_a_chemical_yield_prediction
BMIM_nitrate_20kHz,"BMIM nitrate, 20 kHz",BMIM_nitrate,20.0,4.800000000000001,False,2.5,5.0,1.0,9.988685813863787e+16,9.75359589807292e+16,1.0055266406100066e+17,2.4115848159490914,2.395616592056336,2.4697109959988532,hypothetical electrical-rate transfer to a 5 mM metal-ion inventory; BMIM nitrate itself contains no metal,True,supported_provisional_model_dependent,total_negative_electrical_charge_equivalents; 100_percent_delivery_and_utilization; not_electron_specific; not_a_chemical_yield_prediction
BMIM_nitrate_20kHz,"BMIM nitrate, 20 kHz",BMIM_nitrate,20.0,4.8500000000000005,False,2.5,5.0,1.0,9.988685813863787e+16,9.75359589807292e+16,1.0055266406100066e+17,2.4367054911152275,2.420570931556923,2.4954371522071743,hypothetical electrical-rate transfer to a 5 mM metal-ion inventory; BMIM nitrate itself contains no metal,True,supported_provisional_model_dependent,total_negative_electrical_charge_equivalents; 100_percent_delivery_and_utilization; not_electron_specific; not_a_chemical_yield_prediction
BMIM_nitrate_20kHz,"BMIM nitrate, 20 kHz",BMIM_nitrate,20.0,4.9,False,2.5,5.0,1.0,9.988685813863787e+16,9.75359589807292e+16,1.0055266406100066e+17,2.4618261662813636,2.4455252710575093,2.521163308415496,hypothetical electrical-rate transfer to a 5 mM metal-ion inventory; BMIM nitrate itself contains no metal,True,supported_provisional_model_dependent,total_negative_electrical_charge_equivalents; 100_percent_delivery_and_utilization; not_electron_specific; not_a_chemical_yield_prediction
BMIM_nitrate_20kHz,"BMIM nitrate, 20 kHz",BMIM_nitrate,20.0,4.95,False,2.5,5.0,1.0,9.988685813863787e+16,9.75359589807292e+16,1.0055266406100066e+17,2.4869468414475002,2.470479610558096,2.546889464623817,hypothetical electrical-rate transfer to a 5 mM metal-ion inventory; BMIM nitrate itself contains no metal,True,supported_provisional_model_dependent,total_negative_electrical_charge_equivalents; 100_percent_delivery_and_utilization; not_electron_specific; not_a_chemical_yield_prediction
BMIM_nitrate_20kHz,"BMIM nitrate, 20 kHz",BMIM_nitrate,20.0,5.0,False,2.5,5.0,1.0,9.988685813863787e+16,9.75359589807292e+16,1.0055266406100066e+17,2.5120675166136364,2.4954339500586826,2.5726156208321385,hypothetical electrical-rate transfer to a 5 mM metal-ion inventory; BMIM nitrate itself contains no metal,True,supported_provisional_model_dependent,total_negative_electrical_charge_equivalents; 100_percent_delivery_and_utilization; not_electron_specific; not_a_chemical_yield_prediction
5mM_Mn_nitrate_in_water_4kHz,"5 mM Mn nitrate, 4 kHz",5mM_Mn_nitrate_in_water,4.0,0.0,False,2.5,5.0,1.0,3.5913050049865984e+16,3.5650956798318708e+16,3.621530042716392e+16,0.0,0.0,0.0,"composition-matched 5 mM Mn-ion inventory; electrical charge-equivalent clock, not chemical conversion",True,exploratory_transferred_model,total_negative_electrical_charge_equivalents; 100_percent_delivery_and_utilization; not_electron_specific; not_a_chemical_yield_prediction
5mM_Mn_nitrate_in_water_4kHz,"5 mM Mn nitrate, 4 kHz",5mM_Mn_nitrate_in_water,4.0,0.05,False,2.5,5.0,1.0,3.5913050049865984e+16,3.5650956798318708e+16,3.621530042716392e+16,0.06986945729150149,0.06928633166286198,0.07038311288141924,"composition-matched 5 mM Mn-ion inventory; electrical charge-equivalent clock, not chemical conversion",True,exploratory_transferred_model,total_negative_electrical_charge_equivalents; 100_percent_delivery_and_utilization; not_electron_specific; not_a_chemical_yield_prediction
5mM_Mn_nitrate_in_water_4kHz,"5 mM Mn nitrate, 4 kHz",5mM_Mn_nitrate_in_water,4.0,0.1,False,2.5,5.0,1.0,3.5913050049865984e+16,3.5650956798318708e+16,3.621530042716392e+16,0.13973891458300297,0.13857266332572396,0.14076622576283848,"composition-matched 5 mM Mn-ion inventory; electrical charge-equivalent clock, not chemical conversion",True,exploratory_transferred_model,total_negative_electrical_charge_equivalents; 100_percent_delivery_and_utilization; not_electron_specific; not_a_chemical_yield_prediction
5mM_Mn_nitrate_in_water_4kHz,"5 mM Mn nitrate, 4 kHz",5mM_Mn_nitrate_in_water,4.0,0.15000000000000002,False,2.5,5.0,1.0,3.5913050049865984e+16,3.5650956798318708e+16,3.621530042716392e+16,0.20960837187450446,0.20785899498858595,0.21114933864425775,"composition-matched 5 mM Mn-ion inventory; electrical charge-equivalent clock, not chemical conversion",True,exploratory_transferred_model,total_negative_electrical_charge_equivalents; 100_percent_delivery_and_utilization; not_electron_specific; not_a_chemical_yield_prediction
5mM_Mn_nitrate_in_water_4kHz,"5 mM Mn nitrate, 4 kHz",5mM_Mn_nitrate_in_water,4.0,0.2,False,2.5,5.0,1.0,3.5913050049865984e+16,3.5650956798318708e+16,3.621530042716392e+16,0.27947782916600594,0.2771453266514479,0.28153245152567696,"composition-matched 5 mM Mn-ion inventory; electrical charge-equivalent clock, not chemical conversion",True,exploratory_transferred_model,total_negative_electrical_charge_equivalents; 100_percent_delivery_and_utilization; not_electron_specific; not_a_chemical_yield_prediction
5mM_Mn_nitrate_in_water_4kHz,"5 mM Mn nitrate, 4 kHz",5mM_Mn_nitrate_in_water,4.0,0.25,False,2.5,5.0,1.0,3.5913050049865984e+16,3.5650956798318708e+16,3.621530042716392e+16,0.3493472864575074,0.3464316583143099,0.3519155644070962,"composition-matched 5 mM Mn-ion inventory; electrical charge-equivalent clock, not chemical conversion",True,exploratory_transferred_model,total_negative_electrical_charge_equivalents; 100_percent_delivery_and_utilization; not_electron_specific; not_a_chemical_yield_prediction
5mM_Mn_nitrate_in_water_4kHz,"5 mM Mn nitrate, 4 kHz",5mM_Mn_nitrate_in_water,4.0,0.30000000000000004,False,2.5,5.0,1.0,3.5913050049865984e+16,3.5650956798318708e+16,3.621530042716392e+16,0.4192167437490089,0.4157179899771719,0.4222986772885155,"composition-matched 5 mM Mn-ion inventory; electrical charge-equivalent clock, not chemical conversion",True,exploratory_transferred_model,total_negative_electrical_charge_equivalents; 100_percent_delivery_and_utilization; not_electron_specific; not_a_chemical_yield_prediction
5mM_Mn_nitrate_in_water_4kHz,"5 mM Mn nitrate, 4 kHz",5mM_Mn_nitrate_in_water,4.0,0.35000000000000003,False,2.5,5.0,1.0,3.5913050049865984e+16,3.5650956798318708e+16,3.621530042716392e+16,0.48908620104051037,0.4850043216400339,0.49268179016993474,"composition-matched 5 mM Mn-ion inventory; electrical charge-equivalent clock, not chemical conversion",True,exploratory_transferred_model,total_negative_electrical_charge_equivalents; 100_percent_delivery_and_utilization; not_electron_specific; not_a_chemical_yield_prediction
5mM_Mn_nitrate_in_water_4kHz,"5 mM Mn nitrate, 4 kHz",5mM_Mn_nitrate_in_water,4.0,0.4,False,2.5,5.0,1.0,3.5913050049865984e+16,3.5650956798318708e+16,3.621530042716392e+16,0.5589556583320119,0.5542906533028958,0.5630649030513539,"composition-matched 5 mM Mn-ion inventory; electrical charge-equivalent clock, not chemical conversion",True,exploratory_transferred_model,total_negative_electrical_charge_equivalents; 100_percent_delivery_and_utilization; not_electron_specific; not_a_chemical_yield_prediction
5mM_Mn_nitrate_in_water_4kHz,"5 mM Mn nitrate, 4 kHz",5mM_Mn_nitrate_in_water,4.0,0.45,False,2.5,5.0,1.0,3.5913050049865984e+16,3.5650956798318708e+16,3.621530042716392e+16,0.6288251156235134,0.6235769849657579,0.6334480159327732,"composition-matched 5 mM Mn-ion inventory; electrical charge-equivalent clock, not chemical conversion",True,exploratory_transferred_model,total_negative_electrical_charge_equivalents; 100_percent_delivery_and_utilization; not_electron_specific; not_a_chemical_yield_prediction
5mM_Mn_nitrate_in_water_4kHz,"5 mM Mn nitrate, 4 kHz",5mM_Mn_nitrate_in_water,4.0,0.5,False,2.5,5.0,1.0,3.5913050049865984e+16,3.5650956798318708e+16,3.621530042716392e+16,0.6986945729150148,0.6928633166286198,0.7038311288141924,"composition-matched 5 mM Mn-ion inventory; electrical charge-equivalent clock, not chemical conversion",True,exploratory_transferred_model,total_negative_electrical_charge_equivalents; 100_percent_delivery_and_utilization; not_electron_specific; not_a_chemical_yield_prediction
5mM_Mn_nitrate_in_water_4kHz,"5 mM Mn nitrate, 4 kHz",5mM_Mn_nitrate_in_water,4.0,0.55,False,2.5,5.0,1.0,3.5913050049865984e+16,3.5650956798318708e+16,3.621530042716392e+16,0.7685640302065163,0.7621496482914818,0.7742142416956117,"composition-matched 5 mM Mn-ion inventory; electrical charge-equivalent clock, not chemical conversion",True,exploratory_transferred_model,total_negative_electrical_charge_equivalents; 100_percent_delivery_and_utilization; not_electron_specific; not_a_chemical_yield_prediction
5mM_Mn_nitrate_in_water_4kHz,"5 mM Mn nitrate, 4 kHz",5mM_Mn_nitrate_in_water,4.0,0.6000000000000001,False,2.5,5.0,1.0,3.5913050049865984e+16,3.5650956798318708e+16,3.621530042716392e+16,0.8384334874980178,0.8314359799543438,0.844597354577031,"composition-matched 5 mM Mn-ion inventory; electrical charge-equivalent clock, not chemical conversion",True,exploratory_transferred_model,total_negative_electrical_charge_equivalents; 100_percent_delivery_and_utilization; not_electron_specific; not_a_chemical_yield_prediction
5mM_Mn_nitrate_in_water_4kHz,"5 mM Mn nitrate, 4 kHz",5mM_Mn_nitrate_in_water,4.0,0.65,False,2.5,5.0,1.0,3.5913050049865984e+16,3.5650956798318708e+16,3.621530042716392e+16,0.9083029447895192,0.9007223116172057,0.9149804674584502,"composition-matched 5 mM Mn-ion inventory; electrical charge-equivalent clock, not chemical conversion",True,exploratory_transferred_model,total_negative_electrical_charge_equivalents; 100_percent_delivery_and_utilization; not_electron_specific; not_a_chemical_yield_prediction
5mM_Mn_nitrate_in_water_4kHz,"5 mM Mn nitrate, 4 kHz",5mM_Mn_nitrate_in_water,4.0,0.7000000000000001,False,2.5,5.0,1.0,3.5913050049865984e+16,3.5650956798318708e+16,3.621530042716392e+16,0.9781724020810207,0.9700086432800678,0.9853635803398695,"composition-matched 5 mM Mn-ion inventory; electrical charge-equivalent clock, not chemical conversion",True,exploratory_transferred_model,total_negative_electrical_charge_equivalents; 100_percent_delivery_and_utilization; not_electron_specific; not_a_chemical_yield_prediction
5mM_Mn_nitrate_in_water_4kHz,"5 mM Mn nitrate, 4 kHz",5mM_Mn_nitrate_in_water,4.0,0.75,False,2.5,5.0,1.0,3.5913050049865984e+16,3.5650956798318708e+16,3.621530042716392e+16,1.0480418593725223,1.0392949749429297,1.0557466932212887,"composition-matched 5 mM Mn-ion inventory; electrical charge-equivalent clock, not chemical conversion",True,exploratory_transferred_model,total_negative_electrical_charge_equivalents; 100_percent_delivery_and_utilization; not_electron_specific; not_a_chemical_yield_prediction
5mM_Mn_nitrate_in_water_4kHz,"5 mM Mn nitrate, 4 kHz",5mM_Mn_nitrate_in_water,4.0,0.8,False,2.5,5.0,1.0,3.5913050049865984e+16,3.5650956798318708e+16,3.621530042716392e+16,1.1179113166640238,1.1085813066057917,1.1261298061027079,"composition-matched 5 mM Mn-ion inventory; electrical charge-equivalent clock, not chemical conversion",True,exploratory_transferred_model,total_negative_electrical_charge_equivalents; 100_percent_delivery_and_utilization; not_electron_specific; not_a_chemical_yield_prediction
5mM_Mn_nitrate_in_water_4kHz,"5 mM Mn nitrate, 4 kHz",5mM_Mn_nitrate_in_water,4.0,0.8500000000000001,False,2.5,5.0,1.0,3.5913050049865984e+16,3.5650956798318708e+16,3.621530042716392e+16,1.1877807739555253,1.1778676382686537,1.1965129189841273,"composition-matched 5 mM Mn-ion inventory; electrical charge-equivalent clock, not chemical conversion",True,exploratory_transferred_model,total_negative_electrical_charge_equivalents; 100_percent_delivery_and_utilization; not_electron_specific; not_a_chemical_yield_prediction
5mM_Mn_nitrate_in_water_4kHz,"5 mM Mn nitrate, 4 kHz",5mM_Mn_nitrate_in_water,4.0,0.9,False,2.5,5.0,1.0,3.5913050049865984e+16,3.5650956798318708e+16,3.621530042716392e+16,1.2576502312470268,1.2471539699315157,1.2668960318655464,"composition-matched 5 mM Mn-ion inventory; electrical charge-equivalent clock, not chemical conversion",True,exploratory_transferred_model,total_negative_electrical_charge_equivalents; 100_percent_delivery_and_utilization; not_electron_specific; not_a_chemical_yield_prediction
5mM_Mn_nitrate_in_water_4kHz,"5 mM Mn nitrate, 4 kHz",5mM_Mn_nitrate_in_water,4.0,0.9500000000000001,False,2.5,5.0,1.0,3.5913050049865984e+16,3.5650956798318708e+16,3.621530042716392e+16,1.327519688538528,1.3164403015943775,1.3372791447469656,"composition-matched 5 mM Mn-ion inventory; electrical charge-equivalent clock, not chemical conversion",True,exploratory_transferred_model,total_negative_electrical_charge_equivalents; 100_percent_delivery_and_utilization; not_electron_specific; not_a_chemical_yield_prediction
5mM_Mn_nitrate_in_water_4kHz,"5 mM Mn nitrate, 4 kHz",5mM_Mn_nitrate_in_water,4.0,1.0,False,2.5,5.0,1.0,3.5913050049865984e+16,3.5650956798318708e+16,3.621530042716392e+16,1.3973891458300296,1.3857266332572395,1.4076622576283848,"composition-matched 5 mM Mn-ion inventory; electrical charge-equivalent clock, not chemical conversion",True,exploratory_transferred_model,total_negative_electrical_charge_equivalents; 100_percent_delivery_and_utilization; not_electron_specific; not_a_chemical_yield_prediction
5mM_Mn_nitrate_in_water_4kHz,"5 mM Mn nitrate, 4 kHz",5mM_Mn_nitrate_in_water,4.0,1.05,False,2.5,5.0,1.0,3.5913050049865984e+16,3.5650956798318708e+16,3.621530042716392e+16,1.4672586031215311,1.4550129649201016,1.4780453705098042,"composition-matched 5 mM Mn-ion inventory; electrical charge-equivalent clock, not chemical conversion",True,exploratory_transferred_model,total_negative_electrical_charge_equivalents; 100_percent_delivery_and_utilization; not_electron_specific; not_a_chemical_yield_prediction
5mM_Mn_nitrate_in_water_4kHz,"5 mM Mn nitrate, 4 kHz",5mM_Mn_nitrate_in_water,4.0,1.1,False,2.5,5.0,1.0,3.5913050049865984e+16,3.5650956798318708e+16,3.621530042716392e+16,1.5371280604130326,1.5242992965829636,1.5484284833912234,"composition-matched 5 mM Mn-ion inventory; electrical charge-equivalent clock, not chemical conversion",True,exploratory_transferred_model,total_negative_electrical_charge_equivalents; 100_percent_delivery_and_utilization; not_electron_specific; not_a_chemical_yield_prediction
5mM_Mn_nitrate_in_water_4kHz,"5 mM Mn nitrate, 4 kHz",5mM_Mn_nitrate_in_water,4.0,1.1500000000000001,False,2.5,5.0,1.0,3.5913050049865984e+16,3.5650956798318708e+16,3.621530042716392e+16,1.6069975177045341,1.5935856282458256,1.6188115962726428,"composition-matched 5 mM Mn-ion inventory; electrical charge-equivalent clock, not chemical conversion",True,exploratory_transferred_model,total_negative_electrical_charge_equivalents; 100_percent_delivery_and_utilization; not_electron_specific; not_a_chemical_yield_prediction
5mM_Mn_nitrate_in_water_4kHz,"5 mM Mn nitrate, 4 kHz",5mM_Mn_nitrate_in_water,4.0,1.2000000000000002,False,2.5,5.0,1.0,3.5913050049865984e+16,3.5650956798318708e+16,3.621530042716392e+16,1.6768669749960357,1.6628719599086876,1.689194709154062,"composition-matched 5 mM Mn-ion inventory; electrical charge-equivalent clock, not chemical conversion",True,exploratory_transferred_model,total_negative_electrical_charge_equivalents; 100_percent_delivery_and_utilization; not_electron_specific; not_a_chemical_yield_prediction
5mM_Mn_nitrate_in_water_4kHz,"5 mM Mn nitrate, 4 kHz",5mM_Mn_nitrate_in_water,4.0,1.25,False,2.5,5.0,1.0,3.5913050049865984e+16,3.5650956798318708e+16,3.621530042716392e+16,1.746736432287537,1.7321582915715492,1.759577822035481,"composition-matched 5 mM Mn-ion inventory; electrical charge-equivalent clock, not chemical conversion",True,exploratory_transferred_model,total_negative_electrical_charge_equivalents; 100_percent_delivery_and_utilization; not_electron_specific; not_a_chemical_yield_prediction
5mM_Mn_nitrate_in_water_4kHz,"5 mM Mn nitrate, 4 kHz",5mM_Mn_nitrate_in_water,4.0,1.3,False,2.5,5.0,1.0,3.5913050049865984e+16,3.5650956798318708e+16,3.621530042716392e+16,1.8166058895790385,1.8014446232344115,1.8299609349169004,"composition-matched 5 mM Mn-ion inventory; electrical charge-equivalent clock, not chemical conversion",True,exploratory_transferred_model,total_negative_electrical_charge_equivalents; 100_percent_delivery_and_utilization; not_electron_specific; not_a_chemical_yield_prediction
5mM_Mn_nitrate_in_water_4kHz,"5 mM Mn nitrate, 4 kHz",5mM_Mn_nitrate_in_water,4.0,1.35,False,2.5,5.0,1.0,3.5913050049865984e+16,3.5650956798318708e+16,3.621530042716392e+16,1.8864753468705402,1.8707309548972735,1.9003440477983198,"composition-matched 5 mM Mn-ion inventory; electrical charge-equivalent clock, not chemical conversion",True,exploratory_transferred_model,total_negative_electrical_charge_equivalents; 100_percent_delivery_and_utilization; not_electron_specific; not_a_chemical_yield_prediction
5mM_Mn_nitrate_in_water_4kHz,"5 mM Mn nitrate, 4 kHz",5mM_Mn_nitrate_in_water,4.0,1.4000000000000001,False,2.5,5.0,1.0,3.5913050049865984e+16,3.5650956798318708e+16,3.621530042716392e+16,1.9563448041620415,1.9400172865601355,1.970727160679739,"composition-matched 5 mM Mn-ion inventory; electrical charge-equivalent clock, not chemical conversion",True,exploratory_transferred_model,total_negative_electrical_charge_equivalents; 100_percent_delivery_and_utilization; not_electron_specific; not_a_chemical_yield_prediction
5mM_Mn_nitrate_in_water_4kHz,"5 mM Mn nitrate, 4 kHz",5mM_Mn_nitrate_in_water,4.0,1.4500000000000002,False,2.5,5.0,1.0,3.5913050049865984e+16,3.5650956798318708e+16,3.621530042716392e+16,2.0262142614535428,2.0093036182229973,2.041110273561158,"composition-matched 5 mM Mn-ion inventory; electrical charge-equivalent clock, not chemical conversion",True,exploratory_transferred_model,total_negative_electrical_charge_equivalents; 100_percent_delivery_and_utilization; not_electron_specific; not_a_chemical_yield_prediction
5mM_Mn_nitrate_in_water_4kHz,"5 mM Mn nitrate, 4 kHz",5mM_Mn_nitrate_in_water,4.0,1.5,False,2.5,5.0,1.0,3.5913050049865984e+16,3.5650956798318708e+16,3.621530042716392e+16,2.0960837187450445,2.0785899498858593,2.1114933864425773,"composition-matched 5 mM Mn-ion inventory; electrical charge-equivalent clock, not chemical conversion",True,exploratory_transferred_model,total_negative_electrical_charge_equivalents; 100_percent_delivery_and_utilization; not_electron_specific; not_a_chemical_yield_prediction
5mM_Mn_nitrate_in_water_4kHz,"5 mM Mn nitrate, 4 kHz",5mM_Mn_nitrate_in_water,4.0,1.55,False,2.5,5.0,1.0,3.5913050049865984e+16,3.5650956798318708e+16,3.621530042716392e+16,2.165953176036546,2.1478762815487213,2.1818764993239963,"composition-matched 5 mM Mn-ion inventory; electrical charge-equivalent clock, not chemical conversion",True,exploratory_transferred_model,total_negative_electrical_charge_equivalents; 100_percent_delivery_and_utilization; not_electron_specific; not_a_chemical_yield_prediction
5mM_Mn_nitrate_in_water_4kHz,"5 mM Mn nitrate, 4 kHz",5mM_Mn_nitrate_in_water,4.0,1.6,False,2.5,5.0,1.0,3.5913050049865984e+16,3.5650956798318708e+16,3.621530042716392e+16,2.2358226333280475,2.2171626132115834,2.2522596122054157,"composition-matched 5 mM Mn-ion inventory; electrical charge-equivalent clock, not chemical conversion",True,exploratory_transferred_model,total_negative_electrical_charge_equivalents; 100_percent_delivery_and_utilization; not_electron_specific; not_a_chemical_yield_prediction
5mM_Mn_nitrate_in_water_4kHz,"5 mM Mn nitrate, 4 kHz",5mM_Mn_nitrate_in_water,4.0,1.6500000000000001,False,2.5,5.0,1.0,3.5913050049865984e+16,3.5650956798318708e+16,3.621530042716392e+16,2.305692090619549,2.2864489448744454,2.322642725086835,"composition-matched 5 mM Mn-ion inventory; electrical charge-equivalent clock, not chemical conversion",True,exploratory_transferred_model,total_negative_electrical_charge_equivalents; 100_percent_delivery_and_utilization; not_electron_specific; not_a_chemical_yield_prediction
5mM_Mn_nitrate_in_water_4kHz,"5 mM Mn nitrate, 4 kHz",5mM_Mn_nitrate_in_water,4.0,1.7000000000000002,False,2.5,5.0,1.0,3.5913050049865984e+16,3.5650956798318708e+16,3.621530042716392e+16,2.3755615479110506,2.3557352765373074,2.3930258379682545,"composition-matched 5 mM Mn-ion inventory; electrical charge-equivalent clock, not chemical conversion",True,exploratory_transferred_model,total_negative_electrical_charge_equivalents; 100_percent_delivery_and_utilization; not_electron_specific; not_a_chemical_yield_prediction
5mM_Mn_nitrate_in_water_4kHz,"5 mM Mn nitrate, 4 kHz",5mM_Mn_nitrate_in_water,4.0,1.75,False,2.5,5.0,1.0,3.5913050049865984e+16,3.5650956798318708e+16,3.621530042716392e+16,2.445431005202552,2.4250216082001694,2.4634089508496735,"composition-matched 5 mM Mn-ion inventory; electrical charge-equivalent clock, not chemical conversion",True,exploratory_transferred_model,total_negative_electrical_charge_equivalents; 100_percent_delivery_and_utilization; not_electron_specific; not_a_chemical_yield_prediction
5mM_Mn_nitrate_in_water_4kHz,"5 mM Mn nitrate, 4 kHz",5mM_Mn_nitrate_in_water,4.0,1.8,False,2.5,5.0,1.0,3.5913050049865984e+16,3.5650956798318708e+16,3.621530042716392e+16,2.5153004624940536,2.4943079398630315,2.533792063731093,"composition-matched 5 mM Mn-ion inventory; electrical charge-equivalent clock, not chemical conversion",True,exploratory_transferred_model,total_negative_electrical_charge_equivalents; 100_percent_delivery_and_utilization; not_electron_specific; not_a_chemical_yield_prediction
5mM_Mn_nitrate_in_water_4kHz,"5 mM Mn nitrate, 4 kHz",5mM_Mn_nitrate_in_water,4.0,1.85,False,2.5,5.0,1.0,3.5913050049865984e+16,3.5650956798318708e+16,3.621530042716392e+16,2.585169919785555,2.563594271525893,2.604175176612512,"composition-matched 5 mM Mn-ion inventory; electrical charge-equivalent clock, not chemical conversion",True,exploratory_transferred_model,total_negative_electrical_charge_equivalents; 100_percent_delivery_and_utilization; not_electron_specific; not_a_chemical_yield_prediction
5mM_Mn_nitrate_in_water_4kHz,"5 mM Mn nitrate, 4 kHz",5mM_Mn_nitrate_in_water,4.0,1.9000000000000001,False,2.5,5.0,1.0,3.5913050049865984e+16,3.5650956798318708e+16,3.621530042716392e+16,2.655039377077056,2.632880603188755,2.6745582894939313,"composition-matched 5 mM Mn-ion inventory; electrical charge-equivalent clock, not chemical conversion",True,exploratory_transferred_model,total_negative_electrical_charge_equivalents; 100_percent_delivery_and_utilization; not_electron_specific; not_a_chemical_yield_prediction
5mM_Mn_nitrate_in_water_4kHz,"5 mM Mn nitrate, 4 kHz",5mM_Mn_nitrate_in_water,4.0,1.9500000000000002,False,2.5,5.0,1.0,3.5913050049865984e+16,3.5650956798318708e+16,3.621530042716392e+16,2.724908834368558,2.7021669348516175,2.7449414023753507,"composition-matched 5 mM Mn-ion inventory; electrical charge-equivalent clock, not chemical conversion",True,exploratory_transferred_model,total_negative_electrical_charge_equivalents; 100_percent_delivery_and_utilization; not_electron_specific; not_a_chemical_yield_prediction
5mM_Mn_nitrate_in_water_4kHz,"5 mM Mn nitrate, 4 kHz",5mM_Mn_nitrate_in_water,4.0,2.0,False,2.5,5.0,1.0,3.5913050049865984e+16,3.5650956798318708e+16,3.621530042716392e+16,2.794778291660059,2.771453266514479,2.8153245152567696,"composition-matched 5 mM Mn-ion inventory; electrical charge-equivalent clock, not chemical conversion",True,exploratory_transferred_model,total_negative_electrical_charge_equivalents; 100_percent_delivery_and_utilization; not_electron_specific; not_a_chemical_yield_prediction
5mM_Mn_nitrate_in_water_4kHz,"5 mM Mn nitrate, 4 kHz",5mM_Mn_nitrate_in_water,4.0,2.0500000000000003,False,2.5,5.0,1.0,3.5913050049865984e+16,3.5650956798318708e+16,3.621530042716392e+16,2.864647748951561,2.840739598177341,2.885707628138189,"composition-matched 5 mM Mn-ion inventory; electrical charge-equivalent clock, not chemical conversion",True,exploratory_transferred_model,total_negative_electrical_charge_equivalents; 100_percent_delivery_and_utilization; not_electron_specific; not_a_chemical_yield_prediction
5mM_Mn_nitrate_in_water_4kHz,"5 mM Mn nitrate, 4 kHz",5mM_Mn_nitrate_in_water,4.0,2.1,False,2.5,5.0,1.0,3.5913050049865984e+16,3.5650956798318708e+16,3.621530042716392e+16,2.9345172062430622,2.910025929840203,2.9560907410196084,"composition-matched 5 mM Mn-ion inventory; electrical charge-equivalent clock, not chemical conversion",True,exploratory_transferred_model,total_negative_electrical_charge_equivalents; 100_percent_delivery_and_utilization; not_electron_specific; not_a_chemical_yield_prediction
5mM_Mn_nitrate_in_water_4kHz,"5 mM Mn nitrate, 4 kHz",5mM_Mn_nitrate_in_water,4.0,2.15,False,2.5,5.0,1.0,3.5913050049865984e+16,3.5650956798318708e+16,3.621530042716392e+16,3.0043866635345635,2.979312261503065,3.0264738539010274,"composition-matched 5 mM Mn-ion inventory; electrical charge-equivalent clock, not chemical conversion",True,exploratory_transferred_model,total_negative_electrical_charge_equivalents; 100_percent_delivery_and_utilization; not_electron_specific; not_a_chemical_yield_prediction
5mM_Mn_nitrate_in_water_4kHz,"5 mM Mn nitrate, 4 kHz",5mM_Mn_nitrate_in_water,4.0,2.2,False,2.5,5.0,1.0,3.5913050049865984e+16,3.5650956798318708e+16,3.621530042716392e+16,3.0742561208260653,3.048598593165927,3.096856966782447,"composition-matched 5 mM Mn-ion inventory; electrical charge-equivalent clock, not chemical conversion",True,exploratory_transferred_model,total_negative_electrical_charge_equivalents; 100_percent_delivery_and_utilization; not_electron_specific; not_a_chemical_yield_prediction
5mM_Mn_nitrate_in_water_4kHz,"5 mM Mn nitrate, 4 kHz",5mM_Mn_nitrate_in_water,4.0,2.25,False,2.5,5.0,1.0,3.5913050049865984e+16,3.5650956798318708e+16,3.621530042716392e+16,3.1441255781175665,3.1178849248287888,3.167240079663866,"composition-matched 5 mM Mn-ion inventory; electrical charge-equivalent clock, not chemical conversion",True,exploratory_transferred_model,total_negative_electrical_charge_equivalents; 100_percent_delivery_and_utilization; not_electron_specific; not_a_chemical_yield_prediction
5mM_Mn_nitrate_in_water_4kHz,"5 mM Mn nitrate, 4 kHz",5mM_Mn_nitrate_in_water,4.0,2.3000000000000003,False,2.5,5.0,1.0,3.5913050049865984e+16,3.5650956798318708e+16,3.621530042716392e+16,3.2139950354090683,3.1871712564916512,3.2376231925452856,"composition-matched 5 mM Mn-ion inventory; electrical charge-equivalent clock, not chemical conversion",True,exploratory_transferred_model,total_negative_electrical_charge_equivalents; 100_percent_delivery_and_utilization; not_electron_specific; not_a_chemical_yield_prediction
5mM_Mn_nitrate_in_water_4kHz,"5 mM Mn nitrate, 4 kHz",5mM_Mn_nitrate_in_water,4.0,2.35,False,2.5,5.0,1.0,3.5913050049865984e+16,3.5650956798318708e+16,3.621530042716392e+16,3.2838644927005696,3.2564575881545132,3.3080063054267046,"composition-matched 5 mM Mn-ion inventory; electrical charge-equivalent clock, not chemical conversion",True,exploratory_transferred_model,total_negative_electrical_charge_equivalents; 100_percent_delivery_and_utilization; not_electron_specific; not_a_chemical_yield_prediction
5mM_Mn_nitrate_in_water_4kHz,"5 mM Mn nitrate, 4 kHz",5mM_Mn_nitrate_in_water,4.0,2.4000000000000004,False,2.5,5.0,1.0,3.5913050049865984e+16,3.5650956798318708e+16,3.621530042716392e+16,3.3537339499920713,3.3257439198173753,3.378389418308124,"composition-matched 5 mM Mn-ion inventory; electrical charge-equivalent clock, not chemical conversion",True,exploratory_transferred_model,total_negative_electrical_charge_equivalents; 100_percent_delivery_and_utilization; not_electron_specific; not_a_chemical_yield_prediction
5mM_Mn_nitrate_in_water_4kHz,"5 mM Mn nitrate, 4 kHz",5mM_Mn_nitrate_in_water,4.0,2.45,False,2.5,5.0,1.0,3.5913050049865984e+16,3.5650956798318708e+16,3.621530042716392e+16,3.4236034072835726,3.395030251480237,3.448772531189543,"composition-matched 5 mM Mn-ion inventory; electrical charge-equivalent clock, not chemical conversion",True,exploratory_transferred_model,total_negative_electrical_charge_equivalents; 100_percent_delivery_and_utilization; not_electron_specific; not_a_chemical_yield_prediction
5mM_Mn_nitrate_in_water_4kHz,"5 mM Mn nitrate, 4 kHz",5mM_Mn_nitrate_in_water,4.0,2.5,True,2.5,5.0,1.0,3.5913050049865984e+16,3.5650956798318708e+16,3.621530042716392e+16,3.493472864575074,3.4643165831430984,3.519155644070962,"composition-matched 5 mM Mn-ion inventory; electrical charge-equivalent clock, not chemical conversion",True,exploratory_transferred_model,total_negative_electrical_charge_equivalents; 100_percent_delivery_and_utilization; not_electron_specific; not_a_chemical_yield_prediction
5mM_Mn_nitrate_in_water_4kHz,"5 mM Mn nitrate, 4 kHz",5mM_Mn_nitrate_in_water,4.0,2.5500000000000003,False,2.5,5.0,1.0,3.5913050049865984e+16,3.5650956798318708e+16,3.621530042716392e+16,3.5633423218665756,3.5336029148059613,3.589538756952382,"composition-matched 5 mM Mn-ion inventory; electrical charge-equivalent clock, not chemical conversion",True,exploratory_transferred_model,total_negative_electrical_charge_equivalents; 100_percent_delivery_and_utilization; not_electron_specific; not_a_chemical_yield_prediction
5mM_Mn_nitrate_in_water_4kHz,"5 mM Mn nitrate, 4 kHz",5mM_Mn_nitrate_in_water,4.0,2.6,False,2.5,5.0,1.0,3.5913050049865984e+16,3.5650956798318708e+16,3.621530042716392e+16,3.633211779158077,3.602889246468823,3.6599218698338007,"composition-matched 5 mM Mn-ion inventory; electrical charge-equivalent clock, not chemical conversion",True,exploratory_transferred_model,total_negative_electrical_charge_equivalents; 100_percent_delivery_and_utilization; not_electron_specific; not_a_chemical_yield_prediction
5mM_Mn_nitrate_in_water_4kHz,"5 mM Mn nitrate, 4 kHz",5mM_Mn_nitrate_in_water,4.0,2.6500000000000004,False,2.5,5.0,1.0,3.5913050049865984e+16,3.5650956798318708e+16,3.621530042716392e+16,3.703081236449579,3.6721755781316854,3.7303049827152206,"composition-matched 5 mM Mn-ion inventory; electrical charge-equivalent clock, not chemical conversion",True,exploratory_transferred_model,total_negative_electrical_charge_equivalents; 100_percent_delivery_and_utilization; not_electron_specific; not_a_chemical_yield_prediction
5mM_Mn_nitrate_in_water_4kHz,"5 mM Mn nitrate, 4 kHz",5mM_Mn_nitrate_in_water,4.0,2.7,False,2.5,5.0,1.0,3.5913050049865984e+16,3.5650956798318708e+16,3.621530042716392e+16,3.7729506937410804,3.741461909794547,3.8006880955966396,"composition-matched 5 mM Mn-ion inventory; electrical charge-equivalent clock, not chemical conversion",True,exploratory_transferred_model,total_negative_electrical_charge_equivalents; 100_percent_delivery_and_utilization; not_electron_specific; not_a_chemical_yield_prediction
5mM_Mn_nitrate_in_water_4kHz,"5 mM Mn nitrate, 4 kHz",5mM_Mn_nitrate_in_water,4.0,2.75,False,2.5,5.0,1.0,3.5913050049865984e+16,3.5650956798318708e+16,3.621530042716392e+16,3.8428201510325812,3.810748241457409,3.8710712084780585,"composition-matched 5 mM Mn-ion inventory; electrical charge-equivalent clock, not chemical conversion",True,exploratory_transferred_model,total_negative_electrical_charge_equivalents; 100_percent_delivery_and_utilization; not_electron_specific; not_a_chemical_yield_prediction
5mM_Mn_nitrate_in_water_4kHz,"5 mM Mn nitrate, 4 kHz",5mM_Mn_nitrate_in_water,4.0,2.8000000000000003,False,2.5,5.0,1.0,3.5913050049865984e+16,3.5650956798318708e+16,3.621530042716392e+16,3.912689608324083,3.880034573120271,3.941454321359478,"composition-matched 5 mM Mn-ion inventory; electrical charge-equivalent clock, not chemical conversion",True,exploratory_transferred_model,total_negative_electrical_charge_equivalents; 100_percent_delivery_and_utilization; not_electron_specific; not_a_chemical_yield_prediction
5mM_Mn_nitrate_in_water_4kHz,"5 mM Mn nitrate, 4 kHz",5mM_Mn_nitrate_in_water,4.0,2.85,False,2.5,5.0,1.0,3.5913050049865984e+16,3.5650956798318708e+16,3.621530042716392e+16,3.9825590656155843,3.9493209047831326,4.0118374342408964,"composition-matched 5 mM Mn-ion inventory; electrical charge-equivalent clock, not chemical conversion",True,exploratory_transferred_model,total_negative_electrical_charge_equivalents; 100_percent_delivery_and_utilization; not_electron_specific; not_a_chemical_yield_prediction
5mM_Mn_nitrate_in_water_4kHz,"5 mM Mn nitrate, 4 kHz",5mM_Mn_nitrate_in_water,4.0,2.9000000000000004,False,2.5,5.0,1.0,3.5913050049865984e+16,3.5650956798318708e+16,3.621530042716392e+16,4.0524285229070856,4.018607236445995,4.082220547122316,"composition-matched 5 mM Mn-ion inventory; electrical charge-equivalent clock, not chemical conversion",True,exploratory_transferred_model,total_negative_electrical_charge_equivalents; 100_percent_delivery_and_utilization; not_electron_specific; not_a_chemical_yield_prediction
5mM_Mn_nitrate_in_water_4kHz,"5 mM Mn nitrate, 4 kHz",5mM_Mn_nitrate_in_water,4.0,2.95,False,2.5,5.0,1.0,3.5913050049865984e+16,3.5650956798318708e+16,3.621530042716392e+16,4.122297980198587,4.087893568108856,4.152603660003735,"composition-matched 5 mM Mn-ion inventory; electrical charge-equivalent clock, not chemical conversion",True,exploratory_transferred_model,total_negative_electrical_charge_equivalents; 100_percent_delivery_and_utilization; not_electron_specific; not_a_chemical_yield_prediction
5mM_Mn_nitrate_in_water_4kHz,"5 mM Mn nitrate, 4 kHz",5mM_Mn_nitrate_in_water,4.0,3.0,False,2.5,5.0,1.0,3.5913050049865984e+16,3.5650956798318708e+16,3.621530042716392e+16,4.192167437490089,4.157179899771719,4.222986772885155,"composition-matched 5 mM Mn-ion inventory; electrical charge-equivalent clock, not chemical conversion",True,exploratory_transferred_model,total_negative_electrical_charge_equivalents; 100_percent_delivery_and_utilization; not_electron_specific; not_a_chemical_yield_prediction
5mM_Mn_nitrate_in_water_4kHz,"5 mM Mn nitrate, 4 kHz",5mM_Mn_nitrate_in_water,4.0,3.0500000000000003,False,2.5,5.0,1.0,3.5913050049865984e+16,3.5650956798318708e+16,3.621530042716392e+16,4.26203689478159,4.226466231434581,4.293369885766574,"composition-matched 5 mM Mn-ion inventory; electrical charge-equivalent clock, not chemical conversion",True,exploratory_transferred_model,total_negative_electrical_charge_equivalents; 100_percent_delivery_and_utilization; not_electron_specific; not_a_chemical_yield_prediction
5mM_Mn_nitrate_in_water_4kHz,"5 mM Mn nitrate, 4 kHz",5mM_Mn_nitrate_in_water,4.0,3.1,False,2.5,5.0,1.0,3.5913050049865984e+16,3.5650956798318708e+16,3.621530042716392e+16,4.331906352073092,4.295752563097443,4.363752998647993,"composition-matched 5 mM Mn-ion inventory; electrical charge-equivalent clock, not chemical conversion",True,exploratory_transferred_model,total_negative_electrical_charge_equivalents; 100_percent_delivery_and_utilization; not_electron_specific; not_a_chemical_yield_prediction
5mM_Mn_nitrate_in_water_4kHz,"5 mM Mn nitrate, 4 kHz",5mM_Mn_nitrate_in_water,4.0,3.1500000000000004,False,2.5,5.0,1.0,3.5913050049865984e+16,3.5650956798318708e+16,3.621530042716392e+16,4.401775809364594,4.365038894760305,4.434136111529413,"composition-matched 5 mM Mn-ion inventory; electrical charge-equivalent clock, not chemical conversion",True,exploratory_transferred_model,total_negative_electrical_charge_equivalents; 100_percent_delivery_and_utilization; not_electron_specific; not_a_chemical_yield_prediction
5mM_Mn_nitrate_in_water_4kHz,"5 mM Mn nitrate, 4 kHz",5mM_Mn_nitrate_in_water,4.0,3.2,False,2.5,5.0,1.0,3.5913050049865984e+16,3.5650956798318708e+16,3.621530042716392e+16,4.471645266656095,4.434325226423167,4.504519224410831,"composition-matched 5 mM Mn-ion inventory; electrical charge-equivalent clock, not chemical conversion",True,exploratory_transferred_model,total_negative_electrical_charge_equivalents; 100_percent_delivery_and_utilization; not_electron_specific; not_a_chemical_yield_prediction
5mM_Mn_nitrate_in_water_4kHz,"5 mM Mn nitrate, 4 kHz",5mM_Mn_nitrate_in_water,4.0,3.25,False,2.5,5.0,1.0,3.5913050049865984e+16,3.5650956798318708e+16,3.621530042716392e+16,4.541514723947596,4.503611558086028,4.574902337292251,"composition-matched 5 mM Mn-ion inventory; electrical charge-equivalent clock, not chemical conversion",True,exploratory_transferred_model,total_negative_electrical_charge_equivalents; 100_percent_delivery_and_utilization; not_electron_specific; not_a_chemical_yield_prediction
5mM_Mn_nitrate_in_water_4kHz,"5 mM Mn nitrate, 4 kHz",5mM_Mn_nitrate_in_water,4.0,3.3000000000000003,False,2.5,5.0,1.0,3.5913050049865984e+16,3.5650956798318708e+16,3.621530042716392e+16,4.611384181239098,4.572897889748891,4.64528545017367,"composition-matched 5 mM Mn-ion inventory; electrical charge-equivalent clock, not chemical conversion",True,exploratory_transferred_model,total_negative_electrical_charge_equivalents; 100_percent_delivery_and_utilization; not_electron_specific; not_a_chemical_yield_prediction
5mM_Mn_nitrate_in_water_4kHz,"5 mM Mn nitrate, 4 kHz",5mM_Mn_nitrate_in_water,4.0,3.35,False,2.5,5.0,1.0,3.5913050049865984e+16,3.5650956798318708e+16,3.621530042716392e+16,4.681253638530599,4.642184221411752,4.71566856305509,"composition-matched 5 mM Mn-ion inventory; electrical charge-equivalent clock, not chemical conversion",True,exploratory_transferred_model,total_negative_electrical_charge_equivalents; 100_percent_delivery_and_utilization; not_electron_specific; not_a_chemical_yield_prediction
5mM_Mn_nitrate_in_water_4kHz,"5 mM Mn nitrate, 4 kHz",5mM_Mn_nitrate_in_water,4.0,3.4000000000000004,False,2.5,5.0,1.0,3.5913050049865984e+16,3.5650956798318708e+16,3.621530042716392e+16,4.751123095822101,4.711470553074615,4.786051675936509,"composition-matched 5 mM Mn-ion inventory; electrical charge-equivalent clock, not chemical conversion",True,exploratory_transferred_model,total_negative_electrical_charge_equivalents; 100_percent_delivery_and_utilization; not_electron_specific; not_a_chemical_yield_prediction
5mM_Mn_nitrate_in_water_4kHz,"5 mM Mn nitrate, 4 kHz",5mM_Mn_nitrate_in_water,4.0,3.45,False,2.5,5.0,1.0,3.5913050049865984e+16,3.5650956798318708e+16,3.621530042716392e+16,4.820992553113602,4.780756884737477,4.8564347888179284,"composition-matched 5 mM Mn-ion inventory; electrical charge-equivalent clock, not chemical conversion",True,exploratory_transferred_model,total_negative_electrical_charge_equivalents; 100_percent_delivery_and_utilization; not_electron_specific; not_a_chemical_yield_prediction
5mM_Mn_nitrate_in_water_4kHz,"5 mM Mn nitrate, 4 kHz",5mM_Mn_nitrate_in_water,4.0,3.5,False,2.5,5.0,1.0,3.5913050049865984e+16,3.5650956798318708e+16,3.621530042716392e+16,4.890862010405104,4.850043216400339,4.926817901699347,"composition-matched 5 mM Mn-ion inventory; electrical charge-equivalent clock, not chemical conversion",True,exploratory_transferred_model,total_negative_electrical_charge_equivalents; 100_percent_delivery_and_utilization; not_electron_specific; not_a_chemical_yield_prediction
5mM_Mn_nitrate_in_water_4kHz,"5 mM Mn nitrate, 4 kHz",5mM_Mn_nitrate_in_water,4.0,3.5500000000000003,False,2.5,5.0,1.0,3.5913050049865984e+16,3.5650956798318708e+16,3.621530042716392e+16,4.960731467696605,4.9193295480632,4.997201014580766,"composition-matched 5 mM Mn-ion inventory; electrical charge-equivalent clock, not chemical conversion",True,exploratory_transferred_model,total_negative_electrical_charge_equivalents; 100_percent_delivery_and_utilization; not_electron_specific; not_a_chemical_yield_prediction
5mM_Mn_nitrate_in_water_4kHz,"5 mM Mn nitrate, 4 kHz",5mM_Mn_nitrate_in_water,4.0,3.6,False,2.5,5.0,1.0,3.5913050049865984e+16,3.5650956798318708e+16,3.621530042716392e+16,5.030600924988107,4.988615879726063,5.067584127462186,"composition-matched 5 mM Mn-ion inventory; electrical charge-equivalent clock, not chemical conversion",True,exploratory_transferred_model,total_negative_electrical_charge_equivalents; 100_percent_delivery_and_utilization; not_electron_specific; not_a_chemical_yield_prediction
5mM_Mn_nitrate_in_water_4kHz,"5 mM Mn nitrate, 4 kHz",5mM_Mn_nitrate_in_water,4.0,3.6500000000000004,False,2.5,5.0,1.0,3.5913050049865984e+16,3.5650956798318708e+16,3.621530042716392e+16,5.1004703822796085,5.0579022113889245,5.137967240343605,"composition-matched 5 mM Mn-ion inventory; electrical charge-equivalent clock, not chemical conversion",True,exploratory_transferred_model,total_negative_electrical_charge_equivalents; 100_percent_delivery_and_utilization; not_electron_specific; not_a_chemical_yield_prediction
5mM_Mn_nitrate_in_water_4kHz,"5 mM Mn nitrate, 4 kHz",5mM_Mn_nitrate_in_water,4.0,3.7,False,2.5,5.0,1.0,3.5913050049865984e+16,3.5650956798318708e+16,3.621530042716392e+16,5.17033983957111,5.127188543051786,5.208350353225024,"composition-matched 5 mM Mn-ion inventory; electrical charge-equivalent clock, not chemical conversion",True,exploratory_transferred_model,total_negative_electrical_charge_equivalents; 100_percent_delivery_and_utilization; not_electron_specific; not_a_chemical_yield_prediction
5mM_Mn_nitrate_in_water_4kHz,"5 mM Mn nitrate, 4 kHz",5mM_Mn_nitrate_in_water,4.0,3.75,False,2.5,5.0,1.0,3.5913050049865984e+16,3.5650956798318708e+16,3.621530042716392e+16,5.24020929686261,5.196474874714648,5.278733466106443,"composition-matched 5 mM Mn-ion inventory; electrical charge-equivalent clock, not chemical conversion",True,exploratory_transferred_model,total_negative_electrical_charge_equivalents; 100_percent_delivery_and_utilization; not_electron_specific; not_a_chemical_yield_prediction
5mM_Mn_nitrate_in_water_4kHz,"5 mM Mn nitrate, 4 kHz",5mM_Mn_nitrate_in_water,4.0,3.8000000000000003,False,2.5,5.0,1.0,3.5913050049865984e+16,3.5650956798318708e+16,3.621530042716392e+16,5.310078754154112,5.26576120637751,5.3491165789878625,"composition-matched 5 mM Mn-ion inventory; electrical charge-equivalent clock, not chemical conversion",True,exploratory_transferred_model,total_negative_electrical_charge_equivalents; 100_percent_delivery_and_utilization; not_electron_specific; not_a_chemical_yield_prediction
5mM_Mn_nitrate_in_water_4kHz,"5 mM Mn nitrate, 4 kHz",5mM_Mn_nitrate_in_water,4.0,3.85,False,2.5,5.0,1.0,3.5913050049865984e+16,3.5650956798318708e+16,3.621530042716392e+16,5.379948211445614,5.335047538040373,5.419499691869282,"composition-matched 5 mM Mn-ion inventory; electrical charge-equivalent clock, not chemical conversion",True,exploratory_transferred_model,total_negative_electrical_charge_equivalents; 100_percent_delivery_and_utilization; not_electron_specific; not_a_chemical_yield_prediction
5mM_Mn_nitrate_in_water_4kHz,"5 mM Mn nitrate, 4 kHz",5mM_Mn_nitrate_in_water,4.0,3.9000000000000004,False,2.5,5.0,1.0,3.5913050049865984e+16,3.5650956798318708e+16,3.621530042716392e+16,5.449817668737116,5.404333869703235,5.489882804750701,"composition-matched 5 mM Mn-ion inventory; electrical charge-equivalent clock, not chemical conversion",True,exploratory_transferred_model,total_negative_electrical_charge_equivalents; 100_percent_delivery_and_utilization; not_electron_specific; not_a_chemical_yield_prediction
5mM_Mn_nitrate_in_water_4kHz,"5 mM Mn nitrate, 4 kHz",5mM_Mn_nitrate_in_water,4.0,3.95,False,2.5,5.0,1.0,3.5913050049865984e+16,3.5650956798318708e+16,3.621530042716392e+16,5.519687126028617,5.473620201366097,5.560265917632121,"composition-matched 5 mM Mn-ion inventory; electrical charge-equivalent clock, not chemical conversion",True,exploratory_transferred_model,total_negative_electrical_charge_equivalents; 100_percent_delivery_and_utilization; not_electron_specific; not_a_chemical_yield_prediction
5mM_Mn_nitrate_in_water_4kHz,"5 mM Mn nitrate, 4 kHz",5mM_Mn_nitrate_in_water,4.0,4.0,False,2.5,5.0,1.0,3.5913050049865984e+16,3.5650956798318708e+16,3.621530042716392e+16,5.589556583320118,5.542906533028958,5.630649030513539,"composition-matched 5 mM Mn-ion inventory; electrical charge-equivalent clock, not chemical conversion",True,exploratory_transferred_model,total_negative_electrical_charge_equivalents; 100_percent_delivery_and_utilization; not_electron_specific; not_a_chemical_yield_prediction
5mM_Mn_nitrate_in_water_4kHz,"5 mM Mn nitrate, 4 kHz",5mM_Mn_nitrate_in_water,4.0,4.05,False,2.5,5.0,1.0,3.5913050049865984e+16,3.5650956798318708e+16,3.621530042716392e+16,5.65942604061162,5.61219286469182,5.701032143394959,"composition-matched 5 mM Mn-ion inventory; electrical charge-equivalent clock, not chemical conversion",True,exploratory_transferred_model,total_negative_electrical_charge_equivalents; 100_percent_delivery_and_utilization; not_electron_specific; not_a_chemical_yield_prediction
5mM_Mn_nitrate_in_water_4kHz,"5 mM Mn nitrate, 4 kHz",5mM_Mn_nitrate_in_water,4.0,4.1000000000000005,False,2.5,5.0,1.0,3.5913050049865984e+16,3.5650956798318708e+16,3.621530042716392e+16,5.729295497903122,5.681479196354682,5.771415256276378,"composition-matched 5 mM Mn-ion inventory; electrical charge-equivalent clock, not chemical conversion",True,exploratory_transferred_model,total_negative_electrical_charge_equivalents; 100_percent_delivery_and_utilization; not_electron_specific; not_a_chemical_yield_prediction
5mM_Mn_nitrate_in_water_4kHz,"5 mM Mn nitrate, 4 kHz",5mM_Mn_nitrate_in_water,4.0,4.15,False,2.5,5.0,1.0,3.5913050049865984e+16,3.5650956798318708e+16,3.621530042716392e+16,5.799164955194623,5.750765528017545,5.841798369157798,"composition-matched 5 mM Mn-ion inventory; electrical charge-equivalent clock, not chemical conversion",True,exploratory_transferred_model,total_negative_electrical_charge_equivalents; 100_percent_delivery_and_utilization; not_electron_specific; not_a_chemical_yield_prediction
5mM_Mn_nitrate_in_water_4kHz,"5 mM Mn nitrate, 4 kHz",5mM_Mn_nitrate_in_water,4.0,4.2,False,2.5,5.0,1.0,3.5913050049865984e+16,3.5650956798318708e+16,3.621530042716392e+16,5.8690344124861245,5.820051859680406,5.912181482039217,"composition-matched 5 mM Mn-ion inventory; electrical charge-equivalent clock, not chemical conversion",True,exploratory_transferred_model,total_negative_electrical_charge_equivalents; 100_percent_delivery_and_utilization; not_electron_specific; not_a_chemical_yield_prediction
5mM_Mn_nitrate_in_water_4kHz,"5 mM Mn nitrate, 4 kHz",5mM_Mn_nitrate_in_water,4.0,4.25,False,2.5,5.0,1.0,3.5913050049865984e+16,3.5650956798318708e+16,3.621530042716392e+16,5.938903869777626,5.889338191343269,5.982564594920636,"composition-matched 5 mM Mn-ion inventory; electrical charge-equivalent clock, not chemical conversion",True,exploratory_transferred_model,total_negative_electrical_charge_equivalents; 100_percent_delivery_and_utilization; not_electron_specific; not_a_chemical_yield_prediction
5mM_Mn_nitrate_in_water_4kHz,"5 mM Mn nitrate, 4 kHz",5mM_Mn_nitrate_in_water,4.0,4.3,False,2.5,5.0,1.0,3.5913050049865984e+16,3.5650956798318708e+16,3.621530042716392e+16,6.008773327069127,5.95862452300613,6.052947707802055,"composition-matched 5 mM Mn-ion inventory; electrical charge-equivalent clock, not chemical conversion",True,exploratory_transferred_model,total_negative_electrical_charge_equivalents; 100_percent_delivery_and_utilization; not_electron_specific; not_a_chemical_yield_prediction
5mM_Mn_nitrate_in_water_4kHz,"5 mM Mn nitrate, 4 kHz",5mM_Mn_nitrate_in_water,4.0,4.3500000000000005,False,2.5,5.0,1.0,3.5913050049865984e+16,3.5650956798318708e+16,3.621530042716392e+16,6.078642784360629,6.027910854668993,6.123330820683475,"composition-matched 5 mM Mn-ion inventory; electrical charge-equivalent clock, not chemical conversion",True,exploratory_transferred_model,total_negative_electrical_charge_equivalents; 100_percent_delivery_and_utilization; not_electron_specific; not_a_chemical_yield_prediction
5mM_Mn_nitrate_in_water_4kHz,"5 mM Mn nitrate, 4 kHz",5mM_Mn_nitrate_in_water,4.0,4.4,False,2.5,5.0,1.0,3.5913050049865984e+16,3.5650956798318708e+16,3.621530042716392e+16,6.1485122416521305,6.097197186331854,6.193713933564894,"composition-matched 5 mM Mn-ion inventory; electrical charge-equivalent clock, not chemical conversion",True,exploratory_transferred_model,total_negative_electrical_charge_equivalents; 100_percent_delivery_and_utilization; not_electron_specific; not_a_chemical_yield_prediction
5mM_Mn_nitrate_in_water_4kHz,"5 mM Mn nitrate, 4 kHz",5mM_Mn_nitrate_in_water,4.0,4.45,False,2.5,5.0,1.0,3.5913050049865984e+16,3.5650956798318708e+16,3.621530042716392e+16,6.218381698943632,6.166483517994716,6.264097046446313,"composition-matched 5 mM Mn-ion inventory; electrical charge-equivalent clock, not chemical conversion",True,exploratory_transferred_model,total_negative_electrical_charge_equivalents; 100_percent_delivery_and_utilization; not_electron_specific; not_a_chemical_yield_prediction
5mM_Mn_nitrate_in_water_4kHz,"5 mM Mn nitrate, 4 kHz",5mM_Mn_nitrate_in_water,4.0,4.5,False,2.5,5.0,1.0,3.5913050049865984e+16,3.5650956798318708e+16,3.621530042716392e+16,6.288251156235133,6.2357698496575775,6.334480159327732,"composition-matched 5 mM Mn-ion inventory; electrical charge-equivalent clock, not chemical conversion",True,exploratory_transferred_model,total_negative_electrical_charge_equivalents; 100_percent_delivery_and_utilization; not_electron_specific; not_a_chemical_yield_prediction
5mM_Mn_nitrate_in_water_4kHz,"5 mM Mn nitrate, 4 kHz",5mM_Mn_nitrate_in_water,4.0,4.55,False,2.5,5.0,1.0,3.5913050049865984e+16,3.5650956798318708e+16,3.621530042716392e+16,6.358120613526634,6.305056181320439,6.404863272209151,"composition-matched 5 mM Mn-ion inventory; electrical charge-equivalent clock, not chemical conversion",True,exploratory_transferred_model,total_negative_electrical_charge_equivalents; 100_percent_delivery_and_utilization; not_electron_specific; not_a_chemical_yield_prediction
5mM_Mn_nitrate_in_water_4kHz,"5 mM Mn nitrate, 4 kHz",5mM_Mn_nitrate_in_water,4.0,4.6000000000000005,False,2.5,5.0,1.0,3.5913050049865984e+16,3.5650956798318708e+16,3.621530042716392e+16,6.427990070818137,6.3743425129833025,6.475246385090571,"composition-matched 5 mM Mn-ion inventory; electrical charge-equivalent clock, not chemical conversion",True,exploratory_transferred_model,total_negative_electrical_charge_equivalents; 100_percent_delivery_and_utilization; not_electron_specific; not_a_chemical_yield_prediction
5mM_Mn_nitrate_in_water_4kHz,"5 mM Mn nitrate, 4 kHz",5mM_Mn_nitrate_in_water,4.0,4.65,False,2.5,5.0,1.0,3.5913050049865984e+16,3.5650956798318708e+16,3.621530042716392e+16,6.497859528109638,6.443628844646165,6.545629497971991,"composition-matched 5 mM Mn-ion inventory; electrical charge-equivalent clock, not chemical conversion",True,exploratory_transferred_model,total_negative_electrical_charge_equivalents; 100_percent_delivery_and_utilization; not_electron_specific; not_a_chemical_yield_prediction
5mM_Mn_nitrate_in_water_4kHz,"5 mM Mn nitrate, 4 kHz",5mM_Mn_nitrate_in_water,4.0,4.7,False,2.5,5.0,1.0,3.5913050049865984e+16,3.5650956798318708e+16,3.621530042716392e+16,6.567728985401139,6.5129151763090265,6.616012610853409,"composition-matched 5 mM Mn-ion inventory; electrical charge-equivalent clock, not chemical conversion",True,exploratory_transferred_model,total_negative_electrical_charge_equivalents; 100_percent_delivery_and_utilization; not_electron_specific; not_a_chemical_yield_prediction
5mM_Mn_nitrate_in_water_4kHz,"5 mM Mn nitrate, 4 kHz",5mM_Mn_nitrate_in_water,4.0,4.75,False,2.5,5.0,1.0,3.5913050049865984e+16,3.5650956798318708e+16,3.621530042716392e+16,6.63759844269264,6.582201507971888,6.686395723734829,"composition-matched 5 mM Mn-ion inventory; electrical charge-equivalent clock, not chemical conversion",True,exploratory_transferred_model,total_negative_electrical_charge_equivalents; 100_percent_delivery_and_utilization; not_electron_specific; not_a_chemical_yield_prediction
5mM_Mn_nitrate_in_water_4kHz,"5 mM Mn nitrate, 4 kHz",5mM_Mn_nitrate_in_water,4.0,4.800000000000001,False,2.5,5.0,1.0,3.5913050049865984e+16,3.5650956798318708e+16,3.621530042716392e+16,6.707467899984143,6.6514878396347505,6.756778836616248,"composition-matched 5 mM Mn-ion inventory; electrical charge-equivalent clock, not chemical conversion",True,exploratory_transferred_model,total_negative_electrical_charge_equivalents; 100_percent_delivery_and_utilization; not_electron_specific; not_a_chemical_yield_prediction
5mM_Mn_nitrate_in_water_4kHz,"5 mM Mn nitrate, 4 kHz",5mM_Mn_nitrate_in_water,4.0,4.8500000000000005,False,2.5,5.0,1.0,3.5913050049865984e+16,3.5650956798318708e+16,3.621530042716392e+16,6.777337357275644,6.720774171297612,6.827161949497667,"composition-matched 5 mM Mn-ion inventory; electrical charge-equivalent clock, not chemical conversion",True,exploratory_transferred_model,total_negative_electrical_charge_equivalents; 100_percent_delivery_and_utilization; not_electron_specific; not_a_chemical_yield_prediction
5mM_Mn_nitrate_in_water_4kHz,"5 mM Mn nitrate, 4 kHz",5mM_Mn_nitrate_in_water,4.0,4.9,False,2.5,5.0,1.0,3.5913050049865984e+16,3.5650956798318708e+16,3.621530042716392e+16,6.847206814567145,6.790060502960474,6.897545062379086,"composition-matched 5 mM Mn-ion inventory; electrical charge-equivalent clock, not chemical conversion",True,exploratory_transferred_model,total_negative_electrical_charge_equivalents; 100_percent_delivery_and_utilization; not_electron_specific; not_a_chemical_yield_prediction
5mM_Mn_nitrate_in_water_4kHz,"5 mM Mn nitrate, 4 kHz",5mM_Mn_nitrate_in_water,4.0,4.95,False,2.5,5.0,1.0,3.5913050049865984e+16,3.5650956798318708e+16,3.621530042716392e+16,6.9170762718586465,6.859346834623335,6.967928175260505,"composition-matched 5 mM Mn-ion inventory; electrical charge-equivalent clock, not chemical conversion",True,exploratory_transferred_model,total_negative_electrical_charge_equivalents; 100_percent_delivery_and_utilization; not_electron_specific; not_a_chemical_yield_prediction
5mM_Mn_nitrate_in_water_4kHz,"5 mM Mn nitrate, 4 kHz",5mM_Mn_nitrate_in_water,4.0,5.0,False,2.5,5.0,1.0,3.5913050049865984e+16,3.5650956798318708e+16,3.621530042716392e+16,6.986945729150148,6.928633166286197,7.038311288141924,"composition-matched 5 mM Mn-ion inventory; electrical charge-equivalent clock, not chemical conversion",True,exploratory_transferred_model,total_negative_electrical_charge_equivalents; 100_percent_delivery_and_utilization; not_electron_specific; not_a_chemical_yield_prediction
5mM_Mn_nitrate_in_water_10kHz,"5 mM Mn nitrate, 10 kHz",5mM_Mn_nitrate_in_water,10.0,0.0,False,2.5,5.0,1.0,4.42058919191986e+16,4.179136702578751e+16,4.5054329601086904e+16,0.0,0.0,0.0,"composition-matched 5 mM Mn-ion inventory; electrical charge-equivalent clock, not chemical conversion",True,exploratory_transferred_model,total_negative_electrical_charge_equivalents; 100_percent_delivery_and_utilization; not_electron_specific; not_a_chemical_yield_prediction
5mM_Mn_nitrate_in_water_10kHz,"5 mM Mn nitrate, 10 kHz",5mM_Mn_nitrate_in_water,10.0,0.05,False,2.5,5.0,1.0,4.42058919191986e+16,4.179136702578751e+16,4.5054329601086904e+16,0.056762237062270675,0.05569332268138184,0.060041714240128594,"composition-matched 5 mM Mn-ion inventory; electrical charge-equivalent clock, not chemical conversion",True,exploratory_transferred_model,total_negative_electrical_charge_equivalents; 100_percent_delivery_and_utilization; not_electron_specific; not_a_chemical_yield_prediction
5mM_Mn_nitrate_in_water_10kHz,"5 mM Mn nitrate, 10 kHz",5mM_Mn_nitrate_in_water,10.0,0.1,False,2.5,5.0,1.0,4.42058919191986e+16,4.179136702578751e+16,4.5054329601086904e+16,0.11352447412454135,0.11138664536276369,0.12008342848025719,"composition-matched 5 mM Mn-ion inventory; electrical charge-equivalent clock, not chemical conversion",True,exploratory_transferred_model,total_negative_electrical_charge_equivalents; 100_percent_delivery_and_utilization; not_electron_specific; not_a_chemical_yield_prediction
5mM_Mn_nitrate_in_water_10kHz,"5 mM Mn nitrate, 10 kHz",5mM_Mn_nitrate_in_water,10.0,0.15000000000000002,False,2.5,5.0,1.0,4.42058919191986e+16,4.179136702578751e+16,4.5054329601086904e+16,0.17028671118681205,0.16707996804414554,0.1801251427203858,"composition-matched 5 mM Mn-ion inventory; electrical charge-equivalent clock, not chemical conversion",True,exploratory_transferred_model,total_negative_electrical_charge_equivalents; 100_percent_delivery_and_utilization; not_electron_specific; not_a_chemical_yield_prediction
5mM_Mn_nitrate_in_water_10kHz,"5 mM Mn nitrate, 10 kHz",5mM_Mn_nitrate_in_water,10.0,0.2,False,2.5,5.0,1.0,4.42058919191986e+16,4.179136702578751e+16,4.5054329601086904e+16,0.2270489482490827,0.22277329072552737,0.24016685696051437,"composition-matched 5 mM Mn-ion inventory; electrical charge-equivalent clock, not chemical conversion",True,exploratory_transferred_model,total_negative_electrical_charge_equivalents; 100_percent_delivery_and_utilization; not_electron_specific; not_a_chemical_yield_prediction
5mM_Mn_nitrate_in_water_10kHz,"5 mM Mn nitrate, 10 kHz",5mM_Mn_nitrate_in_water,10.0,0.25,False,2.5,5.0,1.0,4.42058919191986e+16,4.179136702578751e+16,4.5054329601086904e+16,0.28381118531135335,0.2784666134069092,0.3002085712006429,"composition-matched 5 mM Mn-ion inventory; electrical charge-equivalent clock, not chemical conversion",True,exploratory_transferred_model,total_negative_electrical_charge_equivalents; 100_percent_delivery_and_utilization; not_electron_specific; not_a_chemical_yield_prediction
5mM_Mn_nitrate_in_water_10kHz,"5 mM Mn nitrate, 10 kHz",5mM_Mn_nitrate_in_water,10.0,0.30000000000000004,False,2.5,5.0,1.0,4.42058919191986e+16,4.179136702578751e+16,4.5054329601086904e+16,0.3405734223736241,0.3341599360882911,0.3602502854407716,"composition-matched 5 mM Mn-ion inventory; electrical charge-equivalent clock, not chemical conversion",True,exploratory_transferred_model,total_negative_electrical_charge_equivalents; 100_percent_delivery_and_utilization; not_electron_specific; not_a_chemical_yield_prediction
5mM_Mn_nitrate_in_water_10kHz,"5 mM Mn nitrate, 10 kHz",5mM_Mn_nitrate_in_water,10.0,0.35000000000000003,False,2.5,5.0,1.0,4.42058919191986e+16,4.179136702578751e+16,4.5054329601086904e+16,0.3973356594358947,0.3898532587696729,0.42029199968090014,"composition-matched 5 mM Mn-ion inventory; electrical charge-equivalent clock, not chemical conversion",True,exploratory_transferred_model,total_negative_electrical_charge_equivalents; 100_percent_delivery_and_utilization; not_electron_specific; not_a_chemical_yield_prediction
5mM_Mn_nitrate_in_water_10kHz,"5 mM Mn nitrate, 10 kHz",5mM_Mn_nitrate_in_water,10.0,0.4,False,2.5,5.0,1.0,4.42058919191986e+16,4.179136702578751e+16,4.5054329601086904e+16,0.4540978964981654,0.44554658145105475,0.48033371392102875,"composition-matched 5 mM Mn-ion inventory; electrical charge-equivalent clock, not chemical conversion",True,exploratory_transferred_model,total_negative_electrical_charge_equivalents; 100_percent_delivery_and_utilization; not_electron_specific; not_a_chemical_yield_prediction
5mM_Mn_nitrate_in_water_10kHz,"5 mM Mn nitrate, 10 kHz",5mM_Mn_nitrate_in_water,10.0,0.45,False,2.5,5.0,1.0,4.42058919191986e+16,4.179136702578751e+16,4.5054329601086904e+16,0.5108601335604361,0.5012399041324366,0.5403754281611574,"composition-matched 5 mM Mn-ion inventory; electrical charge-equivalent clock, not chemical conversion",True,exploratory_transferred_model,total_negative_electrical_charge_equivalents; 100_percent_delivery_and_utilization; not_electron_specific; not_a_chemical_yield_prediction
5mM_Mn_nitrate_in_water_10kHz,"5 mM Mn nitrate, 10 kHz",5mM_Mn_nitrate_in_water,10.0,0.5,False,2.5,5.0,1.0,4.42058919191986e+16,4.179136702578751e+16,4.5054329601086904e+16,0.5676223706227067,0.5569332268138184,0.6004171424012859,"composition-matched 5 mM Mn-ion inventory; electrical charge-equivalent clock, not chemical conversion",True,exploratory_transferred_model,total_negative_electrical_charge_equivalents; 100_percent_delivery_and_utilization; not_electron_specific; not_a_chemical_yield_prediction
5mM_Mn_nitrate_in_water_10kHz,"5 mM Mn nitrate, 10 kHz",5mM_Mn_nitrate_in_water,10.0,0.55,False,2.5,5.0,1.0,4.42058919191986e+16,4.179136702578751e+16,4.5054329601086904e+16,0.6243846076849774,0.6126265494952002,0.6604588566414145,"composition-matched 5 mM Mn-ion inventory; electrical charge-equivalent clock, not chemical conversion",True,exploratory_transferred_model,total_negative_electrical_charge_equivalents; 100_percent_delivery_and_utilization; not_electron_specific; not_a_chemical_yield_prediction
5mM_Mn_nitrate_in_water_10kHz,"5 mM Mn nitrate, 10 kHz",5mM_Mn_nitrate_in_water,10.0,0.6000000000000001,False,2.5,5.0,1.0,4.42058919191986e+16,4.179136702578751e+16,4.5054329601086904e+16,0.6811468447472482,0.6683198721765822,0.7205005708815432,"composition-matched 5 mM Mn-ion inventory; electrical charge-equivalent clock, not chemical conversion",True,exploratory_transferred_model,total_negative_electrical_charge_equivalents; 100_percent_delivery_and_utilization; not_electron_specific; not_a_chemical_yield_prediction
5mM_Mn_nitrate_in_water_10kHz,"5 mM Mn nitrate, 10 kHz",5mM_Mn_nitrate_in_water,10.0,0.65,False,2.5,5.0,1.0,4.42058919191986e+16,4.179136702578751e+16,4.5054329601086904e+16,0.7379090818095188,0.7240131948579639,0.7805422851216717,"composition-matched 5 mM Mn-ion inventory; electrical charge-equivalent clock, not chemical conversion",True,exploratory_transferred_model,total_negative_electrical_charge_equivalents; 100_percent_delivery_and_utilization; not_electron_specific; not_a_chemical_yield_prediction
5mM_Mn_nitrate_in_water_10kHz,"5 mM Mn nitrate, 10 kHz",5mM_Mn_nitrate_in_water,10.0,0.7000000000000001,False,2.5,5.0,1.0,4.42058919191986e+16,4.179136702578751e+16,4.5054329601086904e+16,0.7946713188717894,0.7797065175393458,0.8405839993618003,"composition-matched 5 mM Mn-ion inventory; electrical charge-equivalent clock, not chemical conversion",True,exploratory_transferred_model,total_negative_electrical_charge_equivalents; 100_percent_delivery_and_utilization; not_electron_specific; not_a_chemical_yield_prediction
5mM_Mn_nitrate_in_water_10kHz,"5 mM Mn nitrate, 10 kHz",5mM_Mn_nitrate_in_water,10.0,0.75,False,2.5,5.0,1.0,4.42058919191986e+16,4.179136702578751e+16,4.5054329601086904e+16,0.8514335559340602,0.8353998402207277,0.9006257136019289,"composition-matched 5 mM Mn-ion inventory; electrical charge-equivalent clock, not chemical conversion",True,exploratory_transferred_model,total_negative_electrical_charge_equivalents; 100_percent_delivery_and_utilization; not_electron_specific; not_a_chemical_yield_prediction
5mM_Mn_nitrate_in_water_10kHz,"5 mM Mn nitrate, 10 kHz",5mM_Mn_nitrate_in_water,10.0,0.8,False,2.5,5.0,1.0,4.42058919191986e+16,4.179136702578751e+16,4.5054329601086904e+16,0.9081957929963308,0.8910931629021095,0.9606674278420575,"composition-matched 5 mM Mn-ion inventory; electrical charge-equivalent clock, not chemical conversion",True,exploratory_transferred_model,total_negative_electrical_charge_equivalents; 100_percent_delivery_and_utilization; not_electron_specific; not_a_chemical_yield_prediction
5mM_Mn_nitrate_in_water_10kHz,"5 mM Mn nitrate, 10 kHz",5mM_Mn_nitrate_in_water,10.0,0.8500000000000001,False,2.5,5.0,1.0,4.42058919191986e+16,4.179136702578751e+16,4.5054329601086904e+16,0.9649580300586016,0.9467864855834914,1.020709142082186,"composition-matched 5 mM Mn-ion inventory; electrical charge-equivalent clock, not chemical conversion",True,exploratory_transferred_model,total_negative_electrical_charge_equivalents; 100_percent_delivery_and_utilization; not_electron_specific; not_a_chemical_yield_prediction
5mM_Mn_nitrate_in_water_10kHz,"5 mM Mn nitrate, 10 kHz",5mM_Mn_nitrate_in_water,10.0,0.9,False,2.5,5.0,1.0,4.42058919191986e+16,4.179136702578751e+16,4.5054329601086904e+16,1.0217202671208723,1.0024798082648732,1.0807508563223147,"composition-matched 5 mM Mn-ion inventory; electrical charge-equivalent clock, not chemical conversion",True,exploratory_transferred_model,total_negative_electrical_charge_equivalents; 100_percent_delivery_and_utilization; not_electron_specific; not_a_chemical_yield_prediction
5mM_Mn_nitrate_in_water_10kHz,"5 mM Mn nitrate, 10 kHz",5mM_Mn_nitrate_in_water,10.0,0.9500000000000001,False,2.5,5.0,1.0,4.42058919191986e+16,4.179136702578751e+16,4.5054329601086904e+16,1.0784825041831427,1.058173130946255,1.1407925705624433,"composition-matched 5 mM Mn-ion inventory; electrical charge-equivalent clock, not chemical conversion",True,exploratory_transferred_model,total_negative_electrical_charge_equivalents; 100_percent_delivery_and_utilization; not_electron_specific; not_a_chemical_yield_prediction
5mM_Mn_nitrate_in_water_10kHz,"5 mM Mn nitrate, 10 kHz",5mM_Mn_nitrate_in_water,10.0,1.0,False,2.5,5.0,1.0,4.42058919191986e+16,4.179136702578751e+16,4.5054329601086904e+16,1.1352447412454134,1.1138664536276368,1.2008342848025717,"composition-matched 5 mM Mn-ion inventory; electrical charge-equivalent clock, not chemical conversion",True,exploratory_transferred_model,total_negative_electrical_charge_equivalents; 100_percent_delivery_and_utilization; not_electron_specific; not_a_chemical_yield_prediction
5mM_Mn_nitrate_in_water_10kHz,"5 mM Mn nitrate, 10 kHz",5mM_Mn_nitrate_in_water,10.0,1.05,False,2.5,5.0,1.0,4.42058919191986e+16,4.179136702578751e+16,4.5054329601086904e+16,1.1920069783076843,1.1695597763090186,1.2608759990427005,"composition-matched 5 mM Mn-ion inventory; electrical charge-equivalent clock, not chemical conversion",True,exploratory_transferred_model,total_negative_electrical_charge_equivalents; 100_percent_delivery_and_utilization; not_electron_specific; not_a_chemical_yield_prediction
5mM_Mn_nitrate_in_water_10kHz,"5 mM Mn nitrate, 10 kHz",5mM_Mn_nitrate_in_water,10.0,1.1,False,2.5,5.0,1.0,4.42058919191986e+16,4.179136702578751e+16,4.5054329601086904e+16,1.2487692153699548,1.2252530989904005,1.320917713282829,"composition-matched 5 mM Mn-ion inventory; electrical charge-equivalent clock, not chemical conversion",True,exploratory_transferred_model,total_negative_electrical_charge_equivalents; 100_percent_delivery_and_utilization; not_electron_specific; not_a_chemical_yield_prediction
5mM_Mn_nitrate_in_water_10kHz,"5 mM Mn nitrate, 10 kHz",5mM_Mn_nitrate_in_water,10.0,1.1500000000000001,False,2.5,5.0,1.0,4.42058919191986e+16,4.179136702578751e+16,4.5054329601086904e+16,1.3055314524322257,1.2809464216717825,1.3809594275229577,"composition-matched 5 mM Mn-ion inventory; electrical charge-equivalent clock, not chemical conversion",True,exploratory_transferred_model,total_negative_electrical_charge_equivalents; 100_percent_delivery_and_utilization; not_electron_specific; not_a_chemical_yield_prediction
5mM_Mn_nitrate_in_water_10kHz,"5 mM Mn nitrate, 10 kHz",5mM_Mn_nitrate_in_water,10.0,1.2000000000000002,False,2.5,5.0,1.0,4.42058919191986e+16,4.179136702578751e+16,4.5054329601086904e+16,1.3622936894944964,1.3366397443531643,1.4410011417630864,"composition-matched 5 mM Mn-ion inventory; electrical charge-equivalent clock, not chemical conversion",True,exploratory_transferred_model,total_negative_electrical_charge_equivalents; 100_percent_delivery_and_utilization; not_electron_specific; not_a_chemical_yield_prediction
5mM_Mn_nitrate_in_water_10kHz,"5 mM Mn nitrate, 10 kHz",5mM_Mn_nitrate_in_water,10.0,1.25,False,2.5,5.0,1.0,4.42058919191986e+16,4.179136702578751e+16,4.5054329601086904e+16,1.4190559265567668,1.392333067034546,1.5010428560032145,"composition-matched 5 mM Mn-ion inventory; electrical charge-equivalent clock, not chemical conversion",True,exploratory_transferred_model,total_negative_electrical_charge_equivalents; 100_percent_delivery_and_utilization; not_electron_specific; not_a_chemical_yield_prediction
5mM_Mn_nitrate_in_water_10kHz,"5 mM Mn nitrate, 10 kHz",5mM_Mn_nitrate_in_water,10.0,1.3,False,2.5,5.0,1.0,4.42058919191986e+16,4.179136702578751e+16,4.5054329601086904e+16,1.4758181636190375,1.4480263897159278,1.5610845702433434,"composition-matched 5 mM Mn-ion inventory; electrical charge-equivalent clock, not chemical conversion",True,exploratory_transferred_model,total_negative_electrical_charge_equivalents; 100_percent_delivery_and_utilization; not_electron_specific; not_a_chemical_yield_prediction
5mM_Mn_nitrate_in_water_10kHz,"5 mM Mn nitrate, 10 kHz",5mM_Mn_nitrate_in_water,10.0,1.35,False,2.5,5.0,1.0,4.42058919191986e+16,4.179136702578751e+16,4.5054329601086904e+16,1.5325804006813084,1.5037197123973098,1.621126284483472,"composition-matched 5 mM Mn-ion inventory; electrical charge-equivalent clock, not chemical conversion",True,exploratory_transferred_model,total_negative_electrical_charge_equivalents; 100_percent_delivery_and_utilization; not_electron_specific; not_a_chemical_yield_prediction
5mM_Mn_nitrate_in_water_10kHz,"5 mM Mn nitrate, 10 kHz",5mM_Mn_nitrate_in_water,10.0,1.4000000000000001,False,2.5,5.0,1.0,4.42058919191986e+16,4.179136702578751e+16,4.5054329601086904e+16,1.5893426377435789,1.5594130350786917,1.6811679987236006,"composition-matched 5 mM Mn-ion inventory; electrical charge-equivalent clock, not chemical conversion",True,exploratory_transferred_model,total_negative_electrical_charge_equivalents; 100_percent_delivery_and_utilization; not_electron_specific; not_a_chemical_yield_prediction
5mM_Mn_nitrate_in_water_10kHz,"5 mM Mn nitrate, 10 kHz",5mM_Mn_nitrate_in_water,10.0,1.4500000000000002,False,2.5,5.0,1.0,4.42058919191986e+16,4.179136702578751e+16,4.5054329601086904e+16,1.6461048748058495,1.6151063577600733,1.7412097129637292,"composition-matched 5 mM Mn-ion inventory; electrical charge-equivalent clock, not chemical conversion",True,exploratory_transferred_model,total_negative_electrical_charge_equivalents; 100_percent_delivery_and_utilization; not_electron_specific; not_a_chemical_yield_prediction
5mM_Mn_nitrate_in_water_10kHz,"5 mM Mn nitrate, 10 kHz",5mM_Mn_nitrate_in_water,10.0,1.5,False,2.5,5.0,1.0,4.42058919191986e+16,4.179136702578751e+16,4.5054329601086904e+16,1.7028671118681205,1.6707996804414553,1.8012514272038578,"composition-matched 5 mM Mn-ion inventory; electrical charge-equivalent clock, not chemical conversion",True,exploratory_transferred_model,total_negative_electrical_charge_equivalents; 100_percent_delivery_and_utilization; not_electron_specific; not_a_chemical_yield_prediction
5mM_Mn_nitrate_in_water_10kHz,"5 mM Mn nitrate, 10 kHz",5mM_Mn_nitrate_in_water,10.0,1.55,False,2.5,5.0,1.0,4.42058919191986e+16,4.179136702578751e+16,4.5054329601086904e+16,1.7596293489303907,1.726493003122837,1.8612931414439862,"composition-matched 5 mM Mn-ion inventory; electrical charge-equivalent clock, not chemical conversion",True,exploratory_transferred_model,total_negative_electrical_charge_equivalents; 100_percent_delivery_and_utilization; not_electron_specific; not_a_chemical_yield_prediction
5mM_Mn_nitrate_in_water_10kHz,"5 mM Mn nitrate, 10 kHz",5mM_Mn_nitrate_in_water,10.0,1.6,False,2.5,5.0,1.0,4.42058919191986e+16,4.179136702578751e+16,4.5054329601086904e+16,1.8163915859926616,1.782186325804219,1.921334855684115,"composition-matched 5 mM Mn-ion inventory; electrical charge-equivalent clock, not chemical conversion",True,exploratory_transferred_model,total_negative_electrical_charge_equivalents; 100_percent_delivery_and_utilization; not_electron_specific; not_a_chemical_yield_prediction
5mM_Mn_nitrate_in_water_10kHz,"5 mM Mn nitrate, 10 kHz",5mM_Mn_nitrate_in_water,10.0,1.6500000000000001,False,2.5,5.0,1.0,4.42058919191986e+16,4.179136702578751e+16,4.5054329601086904e+16,1.8731538230549325,1.8378796484856008,1.9813765699242436,"composition-matched 5 mM Mn-ion inventory; electrical charge-equivalent clock, not chemical conversion",True,exploratory_transferred_model,total_negative_electrical_charge_equivalents; 100_percent_delivery_and_utilization; not_electron_specific; not_a_chemical_yield_prediction
5mM_Mn_nitrate_in_water_10kHz,"5 mM Mn nitrate, 10 kHz",5mM_Mn_nitrate_in_water,10.0,1.7000000000000002,False,2.5,5.0,1.0,4.42058919191986e+16,4.179136702578751e+16,4.5054329601086904e+16,1.9299160601172032,1.8935729711669829,2.041418284164372,"composition-matched 5 mM Mn-ion inventory; electrical charge-equivalent clock, not chemical conversion",True,exploratory_transferred_model,total_negative_electrical_charge_equivalents; 100_percent_delivery_and_utilization; not_electron_specific; not_a_chemical_yield_prediction
5mM_Mn_nitrate_in_water_10kHz,"5 mM Mn nitrate, 10 kHz",5mM_Mn_nitrate_in_water,10.0,1.75,False,2.5,5.0,1.0,4.42058919191986e+16,4.179136702578751e+16,4.5054329601086904e+16,1.9866782971794736,1.9492662938483645,2.1014599984045006,"composition-matched 5 mM Mn-ion inventory; electrical charge-equivalent clock, not chemical conversion",True,exploratory_transferred_model,total_negative_electrical_charge_equivalents; 100_percent_delivery_and_utilization; not_electron_specific; not_a_chemical_yield_prediction
5mM_Mn_nitrate_in_water_10kHz,"5 mM Mn nitrate, 10 kHz",5mM_Mn_nitrate_in_water,10.0,1.8,False,2.5,5.0,1.0,4.42058919191986e+16,4.179136702578751e+16,4.5054329601086904e+16,2.0434405342417445,2.0049596165297463,2.1615017126446294,"composition-matched 5 mM Mn-ion inventory; electrical charge-equivalent clock, not chemical conversion",True,exploratory_transferred_model,total_negative_electrical_charge_equivalents; 100_percent_delivery_and_utilization; not_electron_specific; not_a_chemical_yield_prediction
5mM_Mn_nitrate_in_water_10kHz,"5 mM Mn nitrate, 10 kHz",5mM_Mn_nitrate_in_water,10.0,1.85,False,2.5,5.0,1.0,4.42058919191986e+16,4.179136702578751e+16,4.5054329601086904e+16,2.100202771304015,2.060652939211128,2.221543426884758,"composition-matched 5 mM Mn-ion inventory; electrical charge-equivalent clock, not chemical conversion",True,exploratory_transferred_model,total_negative_electrical_charge_equivalents; 100_percent_delivery_and_utilization; not_electron_specific; not_a_chemical_yield_prediction
5mM_Mn_nitrate_in_water_10kHz,"5 mM Mn nitrate, 10 kHz",5mM_Mn_nitrate_in_water,10.0,1.9000000000000001,False,2.5,5.0,1.0,4.42058919191986e+16,4.179136702578751e+16,4.5054329601086904e+16,2.1569650083662855,2.11634626189251,2.2815851411248866,"composition-matched 5 mM Mn-ion inventory; electrical charge-equivalent clock, not chemical conversion",True,exploratory_transferred_model,total_negative_electrical_charge_equivalents; 100_percent_delivery_and_utilization; not_electron_specific; not_a_chemical_yield_prediction
5mM_Mn_nitrate_in_water_10kHz,"5 mM Mn nitrate, 10 kHz",5mM_Mn_nitrate_in_water,10.0,1.9500000000000002,False,2.5,5.0,1.0,4.42058919191986e+16,4.179136702578751e+16,4.5054329601086904e+16,2.2137272454285566,2.172039584573892,2.341626855365015,"composition-matched 5 mM Mn-ion inventory; electrical charge-equivalent clock, not chemical conversion",True,exploratory_transferred_model,total_negative_electrical_charge_equivalents; 100_percent_delivery_and_utilization; not_electron_specific; not_a_chemical_yield_prediction
5mM_Mn_nitrate_in_water_10kHz,"5 mM Mn nitrate, 10 kHz",5mM_Mn_nitrate_in_water,10.0,2.0,False,2.5,5.0,1.0,4.42058919191986e+16,4.179136702578751e+16,4.5054329601086904e+16,2.270489482490827,2.2277329072552736,2.4016685696051434,"composition-matched 5 mM Mn-ion inventory; electrical charge-equivalent clock, not chemical conversion",True,exploratory_transferred_model,total_negative_electrical_charge_equivalents; 100_percent_delivery_and_utilization; not_electron_specific; not_a_chemical_yield_prediction
5mM_Mn_nitrate_in_water_10kHz,"5 mM Mn nitrate, 10 kHz",5mM_Mn_nitrate_in_water,10.0,2.0500000000000003,False,2.5,5.0,1.0,4.42058919191986e+16,4.179136702578751e+16,4.5054329601086904e+16,2.3272517195530975,2.2834262299366554,2.4617102838452722,"composition-matched 5 mM Mn-ion inventory; electrical charge-equivalent clock, not chemical conversion",True,exploratory_transferred_model,total_negative_electrical_charge_equivalents; 100_percent_delivery_and_utilization; not_electron_specific; not_a_chemical_yield_prediction
5mM_Mn_nitrate_in_water_10kHz,"5 mM Mn nitrate, 10 kHz",5mM_Mn_nitrate_in_water,10.0,2.1,False,2.5,5.0,1.0,4.42058919191986e+16,4.179136702578751e+16,4.5054329601086904e+16,2.3840139566153686,2.3391195526180373,2.521751998085401,"composition-matched 5 mM Mn-ion inventory; electrical charge-equivalent clock, not chemical conversion",True,exploratory_transferred_model,total_negative_electrical_charge_equivalents; 100_percent_delivery_and_utilization; not_electron_specific; not_a_chemical_yield_prediction
5mM_Mn_nitrate_in_water_10kHz,"5 mM Mn nitrate, 10 kHz",5mM_Mn_nitrate_in_water,10.0,2.15,False,2.5,5.0,1.0,4.42058919191986e+16,4.179136702578751e+16,4.5054329601086904e+16,2.440776193677639,2.394812875299419,2.5817937123255295,"composition-matched 5 mM Mn-ion inventory; electrical charge-equivalent clock, not chemical conversion",True,exploratory_transferred_model,total_negative_electrical_charge_equivalents; 100_percent_delivery_and_utilization; not_electron_specific; not_a_chemical_yield_prediction
5mM_Mn_nitrate_in_water_10kHz,"5 mM Mn nitrate, 10 kHz",5mM_Mn_nitrate_in_water,10.0,2.2,False,2.5,5.0,1.0,4.42058919191986e+16,4.179136702578751e+16,4.5054329601086904e+16,2.4975384307399096,2.450506197980801,2.641835426565658,"composition-matched 5 mM Mn-ion inventory; electrical charge-equivalent clock, not chemical conversion",True,exploratory_transferred_model,total_negative_electrical_charge_equivalents; 100_percent_delivery_and_utilization; not_electron_specific; not_a_chemical_yield_prediction
5mM_Mn_nitrate_in_water_10kHz,"5 mM Mn nitrate, 10 kHz",5mM_Mn_nitrate_in_water,10.0,2.25,False,2.5,5.0,1.0,4.42058919191986e+16,4.179136702578751e+16,4.5054329601086904e+16,2.5543006678021802,2.5061995206621828,2.7018771408057862,"composition-matched 5 mM Mn-ion inventory; electrical charge-equivalent clock, not chemical conversion",True,exploratory_transferred_model,total_negative_electrical_charge_equivalents; 100_percent_delivery_and_utilization; not_electron_specific; not_a_chemical_yield_prediction
5mM_Mn_nitrate_in_water_10kHz,"5 mM Mn nitrate, 10 kHz",5mM_Mn_nitrate_in_water,10.0,2.3000000000000003,False,2.5,5.0,1.0,4.42058919191986e+16,4.179136702578751e+16,4.5054329601086904e+16,2.6110629048644514,2.561892843343565,2.7619188550459155,"composition-matched 5 mM Mn-ion inventory; electrical charge-equivalent clock, not chemical conversion",True,exploratory_transferred_model,total_negative_electrical_charge_equivalents; 100_percent_delivery_and_utilization; not_electron_specific; not_a_chemical_yield_prediction
5mM_Mn_nitrate_in_water_10kHz,"5 mM Mn nitrate, 10 kHz",5mM_Mn_nitrate_in_water,10.0,2.35,False,2.5,5.0,1.0,4.42058919191986e+16,4.179136702578751e+16,4.5054329601086904e+16,2.6678251419267216,2.6175861660249464,2.821960569286044,"composition-matched 5 mM Mn-ion inventory; electrical charge-equivalent clock, not chemical conversion",True,exploratory_transferred_model,total_negative_electrical_charge_equivalents; 100_percent_delivery_and_utilization; not_electron_specific; not_a_chemical_yield_prediction
5mM_Mn_nitrate_in_water_10kHz,"5 mM Mn nitrate, 10 kHz",5mM_Mn_nitrate_in_water,10.0,2.4000000000000004,False,2.5,5.0,1.0,4.42058919191986e+16,4.179136702578751e+16,4.5054329601086904e+16,2.7245873789889927,2.6732794887063287,2.8820022835261727,"composition-matched 5 mM Mn-ion inventory; electrical charge-equivalent clock, not chemical conversion",True,exploratory_transferred_model,total_negative_electrical_charge_equivalents; 100_percent_delivery_and_utilization; not_electron_specific; not_a_chemical_yield_prediction
5mM_Mn_nitrate_in_water_10kHz,"5 mM Mn nitrate, 10 kHz",5mM_Mn_nitrate_in_water,10.0,2.45,False,2.5,5.0,1.0,4.42058919191986e+16,4.179136702578751e+16,4.5054329601086904e+16,2.781349616051263,2.72897281138771,2.942043997766301,"composition-matched 5 mM Mn-ion inventory; electrical charge-equivalent clock, not chemical conversion",True,exploratory_transferred_model,total_negative_electrical_charge_equivalents; 100_percent_delivery_and_utilization; not_electron_specific; not_a_chemical_yield_prediction
5mM_Mn_nitrate_in_water_10kHz,"5 mM Mn nitrate, 10 kHz",5mM_Mn_nitrate_in_water,10.0,2.5,True,2.5,5.0,1.0,4.42058919191986e+16,4.179136702578751e+16,4.5054329601086904e+16,2.8381118531135336,2.784666134069092,3.002085712006429,"composition-matched 5 mM Mn-ion inventory; electrical charge-equivalent clock, not chemical conversion",True,exploratory_transferred_model,total_negative_electrical_charge_equivalents; 100_percent_delivery_and_utilization; not_electron_specific; not_a_chemical_yield_prediction
5mM_Mn_nitrate_in_water_10kHz,"5 mM Mn nitrate, 10 kHz",5mM_Mn_nitrate_in_water,10.0,2.5500000000000003,False,2.5,5.0,1.0,4.42058919191986e+16,4.179136702578751e+16,4.5054329601086904e+16,2.8948740901758048,2.840359456750474,3.0621274262465583,"composition-matched 5 mM Mn-ion inventory; electrical charge-equivalent clock, not chemical conversion",True,exploratory_transferred_model,total_negative_electrical_charge_equivalents; 100_percent_delivery_and_utilization; not_electron_specific; not_a_chemical_yield_prediction
5mM_Mn_nitrate_in_water_10kHz,"5 mM Mn nitrate, 10 kHz",5mM_Mn_nitrate_in_water,10.0,2.6,False,2.5,5.0,1.0,4.42058919191986e+16,4.179136702578751e+16,4.5054329601086904e+16,2.951636327238075,2.8960527794318556,3.1221691404866867,"composition-matched 5 mM Mn-ion inventory; electrical charge-equivalent clock, not chemical conversion",True,exploratory_transferred_model,total_negative_electrical_charge_equivalents; 100_percent_delivery_and_utilization; not_electron_specific; not_a_chemical_yield_prediction
5mM_Mn_nitrate_in_water_10kHz,"5 mM Mn nitrate, 10 kHz",5mM_Mn_nitrate_in_water,10.0,2.6500000000000004,False,2.5,5.0,1.0,4.42058919191986e+16,4.179136702578751e+16,4.5054329601086904e+16,3.008398564300346,2.951746102113238,3.182210854726816,"composition-matched 5 mM Mn-ion inventory; electrical charge-equivalent clock, not chemical conversion",True,exploratory_transferred_model,total_negative_electrical_charge_equivalents; 100_percent_delivery_and_utilization; not_electron_specific; not_a_chemical_yield_prediction
5mM_Mn_nitrate_in_water_10kHz,"5 mM Mn nitrate, 10 kHz",5mM_Mn_nitrate_in_water,10.0,2.7,False,2.5,5.0,1.0,4.42058919191986e+16,4.179136702578751e+16,4.5054329601086904e+16,3.065160801362617,3.0074394247946197,3.242252568966944,"composition-matched 5 mM Mn-ion inventory; electrical charge-equivalent clock, not chemical conversion",True,exploratory_transferred_model,total_negative_electrical_charge_equivalents; 100_percent_delivery_and_utilization; not_electron_specific; not_a_chemical_yield_prediction
5mM_Mn_nitrate_in_water_10kHz,"5 mM Mn nitrate, 10 kHz",5mM_Mn_nitrate_in_water,10.0,2.75,False,2.5,5.0,1.0,4.42058919191986e+16,4.179136702578751e+16,4.5054329601086904e+16,3.121923038424887,3.063132747476001,3.3022942832070723,"composition-matched 5 mM Mn-ion inventory; electrical charge-equivalent clock, not chemical conversion",True,exploratory_transferred_model,total_negative_electrical_charge_equivalents; 100_percent_delivery_and_utilization; not_electron_specific; not_a_chemical_yield_prediction
5mM_Mn_nitrate_in_water_10kHz,"5 mM Mn nitrate, 10 kHz",5mM_Mn_nitrate_in_water,10.0,2.8000000000000003,False,2.5,5.0,1.0,4.42058919191986e+16,4.179136702578751e+16,4.5054329601086904e+16,3.1786852754871577,3.1188260701573833,3.362335997447201,"composition-matched 5 mM Mn-ion inventory; electrical charge-equivalent clock, not chemical conversion",True,exploratory_transferred_model,total_negative_electrical_charge_equivalents; 100_percent_delivery_and_utilization; not_electron_specific; not_a_chemical_yield_prediction
5mM_Mn_nitrate_in_water_10kHz,"5 mM Mn nitrate, 10 kHz",5mM_Mn_nitrate_in_water,10.0,2.85,False,2.5,5.0,1.0,4.42058919191986e+16,4.179136702578751e+16,4.5054329601086904e+16,3.2354475125494284,3.1745193928387647,3.4223777116873295,"composition-matched 5 mM Mn-ion inventory; electrical charge-equivalent clock, not chemical conversion",True,exploratory_transferred_model,total_negative_electrical_charge_equivalents; 100_percent_delivery_and_utilization; not_electron_specific; not_a_chemical_yield_prediction
5mM_Mn_nitrate_in_water_10kHz,"5 mM Mn nitrate, 10 kHz",5mM_Mn_nitrate_in_water,10.0,2.9000000000000004,False,2.5,5.0,1.0,4.42058919191986e+16,4.179136702578751e+16,4.5054329601086904e+16,3.292209749611699,3.2302127155201465,3.4824194259274583,"composition-matched 5 mM Mn-ion inventory; electrical charge-equivalent clock, not chemical conversion",True,exploratory_transferred_model,total_negative_electrical_charge_equivalents; 100_percent_delivery_and_utilization; not_electron_specific; not_a_chemical_yield_prediction
5mM_Mn_nitrate_in_water_10kHz,"5 mM Mn nitrate, 10 kHz",5mM_Mn_nitrate_in_water,10.0,2.95,False,2.5,5.0,1.0,4.42058919191986e+16,4.179136702578751e+16,4.5054329601086904e+16,3.3489719866739693,3.2859060382015284,3.5424611401675867,"composition-matched 5 mM Mn-ion inventory; electrical charge-equivalent clock, not chemical conversion",True,exploratory_transferred_model,total_negative_electrical_charge_equivalents; 100_percent_delivery_and_utilization; not_electron_specific; not_a_chemical_yield_prediction
5mM_Mn_nitrate_in_water_10kHz,"5 mM Mn nitrate, 10 kHz",5mM_Mn_nitrate_in_water,10.0,3.0,False,2.5,5.0,1.0,4.42058919191986e+16,4.179136702578751e+16,4.5054329601086904e+16,3.405734223736241,3.3415993608829107,3.6025028544077156,"composition-matched 5 mM Mn-ion inventory; electrical charge-equivalent clock, not chemical conversion",True,exploratory_transferred_model,total_negative_electrical_charge_equivalents; 100_percent_delivery_and_utilization; not_electron_specific; not_a_chemical_yield_prediction
5mM_Mn_nitrate_in_water_10kHz,"5 mM Mn nitrate, 10 kHz",5mM_Mn_nitrate_in_water,10.0,3.0500000000000003,False,2.5,5.0,1.0,4.42058919191986e+16,4.179136702578751e+16,4.5054329601086904e+16,3.462496460798511,3.397292683564292,3.662544568647844,"composition-matched 5 mM Mn-ion inventory; electrical charge-equivalent clock, not chemical conversion",True,exploratory_transferred_model,total_negative_electrical_charge_equivalents; 100_percent_delivery_and_utilization; not_electron_specific; not_a_chemical_yield_prediction
5mM_Mn_nitrate_in_water_10kHz,"5 mM Mn nitrate, 10 kHz",5mM_Mn_nitrate_in_water,10.0,3.1,False,2.5,5.0,1.0,4.42058919191986e+16,4.179136702578751e+16,4.5054329601086904e+16,3.5192586978607814,3.452986006245674,3.7225862828879723,"composition-matched 5 mM Mn-ion inventory; electrical charge-equivalent clock, not chemical conversion",True,exploratory_transferred_model,total_negative_electrical_charge_equivalents; 100_percent_delivery_and_utilization; not_electron_specific; not_a_chemical_yield_prediction
5mM_Mn_nitrate_in_water_10kHz,"5 mM Mn nitrate, 10 kHz",5mM_Mn_nitrate_in_water,10.0,3.1500000000000004,False,2.5,5.0,1.0,4.42058919191986e+16,4.179136702578751e+16,4.5054329601086904e+16,3.576020934923053,3.508679328927056,3.7826279971281016,"composition-matched 5 mM Mn-ion inventory; electrical charge-equivalent clock, not chemical conversion",True,exploratory_transferred_model,total_negative_electrical_charge_equivalents; 100_percent_delivery_and_utilization; not_electron_specific; not_a_chemical_yield_prediction
5mM_Mn_nitrate_in_water_10kHz,"5 mM Mn nitrate, 10 kHz",5mM_Mn_nitrate_in_water,10.0,3.2,False,2.5,5.0,1.0,4.42058919191986e+16,4.179136702578751e+16,4.5054329601086904e+16,3.632783171985323,3.564372651608438,3.84266971136823,"composition-matched 5 mM Mn-ion inventory; electrical charge-equivalent clock, not chemical conversion",True,exploratory_transferred_model,total_negative_electrical_charge_equivalents; 100_percent_delivery_and_utilization; not_electron_specific; not_a_chemical_yield_prediction
5mM_Mn_nitrate_in_water_10kHz,"5 mM Mn nitrate, 10 kHz",5mM_Mn_nitrate_in_water,10.0,3.25,False,2.5,5.0,1.0,4.42058919191986e+16,4.179136702578751e+16,4.5054329601086904e+16,3.6895454090475934,3.6200659742898194,3.9027114256083584,"composition-matched 5 mM Mn-ion inventory; electrical charge-equivalent clock, not chemical conversion",True,exploratory_transferred_model,total_negative_electrical_charge_equivalents; 100_percent_delivery_and_utilization; not_electron_specific; not_a_chemical_yield_prediction
5mM_Mn_nitrate_in_water_10kHz,"5 mM Mn nitrate, 10 kHz",5mM_Mn_nitrate_in_water,10.0,3.3000000000000003,False,2.5,5.0,1.0,4.42058919191986e+16,4.179136702578751e+16,4.5054329601086904e+16,3.746307646109865,3.6757592969712016,3.962753139848487,"composition-matched 5 mM Mn-ion inventory; electrical charge-equivalent clock, not chemical conversion",True,exploratory_transferred_model,total_negative_electrical_charge_equivalents; 100_percent_delivery_and_utilization; not_electron_specific; not_a_chemical_yield_prediction
5mM_Mn_nitrate_in_water_10kHz,"5 mM Mn nitrate, 10 kHz",5mM_Mn_nitrate_in_water,10.0,3.35,False,2.5,5.0,1.0,4.42058919191986e+16,4.179136702578751e+16,4.5054329601086904e+16,3.8030698831721352,3.7314526196525835,4.022794854088616,"composition-matched 5 mM Mn-ion inventory; electrical charge-equivalent clock, not chemical conversion",True,exploratory_transferred_model,total_negative_electrical_charge_equivalents; 100_percent_delivery_and_utilization; not_electron_specific; not_a_chemical_yield_prediction
5mM_Mn_nitrate_in_water_10kHz,"5 mM Mn nitrate, 10 kHz",5mM_Mn_nitrate_in_water,10.0,3.4000000000000004,False,2.5,5.0,1.0,4.42058919191986e+16,4.179136702578751e+16,4.5054329601086904e+16,3.8598321202344064,3.7871459423339657,4.082836568328744,"composition-matched 5 mM Mn-ion inventory; electrical charge-equivalent clock, not chemical conversion",True,exploratory_transferred_model,total_negative_electrical_charge_equivalents; 100_percent_delivery_and_utilization; not_electron_specific; not_a_chemical_yield_prediction
5mM_Mn_nitrate_in_water_10kHz,"5 mM Mn nitrate, 10 kHz",5mM_Mn_nitrate_in_water,10.0,3.45,False,2.5,5.0,1.0,4.42058919191986e+16,4.179136702578751e+16,4.5054329601086904e+16,3.9165943572966766,3.842839265015347,4.142878282568873,"composition-matched 5 mM Mn-ion inventory; electrical charge-equivalent clock, not chemical conversion",True,exploratory_transferred_model,total_negative_electrical_charge_equivalents; 100_percent_delivery_and_utilization; not_electron_specific; not_a_chemical_yield_prediction
5mM_Mn_nitrate_in_water_10kHz,"5 mM Mn nitrate, 10 kHz",5mM_Mn_nitrate_in_water,10.0,3.5,False,2.5,5.0,1.0,4.42058919191986e+16,4.179136702578751e+16,4.5054329601086904e+16,3.9733565943589473,3.898532587696729,4.202919996809001,"composition-matched 5 mM Mn-ion inventory; electrical charge-equivalent clock, not chemical conversion",True,exploratory_transferred_model,total_negative_electrical_charge_equivalents; 100_percent_delivery_and_utilization; not_electron_specific; not_a_chemical_yield_prediction
5mM_Mn_nitrate_in_water_10kHz,"5 mM Mn nitrate, 10 kHz",5mM_Mn_nitrate_in_water,10.0,3.5500000000000003,False,2.5,5.0,1.0,4.42058919191986e+16,4.179136702578751e+16,4.5054329601086904e+16,4.030118831421218,3.9542259103781103,4.26296171104913,"composition-matched 5 mM Mn-ion inventory; electrical charge-equivalent clock, not chemical conversion",True,exploratory_transferred_model,total_negative_electrical_charge_equivalents; 100_percent_delivery_and_utilization; not_electron_specific; not_a_chemical_yield_prediction
5mM_Mn_nitrate_in_water_10kHz,"5 mM Mn nitrate, 10 kHz",5mM_Mn_nitrate_in_water,10.0,3.6,False,2.5,5.0,1.0,4.42058919191986e+16,4.179136702578751e+16,4.5054329601086904e+16,4.086881068483489,4.009919233059493,4.323003425289259,"composition-matched 5 mM Mn-ion inventory; electrical charge-equivalent clock, not chemical conversion",True,exploratory_transferred_model,total_negative_electrical_charge_equivalents; 100_percent_delivery_and_utilization; not_electron_specific; not_a_chemical_yield_prediction
5mM_Mn_nitrate_in_water_10kHz,"5 mM Mn nitrate, 10 kHz",5mM_Mn_nitrate_in_water,10.0,3.6500000000000004,False,2.5,5.0,1.0,4.42058919191986e+16,4.179136702578751e+16,4.5054329601086904e+16,4.143643305545759,4.065612555740874,4.383045139529387,"composition-matched 5 mM Mn-ion inventory; electrical charge-equivalent clock, not chemical conversion",True,exploratory_transferred_model,total_negative_electrical_charge_equivalents; 100_percent_delivery_and_utilization; not_electron_specific; not_a_chemical_yield_prediction
5mM_Mn_nitrate_in_water_10kHz,"5 mM Mn nitrate, 10 kHz",5mM_Mn_nitrate_in_water,10.0,3.7,False,2.5,5.0,1.0,4.42058919191986e+16,4.179136702578751e+16,4.5054329601086904e+16,4.20040554260803,4.121305878422256,4.443086853769516,"composition-matched 5 mM Mn-ion inventory; electrical charge-equivalent clock, not chemical conversion",True,exploratory_transferred_model,total_negative_electrical_charge_equivalents; 100_percent_delivery_and_utilization; not_electron_specific; not_a_chemical_yield_prediction
5mM_Mn_nitrate_in_water_10kHz,"5 mM Mn nitrate, 10 kHz",5mM_Mn_nitrate_in_water,10.0,3.75,False,2.5,5.0,1.0,4.42058919191986e+16,4.179136702578751e+16,4.5054329601086904e+16,4.2571677796703,4.176999201103637,4.503128568009644,"composition-matched 5 mM Mn-ion inventory; electrical charge-equivalent clock, not chemical conversion",True,exploratory_transferred_model,total_negative_electrical_charge_equivalents; 100_percent_delivery_and_utilization; not_electron_specific; not_a_chemical_yield_prediction
5mM_Mn_nitrate_in_water_10kHz,"5 mM Mn nitrate, 10 kHz",5mM_Mn_nitrate_in_water,10.0,3.8000000000000003,False,2.5,5.0,1.0,4.42058919191986e+16,4.179136702578751e+16,4.5054329601086904e+16,4.313930016732571,4.23269252378502,4.563170282249773,"composition-matched 5 mM Mn-ion inventory; electrical charge-equivalent clock, not chemical conversion",True,exploratory_transferred_model,total_negative_electrical_charge_equivalents; 100_percent_delivery_and_utilization; not_electron_specific; not_a_chemical_yield_prediction
5mM_Mn_nitrate_in_water_10kHz,"5 mM Mn nitrate, 10 kHz",5mM_Mn_nitrate_in_water,10.0,3.85,False,2.5,5.0,1.0,4.42058919191986e+16,4.179136702578751e+16,4.5054329601086904e+16,4.370692253794842,4.288385846466402,4.623211996489902,"composition-matched 5 mM Mn-ion inventory; electrical charge-equivalent clock, not chemical conversion",True,exploratory_transferred_model,total_negative_electrical_charge_equivalents; 100_percent_delivery_and_utilization; not_electron_specific; not_a_chemical_yield_prediction
5mM_Mn_nitrate_in_water_10kHz,"5 mM Mn nitrate, 10 kHz",5mM_Mn_nitrate_in_water,10.0,3.9000000000000004,False,2.5,5.0,1.0,4.42058919191986e+16,4.179136702578751e+16,4.5054329601086904e+16,4.427454490857113,4.344079169147784,4.68325371073003,"composition-matched 5 mM Mn-ion inventory; electrical charge-equivalent clock, not chemical conversion",True,exploratory_transferred_model,total_negative_electrical_charge_equivalents; 100_percent_delivery_and_utilization; not_electron_specific; not_a_chemical_yield_prediction
5mM_Mn_nitrate_in_water_10kHz,"5 mM Mn nitrate, 10 kHz",5mM_Mn_nitrate_in_water,10.0,3.95,False,2.5,5.0,1.0,4.42058919191986e+16,4.179136702578751e+16,4.5054329601086904e+16,4.484216727919383,4.399772491829165,4.743295424970158,"composition-matched 5 mM Mn-ion inventory; electrical charge-equivalent clock, not chemical conversion",True,exploratory_transferred_model,total_negative_electrical_charge_equivalents; 100_percent_delivery_and_utilization; not_electron_specific; not_a_chemical_yield_prediction
5mM_Mn_nitrate_in_water_10kHz,"5 mM Mn nitrate, 10 kHz",5mM_Mn_nitrate_in_water,10.0,4.0,False,2.5,5.0,1.0,4.42058919191986e+16,4.179136702578751e+16,4.5054329601086904e+16,4.540978964981654,4.455465814510547,4.803337139210287,"composition-matched 5 mM Mn-ion inventory; electrical charge-equivalent clock, not chemical conversion",True,exploratory_transferred_model,total_negative_electrical_charge_equivalents; 100_percent_delivery_and_utilization; not_electron_specific; not_a_chemical_yield_prediction
5mM_Mn_nitrate_in_water_10kHz,"5 mM Mn nitrate, 10 kHz",5mM_Mn_nitrate_in_water,10.0,4.05,False,2.5,5.0,1.0,4.42058919191986e+16,4.179136702578751e+16,4.5054329601086904e+16,4.597741202043924,4.511159137191929,4.863378853450415,"composition-matched 5 mM Mn-ion inventory; electrical charge-equivalent clock, not chemical conversion",True,exploratory_transferred_model,total_negative_electrical_charge_equivalents; 100_percent_delivery_and_utilization; not_electron_specific; not_a_chemical_yield_prediction
5mM_Mn_nitrate_in_water_10kHz,"5 mM Mn nitrate, 10 kHz",5mM_Mn_nitrate_in_water,10.0,4.1000000000000005,False,2.5,5.0,1.0,4.42058919191986e+16,4.179136702578751e+16,4.5054329601086904e+16,4.654503439106195,4.566852459873311,4.9234205676905445,"composition-matched 5 mM Mn-ion inventory; electrical charge-equivalent clock, not chemical conversion",True,exploratory_transferred_model,total_negative_electrical_charge_equivalents; 100_percent_delivery_and_utilization; not_electron_specific; not_a_chemical_yield_prediction
5mM_Mn_nitrate_in_water_10kHz,"5 mM Mn nitrate, 10 kHz",5mM_Mn_nitrate_in_water,10.0,4.15,False,2.5,5.0,1.0,4.42058919191986e+16,4.179136702578751e+16,4.5054329601086904e+16,4.711265676168466,4.622545782554694,4.983462281930674,"composition-matched 5 mM Mn-ion inventory; electrical charge-equivalent clock, not chemical conversion",True,exploratory_transferred_model,total_negative_electrical_charge_equivalents; 100_percent_delivery_and_utilization; not_electron_specific; not_a_chemical_yield_prediction
5mM_Mn_nitrate_in_water_10kHz,"5 mM Mn nitrate, 10 kHz",5mM_Mn_nitrate_in_water,10.0,4.2,False,2.5,5.0,1.0,4.42058919191986e+16,4.179136702578751e+16,4.5054329601086904e+16,4.768027913230737,4.678239105236075,5.043503996170802,"composition-matched 5 mM Mn-ion inventory; electrical charge-equivalent clock, not chemical conversion",True,exploratory_transferred_model,total_negative_electrical_charge_equivalents; 100_percent_delivery_and_utilization; not_electron_specific; not_a_chemical_yield_prediction
5mM_Mn_nitrate_in_water_10kHz,"5 mM Mn nitrate, 10 kHz",5mM_Mn_nitrate_in_water,10.0,4.25,False,2.5,5.0,1.0,4.42058919191986e+16,4.179136702578751e+16,4.5054329601086904e+16,4.8247901502930075,4.733932427917456,5.1035457104109305,"composition-matched 5 mM Mn-ion inventory; electrical charge-equivalent clock, not chemical conversion",True,exploratory_transferred_model,total_negative_electrical_charge_equivalents; 100_percent_delivery_and_utilization; not_electron_specific; not_a_chemical_yield_prediction
5mM_Mn_nitrate_in_water_10kHz,"5 mM Mn nitrate, 10 kHz",5mM_Mn_nitrate_in_water,10.0,4.3,False,2.5,5.0,1.0,4.42058919191986e+16,4.179136702578751e+16,4.5054329601086904e+16,4.881552387355278,4.789625750598838,5.163587424651059,"composition-matched 5 mM Mn-ion inventory; electrical charge-equivalent clock, not chemical conversion",True,exploratory_transferred_model,total_negative_electrical_charge_equivalents; 100_percent_delivery_and_utilization; not_electron_specific; not_a_chemical_yield_prediction
5mM_Mn_nitrate_in_water_10kHz,"5 mM Mn nitrate, 10 kHz",5mM_Mn_nitrate_in_water,10.0,4.3500000000000005,False,2.5,5.0,1.0,4.42058919191986e+16,4.179136702578751e+16,4.5054329601086904e+16,4.938314624417549,4.84531907328022,5.223629138891188,"composition-matched 5 mM Mn-ion inventory; electrical charge-equivalent clock, not chemical conversion",True,exploratory_transferred_model,total_negative_electrical_charge_equivalents; 100_percent_delivery_and_utilization; not_electron_specific; not_a_chemical_yield_prediction
5mM_Mn_nitrate_in_water_10kHz,"5 mM Mn nitrate, 10 kHz",5mM_Mn_nitrate_in_water,10.0,4.4,False,2.5,5.0,1.0,4.42058919191986e+16,4.179136702578751e+16,4.5054329601086904e+16,4.995076861479819,4.901012395961602,5.283670853131316,"composition-matched 5 mM Mn-ion inventory; electrical charge-equivalent clock, not chemical conversion",True,exploratory_transferred_model,total_negative_electrical_charge_equivalents; 100_percent_delivery_and_utilization; not_electron_specific; not_a_chemical_yield_prediction
5mM_Mn_nitrate_in_water_10kHz,"5 mM Mn nitrate, 10 kHz",5mM_Mn_nitrate_in_water,10.0,4.45,False,2.5,5.0,1.0,4.42058919191986e+16,4.179136702578751e+16,4.5054329601086904e+16,5.05183909854209,4.956705718642984,5.343712567371444,"composition-matched 5 mM Mn-ion inventory; electrical charge-equivalent clock, not chemical conversion",True,exploratory_transferred_model,total_negative_electrical_charge_equivalents; 100_percent_delivery_and_utilization; not_electron_specific; not_a_chemical_yield_prediction
5mM_Mn_nitrate_in_water_10kHz,"5 mM Mn nitrate, 10 kHz",5mM_Mn_nitrate_in_water,10.0,4.5,False,2.5,5.0,1.0,4.42058919191986e+16,4.179136702578751e+16,4.5054329601086904e+16,5.1086013356043605,5.0123990413243655,5.4037542816115725,"composition-matched 5 mM Mn-ion inventory; electrical charge-equivalent clock, not chemical conversion",True,exploratory_transferred_model,total_negative_electrical_charge_equivalents; 100_percent_delivery_and_utilization; not_electron_specific; not_a_chemical_yield_prediction
5mM_Mn_nitrate_in_water_10kHz,"5 mM Mn nitrate, 10 kHz",5mM_Mn_nitrate_in_water,10.0,4.55,False,2.5,5.0,1.0,4.42058919191986e+16,4.179136702578751e+16,4.5054329601086904e+16,5.165363572666631,5.0680923640057465,5.463795995851701,"composition-matched 5 mM Mn-ion inventory; electrical charge-equivalent clock, not chemical conversion",True,exploratory_transferred_model,total_negative_electrical_charge_equivalents; 100_percent_delivery_and_utilization; not_electron_specific; not_a_chemical_yield_prediction
5mM_Mn_nitrate_in_water_10kHz,"5 mM Mn nitrate, 10 kHz",5mM_Mn_nitrate_in_water,10.0,4.6000000000000005,False,2.5,5.0,1.0,4.42058919191986e+16,4.179136702578751e+16,4.5054329601086904e+16,5.222125809728903,5.12378568668713,5.523837710091831,"composition-matched 5 mM Mn-ion inventory; electrical charge-equivalent clock, not chemical conversion",True,exploratory_transferred_model,total_negative_electrical_charge_equivalents; 100_percent_delivery_and_utilization; not_electron_specific; not_a_chemical_yield_prediction
5mM_Mn_nitrate_in_water_10kHz,"5 mM Mn nitrate, 10 kHz",5mM_Mn_nitrate_in_water,10.0,4.65,False,2.5,5.0,1.0,4.42058919191986e+16,4.179136702578751e+16,4.5054329601086904e+16,5.278888046791173,5.179479009368512,5.583879424331959,"composition-matched 5 mM Mn-ion inventory; electrical charge-equivalent clock, not chemical conversion",True,exploratory_transferred_model,total_negative_electrical_charge_equivalents; 100_percent_delivery_and_utilization; not_electron_specific; not_a_chemical_yield_prediction
5mM_Mn_nitrate_in_water_10kHz,"5 mM Mn nitrate, 10 kHz",5mM_Mn_nitrate_in_water,10.0,4.7,False,2.5,5.0,1.0,4.42058919191986e+16,4.179136702578751e+16,4.5054329601086904e+16,5.335650283853443,5.235172332049893,5.643921138572088,"composition-matched 5 mM Mn-ion inventory; electrical charge-equivalent clock, not chemical conversion",True,exploratory_transferred_model,total_negative_electrical_charge_equivalents; 100_percent_delivery_and_utilization; not_electron_specific; not_a_chemical_yield_prediction
5mM_Mn_nitrate_in_water_10kHz,"5 mM Mn nitrate, 10 kHz",5mM_Mn_nitrate_in_water,10.0,4.75,False,2.5,5.0,1.0,4.42058919191986e+16,4.179136702578751e+16,4.5054329601086904e+16,5.392412520915714,5.290865654731275,5.703962852812216,"composition-matched 5 mM Mn-ion inventory; electrical charge-equivalent clock, not chemical conversion",True,exploratory_transferred_model,total_negative_electrical_charge_equivalents; 100_percent_delivery_and_utilization; not_electron_specific; not_a_chemical_yield_prediction
5mM_Mn_nitrate_in_water_10kHz,"5 mM Mn nitrate, 10 kHz",5mM_Mn_nitrate_in_water,10.0,4.800000000000001,False,2.5,5.0,1.0,4.42058919191986e+16,4.179136702578751e+16,4.5054329601086904e+16,5.4491747579779855,5.346558977412657,5.764004567052345,"composition-matched 5 mM Mn-ion inventory; electrical charge-equivalent clock, not chemical conversion",True,exploratory_transferred_model,total_negative_electrical_charge_equivalents; 100_percent_delivery_and_utilization; not_electron_specific; not_a_chemical_yield_prediction
5mM_Mn_nitrate_in_water_10kHz,"5 mM Mn nitrate, 10 kHz",5mM_Mn_nitrate_in_water,10.0,4.8500000000000005,False,2.5,5.0,1.0,4.42058919191986e+16,4.179136702578751e+16,4.5054329601086904e+16,5.505936995040256,5.402252300094038,5.824046281292474,"composition-matched 5 mM Mn-ion inventory; electrical charge-equivalent clock, not chemical conversion",True,exploratory_transferred_model,total_negative_electrical_charge_equivalents; 100_percent_delivery_and_utilization; not_electron_specific; not_a_chemical_yield_prediction
5mM_Mn_nitrate_in_water_10kHz,"5 mM Mn nitrate, 10 kHz",5mM_Mn_nitrate_in_water,10.0,4.9,False,2.5,5.0,1.0,4.42058919191986e+16,4.179136702578751e+16,4.5054329601086904e+16,5.562699232102526,5.45794562277542,5.884087995532602,"composition-matched 5 mM Mn-ion inventory; electrical charge-equivalent clock, not chemical conversion",True,exploratory_transferred_model,total_negative_electrical_charge_equivalents; 100_percent_delivery_and_utilization; not_electron_specific; not_a_chemical_yield_prediction
5mM_Mn_nitrate_in_water_10kHz,"5 mM Mn nitrate, 10 kHz",5mM_Mn_nitrate_in_water,10.0,4.95,False,2.5,5.0,1.0,4.42058919191986e+16,4.179136702578751e+16,4.5054329601086904e+16,5.619461469164796,5.513638945456802,5.94412970977273,"composition-matched 5 mM Mn-ion inventory; electrical charge-equivalent clock, not chemical conversion",True,exploratory_transferred_model,total_negative_electrical_charge_equivalents; 100_percent_delivery_and_utilization; not_electron_specific; not_a_chemical_yield_prediction
5mM_Mn_nitrate_in_water_10kHz,"5 mM Mn nitrate, 10 kHz",5mM_Mn_nitrate_in_water,10.0,5.0,False,2.5,5.0,1.0,4.42058919191986e+16,4.179136702578751e+16,4.5054329601086904e+16,5.676223706227067,5.569332268138184,6.004171424012858,"composition-matched 5 mM Mn-ion inventory; electrical charge-equivalent clock, not chemical conversion",True,exploratory_transferred_model,total_negative_electrical_charge_equivalents; 100_percent_delivery_and_utilization; not_electron_specific; not_a_chemical_yield_prediction
5mM_Mn_nitrate_in_water_20kHz,"5 mM Mn nitrate, 20 kHz",5mM_Mn_nitrate_in_water,20.0,0.0,False,2.5,5.0,1.0,1.4353177831673408e+17,1.4173104887156125e+17,1.456510181198299e+17,0.0,0.0,0.0,"composition-matched 5 mM Mn-ion inventory; electrical charge-equivalent clock, not chemical conversion",True,exploratory_model_dependent,total_negative_electrical_charge_equivalents; 100_percent_delivery_and_utilization; not_electron_specific; not_a_chemical_yield_prediction
5mM_Mn_nitrate_in_water_20kHz,"5 mM Mn nitrate, 20 kHz",5mM_Mn_nitrate_in_water,20.0,0.05,False,2.5,5.0,1.0,1.4353177831673408e+17,1.4173104887156125e+17,1.456510181198299e+17,0.017482019285858182,0.017227653806046715,0.017704132839238093,"composition-matched 5 mM Mn-ion inventory; electrical charge-equivalent clock, not chemical conversion",True,exploratory_model_dependent,total_negative_electrical_charge_equivalents; 100_percent_delivery_and_utilization; not_electron_specific; not_a_chemical_yield_prediction
5mM_Mn_nitrate_in_water_20kHz,"5 mM Mn nitrate, 20 kHz",5mM_Mn_nitrate_in_water,20.0,0.1,False,2.5,5.0,1.0,1.4353177831673408e+17,1.4173104887156125e+17,1.456510181198299e+17,0.034964038571716365,0.03445530761209343,0.035408265678476186,"composition-matched 5 mM Mn-ion inventory; electrical charge-equivalent clock, not chemical conversion",True,exploratory_model_dependent,total_negative_electrical_charge_equivalents; 100_percent_delivery_and_utilization; not_electron_specific; not_a_chemical_yield_prediction
5mM_Mn_nitrate_in_water_20kHz,"5 mM Mn nitrate, 20 kHz",5mM_Mn_nitrate_in_water,20.0,0.15000000000000002,False,2.5,5.0,1.0,1.4353177831673408e+17,1.4173104887156125e+17,1.456510181198299e+17,0.05244605785757455,0.05168296141814015,0.05311239851771428,"composition-matched 5 mM Mn-ion inventory; electrical charge-equivalent clock, not chemical conversion",True,exploratory_model_dependent,total_negative_electrical_charge_equivalents; 100_percent_delivery_and_utilization; not_electron_specific; not_a_chemical_yield_prediction
5mM_Mn_nitrate_in_water_20kHz,"5 mM Mn nitrate, 20 kHz",5mM_Mn_nitrate_in_water,20.0,0.2,False,2.5,5.0,1.0,1.4353177831673408e+17,1.4173104887156125e+17,1.456510181198299e+17,0.06992807714343273,0.06891061522418686,0.07081653135695237,"composition-matched 5 mM Mn-ion inventory; electrical charge-equivalent clock, not chemical conversion",True,exploratory_model_dependent,total_negative_electrical_charge_equivalents; 100_percent_delivery_and_utilization; not_electron_specific; not_a_chemical_yield_prediction
5mM_Mn_nitrate_in_water_20kHz,"5 mM Mn nitrate, 20 kHz",5mM_Mn_nitrate_in_water,20.0,0.25,False,2.5,5.0,1.0,1.4353177831673408e+17,1.4173104887156125e+17,1.456510181198299e+17,0.08741009642929091,0.08613826903023357,0.08852066419619047,"composition-matched 5 mM Mn-ion inventory; electrical charge-equivalent clock, not chemical conversion",True,exploratory_model_dependent,total_negative_electrical_charge_equivalents; 100_percent_delivery_and_utilization; not_electron_specific; not_a_chemical_yield_prediction
5mM_Mn_nitrate_in_water_20kHz,"5 mM Mn nitrate, 20 kHz",5mM_Mn_nitrate_in_water,20.0,0.30000000000000004,False,2.5,5.0,1.0,1.4353177831673408e+17,1.4173104887156125e+17,1.456510181198299e+17,0.1048921157151491,0.1033659228362803,0.10622479703542856,"composition-matched 5 mM Mn-ion inventory; electrical charge-equivalent clock, not chemical conversion",True,exploratory_model_dependent,total_negative_electrical_charge_equivalents; 100_percent_delivery_and_utilization; not_electron_specific; not_a_chemical_yield_prediction
5mM_Mn_nitrate_in_water_20kHz,"5 mM Mn nitrate, 20 kHz",5mM_Mn_nitrate_in_water,20.0,0.35000000000000003,False,2.5,5.0,1.0,1.4353177831673408e+17,1.4173104887156125e+17,1.456510181198299e+17,0.12237413500100729,0.12059357664232702,0.12392892987466665,"composition-matched 5 mM Mn-ion inventory; electrical charge-equivalent clock, not chemical conversion",True,exploratory_model_dependent,total_negative_electrical_charge_equivalents; 100_percent_delivery_and_utilization; not_electron_specific; not_a_chemical_yield_prediction
5mM_Mn_nitrate_in_water_20kHz,"5 mM Mn nitrate, 20 kHz",5mM_Mn_nitrate_in_water,20.0,0.4,False,2.5,5.0,1.0,1.4353177831673408e+17,1.4173104887156125e+17,1.456510181198299e+17,0.13985615428686546,0.13782123044837372,0.14163306271390474,"composition-matched 5 mM Mn-ion inventory; electrical charge-equivalent clock, not chemical conversion",True,exploratory_model_dependent,total_negative_electrical_charge_equivalents; 100_percent_delivery_and_utilization; not_electron_specific; not_a_chemical_yield_prediction
5mM_Mn_nitrate_in_water_20kHz,"5 mM Mn nitrate, 20 kHz",5mM_Mn_nitrate_in_water,20.0,0.45,False,2.5,5.0,1.0,1.4353177831673408e+17,1.4173104887156125e+17,1.456510181198299e+17,0.15733817357272364,0.15504888425442045,0.15933719555314285,"composition-matched 5 mM Mn-ion inventory; electrical charge-equivalent clock, not chemical conversion",True,exploratory_model_dependent,total_negative_electrical_charge_equivalents; 100_percent_delivery_and_utilization; not_electron_specific; not_a_chemical_yield_prediction
5mM_Mn_nitrate_in_water_20kHz,"5 mM Mn nitrate, 20 kHz",5mM_Mn_nitrate_in_water,20.0,0.5,False,2.5,5.0,1.0,1.4353177831673408e+17,1.4173104887156125e+17,1.456510181198299e+17,0.17482019285858183,0.17227653806046714,0.17704132839238093,"composition-matched 5 mM Mn-ion inventory; electrical charge-equivalent clock, not chemical conversion",True,exploratory_model_dependent,total_negative_electrical_charge_equivalents; 100_percent_delivery_and_utilization; not_electron_specific; not_a_chemical_yield_prediction
5mM_Mn_nitrate_in_water_20kHz,"5 mM Mn nitrate, 20 kHz",5mM_Mn_nitrate_in_water,20.0,0.55,False,2.5,5.0,1.0,1.4353177831673408e+17,1.4173104887156125e+17,1.456510181198299e+17,0.19230221214444002,0.18950419186651388,0.194745461231619,"composition-matched 5 mM Mn-ion inventory; electrical charge-equivalent clock, not chemical conversion",True,exploratory_model_dependent,total_negative_electrical_charge_equivalents; 100_percent_delivery_and_utilization; not_electron_specific; not_a_chemical_yield_prediction
5mM_Mn_nitrate_in_water_20kHz,"5 mM Mn nitrate, 20 kHz",5mM_Mn_nitrate_in_water,20.0,0.6000000000000001,False,2.5,5.0,1.0,1.4353177831673408e+17,1.4173104887156125e+17,1.456510181198299e+17,0.2097842314302982,0.2067318456725606,0.21244959407085712,"composition-matched 5 mM Mn-ion inventory; electrical charge-equivalent clock, not chemical conversion",True,exploratory_model_dependent,total_negative_electrical_charge_equivalents; 100_percent_delivery_and_utilization; not_electron_specific; not_a_chemical_yield_prediction
5mM_Mn_nitrate_in_water_20kHz,"5 mM Mn nitrate, 20 kHz",5mM_Mn_nitrate_in_water,20.0,0.65,False,2.5,5.0,1.0,1.4353177831673408e+17,1.4173104887156125e+17,1.456510181198299e+17,0.22726625071615636,0.2239594994786073,0.2301537269100952,"composition-matched 5 mM Mn-ion inventory; electrical charge-equivalent clock, not chemical conversion",True,exploratory_model_dependent,total_negative_electrical_charge_equivalents; 100_percent_delivery_and_utilization; not_electron_specific; not_a_chemical_yield_prediction
5mM_Mn_nitrate_in_water_20kHz,"5 mM Mn nitrate, 20 kHz",5mM_Mn_nitrate_in_water,20.0,0.7000000000000001,False,2.5,5.0,1.0,1.4353177831673408e+17,1.4173104887156125e+17,1.456510181198299e+17,0.24474827000201457,0.24118715328465404,0.2478578597493333,"composition-matched 5 mM Mn-ion inventory; electrical charge-equivalent clock, not chemical conversion",True,exploratory_model_dependent,total_negative_electrical_charge_equivalents; 100_percent_delivery_and_utilization; not_electron_specific; not_a_chemical_yield_prediction
5mM_Mn_nitrate_in_water_20kHz,"5 mM Mn nitrate, 20 kHz",5mM_Mn_nitrate_in_water,20.0,0.75,False,2.5,5.0,1.0,1.4353177831673408e+17,1.4173104887156125e+17,1.456510181198299e+17,0.26223028928787273,0.25841480709070075,0.2655619925885714,"composition-matched 5 mM Mn-ion inventory; electrical charge-equivalent clock, not chemical conversion",True,exploratory_model_dependent,total_negative_electrical_charge_equivalents; 100_percent_delivery_and_utilization; not_electron_specific; not_a_chemical_yield_prediction
5mM_Mn_nitrate_in_water_20kHz,"5 mM Mn nitrate, 20 kHz",5mM_Mn_nitrate_in_water,20.0,0.8,False,2.5,5.0,1.0,1.4353177831673408e+17,1.4173104887156125e+17,1.456510181198299e+17,0.2797123085737309,0.27564246089674743,0.2832661254278095,"composition-matched 5 mM Mn-ion inventory; electrical charge-equivalent clock, not chemical conversion",True,exploratory_model_dependent,total_negative_electrical_charge_equivalents; 100_percent_delivery_and_utilization; not_electron_specific; not_a_chemical_yield_prediction
5mM_Mn_nitrate_in_water_20kHz,"5 mM Mn nitrate, 20 kHz",5mM_Mn_nitrate_in_water,20.0,0.8500000000000001,False,2.5,5.0,1.0,1.4353177831673408e+17,1.4173104887156125e+17,1.456510181198299e+17,0.29719432785958916,0.2928701147027942,0.3009702582670476,"composition-matched 5 mM Mn-ion inventory; electrical charge-equivalent clock, not chemical conversion",True,exploratory_model_dependent,total_negative_electrical_charge_equivalents; 100_percent_delivery_and_utilization; not_electron_specific; not_a_chemical_yield_prediction
5mM_Mn_nitrate_in_water_20kHz,"5 mM Mn nitrate, 20 kHz",5mM_Mn_nitrate_in_water,20.0,0.9,False,2.5,5.0,1.0,1.4353177831673408e+17,1.4173104887156125e+17,1.456510181198299e+17,0.3146763471454473,0.3100977685088409,0.3186743911062857,"composition-matched 5 mM Mn-ion inventory; electrical charge-equivalent clock, not chemical conversion",True,exploratory_model_dependent,total_negative_electrical_charge_equivalents; 100_percent_delivery_and_utilization; not_electron_specific; not_a_chemical_yield_prediction
5mM_Mn_nitrate_in_water_20kHz,"5 mM Mn nitrate, 20 kHz",5mM_Mn_nitrate_in_water,20.0,0.9500000000000001,False,2.5,5.0,1.0,1.4353177831673408e+17,1.4173104887156125e+17,1.456510181198299e+17,0.3321583664313055,0.3273254223148876,0.33637852394552376,"composition-matched 5 mM Mn-ion inventory; electrical charge-equivalent clock, not chemical conversion",True,exploratory_model_dependent,total_negative_electrical_charge_equivalents; 100_percent_delivery_and_utilization; not_electron_specific; not_a_chemical_yield_prediction
5mM_Mn_nitrate_in_water_20kHz,"5 mM Mn nitrate, 20 kHz",5mM_Mn_nitrate_in_water,20.0,1.0,False,2.5,5.0,1.0,1.4353177831673408e+17,1.4173104887156125e+17,1.456510181198299e+17,0.34964038571716366,0.3445530761209343,0.35408265678476186,"composition-matched 5 mM Mn-ion inventory; electrical charge-equivalent clock, not chemical conversion",True,exploratory_model_dependent,total_negative_electrical_charge_equivalents; 100_percent_delivery_and_utilization; not_electron_specific; not_a_chemical_yield_prediction
5mM_Mn_nitrate_in_water_20kHz,"5 mM Mn nitrate, 20 kHz",5mM_Mn_nitrate_in_water,20.0,1.05,False,2.5,5.0,1.0,1.4353177831673408e+17,1.4173104887156125e+17,1.456510181198299e+17,0.36712240500302185,0.36178072992698107,0.37178678962399997,"composition-matched 5 mM Mn-ion inventory; electrical charge-equivalent clock, not chemical conversion",True,exploratory_model_dependent,total_negative_electrical_charge_equivalents; 100_percent_delivery_and_utilization; not_electron_specific; not_a_chemical_yield_prediction
5mM_Mn_nitrate_in_water_20kHz,"5 mM Mn nitrate, 20 kHz",5mM_Mn_nitrate_in_water,20.0,1.1,False,2.5,5.0,1.0,1.4353177831673408e+17,1.4173104887156125e+17,1.456510181198299e+17,0.38460442428888003,0.37900838373302775,0.389490922463238,"composition-matched 5 mM Mn-ion inventory; electrical charge-equivalent clock, not chemical conversion",True,exploratory_model_dependent,total_negative_electrical_charge_equivalents; 100_percent_delivery_and_utilization; not_electron_specific; not_a_chemical_yield_prediction
5mM_Mn_nitrate_in_water_20kHz,"5 mM Mn nitrate, 20 kHz",5mM_Mn_nitrate_in_water,20.0,1.1500000000000001,False,2.5,5.0,1.0,1.4353177831673408e+17,1.4173104887156125e+17,1.456510181198299e+17,0.4020864435747383,0.3962360375390745,0.4071950553024762,"composition-matched 5 mM Mn-ion inventory; electrical charge-equivalent clock, not chemical conversion",True,exploratory_model_dependent,total_negative_electrical_charge_equivalents; 100_percent_delivery_and_utilization; not_electron_specific; not_a_chemical_yield_prediction
5mM_Mn_nitrate_in_water_20kHz,"5 mM Mn nitrate, 20 kHz",5mM_Mn_nitrate_in_water,20.0,1.2000000000000002,False,2.5,5.0,1.0,1.4353177831673408e+17,1.4173104887156125e+17,1.456510181198299e+17,0.4195684628605964,0.4134636913451212,0.42489918814171423,"composition-matched 5 mM Mn-ion inventory; electrical charge-equivalent clock, not chemical conversion",True,exploratory_model_dependent,total_negative_electrical_charge_equivalents; 100_percent_delivery_and_utilization; not_electron_specific; not_a_chemical_yield_prediction
5mM_Mn_nitrate_in_water_20kHz,"5 mM Mn nitrate, 20 kHz",5mM_Mn_nitrate_in_water,20.0,1.25,False,2.5,5.0,1.0,1.4353177831673408e+17,1.4173104887156125e+17,1.456510181198299e+17,0.43705048214645453,0.43069134515116786,0.4426033209809523,"composition-matched 5 mM Mn-ion inventory; electrical charge-equivalent clock, not chemical conversion",True,exploratory_model_dependent,total_negative_electrical_charge_equivalents; 100_percent_delivery_and_utilization; not_electron_specific; not_a_chemical_yield_prediction
5mM_Mn_nitrate_in_water_20kHz,"5 mM Mn nitrate, 20 kHz",5mM_Mn_nitrate_in_water,20.0,1.3,False,2.5,5.0,1.0,1.4353177831673408e+17,1.4173104887156125e+17,1.456510181198299e+17,0.4545325014323127,0.4479189989572146,0.4603074538201904,"composition-matched 5 mM Mn-ion inventory; electrical charge-equivalent clock, not chemical conversion",True,exploratory_model_dependent,total_negative_electrical_charge_equivalents; 100_percent_delivery_and_utilization; not_electron_specific; not_a_chemical_yield_prediction
5mM_Mn_nitrate_in_water_20kHz,"5 mM Mn nitrate, 20 kHz",5mM_Mn_nitrate_in_water,20.0,1.35,False,2.5,5.0,1.0,1.4353177831673408e+17,1.4173104887156125e+17,1.456510181198299e+17,0.47201452071817096,0.46514665276326134,0.47801158665942856,"composition-matched 5 mM Mn-ion inventory; electrical charge-equivalent clock, not chemical conversion",True,exploratory_model_dependent,total_negative_electrical_charge_equivalents; 100_percent_delivery_and_utilization; not_electron_specific; not_a_chemical_yield_prediction
5mM_Mn_nitrate_in_water_20kHz,"5 mM Mn nitrate, 20 kHz",5mM_Mn_nitrate_in_water,20.0,1.4000000000000001,False,2.5,5.0,1.0,1.4353177831673408e+17,1.4173104887156125e+17,1.456510181198299e+17,0.48949654000402915,0.4823743065693081,0.4957157194986666,"composition-matched 5 mM Mn-ion inventory; electrical charge-equivalent clock, not chemical conversion",True,exploratory_model_dependent,total_negative_electrical_charge_equivalents; 100_percent_delivery_and_utilization; not_electron_specific; not_a_chemical_yield_prediction
5mM_Mn_nitrate_in_water_20kHz,"5 mM Mn nitrate, 20 kHz",5mM_Mn_nitrate_in_water,20.0,1.4500000000000002,False,2.5,5.0,1.0,1.4353177831673408e+17,1.4173104887156125e+17,1.456510181198299e+17,0.5069785592898873,0.49960196037535476,0.5134198523379047,"composition-matched 5 mM Mn-ion inventory; electrical charge-equivalent clock, not chemical conversion",True,exploratory_model_dependent,total_negative_electrical_charge_equivalents; 100_percent_delivery_and_utilization; not_electron_specific; not_a_chemical_yield_prediction
5mM_Mn_nitrate_in_water_20kHz,"5 mM Mn nitrate, 20 kHz",5mM_Mn_nitrate_in_water,20.0,1.5,False,2.5,5.0,1.0,1.4353177831673408e+17,1.4173104887156125e+17,1.456510181198299e+17,0.5244605785757455,0.5168296141814015,0.5311239851771428,"composition-matched 5 mM Mn-ion inventory; electrical charge-equivalent clock, not chemical conversion",True,exploratory_model_dependent,total_negative_electrical_charge_equivalents; 100_percent_delivery_and_utilization; not_electron_specific; not_a_chemical_yield_prediction
5mM_Mn_nitrate_in_water_20kHz,"5 mM Mn nitrate, 20 kHz",5mM_Mn_nitrate_in_water,20.0,1.55,False,2.5,5.0,1.0,1.4353177831673408e+17,1.4173104887156125e+17,1.456510181198299e+17,0.5419425978616036,0.5340572679874481,0.5488281180163809,"composition-matched 5 mM Mn-ion inventory; electrical charge-equivalent clock, not chemical conversion",True,exploratory_model_dependent,total_negative_electrical_charge_equivalents; 100_percent_delivery_and_utilization; not_electron_specific; not_a_chemical_yield_prediction
5mM_Mn_nitrate_in_water_20kHz,"5 mM Mn nitrate, 20 kHz",5mM_Mn_nitrate_in_water,20.0,1.6,False,2.5,5.0,1.0,1.4353177831673408e+17,1.4173104887156125e+17,1.456510181198299e+17,0.5594246171474618,0.5512849217934949,0.566532250855619,"composition-matched 5 mM Mn-ion inventory; electrical charge-equivalent clock, not chemical conversion",True,exploratory_model_dependent,total_negative_electrical_charge_equivalents; 100_percent_delivery_and_utilization; not_electron_specific; not_a_chemical_yield_prediction
5mM_Mn_nitrate_in_water_20kHz,"5 mM Mn nitrate, 20 kHz",5mM_Mn_nitrate_in_water,20.0,1.6500000000000001,False,2.5,5.0,1.0,1.4353177831673408e+17,1.4173104887156125e+17,1.456510181198299e+17,0.5769066364333201,0.5685125755995416,0.5842363836948571,"composition-matched 5 mM Mn-ion inventory; electrical charge-equivalent clock, not chemical conversion",True,exploratory_model_dependent,total_negative_electrical_charge_equivalents; 100_percent_delivery_and_utilization; not_electron_specific; not_a_chemical_yield_prediction
5mM_Mn_nitrate_in_water_20kHz,"5 mM Mn nitrate, 20 kHz",5mM_Mn_nitrate_in_water,20.0,1.7000000000000002,False,2.5,5.0,1.0,1.4353177831673408e+17,1.4173104887156125e+17,1.456510181198299e+17,0.5943886557191783,0.5857402294055885,0.6019405165340952,"composition-matched 5 mM Mn-ion inventory; electrical charge-equivalent clock, not chemical conversion",True,exploratory_model_dependent,total_negative_electrical_charge_equivalents; 100_percent_delivery_and_utilization; not_electron_specific; not_a_chemical_yield_prediction
5mM_Mn_nitrate_in_water_20kHz,"5 mM Mn nitrate, 20 kHz",5mM_Mn_nitrate_in_water,20.0,1.75,False,2.5,5.0,1.0,1.4353177831673408e+17,1.4173104887156125e+17,1.456510181198299e+17,0.6118706750050364,0.6029678832116351,0.6196446493733333,"composition-matched 5 mM Mn-ion inventory; electrical charge-equivalent clock, not chemical conversion",True,exploratory_model_dependent,total_negative_electrical_charge_equivalents; 100_percent_delivery_and_utilization; not_electron_specific; not_a_chemical_yield_prediction
5mM_Mn_nitrate_in_water_20kHz,"5 mM Mn nitrate, 20 kHz",5mM_Mn_nitrate_in_water,20.0,1.8,False,2.5,5.0,1.0,1.4353177831673408e+17,1.4173104887156125e+17,1.456510181198299e+17,0.6293526942908946,0.6201955370176818,0.6373487822125714,"composition-matched 5 mM Mn-ion inventory; electrical charge-equivalent clock, not chemical conversion",True,exploratory_model_dependent,total_negative_electrical_charge_equivalents; 100_percent_delivery_and_utilization; not_electron_specific; not_a_chemical_yield_prediction
5mM_Mn_nitrate_in_water_20kHz,"5 mM Mn nitrate, 20 kHz",5mM_Mn_nitrate_in_water,20.0,1.85,False,2.5,5.0,1.0,1.4353177831673408e+17,1.4173104887156125e+17,1.456510181198299e+17,0.6468347135767527,0.6374231908237284,0.6550529150518094,"composition-matched 5 mM Mn-ion inventory; electrical charge-equivalent clock, not chemical conversion",True,exploratory_model_dependent,total_negative_electrical_charge_equivalents; 100_percent_delivery_and_utilization; not_electron_specific; not_a_chemical_yield_prediction
5mM_Mn_nitrate_in_water_20kHz,"5 mM Mn nitrate, 20 kHz",5mM_Mn_nitrate_in_water,20.0,1.9000000000000001,False,2.5,5.0,1.0,1.4353177831673408e+17,1.4173104887156125e+17,1.456510181198299e+17,0.664316732862611,0.6546508446297752,0.6727570478910475,"composition-matched 5 mM Mn-ion inventory; electrical charge-equivalent clock, not chemical conversion",True,exploratory_model_dependent,total_negative_electrical_charge_equivalents; 100_percent_delivery_and_utilization; not_electron_specific; not_a_chemical_yield_prediction
5mM_Mn_nitrate_in_water_20kHz,"5 mM Mn nitrate, 20 kHz",5mM_Mn_nitrate_in_water,20.0,1.9500000000000002,False,2.5,5.0,1.0,1.4353177831673408e+17,1.4173104887156125e+17,1.456510181198299e+17,0.6817987521484692,0.6718784984358219,0.6904611807302856,"composition-matched 5 mM Mn-ion inventory; electrical charge-equivalent clock, not chemical conversion",True,exploratory_model_dependent,total_negative_electrical_charge_equivalents; 100_percent_delivery_and_utilization; not_electron_specific; not_a_chemical_yield_prediction
5mM_Mn_nitrate_in_water_20kHz,"5 mM Mn nitrate, 20 kHz",5mM_Mn_nitrate_in_water,20.0,2.0,False,2.5,5.0,1.0,1.4353177831673408e+17,1.4173104887156125e+17,1.456510181198299e+17,0.6992807714343273,0.6891061522418686,0.7081653135695237,"composition-matched 5 mM Mn-ion inventory; electrical charge-equivalent clock, not chemical conversion",True,exploratory_model_dependent,total_negative_electrical_charge_equivalents; 100_percent_delivery_and_utilization; not_electron_specific; not_a_chemical_yield_prediction
5mM_Mn_nitrate_in_water_20kHz,"5 mM Mn nitrate, 20 kHz",5mM_Mn_nitrate_in_water,20.0,2.0500000000000003,False,2.5,5.0,1.0,1.4353177831673408e+17,1.4173104887156125e+17,1.456510181198299e+17,0.7167627907201854,0.7063338060479154,0.7258694464087618,"composition-matched 5 mM Mn-ion inventory; electrical charge-equivalent clock, not chemical conversion",True,exploratory_model_dependent,total_negative_electrical_charge_equivalents; 100_percent_delivery_and_utilization; not_electron_specific; not_a_chemical_yield_prediction
5mM_Mn_nitrate_in_water_20kHz,"5 mM Mn nitrate, 20 kHz",5mM_Mn_nitrate_in_water,20.0,2.1,False,2.5,5.0,1.0,1.4353177831673408e+17,1.4173104887156125e+17,1.456510181198299e+17,0.7342448100060437,0.7235614598539621,0.7435735792479999,"composition-matched 5 mM Mn-ion inventory; electrical charge-equivalent clock, not chemical conversion",True,exploratory_model_dependent,total_negative_electrical_charge_equivalents; 100_percent_delivery_and_utilization; not_electron_specific; not_a_chemical_yield_prediction
5mM_Mn_nitrate_in_water_20kHz,"5 mM Mn nitrate, 20 kHz",5mM_Mn_nitrate_in_water,20.0,2.15,False,2.5,5.0,1.0,1.4353177831673408e+17,1.4173104887156125e+17,1.456510181198299e+17,0.7517268292919018,0.7407891136600088,0.7612777120872379,"composition-matched 5 mM Mn-ion inventory; electrical charge-equivalent clock, not chemical conversion",True,exploratory_model_dependent,total_negative_electrical_charge_equivalents; 100_percent_delivery_and_utilization; not_electron_specific; not_a_chemical_yield_prediction
5mM_Mn_nitrate_in_water_20kHz,"5 mM Mn nitrate, 20 kHz",5mM_Mn_nitrate_in_water,20.0,2.2,False,2.5,5.0,1.0,1.4353177831673408e+17,1.4173104887156125e+17,1.456510181198299e+17,0.7692088485777601,0.7580167674660555,0.778981844926476,"composition-matched 5 mM Mn-ion inventory; electrical charge-equivalent clock, not chemical conversion",True,exploratory_model_dependent,total_negative_electrical_charge_equivalents; 100_percent_delivery_and_utilization; not_electron_specific; not_a_chemical_yield_prediction
5mM_Mn_nitrate_in_water_20kHz,"5 mM Mn nitrate, 20 kHz",5mM_Mn_nitrate_in_water,20.0,2.25,False,2.5,5.0,1.0,1.4353177831673408e+17,1.4173104887156125e+17,1.456510181198299e+17,0.7866908678636182,0.7752444212721021,0.7966859777657141,"composition-matched 5 mM Mn-ion inventory; electrical charge-equivalent clock, not chemical conversion",True,exploratory_model_dependent,total_negative_electrical_charge_equivalents; 100_percent_delivery_and_utilization; not_electron_specific; not_a_chemical_yield_prediction
5mM_Mn_nitrate_in_water_20kHz,"5 mM Mn nitrate, 20 kHz",5mM_Mn_nitrate_in_water,20.0,2.3000000000000003,False,2.5,5.0,1.0,1.4353177831673408e+17,1.4173104887156125e+17,1.456510181198299e+17,0.8041728871494765,0.792472075078149,0.8143901106049524,"composition-matched 5 mM Mn-ion inventory; electrical charge-equivalent clock, not chemical conversion",True,exploratory_model_dependent,total_negative_electrical_charge_equivalents; 100_percent_delivery_and_utilization; not_electron_specific; not_a_chemical_yield_prediction
5mM_Mn_nitrate_in_water_20kHz,"5 mM Mn nitrate, 20 kHz",5mM_Mn_nitrate_in_water,20.0,2.35,False,2.5,5.0,1.0,1.4353177831673408e+17,1.4173104887156125e+17,1.456510181198299e+17,0.8216549064353346,0.8096997288841956,0.8320942434441904,"composition-matched 5 mM Mn-ion inventory; electrical charge-equivalent clock, not chemical conversion",True,exploratory_model_dependent,total_negative_electrical_charge_equivalents; 100_percent_delivery_and_utilization; not_electron_specific; not_a_chemical_yield_prediction
5mM_Mn_nitrate_in_water_20kHz,"5 mM Mn nitrate, 20 kHz",5mM_Mn_nitrate_in_water,20.0,2.4000000000000004,False,2.5,5.0,1.0,1.4353177831673408e+17,1.4173104887156125e+17,1.456510181198299e+17,0.8391369257211928,0.8269273826902424,0.8497983762834285,"composition-matched 5 mM Mn-ion inventory; electrical charge-equivalent clock, not chemical conversion",True,exploratory_model_dependent,total_negative_electrical_charge_equivalents; 100_percent_delivery_and_utilization; not_electron_specific; not_a_chemical_yield_prediction
5mM_Mn_nitrate_in_water_20kHz,"5 mM Mn nitrate, 20 kHz",5mM_Mn_nitrate_in_water,20.0,2.45,False,2.5,5.0,1.0,1.4353177831673408e+17,1.4173104887156125e+17,1.456510181198299e+17,0.8566189450070509,0.8441550364962891,0.8675025091226665,"composition-matched 5 mM Mn-ion inventory; electrical charge-equivalent clock, not chemical conversion",True,exploratory_model_dependent,total_negative_electrical_charge_equivalents; 100_percent_delivery_and_utilization; not_electron_specific; not_a_chemical_yield_prediction
5mM_Mn_nitrate_in_water_20kHz,"5 mM Mn nitrate, 20 kHz",5mM_Mn_nitrate_in_water,20.0,2.5,True,2.5,5.0,1.0,1.4353177831673408e+17,1.4173104887156125e+17,1.456510181198299e+17,0.8741009642929091,0.8613826903023357,0.8852066419619046,"composition-matched 5 mM Mn-ion inventory; electrical charge-equivalent clock, not chemical conversion",True,exploratory_model_dependent,total_negative_electrical_charge_equivalents; 100_percent_delivery_and_utilization; not_electron_specific; not_a_chemical_yield_prediction
5mM_Mn_nitrate_in_water_20kHz,"5 mM Mn nitrate, 20 kHz",5mM_Mn_nitrate_in_water,20.0,2.5500000000000003,False,2.5,5.0,1.0,1.4353177831673408e+17,1.4173104887156125e+17,1.456510181198299e+17,0.8915829835787674,0.8786103441083826,0.9029107748011428,"composition-matched 5 mM Mn-ion inventory; electrical charge-equivalent clock, not chemical conversion",True,exploratory_model_dependent,total_negative_electrical_charge_equivalents; 100_percent_delivery_and_utilization; not_electron_specific; not_a_chemical_yield_prediction
5mM_Mn_nitrate_in_water_20kHz,"5 mM Mn nitrate, 20 kHz",5mM_Mn_nitrate_in_water,20.0,2.6,False,2.5,5.0,1.0,1.4353177831673408e+17,1.4173104887156125e+17,1.456510181198299e+17,0.9090650028646254,0.8958379979144292,0.9206149076403808,"composition-matched 5 mM Mn-ion inventory; electrical charge-equivalent clock, not chemical conversion",True,exploratory_model_dependent,total_negative_electrical_charge_equivalents; 100_percent_delivery_and_utilization; not_electron_specific; not_a_chemical_yield_prediction
5mM_Mn_nitrate_in_water_20kHz,"5 mM Mn nitrate, 20 kHz",5mM_Mn_nitrate_in_water,20.0,2.6500000000000004,False,2.5,5.0,1.0,1.4353177831673408e+17,1.4173104887156125e+17,1.456510181198299e+17,0.9265470221504838,0.913065651720476,0.938319040479619,"composition-matched 5 mM Mn-ion inventory; electrical charge-equivalent clock, not chemical conversion",True,exploratory_model_dependent,total_negative_electrical_charge_equivalents; 100_percent_delivery_and_utilization; not_electron_specific; not_a_chemical_yield_prediction
5mM_Mn_nitrate_in_water_20kHz,"5 mM Mn nitrate, 20 kHz",5mM_Mn_nitrate_in_water,20.0,2.7,False,2.5,5.0,1.0,1.4353177831673408e+17,1.4173104887156125e+17,1.456510181198299e+17,0.9440290414363419,0.9302933055265227,0.9560231733188571,"composition-matched 5 mM Mn-ion inventory; electrical charge-equivalent clock, not chemical conversion",True,exploratory_model_dependent,total_negative_electrical_charge_equivalents; 100_percent_delivery_and_utilization; not_electron_specific; not_a_chemical_yield_prediction
5mM_Mn_nitrate_in_water_20kHz,"5 mM Mn nitrate, 20 kHz",5mM_Mn_nitrate_in_water,20.0,2.75,False,2.5,5.0,1.0,1.4353177831673408e+17,1.4173104887156125e+17,1.456510181198299e+17,0.9615110607222,0.9475209593325693,0.9737273061580951,"composition-matched 5 mM Mn-ion inventory; electrical charge-equivalent clock, not chemical conversion",True,exploratory_model_dependent,total_negative_electrical_charge_equivalents; 100_percent_delivery_and_utilization; not_electron_specific; not_a_chemical_yield_prediction
5mM_Mn_nitrate_in_water_20kHz,"5 mM Mn nitrate, 20 kHz",5mM_Mn_nitrate_in_water,20.0,2.8000000000000003,False,2.5,5.0,1.0,1.4353177831673408e+17,1.4173104887156125e+17,1.456510181198299e+17,0.9789930800080583,0.9647486131386162,0.9914314389973332,"composition-matched 5 mM Mn-ion inventory; electrical charge-equivalent clock, not chemical conversion",True,exploratory_model_dependent,total_negative_electrical_charge_equivalents; 100_percent_delivery_and_utilization; not_electron_specific; not_a_chemical_yield_prediction
5mM_Mn_nitrate_in_water_20kHz,"5 mM Mn nitrate, 20 kHz",5mM_Mn_nitrate_in_water,20.0,2.85,False,2.5,5.0,1.0,1.4353177831673408e+17,1.4173104887156125e+17,1.456510181198299e+17,0.9964750992939163,0.9819762669446628,1.0091355718365713,"composition-matched 5 mM Mn-ion inventory; electrical charge-equivalent clock, not chemical conversion",True,exploratory_model_dependent,total_negative_electrical_charge_equivalents; 100_percent_delivery_and_utilization; not_electron_specific; not_a_chemical_yield_prediction
5mM_Mn_nitrate_in_water_20kHz,"5 mM Mn nitrate, 20 kHz",5mM_Mn_nitrate_in_water,20.0,2.9000000000000004,False,2.5,5.0,1.0,1.4353177831673408e+17,1.4173104887156125e+17,1.456510181198299e+17,1.0139571185797747,0.9992039207507095,1.0268397046758093,"composition-matched 5 mM Mn-ion inventory; electrical charge-equivalent clock, not chemical conversion",True,exploratory_model_dependent,total_negative_electrical_charge_equivalents; 100_percent_delivery_and_utilization; not_electron_specific; not_a_chemical_yield_prediction
5mM_Mn_nitrate_in_water_20kHz,"5 mM Mn nitrate, 20 kHz",5mM_Mn_nitrate_in_water,20.0,2.95,False,2.5,5.0,1.0,1.4353177831673408e+17,1.4173104887156125e+17,1.456510181198299e+17,1.0314391378656327,1.016431574556756,1.0445438375150473,"composition-matched 5 mM Mn-ion inventory; electrical charge-equivalent clock, not chemical conversion",True,exploratory_model_dependent,total_negative_electrical_charge_equivalents; 100_percent_delivery_and_utilization; not_electron_specific; not_a_chemical_yield_prediction
5mM_Mn_nitrate_in_water_20kHz,"5 mM Mn nitrate, 20 kHz",5mM_Mn_nitrate_in_water,20.0,3.0,False,2.5,5.0,1.0,1.4353177831673408e+17,1.4173104887156125e+17,1.456510181198299e+17,1.048921157151491,1.033659228362803,1.0622479703542855,"composition-matched 5 mM Mn-ion inventory; electrical charge-equivalent clock, not chemical conversion",True,exploratory_model_dependent,total_negative_electrical_charge_equivalents; 100_percent_delivery_and_utilization; not_electron_specific; not_a_chemical_yield_prediction
5mM_Mn_nitrate_in_water_20kHz,"5 mM Mn nitrate, 20 kHz",5mM_Mn_nitrate_in_water,20.0,3.0500000000000003,False,2.5,5.0,1.0,1.4353177831673408e+17,1.4173104887156125e+17,1.456510181198299e+17,1.0664031764373492,1.0508868821688497,1.0799521031935237,"composition-matched 5 mM Mn-ion inventory; electrical charge-equivalent clock, not chemical conversion",True,exploratory_model_dependent,total_negative_electrical_charge_equivalents; 100_percent_delivery_and_utilization; not_electron_specific; not_a_chemical_yield_prediction
5mM_Mn_nitrate_in_water_20kHz,"5 mM Mn nitrate, 20 kHz",5mM_Mn_nitrate_in_water,20.0,3.1,False,2.5,5.0,1.0,1.4353177831673408e+17,1.4173104887156125e+17,1.456510181198299e+17,1.0838851957232072,1.0681145359748963,1.0976562360327617,"composition-matched 5 mM Mn-ion inventory; electrical charge-equivalent clock, not chemical conversion",True,exploratory_model_dependent,total_negative_electrical_charge_equivalents; 100_percent_delivery_and_utilization; not_electron_specific; not_a_chemical_yield_prediction
5mM_Mn_nitrate_in_water_20kHz,"5 mM Mn nitrate, 20 kHz",5mM_Mn_nitrate_in_water,20.0,3.1500000000000004,False,2.5,5.0,1.0,1.4353177831673408e+17,1.4173104887156125e+17,1.456510181198299e+17,1.1013672150090656,1.0853421897809432,1.115360368872,"composition-matched 5 mM Mn-ion inventory; electrical charge-equivalent clock, not chemical conversion",True,exploratory_model_dependent,total_negative_electrical_charge_equivalents; 100_percent_delivery_and_utilization; not_electron_specific; not_a_chemical_yield_prediction
5mM_Mn_nitrate_in_water_20kHz,"5 mM Mn nitrate, 20 kHz",5mM_Mn_nitrate_in_water,20.0,3.2,False,2.5,5.0,1.0,1.4353177831673408e+17,1.4173104887156125e+17,1.456510181198299e+17,1.1188492342949237,1.1025698435869897,1.133064501711238,"composition-matched 5 mM Mn-ion inventory; electrical charge-equivalent clock, not chemical conversion",True,exploratory_model_dependent,total_negative_electrical_charge_equivalents; 100_percent_delivery_and_utilization; not_electron_specific; not_a_chemical_yield_prediction
5mM_Mn_nitrate_in_water_20kHz,"5 mM Mn nitrate, 20 kHz",5mM_Mn_nitrate_in_water,20.0,3.25,False,2.5,5.0,1.0,1.4353177831673408e+17,1.4173104887156125e+17,1.456510181198299e+17,1.1363312535807817,1.1197974973930365,1.150768634550476,"composition-matched 5 mM Mn-ion inventory; electrical charge-equivalent clock, not chemical conversion",True,exploratory_model_dependent,total_negative_electrical_charge_equivalents; 100_percent_delivery_and_utilization; not_electron_specific; not_a_chemical_yield_prediction
5mM_Mn_nitrate_in_water_20kHz,"5 mM Mn nitrate, 20 kHz",5mM_Mn_nitrate_in_water,20.0,3.3000000000000003,False,2.5,5.0,1.0,1.4353177831673408e+17,1.4173104887156125e+17,1.456510181198299e+17,1.1538132728666401,1.1370251511990832,1.1684727673897142,"composition-matched 5 mM Mn-ion inventory; electrical charge-equivalent clock, not chemical conversion",True,exploratory_model_dependent,total_negative_electrical_charge_equivalents; 100_percent_delivery_and_utilization; not_electron_specific; not_a_chemical_yield_prediction
5mM_Mn_nitrate_in_water_20kHz,"5 mM Mn nitrate, 20 kHz",5mM_Mn_nitrate_in_water,20.0,3.35,False,2.5,5.0,1.0,1.4353177831673408e+17,1.4173104887156125e+17,1.456510181198299e+17,1.1712952921524982,1.15425280500513,1.1861769002289522,"composition-matched 5 mM Mn-ion inventory; electrical charge-equivalent clock, not chemical conversion",True,exploratory_model_dependent,total_negative_electrical_charge_equivalents; 100_percent_delivery_and_utilization; not_electron_specific; not_a_chemical_yield_prediction
5mM_Mn_nitrate_in_water_20kHz,"5 mM Mn nitrate, 20 kHz",5mM_Mn_nitrate_in_water,20.0,3.4000000000000004,False,2.5,5.0,1.0,1.4353177831673408e+17,1.4173104887156125e+17,1.456510181198299e+17,1.1887773114383566,1.171480458811177,1.2038810330681904,"composition-matched 5 mM Mn-ion inventory; electrical charge-equivalent clock, not chemical conversion",True,exploratory_model_dependent,total_negative_electrical_charge_equivalents; 100_percent_delivery_and_utilization; not_electron_specific; not_a_chemical_yield_prediction
5mM_Mn_nitrate_in_water_20kHz,"5 mM Mn nitrate, 20 kHz",5mM_Mn_nitrate_in_water,20.0,3.45,False,2.5,5.0,1.0,1.4353177831673408e+17,1.4173104887156125e+17,1.456510181198299e+17,1.2062593307242147,1.1887081126172234,1.2215851659074284,"composition-matched 5 mM Mn-ion inventory; electrical charge-equivalent clock, not chemical conversion",True,exploratory_model_dependent,total_negative_electrical_charge_equivalents; 100_percent_delivery_and_utilization; not_electron_specific; not_a_chemical_yield_prediction
5mM_Mn_nitrate_in_water_20kHz,"5 mM Mn nitrate, 20 kHz",5mM_Mn_nitrate_in_water,20.0,3.5,False,2.5,5.0,1.0,1.4353177831673408e+17,1.4173104887156125e+17,1.456510181198299e+17,1.223741350010073,1.2059357664232702,1.2392892987466666,"composition-matched 5 mM Mn-ion inventory; electrical charge-equivalent clock, not chemical conversion",True,exploratory_model_dependent,total_negative_electrical_charge_equivalents; 100_percent_delivery_and_utilization; not_electron_specific; not_a_chemical_yield_prediction
5mM_Mn_nitrate_in_water_20kHz,"5 mM Mn nitrate, 20 kHz",5mM_Mn_nitrate_in_water,20.0,3.5500000000000003,False,2.5,5.0,1.0,1.4353177831673408e+17,1.4173104887156125e+17,1.456510181198299e+17,1.241223369295931,1.2231634202293167,1.2569934315859046,"composition-matched 5 mM Mn-ion inventory; electrical charge-equivalent clock, not chemical conversion",True,exploratory_model_dependent,total_negative_electrical_charge_equivalents; 100_percent_delivery_and_utilization; not_electron_specific; not_a_chemical_yield_prediction
5mM_Mn_nitrate_in_water_20kHz,"5 mM Mn nitrate, 20 kHz",5mM_Mn_nitrate_in_water,20.0,3.6,False,2.5,5.0,1.0,1.4353177831673408e+17,1.4173104887156125e+17,1.456510181198299e+17,1.2587053885817892,1.2403910740353636,1.2746975644251428,"composition-matched 5 mM Mn-ion inventory; electrical charge-equivalent clock, not chemical conversion",True,exploratory_model_dependent,total_negative_electrical_charge_equivalents; 100_percent_delivery_and_utilization; not_electron_specific; not_a_chemical_yield_prediction
5mM_Mn_nitrate_in_water_20kHz,"5 mM Mn nitrate, 20 kHz",5mM_Mn_nitrate_in_water,20.0,3.6500000000000004,False,2.5,5.0,1.0,1.4353177831673408e+17,1.4173104887156125e+17,1.456510181198299e+17,1.2761874078676474,1.2576187278414102,1.2924016972643808,"composition-matched 5 mM Mn-ion inventory; electrical charge-equivalent clock, not chemical conversion",True,exploratory_model_dependent,total_negative_electrical_charge_equivalents; 100_percent_delivery_and_utilization; not_electron_specific; not_a_chemical_yield_prediction
5mM_Mn_nitrate_in_water_20kHz,"5 mM Mn nitrate, 20 kHz",5mM_Mn_nitrate_in_water,20.0,3.7,False,2.5,5.0,1.0,1.4353177831673408e+17,1.4173104887156125e+17,1.456510181198299e+17,1.2936694271535054,1.274846381647457,1.3101058301036188,"composition-matched 5 mM Mn-ion inventory; electrical charge-equivalent clock, not chemical conversion",True,exploratory_model_dependent,total_negative_electrical_charge_equivalents; 100_percent_delivery_and_utilization; not_electron_specific; not_a_chemical_yield_prediction
5mM_Mn_nitrate_in_water_20kHz,"5 mM Mn nitrate, 20 kHz",5mM_Mn_nitrate_in_water,20.0,3.75,False,2.5,5.0,1.0,1.4353177831673408e+17,1.4173104887156125e+17,1.456510181198299e+17,1.3111514464393637,1.2920740354535036,1.3278099629428568,"composition-matched 5 mM Mn-ion inventory; electrical charge-equivalent clock, not chemical conversion",True,exploratory_model_dependent,total_negative_electrical_charge_equivalents; 100_percent_delivery_and_utilization; not_electron_specific; not_a_chemical_yield_prediction
5mM_Mn_nitrate_in_water_20kHz,"5 mM Mn nitrate, 20 kHz",5mM_Mn_nitrate_in_water,20.0,3.8000000000000003,False,2.5,5.0,1.0,1.4353177831673408e+17,1.4173104887156125e+17,1.456510181198299e+17,1.328633465725222,1.3093016892595504,1.345514095782095,"composition-matched 5 mM Mn-ion inventory; electrical charge-equivalent clock, not chemical conversion",True,exploratory_model_dependent,total_negative_electrical_charge_equivalents; 100_percent_delivery_and_utilization; not_electron_specific; not_a_chemical_yield_prediction
5mM_Mn_nitrate_in_water_20kHz,"5 mM Mn nitrate, 20 kHz",5mM_Mn_nitrate_in_water,20.0,3.85,False,2.5,5.0,1.0,1.4353177831673408e+17,1.4173104887156125e+17,1.456510181198299e+17,1.34611548501108,1.326529343065597,1.363218228621333,"composition-matched 5 mM Mn-ion inventory; electrical charge-equivalent clock, not chemical conversion",True,exploratory_model_dependent,total_negative_electrical_charge_equivalents; 100_percent_delivery_and_utilization; not_electron_specific; not_a_chemical_yield_prediction
5mM_Mn_nitrate_in_water_20kHz,"5 mM Mn nitrate, 20 kHz",5mM_Mn_nitrate_in_water,20.0,3.9000000000000004,False,2.5,5.0,1.0,1.4353177831673408e+17,1.4173104887156125e+17,1.456510181198299e+17,1.3635975042969384,1.3437569968716438,1.3809223614605712,"composition-matched 5 mM Mn-ion inventory; electrical charge-equivalent clock, not chemical conversion",True,exploratory_model_dependent,total_negative_electrical_charge_equivalents; 100_percent_delivery_and_utilization; not_electron_specific; not_a_chemical_yield_prediction
5mM_Mn_nitrate_in_water_20kHz,"5 mM Mn nitrate, 20 kHz",5mM_Mn_nitrate_in_water,20.0,3.95,False,2.5,5.0,1.0,1.4353177831673408e+17,1.4173104887156125e+17,1.456510181198299e+17,1.3810795235827964,1.3609846506776906,1.3986264942998092,"composition-matched 5 mM Mn-ion inventory; electrical charge-equivalent clock, not chemical conversion",True,exploratory_model_dependent,total_negative_electrical_charge_equivalents; 100_percent_delivery_and_utilization; not_electron_specific; not_a_chemical_yield_prediction
5mM_Mn_nitrate_in_water_20kHz,"5 mM Mn nitrate, 20 kHz",5mM_Mn_nitrate_in_water,20.0,4.0,False,2.5,5.0,1.0,1.4353177831673408e+17,1.4173104887156125e+17,1.456510181198299e+17,1.3985615428686546,1.378212304483737,1.4163306271390474,"composition-matched 5 mM Mn-ion inventory; electrical charge-equivalent clock, not chemical conversion",True,exploratory_model_dependent,total_negative_electrical_charge_equivalents; 100_percent_delivery_and_utilization; not_electron_specific; not_a_chemical_yield_prediction
5mM_Mn_nitrate_in_water_20kHz,"5 mM Mn nitrate, 20 kHz",5mM_Mn_nitrate_in_water,20.0,4.05,False,2.5,5.0,1.0,1.4353177831673408e+17,1.4173104887156125e+17,1.456510181198299e+17,1.4160435621545127,1.3954399582897838,1.4340347599782854,"composition-matched 5 mM Mn-ion inventory; electrical charge-equivalent clock, not chemical conversion",True,exploratory_model_dependent,total_negative_electrical_charge_equivalents; 100_percent_delivery_and_utilization; not_electron_specific; not_a_chemical_yield_prediction
5mM_Mn_nitrate_in_water_20kHz,"5 mM Mn nitrate, 20 kHz",5mM_Mn_nitrate_in_water,20.0,4.1000000000000005,False,2.5,5.0,1.0,1.4353177831673408e+17,1.4173104887156125e+17,1.456510181198299e+17,1.433525581440371,1.4126676120958308,1.4517388928175237,"composition-matched 5 mM Mn-ion inventory; electrical charge-equivalent clock, not chemical conversion",True,exploratory_model_dependent,total_negative_electrical_charge_equivalents; 100_percent_delivery_and_utilization; not_electron_specific; not_a_chemical_yield_prediction
5mM_Mn_nitrate_in_water_20kHz,"5 mM Mn nitrate, 20 kHz",5mM_Mn_nitrate_in_water,20.0,4.15,False,2.5,5.0,1.0,1.4353177831673408e+17,1.4173104887156125e+17,1.456510181198299e+17,1.4510076007262294,1.4298952659018775,1.4694430256567619,"composition-matched 5 mM Mn-ion inventory; electrical charge-equivalent clock, not chemical conversion",True,exploratory_model_dependent,total_negative_electrical_charge_equivalents; 100_percent_delivery_and_utilization; not_electron_specific; not_a_chemical_yield_prediction
5mM_Mn_nitrate_in_water_20kHz,"5 mM Mn nitrate, 20 kHz",5mM_Mn_nitrate_in_water,20.0,4.2,False,2.5,5.0,1.0,1.4353177831673408e+17,1.4173104887156125e+17,1.456510181198299e+17,1.4684896200120874,1.4471229197079243,1.4871471584959999,"composition-matched 5 mM Mn-ion inventory; electrical charge-equivalent clock, not chemical conversion",True,exploratory_model_dependent,total_negative_electrical_charge_equivalents; 100_percent_delivery_and_utilization; not_electron_specific; not_a_chemical_yield_prediction
5mM_Mn_nitrate_in_water_20kHz,"5 mM Mn nitrate, 20 kHz",5mM_Mn_nitrate_in_water,20.0,4.25,False,2.5,5.0,1.0,1.4353177831673408e+17,1.4173104887156125e+17,1.456510181198299e+17,1.4859716392979456,1.4643505735139708,1.5048512913352379,"composition-matched 5 mM Mn-ion inventory; electrical charge-equivalent clock, not chemical conversion",True,exploratory_model_dependent,total_negative_electrical_charge_equivalents; 100_percent_delivery_and_utilization; not_electron_specific; not_a_chemical_yield_prediction
5mM_Mn_nitrate_in_water_20kHz,"5 mM Mn nitrate, 20 kHz",5mM_Mn_nitrate_in_water,20.0,4.3,False,2.5,5.0,1.0,1.4353177831673408e+17,1.4173104887156125e+17,1.456510181198299e+17,1.5034536585838036,1.4815782273200175,1.5225554241744759,"composition-matched 5 mM Mn-ion inventory; electrical charge-equivalent clock, not chemical conversion",True,exploratory_model_dependent,total_negative_electrical_charge_equivalents; 100_percent_delivery_and_utilization; not_electron_specific; not_a_chemical_yield_prediction
5mM_Mn_nitrate_in_water_20kHz,"5 mM Mn nitrate, 20 kHz",5mM_Mn_nitrate_in_water,20.0,4.3500000000000005,False,2.5,5.0,1.0,1.4353177831673408e+17,1.4173104887156125e+17,1.456510181198299e+17,1.5209356778696619,1.4988058811260643,1.540259557013714,"composition-matched 5 mM Mn-ion inventory; electrical charge-equivalent clock, not chemical conversion",True,exploratory_model_dependent,total_negative_electrical_charge_equivalents; 100_percent_delivery_and_utilization; not_electron_specific; not_a_chemical_yield_prediction
5mM_Mn_nitrate_in_water_20kHz,"5 mM Mn nitrate, 20 kHz",5mM_Mn_nitrate_in_water,20.0,4.4,False,2.5,5.0,1.0,1.4353177831673408e+17,1.4173104887156125e+17,1.456510181198299e+17,1.5384176971555201,1.516033534932111,1.557963689852952,"composition-matched 5 mM Mn-ion inventory; electrical charge-equivalent clock, not chemical conversion",True,exploratory_model_dependent,total_negative_electrical_charge_equivalents; 100_percent_delivery_and_utilization; not_electron_specific; not_a_chemical_yield_prediction
5mM_Mn_nitrate_in_water_20kHz,"5 mM Mn nitrate, 20 kHz",5mM_Mn_nitrate_in_water,20.0,4.45,False,2.5,5.0,1.0,1.4353177831673408e+17,1.4173104887156125e+17,1.456510181198299e+17,1.5558997164413781,1.5332611887381575,1.5756678226921903,"composition-matched 5 mM Mn-ion inventory; electrical charge-equivalent clock, not chemical conversion",True,exploratory_model_dependent,total_negative_electrical_charge_equivalents; 100_percent_delivery_and_utilization; not_electron_specific; not_a_chemical_yield_prediction
5mM_Mn_nitrate_in_water_20kHz,"5 mM Mn nitrate, 20 kHz",5mM_Mn_nitrate_in_water,20.0,4.5,False,2.5,5.0,1.0,1.4353177831673408e+17,1.4173104887156125e+17,1.456510181198299e+17,1.5733817357272364,1.5504888425442043,1.5933719555314283,"composition-matched 5 mM Mn-ion inventory; electrical charge-equivalent clock, not chemical conversion",True,exploratory_model_dependent,total_negative_electrical_charge_equivalents; 100_percent_delivery_and_utilization; not_electron_specific; not_a_chemical_yield_prediction
5mM_Mn_nitrate_in_water_20kHz,"5 mM Mn nitrate, 20 kHz",5mM_Mn_nitrate_in_water,20.0,4.55,False,2.5,5.0,1.0,1.4353177831673408e+17,1.4173104887156125e+17,1.456510181198299e+17,1.5908637550130944,1.567716496350251,1.6110760883706663,"composition-matched 5 mM Mn-ion inventory; electrical charge-equivalent clock, not chemical conversion",True,exploratory_model_dependent,total_negative_electrical_charge_equivalents; 100_percent_delivery_and_utilization; not_electron_specific; not_a_chemical_yield_prediction
5mM_Mn_nitrate_in_water_20kHz,"5 mM Mn nitrate, 20 kHz",5mM_Mn_nitrate_in_water,20.0,4.6000000000000005,False,2.5,5.0,1.0,1.4353177831673408e+17,1.4173104887156125e+17,1.456510181198299e+17,1.608345774298953,1.584944150156298,1.6287802212099047,"composition-matched 5 mM Mn-ion inventory; electrical charge-equivalent clock, not chemical conversion",True,exploratory_model_dependent,total_negative_electrical_charge_equivalents; 100_percent_delivery_and_utilization; not_electron_specific; not_a_chemical_yield_prediction
5mM_Mn_nitrate_in_water_20kHz,"5 mM Mn nitrate, 20 kHz",5mM_Mn_nitrate_in_water,20.0,4.65,False,2.5,5.0,1.0,1.4353177831673408e+17,1.4173104887156125e+17,1.456510181198299e+17,1.625827793584811,1.6021718039623447,1.6464843540491427,"composition-matched 5 mM Mn-ion inventory; electrical charge-equivalent clock, not chemical conversion",True,exploratory_model_dependent,total_negative_electrical_charge_equivalents; 100_percent_delivery_and_utilization; not_electron_specific; not_a_chemical_yield_prediction
5mM_Mn_nitrate_in_water_20kHz,"5 mM Mn nitrate, 20 kHz",5mM_Mn_nitrate_in_water,20.0,4.7,False,2.5,5.0,1.0,1.4353177831673408e+17,1.4173104887156125e+17,1.456510181198299e+17,1.6433098128706691,1.6193994577683912,1.6641884868883807,"composition-matched 5 mM Mn-ion inventory; electrical charge-equivalent clock, not chemical conversion",True,exploratory_model_dependent,total_negative_electrical_charge_equivalents; 100_percent_delivery_and_utilization; not_electron_specific; not_a_chemical_yield_prediction
5mM_Mn_nitrate_in_water_20kHz,"5 mM Mn nitrate, 20 kHz",5mM_Mn_nitrate_in_water,20.0,4.75,False,2.5,5.0,1.0,1.4353177831673408e+17,1.4173104887156125e+17,1.456510181198299e+17,1.6607918321565274,1.636627111574438,1.6818926197276187,"composition-matched 5 mM Mn-ion inventory; electrical charge-equivalent clock, not chemical conversion",True,exploratory_model_dependent,total_negative_electrical_charge_equivalents; 100_percent_delivery_and_utilization; not_electron_specific; not_a_chemical_yield_prediction
5mM_Mn_nitrate_in_water_20kHz,"5 mM Mn nitrate, 20 kHz",5mM_Mn_nitrate_in_water,20.0,4.800000000000001,False,2.5,5.0,1.0,1.4353177831673408e+17,1.4173104887156125e+17,1.456510181198299e+17,1.6782738514423856,1.6538547653804847,1.699596752566857,"composition-matched 5 mM Mn-ion inventory; electrical charge-equivalent clock, not chemical conversion",True,exploratory_model_dependent,total_negative_electrical_charge_equivalents; 100_percent_delivery_and_utilization; not_electron_specific; not_a_chemical_yield_prediction
5mM_Mn_nitrate_in_water_20kHz,"5 mM Mn nitrate, 20 kHz",5mM_Mn_nitrate_in_water,20.0,4.8500000000000005,False,2.5,5.0,1.0,1.4353177831673408e+17,1.4173104887156125e+17,1.456510181198299e+17,1.6957558707282439,1.6710824191865314,1.717300885406095,"composition-matched 5 mM Mn-ion inventory; electrical charge-equivalent clock, not chemical conversion",True,exploratory_model_dependent,total_negative_electrical_charge_equivalents; 100_percent_delivery_and_utilization; not_electron_specific; not_a_chemical_yield_prediction
5mM_Mn_nitrate_in_water_20kHz,"5 mM Mn nitrate, 20 kHz",5mM_Mn_nitrate_in_water,20.0,4.9,False,2.5,5.0,1.0,1.4353177831673408e+17,1.4173104887156125e+17,1.456510181198299e+17,1.7132378900141019,1.6883100729925782,1.735005018245333,"composition-matched 5 mM Mn-ion inventory; electrical charge-equivalent clock, not chemical conversion",True,exploratory_model_dependent,total_negative_electrical_charge_equivalents; 100_percent_delivery_and_utilization; not_electron_specific; not_a_chemical_yield_prediction
5mM_Mn_nitrate_in_water_20kHz,"5 mM Mn nitrate, 20 kHz",5mM_Mn_nitrate_in_water,20.0,4.95,False,2.5,5.0,1.0,1.4353177831673408e+17,1.4173104887156125e+17,1.456510181198299e+17,1.73071990929996,1.7055377267986247,1.7527091510845711,"composition-matched 5 mM Mn-ion inventory; electrical charge-equivalent clock, not chemical conversion",True,exploratory_model_dependent,total_negative_electrical_charge_equivalents; 100_percent_delivery_and_utilization; not_electron_specific; not_a_chemical_yield_prediction
5mM_Mn_nitrate_in_water_20kHz,"5 mM Mn nitrate, 20 kHz",5mM_Mn_nitrate_in_water,20.0,5.0,False,2.5,5.0,1.0,1.4353177831673408e+17,1.4173104887156125e+17,1.456510181198299e+17,1.7482019285858181,1.7227653806046714,1.7704132839238091,"composition-matched 5 mM Mn-ion inventory; electrical charge-equivalent clock, not chemical conversion",True,exploratory_model_dependent,total_negative_electrical_charge_equivalents; 100_percent_delivery_and_utilization; not_electron_specific; not_a_chemical_yield_prediction
