condition,material,burst_kHz,member,capture_index,carrier_Hz,detected_burst_Hz,burst_detection_method,burst_frequency_relative_error,voltage_pp_kV,locked_charge_sign,file_sign_vote,sign_vote_disagrees,charge_lsb_nC,complex_fit_residual_rms_nC,complex_fit_signal_codes,raw_qv_energy_per_burst_uJ,burst_energy_median_uJ,apparent_lissajous_power_mW,detected_activity_on_fraction,duty_on_fraction,duty_envelope_contrast,source_voltage_clipped,current_clipped,monitor_voltage_clipped,negative_peak_envelope_halfcycle_median_nC,negative_peak_envelope_halfcycle_p95_nC,negative_all_halfcycle_p95_nC,negative_record_total_nC,negative_record_average_equivalent_flow_per_s,negative_peak_halfcycle_average_equivalent_flow_p95_per_s,negative_resolved_halfcycles,negative_total_halfcycles,negative_resolved_halfcycle_fraction,negative_peak_charge_resolution_threshold_nC,negative_peak_rate_resolution_threshold_per_s,positive_peak_envelope_halfcycle_median_nC,positive_peak_envelope_halfcycle_p95_nC,positive_all_halfcycle_p95_nC,positive_record_total_nC,positive_record_average_equivalent_flow_per_s,positive_peak_halfcycle_average_equivalent_flow_p95_per_s,positive_resolved_halfcycles,positive_total_halfcycles,positive_resolved_halfcycle_fraction,positive_peak_charge_resolution_threshold_nC,positive_peak_rate_resolution_threshold_per_s,transport_imbalance_nC
5mM_Mn_nitrate_in_water_4kHz,5mM_Mn_nitrate_in_water,4,Lissajouswaveformsdifferentmediums/manganese nitrate in water/Lissajousfigure4kHz/Lissajousfigure4kHz_01.csv,1,127994.47063898804,3999.7440163866904,current activity-envelope rising edges,6.399590332739535e-05,8.0554874,1,-1,True,7.9047679999999945,30.238083826182436,38.96889902398151,3681.4621750438478,3681.4621750438478,14724.90630618556,0.1876820715964842,0.1876820715964842,0.8810715114153538,False,False,False,466.1411951366247,486.63388380050606,427.2413494106316,56199.60816726212,3.5075887840687348e+16,6.444691685142872e+17,170.0,1204.0,0.14119601328903655,61.47453305437206,8.163785564498536e+16,39.922704949672415,68.39084684890257,506.6844800924679,51800.9843510043,3.233057269234595e+16,1.3991857190818104e+17,156.0,768.0,0.203125,80.84927550577656,1.6736403521229574e+17,-4398.623816257823
5mM_Mn_nitrate_in_water_4kHz,5mM_Mn_nitrate_in_water,4,Lissajouswaveformsdifferentmediums/manganese nitrate in water/Lissajousfigure4kHz/Lissajousfigure4kHz_02.csv,2,127994.47063898804,3999.7440163866904,voltage activity-envelope rising edges,6.399590332739535e-05,7.8973918,1,-1,True,7.9047679999999945,30.643391267126717,40.96890054205262,3696.6189478016436,3696.6189478016436,14785.529517331288,0.21015395100306938,0.21015395100306938,0.8755460117862585,False,False,False,486.60008652488403,501.9375417649942,429.67856929554034,57664.35078745596,3.599007834017418e+16,6.558677193422747e+17,205.0,1133.0,0.18093556928508384,61.47453305437206,8.116240716357925e+16,49.44398134990011,74.17952130075881,637.9141151172912,53554.358251907746,3.3424906768623444e+16,1.5288460905372403e+17,156.0,615.0,0.25365853658536586,80.84927550577656,1.683288552048348e+17,-4109.992535548212
5mM_Mn_nitrate_in_water_4kHz,5mM_Mn_nitrate_in_water,4,Lissajouswaveformsdifferentmediums/manganese nitrate in water/Lissajousfigure4kHz/Lissajousfigure4kHz_03.csv,3,127994.47063898804,3999.7440163866904,voltage activity-envelope rising edges,6.399590332739535e-05,7.8973918,1,-1,True,7.9047679999999945,30.60122983895191,40.96890054205262,3715.342757330544,3715.342757330544,14860.41996245847,0.2030794921044024,0.2030794921044024,0.8774527120602001,False,False,False,490.3930419451823,508.94753933956486,430.2517655520531,58240.877866402894,3.634990645673464e+16,6.672487676795661e+17,207.0,1104.0,0.1875,61.47453305437206,8.108434498633878e+16,55.94407359813807,73.31851934985643,640.6665040929374,53790.69134240392,3.357240945139332e+16,1.5094905021471888e+17,157.0,603.0,0.2603648424543947,80.84927550577656,1.674199014586401e+17,-4450.186523998971
5mM_Mn_nitrate_in_water_4kHz,5mM_Mn_nitrate_in_water,4,Lissajouswaveformsdifferentmediums/manganese nitrate in water/Lissajousfigure4kHz/Lissajousfigure4kHz_04.csv,4,127994.47063898804,3999.7440163866904,voltage activity-envelope rising edges,6.399590332739535e-05,7.8973918,1,-1,True,7.9047679999999945,30.516444409971733,40.96890054205262,3718.457296976995,3718.457296976995,14872.877323773162,0.20432793160504406,0.20432793160504406,0.8770417167101491,False,False,False,491.9292087100726,503.6518798852862,430.34011811758864,57587.66582768563,3.5942216920216124e+16,6.577314303304983e+17,204.0,1093.0,0.18664226898444647,61.47453305437206,8.126689535468709e+16,55.39307814915073,71.4571653362317,647.7318206281067,53164.12032541465,3.3181347388278372e+16,1.4787457762279034e+17,156.0,600.0,0.26,80.84927550577656,1.6815649308506813e+17,-4423.545502270979
5mM_Mn_nitrate_in_water_4kHz,5mM_Mn_nitrate_in_water,4,Lissajouswaveformsdifferentmediums/manganese nitrate in water/Lissajousfigure4kHz/Lissajousfigure4kHz_05.csv,5,127994.47063898804,3999.7440163866904,voltage activity-envelope rising edges,6.399590332739535e-05,7.8973918,1,-1,True,7.9047679999999945,30.570559636928753,40.96890054205262,3712.831160085819,3712.831160085819,14850.37421640731,0.2026633456041878,0.2026633456041878,0.8776767801447227,False,False,False,495.37559542699785,513.9606857442334,427.96417446572065,57600.346777345236,3.5950131487283028e+16,6.712303849265321e+17,204.0,1104.0,0.18478260869565216,61.47453305437206,8.098674777707269e+16,57.53643199684035,84.73858594516722,643.8823469940531,53150.66703039452,3.3172950776938852e+16,1.752318715816623e+17,161.0,592.0,0.2719594594594595,80.84927550577656,1.6815690426297914e+17,-4449.679746950715
5mM_Mn_nitrate_in_water_4kHz,5mM_Mn_nitrate_in_water,4,Lissajouswaveformsdifferentmediums/manganese nitrate in water/Lissajousfigure4kHz/Lissajousfigure4kHz_06.csv,6,127994.47063898804,3999.7440163866904,voltage activity-envelope rising edges,6.399590332739535e-05,7.8973918,1,-1,True,7.9047679999999945,30.51576894868586,40.96890054205262,3708.447437056107,3708.447437056107,14832.840446449722,0.2030794921044024,0.2030794921044024,0.8789940901535026,False,False,False,491.0959671065828,507.58402213458,426.76448801505984,57324.47971000269,3.5777954444976116e+16,6.655955727969101e+17,208.0,1117.0,0.18621307072515667,61.47453305437206,8.101049675532114e+16,54.52992267190942,70.19747069462119,644.3717635286619,52999.91613753962,3.307886255137819e+16,1.4514608990752826e+17,157.0,592.0,0.2652027027027027,80.84927550577656,1.6731631272955702e+17,-4324.56357246307
5mM_Mn_nitrate_in_water_4kHz,5mM_Mn_nitrate_in_water,4,Lissajouswaveformsdifferentmediums/manganese nitrate in water/Lissajousfigure4kHz/Lissajousfigure4kHz_07.csv,7,127994.47063898804,3999.7440163866904,voltage activity-envelope rising edges,6.399590332739535e-05,7.8973918,1,-1,True,7.9047679999999945,30.531569377662667,40.96890054205262,3712.186943655187,3712.186943655187,14847.797515593631,0.2018310206657556,0.2018310206657556,0.8756966362746771,False,False,False,488.2087567790268,508.479347588847,429.7203904735439,57312.99860108188,3.5770788735073044e+16,6.666320387952758e+17,198.0,1126.0,0.17584369449378331,61.47453305437206,8.108887614820894e+16,52.278714561828636,67.71296081295611,645.9690145459864,52891.13638481687,3.3010969793220788e+16,1.3762051932034294e+17,155.0,600.0,0.25833333333333336,80.84927550577656,1.6816883837116243e+17,-4421.862216265014
5mM_Mn_nitrate_in_water_4kHz,5mM_Mn_nitrate_in_water,4,Lissajouswaveformsdifferentmediums/manganese nitrate in water/Lissajousfigure4kHz/Lissajousfigure4kHz_08.csv,8,127994.47063898804,3999.7440163866904,voltage activity-envelope rising edges,6.399590332739535e-05,7.8973918,1,-1,True,7.9047679999999945,30.460779256829266,39.96889902398151,3692.1891722694195,3692.1891722694195,14767.811549152337,0.20183105260375897,0.20183105260375897,0.8743006160108936,False,False,False,482.4321934067094,498.53752124338536,428.9069617462742,56772.34018855773,3.5433347346133464e+16,6.55381528730277e+17,191.0,1131.0,0.16887709991158267,61.47453305437206,8.101049675389693e+16,47.207328538206625,70.41988600629824,640.9903384181238,52372.3648319532,3.2687188660280696e+16,1.4601987632136294e+17,156.0,623.0,0.2504012841091493,80.84927550577656,1.6842206716858723e+17,-4399.975356604533
5mM_Mn_nitrate_in_water_4kHz,5mM_Mn_nitrate_in_water,4,Lissajouswaveformsdifferentmediums/manganese nitrate in water/Lissajousfigure4kHz/Lissajousfigure4kHz_09.csv,9,127994.47063898804,3999.7440163866904,voltage activity-envelope rising edges,6.399590332739535e-05,8.0554874,1,-1,True,7.9047679999999945,30.33338632563061,39.96889902398151,3686.584896045813,3686.584896045813,14745.395878860789,0.19725344899432426,0.19725344899432426,0.8721452772078397,False,False,False,481.9025299037299,504.2796289971107,426.4644581738945,56878.373873641736,3.5499526199805756e+16,6.64169123033927e+17,188.0,1159.0,0.1622088006902502,61.47453305437206,8.142144147188029e+16,50.109423120940754,78.29773861470134,636.6843314229749,52265.02734235645,3.262019606248551e+16,1.6097372886059974e+17,158.0,625.0,0.2528,80.84927550577656,1.674019059293114e+17,-4613.346531285286
5mM_Mn_nitrate_in_water_4kHz,5mM_Mn_nitrate_in_water,4,Lissajouswaveformsdifferentmediums/manganese nitrate in water/Lissajousfigure4kHz/Lissajousfigure4kHz_10.csv,10,127994.47063898804,3999.7440163866904,voltage activity-envelope rising edges,6.399590332739535e-05,8.0554874,1,-1,True,7.9047679999999945,30.306113488360445,38.96889902398151,3677.883055600568,3677.883055600568,14710.59074460837,0.1947565621001245,0.1947565621001245,0.870744198848213,False,False,False,473.6869830478537,493.0735778689088,429.1939786592393,56180.71355394284,3.506409513680216e+16,6.488778168695688e+17,183.0,1136.0,0.16109154929577466,61.47453305437206,8.150622214743611e+16,45.07282139192743,69.6910349494033,636.3069199474166,51767.76144310989,3.230983726323802e+16,1.4269324953700294e+17,156.0,637.0,0.24489795918367346,80.84927550577656,1.673163127295137e+17,-4412.95211083295
5mM_Mn_nitrate_in_water_4kHz,5mM_Mn_nitrate_in_water,4,Lissajouswaveformsdifferentmediums/manganese nitrate in water/Lissajousfigure4kHz/Lissajousfigure4kHz_11.csv,11,127994.47063898804,3999.7440163866904,voltage activity-envelope rising edges,6.399590332739535e-05,7.8973918,1,-1,True,7.9047679999999945,30.356516885763842,38.96889902398151,3668.5248499555028,3668.5248499555028,14673.160317575403,0.20058258111515928,0.20058258111515928,0.8734874328767043,False,False,False,482.37407560678463,494.02670532979505,429.3780045893958,57089.39882233721,3.5631233300147084e+16,6.496153950159964e+17,193.0,1150.0,0.16782608695652174,61.47453305437206,8.126896758334552e+16,47.18831399013437,69.83416987273493,636.58650178559,52200.648107715475,3.258001502053206e+16,1.445957290233311e+17,157.0,626.0,0.2507987220447284,80.84927550577656,1.681879057749712e+17,-4888.750714621732
5mM_Mn_nitrate_in_water_4kHz,5mM_Mn_nitrate_in_water,4,Lissajouswaveformsdifferentmediums/manganese nitrate in water/Lissajousfigure4kHz/Lissajousfigure4kHz_12.csv,12,127994.47063898804,3999.7440163866904,voltage activity-envelope rising edges,6.399590332739535e-05,7.8973918,1,-1,True,7.9047679999999945,30.408762589471735,39.96890054205262,3647.420654493977,3647.420654493977,14588.74893805751,0.20474407810525588,0.20474407810525588,0.8766579248067732,False,False,False,482.2809021847462,498.46936275741973,427.68911351334276,56553.448724139744,3.5296730513639572e+16,6.50554718230541e+17,193.0,1120.0,0.17232142857142857,61.47453305437206,8.131197720952682e+16,49.67049230400434,67.87680555154412,636.5886386352249,52330.393315784415,3.2660992958181524e+16,1.3912101588725202e+17,156.0,608.0,0.2565789473684211,80.84927550577656,1.6814213203889472e+17,-4223.055408355329
5mM_Mn_nitrate_in_water_4kHz,5mM_Mn_nitrate_in_water,4,Lissajouswaveformsdifferentmediums/manganese nitrate in water/Lissajousfigure4kHz/Lissajousfigure4kHz_13.csv,13,127994.47063898804,3999.7440163866904,voltage activity-envelope rising edges,6.399590332739535e-05,7.8973918,1,-1,True,7.9047679999999945,30.494208350405867,39.96890054205262,3668.54430679287,3668.54430679287,14673.23813994424,0.20432789976695087,0.20432789976695087,0.8786302928958779,False,False,False,483.58644650691,498.85535840987427,428.0801644389105,57042.051540421744,3.56016824188476e+16,6.557113340142944e+17,208.0,1157.0,0.1797752808988764,61.47453305437206,8.1087153142473e+16,47.958796688946066,66.7468196855522,637.6354834345896,52294.08915837027,3.2638334427363668e+16,1.3730767619788496e+17,156.0,597.0,0.2613065326633166,80.84927550577656,1.6799467560803574e+17,-4747.962382051475
5mM_Mn_nitrate_in_water_4kHz,5mM_Mn_nitrate_in_water,4,Lissajouswaveformsdifferentmediums/manganese nitrate in water/Lissajousfigure4kHz/Lissajousfigure4kHz_14.csv,14,127994.47063898804,3999.7440163866904,voltage activity-envelope rising edges,6.399590332739535e-05,7.8973918,1,-1,True,7.9047679999999945,30.454985829160833,39.96890054205262,3657.2871629917195,3657.2871629917195,14628.212446383985,0.20848939660718177,0.20848939660718177,0.8778644891039943,False,False,False,485.1441040828751,499.40603685371315,429.1920664927433,57254.84281939274,3.573449193973339e+16,6.560833093964965e+17,202.0,1105.0,0.18280542986425338,61.47453305437206,8.118164702857933e+16,47.726694416278946,71.5274255675794,641.1277279583787,52648.55204440214,3.2859565514903224e+16,1.4838850243997005e+17,156.0,597.0,0.2613065326633166,80.84927550577656,1.6828607421796096e+17,-4606.290774990601
5mM_Mn_nitrate_in_water_4kHz,5mM_Mn_nitrate_in_water,4,Lissajouswaveformsdifferentmediums/manganese nitrate in water/Lissajousfigure4kHz/Lissajousfigure4kHz_15.csv,15,127994.47063898804,3999.7440163866904,voltage activity-envelope rising edges,6.399590332739535e-05,7.8973918,1,-1,True,7.9047679999999945,30.418039208804874,39.96890054205262,3664.2431498435544,3664.2431498435544,14656.034613172676,0.2039117532500849,0.2039117532500849,0.8788084006305957,False,False,False,484.77404737931624,498.8149163551083,429.6978031669284,55796.001201822735,3.4823984435785692e+16,6.529478513039425e+17,191.0,1070.0,0.17850467289719626,61.47453305437206,8.117858540330166e+16,48.89267996280506,75.1503515466268,637.0580720028269,52217.89080313912,3.259077671212519e+16,1.5621698745607507e+17,158.0,592.0,0.2668918918918919,80.84927550577656,1.6814715334830026e+17,-3578.110398683617
5mM_Mn_nitrate_in_water_4kHz,5mM_Mn_nitrate_in_water,4,Lissajouswaveformsdifferentmediums/manganese nitrate in water/Lissajousfigure4kHz/Lissajousfigure4kHz_16.csv,16,127994.47063898804,3999.7440163866904,voltage activity-envelope rising edges,6.399590332739535e-05,7.8973918,1,-1,True,7.9047679999999945,30.3524937237394,39.33889958566782,3659.251634085702,3659.251634085702,14636.069827887506,0.20099876764611324,0.20099876764611324,0.8755716122422232,False,False,False,483.8488880441511,500.5108090957504,428.07938558103064,56642.489645174544,3.535230366550485e+16,6.584538537297518e+17,193.0,1137.0,0.16974494283201408,61.47453305437206,8.131448517201278e+16,47.396886175263894,72.80133237567321,637.2167397119799,52159.022710147634,3.2554035341597856e+16,1.4905262512762765e+17,157.0,606.0,0.2590759075907591,80.84927550577656,1.6731635026519526e+17,-4483.4669350269105
5mM_Mn_nitrate_in_water_4kHz,5mM_Mn_nitrate_in_water,4,Lissajouswaveformsdifferentmediums/manganese nitrate in water/Lissajousfigure4kHz/Lissajousfigure4kHz_17.csv,17,127994.47063898804,3999.7440163866904,voltage activity-envelope rising edges,6.399590332739535e-05,7.8973918,1,-1,True,7.9047679999999945,30.33593512740712,39.96890054205262,3650.391919784829,3650.391919784829,14600.633238625695,0.20141490610354404,0.20141490610354404,0.8754602721242554,False,False,False,480.75639883567516,495.35939961312,428.6297998991233,56633.09985012031,3.534644320830754e+16,6.504995521930345e+17,195.0,1128.0,0.17287234042553193,61.47453305437206,8.122041970485904e+16,47.527761277611106,63.16147755355149,634.3199322340078,52181.66252727723,3.2568165541296188e+16,1.2997084273572182e+17,157.0,618.0,0.2540453074433657,80.84927550577656,1.6764723104641696e+17,-4451.437322843078
5mM_Mn_nitrate_in_water_4kHz,5mM_Mn_nitrate_in_water,4,Lissajouswaveformsdifferentmediums/manganese nitrate in water/Lissajousfigure4kHz/Lissajousfigure4kHz_18.csv,18,127994.47063898804,3999.7440163866904,voltage activity-envelope rising edges,6.399590332739535e-05,7.8973918,1,-1,True,7.9047679999999945,30.39768832455628,38.96889902398151,3644.8532328737715,3644.8532328737715,14578.479908794552,0.19683726246336838,0.19683726246336838,0.8719300655018833,False,False,False,480.31733069986655,500.35863187186226,426.0113216780711,56445.78022951229,3.5229531325519104e+16,6.570676824929926e+17,198.0,1143.0,0.1732283464566929,61.47453305437206,8.121315999426032e+16,48.415917514391744,69.4461242069808,634.3401208204453,52153.05270667399,3.255030928052592e+16,1.419403143517193e+17,156.0,622.0,0.2508038585209003,80.84927550577656,1.6768228741096627e+17,-4292.7275228383005
5mM_Mn_nitrate_in_water_4kHz,5mM_Mn_nitrate_in_water,4,Lissajouswaveformsdifferentmediums/manganese nitrate in water/Lissajousfigure4kHz/Lissajousfigure4kHz_19.csv,19,127994.47063898804,3999.7440163866904,current activity-envelope rising edges,6.399590332739535e-05,8.0554874,1,-1,True,7.9047679999999945,30.453213024052346,39.96889902398151,3710.7672177113955,3710.7672177113955,14842.118975245041,0.1889305110971283,0.1889305110971283,0.873155046917066,False,False,False,465.59433847368337,494.57868243116934,424.1559733367404,56874.99180954765,3.549741535055426e+16,6.512013501865181e+17,165.0,1197.0,0.13784461152882205,61.47453305437206,8.17252480207243e+16,40.09988471955132,68.5707716744213,308.93116946676446,53630.02707194313,3.347213398481148e+16,1.400265754997017e+17,146.0,817.0,0.17870257037943696,80.84927550577656,1.67317911059677e+17,-3244.964737604525
5mM_Mn_nitrate_in_water_4kHz,5mM_Mn_nitrate_in_water,4,Lissajouswaveformsdifferentmediums/manganese nitrate in water/Lissajousfigure4kHz/Lissajousfigure4kHz_20.csv,20,127994.47063898804,3999.7440163866904,voltage activity-envelope rising edges,6.399590332739535e-05,7.8973918,1,-1,True,7.9047679999999945,30.71734289145671,40.96890054205262,3709.6874486172264,3709.6874486172264,14837.800175271559,0.20307949210440135,0.20307949210440135,0.8751026430562546,False,False,False,496.43248549790405,507.6425103261927,423.82542192344636,58692.91183749818,3.663203463142101e+16,6.651371726583153e+17,197.0,1151.0,0.17115551694178974,61.47453305437206,8.098542298942854e+16,48.879788607013744,71.22771967819766,649.1385115300708,53533.85453637761,3.3412109775019644e+16,1.4712235933323168e+17,155.0,622.0,0.2491961414790997,80.84927550577656,1.6734296897838893e+17,-5159.057301120571
5mM_Mn_nitrate_in_water_4kHz,5mM_Mn_nitrate_in_water,4,Lissajouswaveformsdifferentmediums/manganese nitrate in water/Lissajousfigure4kHz/Lissajousfigure4kHz_21.csv,21,127994.47063898804,3999.7440163866904,voltage activity-envelope rising edges,6.399590332739535e-05,7.8973918,1,-1,True,7.9047679999999945,30.691367321144806,39.96889902398151,3722.172410643761,3722.172410643761,14887.736827432007,0.19975032010268914,0.19975032010268914,0.8741036617032103,False,False,False,496.3191920633538,512.12076996276,428.76759989151014,57787.64851043844,3.606703220592844e+16,6.697010032347459e+17,199.0,1140.0,0.17456140350877192,61.47453305437206,8.111242654752578e+16,50.93686547499734,72.17611998803098,651.213305260063,53235.94190944962,3.3226173427254536e+16,1.5009460030881942e+17,157.0,608.0,0.2582236842105263,80.84927550577656,1.6828607421798774e+17,-4551.706600988822
5mM_Mn_nitrate_in_water_4kHz,5mM_Mn_nitrate_in_water,4,Lissajouswaveformsdifferentmediums/manganese nitrate in water/Lissajousfigure4kHz/Lissajousfigure4kHz_22.csv,22,127994.47063898804,3999.7440163866904,voltage activity-envelope rising edges,6.399590332739535e-05,7.8973918,1,-1,True,7.9047679999999945,30.706991389569,39.96889902398151,3747.771930510639,3747.771930510639,14990.128353841923,0.20307949210440168,0.20307949210440168,0.8747740866019159,False,False,False,492.139805890838,511.92043547873595,429.86164246516415,58602.48101259259,3.6575593998200056e+16,6.696762982460855e+17,202.0,1137.0,0.17766051011433598,61.47453305437206,8.113262994369957e+16,52.860450746802,73.72760244696335,650.0615298877876,53815.76586159243,3.358805922283118e+16,1.5179137216832774e+17,157.0,602.0,0.260797342192691,80.84927550577656,1.682813207749566e+17,-4786.715151000157
5mM_Mn_nitrate_in_water_4kHz,5mM_Mn_nitrate_in_water,4,Lissajouswaveformsdifferentmediums/manganese nitrate in water/Lissajousfigure4kHz/Lissajousfigure4kHz_23.csv,23,127994.47063898804,3999.7440163866904,voltage activity-envelope rising edges,6.399590332739535e-05,7.8973918,1,-1,True,7.9047679999999945,30.701564434779026,39.96889902398151,3736.517307026838,3736.517307026838,14945.112740905905,0.20640866410611144,0.20640866410611144,0.8742937097713694,False,False,False,497.1212375767469,516.0202359608325,431.3421754975524,57822.1774885234,3.6088582793237816e+16,6.764958871160428e+17,197.0,1155.0,0.17056277056277055,61.47453305437206,8.11726999741927e+16,57.22839412560581,73.61983368796744,650.374211179235,53599.789997929605,3.345326210560598e+16,1.513677274264355e+17,156.0,618.0,0.2524271844660194,80.84927550577656,1.6828607421798774e+17,-4222.387490593792
5mM_Mn_nitrate_in_water_4kHz,5mM_Mn_nitrate_in_water,4,Lissajouswaveformsdifferentmediums/manganese nitrate in water/Lissajousfigure4kHz/Lissajousfigure4kHz_24.csv,24,127994.47063898804,3999.7440163866904,voltage activity-envelope rising edges,6.399590332739535e-05,8.0554874,1,-1,True,7.9047679999999945,30.579979978404804,40.96890054205262,3714.6352663799394,3714.6352663799394,14857.59017976214,0.19475652987903788,0.19475652987903788,0.8646446549622632,False,False,False,481.950661212058,508.51436986295386,430.5512705797272,57116.08057954324,3.56478861978037e+16,6.668163990826678e+17,183.0,1165.0,0.1570815450643777,61.47453305437206,8.132693517308542e+16,42.67998625618849,72.18329990093903,641.0157969920064,52295.55874698168,3.2639251642393932e+16,1.469455569505404e+17,156.0,670.0,0.23283582089552238,80.84927550577656,1.6818790577497363e+17,-4820.521832561557
5mM_Mn_nitrate_in_water_4kHz,5mM_Mn_nitrate_in_water,4,Lissajouswaveformsdifferentmediums/manganese nitrate in water/Lissajousfigure4kHz/Lissajousfigure4kHz_25.csv,25,127994.47063898804,3999.7440163866904,current activity-envelope rising edges,6.399590332739535e-05,7.8973918,1,-1,True,7.9047679999999945,30.853573457243147,40.96890054205262,3734.688912718015,3734.688912718015,14937.799631709597,0.19225965077784693,0.19225965077784693,0.8977728999919737,False,False,False,498.3499225727234,514.0574222694166,430.9014116624113,57443.27022969414,3.5852095227823452e+16,6.732010303051578e+17,197.0,1089.0,0.18089990817263543,61.47453305437206,8.114829104076986e+16,56.3936743805978,84.25395172378869,644.6341140423518,53896.24301948514,3.3638287469184444e+16,1.7186905397748915e+17,158.0,655.0,0.24122137404580152,80.84927550577656,1.6808893982839632e+17,-3547.027210209002
5mM_Mn_nitrate_in_water_4kHz,5mM_Mn_nitrate_in_water,4,Lissajouswaveformsdifferentmediums/manganese nitrate in water/Lissajousfigure4kHz/Lissajousfigure4kHz_26.csv,26,127994.47063898804,3999.7440163866904,voltage activity-envelope rising edges,6.399590332739535e-05,7.8973918,1,-1,True,7.9047679999999945,30.640222007730287,39.96889902398151,3737.7330152912446,3737.7330152912446,14949.975262762136,0.19891802710226103,0.19891802710226103,0.8743059798607478,False,False,False,497.44093404432783,510.9893566539963,429.40025968318366,58384.1139657736,3.6439304470708536e+16,6.702644607099572e+17,196.0,1141.0,0.17177914110429449,61.47453305437206,8.115970972469186e+16,52.447864334001004,75.66948674710972,648.8018086204472,53570.26789027132,3.3434836458687576e+16,1.54473718016807e+17,157.0,610.0,0.2573770491803279,80.84927550577656,1.681840056824691e+17,-4813.846075502275
5mM_Mn_nitrate_in_water_4kHz,5mM_Mn_nitrate_in_water,4,Lissajouswaveformsdifferentmediums/manganese nitrate in water/Lissajousfigure4kHz/Lissajousfigure4kHz_27.csv,27,127994.47063898804,3999.7440163866904,voltage activity-envelope rising edges,6.399590332739535e-05,8.0554874,1,-1,True,7.9047679999999945,30.57200747811744,39.96889902398151,3721.5087249310086,3721.5087249310086,14885.082254473664,0.19850188060204746,0.19850188060204746,0.8727065392558546,False,False,False,487.5088701177306,509.4942608037802,430.36460201167887,57484.823239980426,3.5878029727649624e+16,6.68667757005778e+17,196.0,1153.0,0.16999132697311362,61.47453305437206,8.1311922776563e+16,45.34091844306928,74.90092428792634,644.1299783938454,52738.449787135585,3.2915673435297696e+16,1.515770932805884e+17,157.0,622.0,0.25241157556270094,80.84927550577656,1.6719483670611782e+17,-4746.37345284484
5mM_Mn_nitrate_in_water_4kHz,5mM_Mn_nitrate_in_water,4,Lissajouswaveformsdifferentmediums/manganese nitrate in water/Lissajousfigure4kHz/Lissajousfigure4kHz_28.csv,28,127994.47063898804,3999.7440163866904,voltage activity-envelope rising edges,6.399590332739535e-05,7.8973918,1,-1,True,7.9047679999999945,30.60273532391306,39.96889902398151,3729.0481716160007,3729.0481716160007,14915.238111238827,0.19933414156456172,0.19933414156456172,0.8743075222032807,False,False,False,492.47588657363303,510.5181138619575,431.11698907649,57149.40203410643,3.5668683132890304e+16,6.692325669397236e+17,196.0,1124.0,0.17437722419928825,61.47453305437206,8.120734432515304e+16,55.03771641107965,78.94110564239156,647.5371722359668,53396.64815971537,3.332647509471176e+16,1.623478649953977e+17,157.0,603.0,0.2603648424543947,80.84927550577656,1.6818790577487882e+17,-3752.7538743910627
5mM_Mn_nitrate_in_water_4kHz,5mM_Mn_nitrate_in_water,4,Lissajouswaveformsdifferentmediums/manganese nitrate in water/Lissajousfigure4kHz/Lissajousfigure4kHz_29.csv,29,127994.47063898804,3999.7440163866904,voltage activity-envelope rising edges,6.399590332739535e-05,7.8973918,1,-1,True,7.9047679999999945,30.623614177568975,40.96890054205262,3726.4857008598724,3726.4857008598724,14904.988884164837,0.20058261310311765,0.20058261310311765,0.8756951085411945,False,False,False,491.0760829614642,513.3510942193855,428.62532776978264,57812.674738481815,3.608265183739122e+16,6.710089490854116e+17,198.0,1159.0,0.17083692838654013,61.47453305437206,8.136997965021848e+16,54.61106654138439,73.88497086610685,647.9233957003293,53171.91907113423,3.318621482310717e+16,1.526990962819744e+17,156.0,605.0,0.2578512396694215,80.84927550577656,1.6734572611108435e+17,-4640.755667347585
5mM_Mn_nitrate_in_water_4kHz,5mM_Mn_nitrate_in_water,4,Lissajouswaveformsdifferentmediums/manganese nitrate in water/Lissajousfigure4kHz/Lissajousfigure4kHz_30.csv,30,127994.47063898804,3999.7440163866904,voltage activity-envelope rising edges,6.399590332739535e-05,7.8973918,1,-1,True,7.9047679999999945,30.698601801974252,40.96890054205262,3744.6574208192496,3744.6574208192496,14977.67111233981,0.20224716718262728,0.20224716718262728,0.8768430421432187,False,False,False,497.8460132583369,513.6040808456625,428.6071860912852,58079.775054947866,3.6249357283356104e+16,6.720968302084356e+17,199.0,1117.0,0.17815577439570277,61.47453305437206,8.113266191700826e+16,52.638114712968914,78.76684727585442,649.1095659948269,53619.63341923914,3.346564698946775e+16,1.6204284165038208e+17,158.0,608.0,0.2598684210526316,80.84927550577656,1.6731631272951853e+17,-4460.141635708729
5mM_Mn_nitrate_in_water_4kHz,5mM_Mn_nitrate_in_water,4,Lissajouswaveformsdifferentmediums/manganese nitrate in water/Lissajousfigure4kHz/Lissajousfigure4kHz_31.csv,31,127994.47063898804,3999.7440163866904,voltage activity-envelope rising edges,6.399590332739535e-05,7.8973918,1,-1,True,7.9047679999999945,30.730352084634305,40.96890054205262,3750.8840442456562,3750.8840442456562,15002.576012131873,0.20432793160503956,0.20432793160503956,0.8770493846060532,False,False,False,500.3350078824859,523.884206310001,429.46254370982325,59062.83234290847,3.686291329020319e+16,6.864817432195073e+17,200.0,1127.0,0.1774622892635315,61.47453305437206,8.145677901042928e+16,56.289670321670805,78.62140992440439,652.1829293342732,54002.975514014026,3.370490247112378e+16,1.6136637547487123e+17,157.0,609.0,0.25779967159277506,80.84927550577656,1.6814213203889715e+17,-5059.856828894444
5mM_Mn_nitrate_in_water_4kHz,5mM_Mn_nitrate_in_water,4,Lissajouswaveformsdifferentmediums/manganese nitrate in water/Lissajousfigure4kHz/Lissajousfigure4kHz_32.csv,32,127994.47063898804,3999.7440163866904,voltage activity-envelope rising edges,6.399590332739535e-05,7.8973918,1,-1,True,7.9047679999999945,30.629353042360957,40.96890054205262,3734.6403304451055,3734.6403304451055,14937.605315054223,0.19725344110140475,0.19725344110140475,0.8750841215690676,False,False,False,497.8426986467664,515.1005958690237,429.91742224121776,58799.750264959046,3.669871574933093e+16,6.80246391217559e+17,198.0,1156.0,0.17128027681660898,61.47453305437206,8.126981531428677e+16,55.235541703002234,77.13635569168841,649.3723424494369,53809.1706564279,3.3583942954334276e+16,1.583152729640141e+17,157.0,617.0,0.2544570502431118,80.84927550577656,1.676666263631188e+17,-4990.579608531145
5mM_Mn_nitrate_in_water_4kHz,5mM_Mn_nitrate_in_water,4,Lissajouswaveformsdifferentmediums/manganese nitrate in water/Lissajousfigure4kHz/Lissajousfigure4kHz_33.csv,33,127994.47063898804,3999.7440163866904,voltage activity-envelope rising edges,6.399590332739535e-05,7.8973918,1,-1,True,7.9047679999999945,30.59076895403622,40.96890054205262,3717.9028079223194,3717.9028079223194,14870.659509494571,0.19975032010269053,0.19975032010269053,0.8782320425837046,False,False,False,497.7197772300096,517.1607609984488,428.11696550576704,58334.94052194209,3.6408613826114696e+16,6.78901498315588e+17,195.0,1138.0,0.17135325131810195,61.47453305437206,8.145677901043754e+16,51.95676467510547,76.05682340215192,643.7286342891168,53720.4975746954,3.3528599382185508e+16,1.558061008568736e+17,158.0,621.0,0.25442834138486314,80.84927550577656,1.673494358137418e+17,-4614.442947246687
5mM_Mn_nitrate_in_water_4kHz,5mM_Mn_nitrate_in_water,4,Lissajouswaveformsdifferentmediums/manganese nitrate in water/Lissajousfigure4kHz/Lissajousfigure4kHz_34.csv,34,127994.47063898804,3999.7440163866904,voltage activity-envelope rising edges,6.399590332739535e-05,7.8973918,1,-1,True,7.9047679999999945,30.693823934671347,40.96890054205262,3740.271238334951,3740.271238334951,14960.127505193457,0.20016646660290338,0.20016646660290338,0.8768476878669725,False,False,False,500.556522911476,525.0028329348287,429.8172366342232,58890.33342469777,3.6755251459362824e+16,6.883108329582692e+17,201.0,1147.0,0.17523975588491716,61.47453305437206,8.11656309790248e+16,55.188142229403724,78.87146322074463,648.8457622950574,53971.70391316957,3.3685384912201404e+16,1.621888928364004e+17,158.0,613.0,0.25774877650897227,80.84927550577656,1.6752723442939062e+17,-4918.629511528197
5mM_Mn_nitrate_in_water_4kHz,5mM_Mn_nitrate_in_water,4,Lissajouswaveformsdifferentmediums/manganese nitrate in water/Lissajousfigure4kHz/Lissajousfigure4kHz_35.csv,35,127994.47063898804,3999.7440163866904,voltage activity-envelope rising edges,6.399590332739535e-05,7.8973918,1,-1,True,7.9047679999999945,30.66402308770257,40.96890054205262,3743.3736460626806,3743.3736460626806,14972.536341938834,0.2018310526037586,0.2018310526037586,0.8752773831466847,False,False,False,498.31927879040427,522.3720472536025,431.3492007984007,58795.76808194787,3.669623034757786e+16,6.867344161498314e+17,202.0,1141.0,0.17703768624014024,61.47453305437206,8.125346739702514e+16,48.93743380890376,80.63759671086561,651.6653701060566,53583.8161006746,3.344329230960976e+16,1.6493748789648842e+17,158.0,613.0,0.25774877650897227,80.84927550577656,1.6814514330778957e+17,-5211.951981273269
5mM_Mn_nitrate_in_water_4kHz,5mM_Mn_nitrate_in_water,4,Lissajouswaveformsdifferentmediums/manganese nitrate in water/Lissajousfigure4kHz/Lissajousfigure4kHz_36.csv,36,127994.47063898804,3999.7440163866904,voltage activity-envelope rising edges,6.399590332739535e-05,7.8973918,1,-1,True,7.9047679999999945,30.530121214185375,40.96890054205262,3703.4608534541912,3703.4608534541912,14812.895388525747,0.19642114810097733,0.19642114810097733,0.8782389681524342,False,False,False,497.15774215886773,520.026660019912,429.35432946765854,58074.22609514033,3.624589400846524e+16,6.841489020870309e+17,202.0,1137.0,0.17766051011433598,61.47453305437206,8.132183193582083e+16,50.55267463579599,80.34669439753523,647.1696811765274,53512.82591261745,3.339898517019571e+16,1.6426728345017018e+17,158.0,596.0,0.2651006711409396,80.84927550577656,1.6814235537674192e+17,-4561.400182522877
5mM_Mn_nitrate_in_water_4kHz,5mM_Mn_nitrate_in_water,4,Lissajouswaveformsdifferentmediums/manganese nitrate in water/Lissajousfigure4kHz/Lissajousfigure4kHz_37.csv,37,127994.47063898804,3999.7440163866904,voltage activity-envelope rising edges,6.399590332739535e-05,7.8973918,1,-1,True,7.9047679999999945,30.564848692956012,40.96890054205262,3723.475506651793,3723.475506651793,14892.94887789291,0.1980857341018322,0.1980857341018322,0.8768538518963901,False,False,False,493.11570042078483,513.0765541767557,429.7594132740803,57960.64146581213,3.617500238041537e+16,6.744902670066442e+17,203.0,1138.0,0.17838312829525482,61.47453305437206,8.113363430635554e+16,54.65629946270893,75.65488149253962,646.249558692441,53614.89281843679,3.3462688236062468e+16,1.5575561560849843e+17,157.0,597.0,0.2629815745393635,80.84927550577656,1.6774279562867683e+17,-4345.748647375338
5mM_Mn_nitrate_in_water_4kHz,5mM_Mn_nitrate_in_water,4,Lissajouswaveformsdifferentmediums/manganese nitrate in water/Lissajousfigure4kHz/Lissajousfigure4kHz_38.csv,38,127994.47063898804,3999.7440163866904,voltage activity-envelope rising edges,6.399590332739535e-05,7.8973918,1,-1,True,7.9047679999999945,30.662050162284004,40.96890054205262,3749.5906448344604,3749.5906448344604,14997.402745576144,0.20266331369948734,0.20266331369948734,0.877450111786685,False,False,False,504.1638253669217,520.2387244695749,427.6590962333448,58394.60583988706,3.644585276902669e+16,6.844613617221645e+17,206.0,1110.0,0.18558558558558558,61.47453305437206,8.126115267633934e+16,59.79218414123951,75.4919733881046,647.5702057009293,53773.73417444949,3.356182596619365e+16,1.5330242474238294e+17,156.0,606.0,0.25742574257425743,80.84927550577656,1.6817224472716538e+17,-4620.871665437568
5mM_Mn_nitrate_in_water_4kHz,5mM_Mn_nitrate_in_water,4,Lissajouswaveformsdifferentmediums/manganese nitrate in water/Lissajousfigure4kHz/Lissajousfigure4kHz_39.csv,39,127994.47063898804,3999.7440163866904,voltage activity-envelope rising edges,6.399590332739535e-05,7.8973918,1,-1,True,7.9047679999999945,30.708162174776795,40.96890054205262,3745.8148738055843,3745.8148738055843,14982.300627996152,0.20307949210440043,0.20307949210440043,0.877055009618485,False,False,False,498.6325321418095,515.4374720514692,427.5352838392578,58699.55087896741,3.663617825949135e+16,6.752269473099232e+17,207.0,1122.0,0.18449197860962566,61.47453305437206,8.087104106579162e+16,56.14591360069274,77.73831153776216,647.2019018346635,54343.552008526414,3.391746663860226e+16,1.6004856805562096e+17,157.0,597.0,0.2629815745393635,80.84927550577656,1.6828132077496147e+17,-4355.998870440999
5mM_Mn_nitrate_in_water_4kHz,5mM_Mn_nitrate_in_water,4,Lissajouswaveformsdifferentmediums/manganese nitrate in water/Lissajousfigure4kHz/Lissajousfigure4kHz_40.csv,40,127994.47063898804,3999.7440163866904,voltage activity-envelope rising edges,6.399590332739535e-05,7.8973918,1,-1,True,7.9047679999999945,30.64319305448528,40.96890054205262,3758.9658610945326,3758.9658610945326,15034.9012107147,0.20557637933163522,0.20557637933163522,0.8756805274214523,False,False,False,499.1269782643918,519.2817031402808,428.2932059665504,58875.99046161686,3.674629957907868e+16,6.794241984527144e+17,203.0,1144.0,0.17744755244755245,61.47453305437206,8.114685867609525e+16,56.25075632675131,74.65493289617935,649.398844483158,54115.14463675481,3.3774910638382424e+16,1.535034788828284e+17,157.0,599.0,0.2621035058430718,80.84927550577656,1.6814514330772154e+17,-4760.8458248620445
5mM_Mn_nitrate_in_water_4kHz,5mM_Mn_nitrate_in_water,4,Lissajouswaveformsdifferentmediums/manganese nitrate in water/Lissajousfigure4kHz/Lissajousfigure4kHz_41.csv,41,127994.47063898804,3999.7440163866904,voltage activity-envelope rising edges,6.399590332739535e-05,7.8973918,1,-1,True,7.9047679999999945,30.618628614001253,39.96889902398151,3757.0865116008013,3757.0865116008013,15027.384293822448,0.20266334560418886,0.20266334560418886,0.8741021144919422,False,False,False,496.5233843679131,513.537868047122,427.5975937752839,59186.75584599054,3.694025772438492e+16,6.703905126745015e+17,206.0,1173.0,0.17561807331628304,61.47453305437206,8.116360243150811e+16,54.14060902512308,71.06507229860814,650.0429201555017,53996.860847260614,3.3701086121291096e+16,1.4689500502278605e+17,157.0,619.0,0.25363489499192243,80.84927550577656,1.6914709963296512e+17,-5189.8949987299275
5mM_Mn_nitrate_in_water_4kHz,5mM_Mn_nitrate_in_water,4,Lissajouswaveformsdifferentmediums/manganese nitrate in water/Lissajousfigure4kHz/Lissajousfigure4kHz_42.csv,42,127994.47063898804,3999.7440163866904,voltage activity-envelope rising edges,6.399590332739535e-05,7.8973918,1,-1,True,7.9047679999999945,30.618721007718726,39.96889902398151,3745.87796510078,3745.87796510078,14982.552977026597,0.1980857341018315,0.1980857341018315,0.87410079924569,False,False,False,499.13572433347235,517.3470745831788,430.3593048601968,59528.287743563706,3.715341818802445e+16,6.771578311169147e+17,204.0,1168.0,0.17465753424657535,61.47453305437206,8.116265727828109e+16,54.917329976213324,79.50316868850472,650.4831666976547,53978.846089559986,3.368984256210642e+16,1.6329306312111088e+17,158.0,618.0,0.255663430420712,80.84927550577656,1.6818349968960227e+17,-5549.44165400372
5mM_Mn_nitrate_in_water_4kHz,5mM_Mn_nitrate_in_water,4,Lissajouswaveformsdifferentmediums/manganese nitrate in water/Lissajousfigure4kHz/Lissajousfigure4kHz_43.csv,43,127994.47063898804,3999.7440163866904,voltage activity-envelope rising edges,6.399590332739535e-05,7.8973918,1,-1,True,7.9047679999999945,30.608250501152146,39.96890054205262,3732.1214810939637,3732.1214810939637,14927.530562433814,0.2014149141629804,0.2014149141629804,0.8731295890422627,False,False,False,494.5210107887021,513.6856009063509,429.60976196872423,57953.272183284746,3.6170402986650424e+16,6.741453904273604e+17,190.0,1136.0,0.16725352112676056,61.47453305437206,8.11790985916338e+16,54.307158311816984,83.10219590361856,638.8725009667254,53497.62288058869,3.3389496494675196e+16,1.7094906216784778e+17,159.0,626.0,0.2539936102236422,80.84927550577656,1.6834388124535613e+17,-4455.6493026960525
5mM_Mn_nitrate_in_water_4kHz,5mM_Mn_nitrate_in_water,4,Lissajouswaveformsdifferentmediums/manganese nitrate in water/Lissajousfigure4kHz/Lissajousfigure4kHz_44.csv,44,127994.47063898804,3999.7440163866904,voltage activity-envelope rising edges,6.399590332739535e-05,8.0554874,1,-1,True,7.9047679999999945,30.576885502850562,39.96890054205262,3749.58581475141,3749.58581475141,14997.383426480366,0.20932168960760922,0.20932168960760922,0.8601218439267853,False,False,False,482.35921919421526,511.9023950240288,428.8153977367009,57360.443938626115,3.5800400815878164e+16,6.713963828473044e+17,189.0,1181.0,0.16003386960203217,61.47453305437206,8.135828372767339e+16,49.99030531846601,79.79847024201119,635.9918504426512,52489.06068228121,3.2760022096154424e+16,1.6110219013402307e+17,157.0,696.0,0.22557471264367815,80.84927550577656,1.673188818105884e+17,-4871.383256344903
5mM_Mn_nitrate_in_water_4kHz,5mM_Mn_nitrate_in_water,4,Lissajouswaveformsdifferentmediums/manganese nitrate in water/Lissajousfigure4kHz/Lissajousfigure4kHz_45.csv,45,127994.47063898804,4350.852767146427,voltage activity-envelope rising edges,0.08771319178660679,8.0554874,1,-1,True,7.9047679999999945,30.527257262008742,39.96890054205262,3692.5282554591313,3692.5282554591313,16065.64677803073,0.22510186584174305,0.22510186584174305,0.8567504820546192,False,False,False,488.5631501379609,510.20913877855037,435.05243732314267,54544.65599811703,3.4042981766077904e+16,6.864746403723716e+17,178.0,811.0,0.21948212083847102,61.47453305437206,8.78672580837291e+16,57.10904335131485,330.1616667734385,305.0580939187554,55913.544326367075,3.4897346681314e+16,4.605531626088105e+17,156.0,1106.0,0.1410488245931284,80.84927550577656,1.6391787801490678e+17,1368.8883282500465
5mM_Mn_nitrate_in_water_4kHz,5mM_Mn_nitrate_in_water,4,Lissajouswaveformsdifferentmediums/manganese nitrate in water/Lissajousfigure4kHz/Lissajousfigure4kHz_46.csv,46,127994.47063898804,3999.7440163866904,voltage activity-envelope rising edges,6.399590332739535e-05,7.8973918,1,-1,True,7.9047679999999945,30.626915556555797,38.96889902398151,3746.9334110850104,3746.9334110850104,14986.774490786642,0.20266335371357466,0.20266335371357466,0.8597152249941555,False,False,False,497.51243401628875,509.0345385750144,423.42857373626987,58607.880561044745,3.657896402091151e+16,6.677581245655238e+17,194.0,1180.0,0.16440677966101694,61.47453305437206,8.12009046981029e+16,50.70809086106418,70.20458235631077,637.9455352973804,53746.29827129243,3.354470238307042e+16,1.429937926832746e+17,154.0,690.0,0.22318840579710145,80.84927550577656,1.681471533483464e+17,-4861.582289752318
5mM_Mn_nitrate_in_water_4kHz,5mM_Mn_nitrate_in_water,4,Lissajouswaveformsdifferentmediums/manganese nitrate in water/Lissajousfigure4kHz/Lissajousfigure4kHz_47.csv,47,127994.47063898804,4000.0,nominal_folder_frequency_after_carrier_fallback,0.0,7.5812006,1,-1,True,7.9047679999999945,30.661401989407015,39.96889902398151,20.46004093031184,20.46004093031184,81.84016372124736,,,,False,False,False,14.271816407576841,512.2068746784099,416.3726385769808,24391.505241335875,1.5223481622226314e+16,6.688186537126008e+17,92.0,528.0,0.17424242424242425,61.47453305437206,1.6040713039594992e+17,56.530964712230315,84.83846753892676,639.412715055052,22670.903251821503,1.414960149439606e+16,1.7452265251260877e+17,66.0,276.0,0.2391304347826087,80.84927550577656,1.7198715862635424e+17,-1720.6019895143727
5mM_Mn_nitrate_in_water_4kHz,5mM_Mn_nitrate_in_water,4,Lissajouswaveformsdifferentmediums/manganese nitrate in water/Lissajousfigure4kHz/Lissajousfigure4kHz_48.csv,48,127994.47063898804,3999.7440163866904,voltage activity-envelope rising edges,6.399590332739535e-05,7.8973918,1,-1,True,7.9047679999999945,30.377482327083285,38.96889902398151,3695.928535628114,3695.928535628114,14782.768045371373,0.19309197609926443,0.19309197609926443,0.8754608085248579,False,False,False,483.40941537223375,505.8007245153449,427.47747928143696,56779.57279255682,3.543786143466435e+16,6.668687651514015e+17,187.0,1153.0,0.16218560277536861,61.47453305437206,8.133607186690475e+16,46.80378060675867,67.48010873792053,640.3225422336591,52389.36506951977,3.269779902653762e+16,1.3809524527922002e+17,157.0,612.0,0.2565359477124183,80.84927550577656,1.6816536927329968e+17,-4390.207723037049
5mM_Mn_nitrate_in_water_4kHz,5mM_Mn_nitrate_in_water,4,Lissajouswaveformsdifferentmediums/manganese nitrate in water/Lissajousfigure4kHz/Lissajousfigure4kHz_49.csv,49,127994.47063898804,3999.7440163866904,voltage activity-envelope rising edges,6.399590332739535e-05,8.0554874,1,-1,True,7.9047679999999945,30.353473523717014,38.96889902398151,3697.272981278718,3697.272981278718,14788.145483817732,0.19933414156456225,0.19933414156456225,0.8709514911352213,False,False,False,483.6647107455922,509.90677284445144,428.67451968528945,56396.674713296256,3.519888307661982e+16,6.685801798908009e+17,190.0,1114.0,0.17055655296229802,61.47453305437206,8.113266191700826e+16,43.80573486733147,78.9011223609291,638.2641493455259,52716.61298907319,3.2902044424266932e+16,1.614351385229561e+17,158.0,625.0,0.2528,80.84927550577656,1.6844618673318768e+17,-3680.0617242230655
5mM_Mn_nitrate_in_water_4kHz,5mM_Mn_nitrate_in_water,4,Lissajouswaveformsdifferentmediums/manganese nitrate in water/Lissajousfigure4kHz/Lissajousfigure4kHz_50.csv,50,127994.47063898804,3999.7440163866904,voltage activity-envelope rising edges,6.399590332739535e-05,7.8973918,1,-1,True,7.9047679999999945,30.308578556098823,38.96889902398151,3690.922472069479,3690.922472069479,14762.745072607071,0.1989180271022586,0.1989180271022586,0.8727198254250395,False,False,False,484.3777678803263,508.00305328447087,426.9095077914417,57068.16935514248,3.5617983342816004e+16,6.681675736041448e+17,188.0,1145.0,0.16419213973799127,61.47453305437206,8.137233502192222e+16,46.49635191293251,75.0089432879781,640.9313131987758,52258.66232345879,3.2616223460251456e+16,1.5212026570392957e+17,156.0,625.0,0.2496,80.84927550577656,1.673825106125786e+17,-4809.507031683694
5mM_Mn_nitrate_in_water_4kHz,5mM_Mn_nitrate_in_water,4,Lissajouswaveformsdifferentmediums/manganese nitrate in water/Lissajousfigure4kHz/Lissajousfigure4kHz_51.csv,51,127994.47063898804,3999.7440163866904,voltage activity-envelope rising edges,6.399590332739535e-05,7.8973918,1,-1,True,7.9047679999999945,30.380174752381237,38.96889902398151,3699.7141198781483,3699.7141198781483,14797.909413323974,0.19350812259948025,0.19350812259948025,0.8644330687144911,False,False,False,484.49440813562427,506.75842984661426,429.11376965937006,57657.11948486087,3.5985565063889184e+16,6.674819248758976e+17,185.0,1176.0,0.15731292517006804,61.47453305437206,8.138492787031563e+16,50.99709526918673,82.16197456576215,635.2670462274582,52759.09375615405,3.2928557965377036e+16,1.665533441438451e+17,159.0,668.0,0.23802395209580837,80.84927550577656,1.6796380866950666e+17,-4898.025728706823
5mM_Mn_nitrate_in_water_4kHz,5mM_Mn_nitrate_in_water,4,Lissajouswaveformsdifferentmediums/manganese nitrate in water/Lissajousfigure4kHz/Lissajousfigure4kHz_52.csv,52,127994.47063898804,3999.7440163866904,current activity-envelope rising edges,6.399590332739535e-05,7.8973918,1,-1,True,7.9047679999999945,30.519505250682553,39.40889969193273,3743.305717896481,3743.305717896481,14972.264646662534,0.19267583730879986,0.19267583730879986,0.8823189509863538,False,False,False,477.1534826305981,510.3757834180741,425.0209178552285,58036.32919948663,3.622224140118187e+16,6.692621890844849e+17,180.0,1173.0,0.1534526854219949,61.47453305437206,8.149250420631757e+16,48.01357992082865,87.20898995076554,621.9974253591351,54563.71002716906,3.405487396617925e+16,1.801520347853908e+17,147.0,760.0,0.19342105263157894,80.84927550577656,1.6815690426311277e+17,-3472.6191723175725
5mM_Mn_nitrate_in_water_4kHz,5mM_Mn_nitrate_in_water,4,Lissajouswaveformsdifferentmediums/manganese nitrate in water/Lissajousfigure4kHz/Lissajousfigure4kHz_53.csv,53,127994.47063898804,3999.7440163866904,voltage activity-envelope rising edges,6.399590332739535e-05,7.8973918,1,-1,True,7.9047679999999945,30.350194237963628,38.96889902398151,3706.5680433228626,3706.5680433228626,14825.323352610743,0.1989179950476982,0.1989179950476982,0.8711643030463443,False,False,False,488.46631532868685,505.32758226061674,428.49553416476783,57494.20181088935,3.5883883179515844e+16,6.639840181783402e+17,188.0,1125.0,0.1671111111111111,61.47453305437206,8.136845527130107e+16,52.70371636489069,72.60810397286582,640.4133366675003,53377.5848987953,3.3314577132720284e+16,1.5061131625127373e+17,157.0,626.0,0.2507987220447284,80.84927550577656,1.691350705201618e+17,-4116.616912094054
5mM_Mn_nitrate_in_water_4kHz,5mM_Mn_nitrate_in_water,4,Lissajouswaveformsdifferentmediums/manganese nitrate in water/Lissajousfigure4kHz/Lissajousfigure4kHz_54.csv,54,127994.47063898804,3999.7440163866904,voltage activity-envelope rising edges,6.399590332739535e-05,8.0554874,1,-1,True,7.9047679999999945,30.32287197821726,38.96889902398151,3717.0958544466525,3717.0958544466525,14867.43190215877,0.2043279316050406,0.2043279316050406,0.8650708117384764,False,False,False,483.0258610456667,511.2488445645385,427.5638148863139,57090.98790967383,3.563222509797284e+16,6.708202069272678e+17,188.0,1182.0,0.15905245346869712,61.47453305437206,8.13936909645976e+16,56.64321679494676,78.81256519084384,636.5310245566795,52599.23340205173,3.2828784247489588e+16,1.6207051719940982e+17,157.0,657.0,0.2389649923896499,80.84927550577656,1.68300069250973e+17,-4491.7545076220995
5mM_Mn_nitrate_in_water_4kHz,5mM_Mn_nitrate_in_water,4,Lissajouswaveformsdifferentmediums/manganese nitrate in water/Lissajousfigure4kHz/Lissajousfigure4kHz_55.csv,55,127994.47063898804,3999.7440163866904,voltage activity-envelope rising edges,6.399590332739535e-05,7.8973918,1,-1,True,7.9047679999999945,30.517366128964856,40.96890054205262,3727.1857803024122,3727.1857803024122,14907.789022726132,0.20848936493560632,0.20848936493560632,0.871349294383409,False,False,False,492.39768460948335,504.0642239230442,427.62843780745783,58177.11932358061,3.631011280745751e+16,6.629855923156307e+17,205.0,1122.0,0.18270944741532977,61.47453305437206,8.10845475485085e+16,50.15706120198181,67.79943935585183,641.6730603187002,54070.61975418166,3.3747121302510052e+16,1.372162565227814e+17,156.0,629.0,0.2480127186009539,80.84927550577656,1.6800944783233613e+17,-4106.499569398955
5mM_Mn_nitrate_in_water_4kHz,5mM_Mn_nitrate_in_water,4,Lissajouswaveformsdifferentmediums/manganese nitrate in water/Lissajousfigure4kHz/Lissajousfigure4kHz_56.csv,56,127994.47063898804,3999.7440163866904,voltage activity-envelope rising edges,6.399590332739535e-05,7.8973918,1,-1,True,7.9047679999999945,30.35368310148737,38.96889902398151,3697.2534963278445,3697.2534963278445,14788.067549002066,0.1960050016007632,0.1960050016007632,0.8711587213906518,False,False,False,489.0886129480931,511.82652383758284,428.32303438563036,57302.268623288444,3.576409182899328e+16,6.687184714069359e+17,191.0,1183.0,0.1614539306846999,61.47453305437206,8.117413161765869e+16,48.426629180988506,73.00142124141713,645.3777816446053,52532.483091525195,3.2787123344830064e+16,1.4920323542150646e+17,156.0,622.0,0.2508038585209003,80.84927550577656,1.6764181216916368e+17,-4769.785531763249
5mM_Mn_nitrate_in_water_4kHz,5mM_Mn_nitrate_in_water,4,Lissajouswaveformsdifferentmediums/manganese nitrate in water/Lissajousfigure4kHz/Lissajousfigure4kHz_57.csv,57,127994.47063898804,3999.7440163866904,current activity-envelope rising edges,6.399590332739535e-05,8.0554874,1,-1,True,7.9047679999999945,30.33702412128074,38.96889902398151,3711.4721828895513,3711.4721828895513,14844.93865549813,0.18851436459690954,0.18851436459690954,0.8817019513407257,False,False,False,475.97276474782547,506.92386797537824,418.42366867568325,57108.2428460767,3.564299442953408e+16,6.61032630165616e+17,181.0,1203.0,0.15045719035743974,61.47453305437206,8.145831449163054e+16,54.30788982012902,79.69872033286946,594.8275847458285,52709.30304435737,3.2897482065038188e+16,1.6523777854631248e+17,157.0,762.0,0.20603674540682415,80.84927550577656,1.6840792442446163e+17,-4398.939801719323
5mM_Mn_nitrate_in_water_4kHz,5mM_Mn_nitrate_in_water,4,Lissajouswaveformsdifferentmediums/manganese nitrate in water/Lissajousfigure4kHz/Lissajousfigure4kHz_58.csv,58,127994.47063898804,3999.7440163866904,voltage activity-envelope rising edges,6.399590332739535e-05,7.8973918,1,-1,True,7.9047679999999945,30.306892795305114,38.96889902398151,3687.2048718810443,3687.2048718810443,14747.87562349806,0.20349564674730702,0.20349564674730702,0.8725613717713686,False,False,False,483.22721709272395,506.43469537045473,426.481919345271,57389.9192540567,3.581879725834152e+16,6.655232122083173e+17,191.0,1132.0,0.1687279151943463,61.47453305437206,8.12356836602612e+16,47.59880894993759,76.06742401234494,637.3346667702601,53008.45567561331,3.308419233728689e+16,1.56346678726559e+17,156.0,628.0,0.2484076433121019,80.84927550577656,1.681608043555298e+17,-4381.463578443392
5mM_Mn_nitrate_in_water_4kHz,5mM_Mn_nitrate_in_water,4,Lissajouswaveformsdifferentmediums/manganese nitrate in water/Lissajousfigure4kHz/Lissajousfigure4kHz_59.csv,59,127994.47063898804,3999.7440163866904,current activity-envelope rising edges,6.399590332739535e-05,8.0554874,1,-1,True,7.9047679999999945,30.174025385484306,38.96889902398151,3695.3085923047606,3695.3085923047606,14780.28843077329,0.19017895059776785,0.19017895059776785,0.8817000177766866,False,False,False,472.86916016338546,494.8165391415164,418.7863366664659,56508.255831208386,3.526852425214859e+16,6.588025997402934e+17,176.0,1187.0,0.14827295703454085,61.47453305437206,8.161013475249994e+16,41.601593641778294,75.3693081363336,610.2432350886902,52207.88233004509,3.2584530119112336e+16,1.5355312739981466e+17,157.0,751.0,0.20905459387483355,80.84927550577656,1.6736515796272266e+17,-4300.373501163296
5mM_Mn_nitrate_in_water_4kHz,5mM_Mn_nitrate_in_water,4,Lissajouswaveformsdifferentmediums/manganese nitrate in water/Lissajousfigure4kHz/Lissajousfigure4kHz_60.csv,60,127994.47063898804,3999.7440163866904,voltage activity-envelope rising edges,6.399590332739535e-05,7.8973918,1,-1,True,7.9047679999999945,30.348200266524017,38.96889902398151,3689.6678737742245,3689.6678737742245,14757.727000582658,0.20724095710654236,0.20724095710654236,0.8713799212792239,False,False,False,483.0681123227034,498.36120453761583,421.41274215022287,57688.98579890775,3.6005453801441904e+16,6.53462163016441e+17,201.0,1150.0,0.17478260869565218,61.47453305437206,8.121714513845102e+16,45.29569493714496,68.38236698590615,635.892547478089,52767.01109712447,3.293349941911544e+16,1.400078156094025e+17,156.0,632.0,0.2468354430379747,80.84927550577656,1.681569042631152e+17,-4921.974701783278
5mM_Mn_nitrate_in_water_4kHz,5mM_Mn_nitrate_in_water,4,Lissajouswaveformsdifferentmediums/manganese nitrate in water/Lissajousfigure4kHz/Lissajousfigure4kHz_61.csv,61,127994.47063898804,3999.7440163866904,voltage activity-envelope rising edges,6.399590332739535e-05,8.0554874,1,-1,True,7.9047679999999945,30.162511721520865,38.96889902398151,3681.501046156263,3681.501046156263,14725.061780684853,0.2080732501069686,0.2080732501069686,0.8628514132625748,False,False,False,479.3111373658705,508.5110428637588,428.51410242844076,56079.0963443473,3.500067274005077e+16,6.666989599570943e+17,180.0,1169.0,0.15397775876817793,61.47453305437206,8.148482766809227e+16,44.148767558359545,74.15158755757837,630.2140423183605,52048.273165729566,3.24849131764245e+16,1.504288748124831e+17,155.0,667.0,0.23238380809595202,80.84927550577656,1.6740266117223254e+17,-4030.823178617735
5mM_Mn_nitrate_in_water_4kHz,5mM_Mn_nitrate_in_water,4,Lissajouswaveformsdifferentmediums/manganese nitrate in water/Lissajousfigure4kHz/Lissajousfigure4kHz_62.csv,62,127994.47063898804,3999.7440163866904,voltage activity-envelope rising edges,6.399590332739535e-05,7.8973918,1,-1,True,7.9047679999999945,30.52440735834844,39.96890054205262,3721.484378119892,3721.484378119892,14884.984873461583,0.20807321841874019,0.20807321841874019,0.8747143242793064,False,False,False,490.15237610085006,511.9960403489743,427.74220156802625,58561.10173219345,3.654976792848995e+16,6.691562050329992e+17,207.0,1123.0,0.18432769367764915,61.47453305437206,8.097159225864333e+16,52.96536835709726,72.81056116834615,635.2453792234447,53892.149513530094,3.3635732587390124e+16,1.486533157194467e+17,156.0,615.0,0.25365853658536586,80.84927550577656,1.681834996896464e+17,-4668.952218663355
5mM_Mn_nitrate_in_water_4kHz,5mM_Mn_nitrate_in_water,4,Lissajouswaveformsdifferentmediums/manganese nitrate in water/Lissajousfigure4kHz/Lissajousfigure4kHz_63.csv,63,127994.47063898804,3999.7440163866904,voltage activity-envelope rising edges,6.399590332739535e-05,7.8973918,1,-1,True,7.9047679999999945,30.395511207177325,39.96890054205262,3727.1882437907407,3727.1882437907407,14907.798876048832,0.20307949210440038,0.20307949210440038,0.8762501148573306,False,False,False,497.23499799000626,512.6357461868255,426.08370653176377,58742.91123366299,3.666324077803255e+16,6.736317105268579e+17,202.0,1092.0,0.184981684981685,61.47453305437206,8.104498010107109e+16,52.552120135011066,79.29662356276009,638.2531096099167,54256.14599809702,3.3862913884261004e+16,1.6295272094527514e+17,158.0,603.0,0.2620232172470978,80.84927550577656,1.6722297151274128e+17,-4486.765235565974
5mM_Mn_nitrate_in_water_4kHz,5mM_Mn_nitrate_in_water,4,Lissajouswaveformsdifferentmediums/manganese nitrate in water/Lissajousfigure4kHz/Lissajousfigure4kHz_64.csv,64,127994.47063898804,3999.7440163866904,voltage activity-envelope rising edges,6.399590332739535e-05,7.8973918,1,-1,True,7.9047679999999945,30.185719875852392,38.96889902398151,3705.2795048792304,3705.2795048792304,14820.16952868094,0.19309194381157732,0.19309194381157732,0.8733093588537106,False,False,False,483.346931231825,507.67161972841575,427.17003680872085,58048.31369282367,3.622972128863708e+16,6.662299223965166e+17,189.0,1120.0,0.16875,61.47453305437206,8.122022593211867e+16,49.18417733941841,72.33079094417461,634.9649839651345,53565.54293469523,3.3431887469944704e+16,1.5025501614916202e+17,156.0,613.0,0.2544861337683524,80.84927550577656,1.68410640470989e+17,-4482.770758128441
5mM_Mn_nitrate_in_water_10kHz,5mM_Mn_nitrate_in_water,10,Lissajouswaveformsdifferentmediums/manganese nitrate in water/Lissajousfigure10kHz-0002/Lissajousfigure10kHz-0002_01.csv,1,119994.81622405129,10005.603137766497,voltage activity-envelope rising edges,0.000560313776649673,7.739296200000001,1,-1,True,7.9047679999999945,39.33336858163103,51.95723568357734,2538.4021586714853,2538.4021586714853,25398.24460371666,0.33437493333082013,0.33437493333082013,0.8386342690814059,False,False,False,286.4118132987176,308.7382280986028,293.66206788895806,73845.93130727054,4.608949579000438e+16,4.052810450362662e+17,321.0,1173.0,0.27365728900255754,61.47453305437206,8.162077428484806e+16,418.920109167868,454.20040909648156,434.5733426570269,75408.56051968211,4.706478029426645e+16,6.193316477515282e+17,200.0,1022.0,0.19569471624266144,80.84927550577656,1.6689402233797053e+17,1562.6292124115716
5mM_Mn_nitrate_in_water_10kHz,5mM_Mn_nitrate_in_water,10,Lissajouswaveformsdifferentmediums/manganese nitrate in water/Lissajousfigure10kHz-0002/Lissajousfigure10kHz-0002_02.csv,2,119994.81622405129,9995.202302903954,voltage activity-envelope rising edges,0.00047976970960462496,7.739296200000001,1,-1,True,7.9047679999999945,38.85931193829522,51.95723568357734,2481.975515379019,2481.975515379019,24807.8473870676,0.3329864724245552,0.3329864724245552,0.8384474348728178,False,False,False,278.773527590189,299.9925091537865,287.8614364800652,72262.7662948111,4.5101394267213416e+16,3.9594016757160864e+17,317.0,1143.0,0.2773403324584427,61.47453305437206,8.182301903017419e+16,418.51373816514234,449.3977438253673,423.49247558646795,73406.90415446619,4.581548556692685e+16,6.104106102550231e+17,198.0,1075.0,0.1841860465116279,80.84927550577656,1.6739256595787258e+17,1144.137859655093
5mM_Mn_nitrate_in_water_10kHz,5mM_Mn_nitrate_in_water,10,Lissajouswaveformsdifferentmediums/manganese nitrate in water/Lissajousfigure10kHz-0002/Lissajousfigure10kHz-0002_03.csv,3,119994.81622405129,10005.603137766497,voltage activity-envelope rising edges,0.000560313776649673,7.739296200000001,1,-1,True,7.9047679999999945,39.93464639860217,51.95723568357734,2614.1870970007512,2614.1870970007512,26156.518620459407,0.33437493333080165,0.33437493333080165,0.835817179197635,False,False,False,300.16025619937574,323.1709724481905,307.59669532307447,75247.16445698729,4.696404809385387e+16,4.21823397614347e+17,319.0,1151.0,0.27715030408340574,61.47453305437206,8.162998554396184e+16,448.4837468074035,475.11912006499125,459.6282208170169,76459.184285959,4.7720506598959e+16,6.481479230881944e+17,198.0,1025.0,0.19317073170731708,80.84927550577656,1.668940223379711e+17,1212.0198289717082
5mM_Mn_nitrate_in_water_10kHz,5mM_Mn_nitrate_in_water,10,Lissajouswaveformsdifferentmediums/manganese nitrate in water/Lissajousfigure10kHz-0002/Lissajousfigure10kHz-0002_04.csv,4,119994.81622405129,9995.202302903954,voltage activity-envelope rising edges,0.00047976970960462496,7.739296200000001,1,-1,True,7.9047679999999945,39.227715664348835,51.95723568357734,2572.382593171313,2572.382593171313,25711.484419215954,0.3329864724245581,0.3329864724245581,0.8386626290619337,False,False,False,287.75095174996164,309.4806421188356,299.06034335688014,76881.59246459973,4.798414441388637e+16,4.070088047774735e+17,321.0,1145.0,0.28034934497816594,61.47453305437206,8.18131083262022e+16,424.81972337256815,457.15781236282896,434.3334659780281,77547.75228997832,4.839991505857501e+16,6.209452277892447e+17,199.0,1058.0,0.1880907372400756,80.84927550577656,1.6737589312581862e+17,666.1598253785924
5mM_Mn_nitrate_in_water_10kHz,5mM_Mn_nitrate_in_water,10,Lissajouswaveformsdifferentmediums/manganese nitrate in water/Lissajousfigure10kHz-0002/Lissajousfigure10kHz-0002_05.csv,5,119994.81622405129,10005.603137766497,voltage activity-envelope rising edges,0.000560313776649673,7.739296200000001,1,-1,True,7.9047679999999945,38.93103270297824,50.957234165506215,2443.283180224424,2443.283180224424,24446.5218545056,0.33333333333333626,0.33333333333333626,0.8407292880882739,False,False,False,263.6709866839497,282.3389618095316,276.2485468851246,72132.07905836418,4.501982838094996e+16,3.7316971518938374e+17,317.0,1156.0,0.2742214532871972,61.47453305437206,8.146439142924394e+16,396.3641784515741,415.8789959996532,401.7462993369201,73166.44963782062,4.566541057651865e+16,5.6269962022082976e+17,198.0,1040.0,0.19038461538461537,80.84927550577656,1.6688229452397165e+17,1034.3705794564448
5mM_Mn_nitrate_in_water_10kHz,5mM_Mn_nitrate_in_water,10,Lissajouswaveformsdifferentmediums/manganese nitrate in water/Lissajousfigure10kHz-0002/Lissajousfigure10kHz-0002_06.csv,6,119994.81622405129,10005.603137766497,voltage activity-envelope rising edges,0.000560313776649673,7.739296200000001,1,-1,True,7.9047679999999945,38.75704138783597,50.957234165506215,2417.0951485006594,2417.0951485006594,24184.494802118377,0.3343749999999947,0.3343749999999947,0.8387984982172801,False,False,False,259.7433493091317,278.5000270950811,268.21913923831954,71108.4094736613,4.438092500226276e+16,3.663133247072496e+17,315.0,1162.0,0.2710843373493976,61.47453305437206,8.161336529469602e+16,385.6118470664374,409.1351093290003,390.5610746782254,72862.91146162964,4.547596315204989e+16,5.5723465522593466e+17,199.0,1016.0,0.19586614173228348,80.84927550577656,1.668835978745229e+17,1754.5019879683387
5mM_Mn_nitrate_in_water_10kHz,5mM_Mn_nitrate_in_water,10,Lissajouswaveformsdifferentmediums/manganese nitrate in water/Lissajousfigure10kHz-0002/Lissajousfigure10kHz-0002_07.csv,7,119994.81622405129,10005.603137766497,voltage activity-envelope rising edges,0.000560313776649673,7.739296200000001,1,-1,True,7.9047679999999945,38.25873652893886,50.957234165506215,2363.4208950311536,2363.4208950311536,23647.451523186613,0.33229169994908864,0.33229169994908864,0.8417790936023585,False,False,False,253.28594150359015,273.9001417597373,261.5194825465334,71375.99340798712,4.454793228886959e+16,3.6120626588360026e+17,324.0,1166.0,0.27787307032590053,61.47453305437206,8.198302542008432e+16,374.379510683619,389.42086780005934,378.610227719193,72820.63477796697,4.544957698561942e+16,5.2941928046401216e+17,198.0,1049.0,0.18875119161105816,80.84927550577656,1.6737283649801632e+17,1444.6413699798577
5mM_Mn_nitrate_in_water_10kHz,5mM_Mn_nitrate_in_water,10,Lissajouswaveformsdifferentmediums/manganese nitrate in water/Lissajousfigure10kHz-0002/Lissajousfigure10kHz-0002_08.csv,8,119994.81622405129,10005.603137766497,voltage activity-envelope rising edges,0.000560313776649673,7.739296200000001,1,-1,True,7.9047679999999945,38.778542952045626,51.95723568357734,2501.3290119985,2501.3290119985,25027.305411038564,0.33229159978882766,0.33229159978882766,0.8400212591897441,False,False,False,278.02814577092784,297.7374095415123,283.48145201576375,76060.26587321663,4.747152946265421e+16,3.9265712575358637e+17,322.0,1161.0,0.27734711455641686,61.47453305437206,8.183710753060074e+16,394.0411067745793,428.8829876840153,412.7760609151871,76856.62664349712,4.796856248423591e+16,5.802501339352407e+17,200.0,1028.0,0.19455252918287938,80.84927550577656,1.698512421337779e+17,796.3607702804875
5mM_Mn_nitrate_in_water_10kHz,5mM_Mn_nitrate_in_water,10,Lissajouswaveformsdifferentmediums/manganese nitrate in water/Lissajousfigure10kHz-0002/Lissajousfigure10kHz-0002_09.csv,9,119994.81622405129,10005.603137766497,voltage activity-envelope rising edges,0.000560313776649673,7.739296200000001,1,-1,True,7.9047679999999945,39.55369465019397,51.95723568357734,2463.8475178043095,2463.8475178043095,24652.280455120992,0.33333333333333043,0.33333333333333043,0.8378280651717831,False,False,False,277.87739127019677,300.72954527627496,287.05235891788124,66871.98588471675,4.173684395797492e+16,3.9465824202423725e+17,309.0,1154.0,0.26776429809358754,61.47453305437206,8.171439779677342e+16,417.57821669074605,432.72244972534355,424.7637830802356,69244.7658154785,4.3217768210584136e+16,5.863791948681047e+17,198.0,1044.0,0.1896551724137931,80.84927550577656,1.6509516239065962e+17,2372.7799307617533
5mM_Mn_nitrate_in_water_10kHz,5mM_Mn_nitrate_in_water,10,Lissajouswaveformsdifferentmediums/manganese nitrate in water/Lissajousfigure10kHz-0002/Lissajousfigure10kHz-0002_10.csv,10,119994.81622405129,9995.202302903954,voltage activity-envelope rising edges,0.00047976970960462496,7.739296200000001,1,-1,True,7.9047679999999945,39.29359418027763,51.95723568357734,2512.4475915286753,2512.4475915286753,25112.421952772907,0.33402698851626805,0.33402698851626805,0.8423294630767887,False,False,False,285.44466181516555,306.0471659095663,290.1554338936902,73191.66189586521,4.568114631497345e+16,4.012652828290674e+17,314.0,1137.0,0.27616534740545295,61.47453305437206,8.160057557794603e+16,413.04855253709604,443.747923907327,424.876405124172,73271.81105243295,4.573116984570571e+16,6.035035286701852e+17,198.0,1009.0,0.1962338949454906,80.84927550577656,1.6737452277426422e+17,80.14915656774247
5mM_Mn_nitrate_in_water_10kHz,5mM_Mn_nitrate_in_water,10,Lissajouswaveformsdifferentmediums/manganese nitrate in water/Lissajousfigure10kHz-0002/Lissajousfigure10kHz-0002_11.csv,11,119994.81622405129,10005.603137766497,voltage activity-envelope rising edges,0.000560313776649673,7.739296200000001,1,-1,True,7.9047679999999945,38.66380879245085,51.95723568357734,2486.9646746947897,2486.9646746947897,24883.581552640622,0.33020833333333344,0.33020833333333344,0.8392795909790037,False,False,False,278.23155576132564,295.9260193590509,283.05323753060145,74691.19470858201,4.661705043365954e+16,3.9336952801453446e+17,321.0,1155.0,0.2779220779220779,61.47453305437206,8.211106039931082e+16,410.6226889588507,429.7227701790193,417.00338569233475,76248.0379569142,4.758872374144323e+16,5.827281893185754e+17,198.0,1091.0,0.18148487626031165,80.84927550577656,1.684347388834069e+17,1556.8432483321812
5mM_Mn_nitrate_in_water_10kHz,5mM_Mn_nitrate_in_water,10,Lissajouswaveformsdifferentmediums/manganese nitrate in water/Lissajousfigure10kHz-0002/Lissajousfigure10kHz-0002_12.csv,12,119994.81622405129,10005.603137766497,voltage activity-envelope rising edges,0.000560313776649673,7.739296200000001,1,-1,True,7.9047679999999945,38.45907526584183,50.957234165506215,2294.237034985083,2294.237034985083,22955.225276026853,0.33125000000000016,0.33125000000000016,0.839751784020652,False,False,False,246.57924699161993,267.771564133852,262.2924765372558,65355.40953160746,4.079030244641883e+16,3.553538138323877e+17,305.0,1159.0,0.2631578947368421,61.47453305437206,8.20298392633028e+16,-8.5743196600043,403.2484151610334,389.58135770377106,67020.82250594733,4.182973742828762e+16,5.4414916777777786e+17,198.0,1095.0,0.18082191780821918,80.84927550577656,1.702676314753726e+17,1665.4129743398735
5mM_Mn_nitrate_in_water_10kHz,5mM_Mn_nitrate_in_water,10,Lissajouswaveformsdifferentmediums/manganese nitrate in water/Lissajousfigure10kHz-0002/Lissajousfigure10kHz-0002_13.csv,13,119994.81622405129,9995.202302903954,voltage activity-envelope rising edges,0.00047976970960462496,7.739296200000001,1,-1,True,7.9047679999999945,39.473339355091674,51.95723568357734,2556.194680321814,2556.194680321814,25549.68295542343,0.3329864724245578,0.3329864724245578,0.8396310218471539,False,False,False,285.68429235887453,304.8539957904208,297.7675606259364,73900.64701875429,4.612364553271106e+16,4.0148358360420634e+17,309.0,1141.0,0.2708150744960561,61.47453305437206,8.180248745410973e+16,431.8039989245949,458.49529244546426,442.59004328766633,73566.49501378275,4.5915091084907096e+16,6.232151785252156e+17,199.0,994.0,0.20020120724346077,80.84927550577656,1.675685168326686e+17,-334.15200497153273
5mM_Mn_nitrate_in_water_10kHz,5mM_Mn_nitrate_in_water,10,Lissajouswaveformsdifferentmediums/manganese nitrate in water/Lissajousfigure10kHz-0002/Lissajousfigure10kHz-0002_14.csv,14,119994.81622405129,10005.603137766497,voltage activity-envelope rising edges,0.000560313776649673,7.739296200000001,1,-1,True,7.9047679999999945,39.84739991822939,51.95723568357734,2460.1567104465325,2460.1567104465325,24615.351701441126,0.3322915997888248,0.3322915997888248,0.8395453963918764,False,False,False,278.0486014040475,298.8664331602912,302.00755470932677,66923.7790184292,4.1769169630844536e+16,3.9523418051831456e+17,291.0,1154.0,0.25216637781629114,61.47453305437206,8.208758339204843e+16,3.358845428929229,473.14555182854195,458.32213415544777,68814.20708176299,4.2949043385889864e+16,6.409453280449371e+17,198.0,1107.0,0.17886178861788618,80.84927550577656,1.6929363041868688e+17,1890.4280633337912
5mM_Mn_nitrate_in_water_10kHz,5mM_Mn_nitrate_in_water,10,Lissajouswaveformsdifferentmediums/manganese nitrate in water/Lissajousfigure10kHz-0002/Lissajousfigure10kHz-0002_15.csv,15,119994.81622405129,10005.603137766497,voltage activity-envelope rising edges,0.000560313776649673,7.8973918,1,-1,True,7.9047679999999945,39.489095862579774,51.190231612106544,2313.629366496617,2313.629366496617,23149.257249047263,0.33124993301782113,0.33124993301782113,0.8414384169304633,False,False,False,263.7418489841036,279.94437600086286,276.62085843150425,58336.955877841916,3.640987167113901e+16,3.709791485338676e+17,252.0,1157.0,0.21780466724286948,61.47453305437206,8.207091127411509e+16,-24.05940179301203,446.384266419005,438.3961208390642,61702.19117641364,3.851021755858569e+16,6.001632908105635e+17,198.0,1119.0,0.1769436997319035,80.84927550577656,1.732983824816165e+17,3365.2352985717225
5mM_Mn_nitrate_in_water_10kHz,5mM_Mn_nitrate_in_water,10,Lissajouswaveformsdifferentmediums/manganese nitrate in water/Lissajousfigure10kHz-0002/Lissajousfigure10kHz-0002_16.csv,16,119994.81622405129,10005.603137766497,voltage activity-envelope rising edges,0.000560313776649673,7.739296200000001,1,-1,True,7.9047679999999945,39.636862026875306,51.95723568357734,2331.1398389150345,2331.1398389150345,23324.460086820756,0.33229166666667054,0.33229166666667054,0.8400597617198909,False,False,False,265.1375683083636,284.33833183224624,279.70903392387027,58759.6772026889,3.667370493015516e+16,3.760171558055035e+17,250.0,1163.0,0.21496130696474636,61.47453305437206,8.18399503990897e+16,-15.523595575569882,452.02324163995087,435.1159315908509,62149.04349215163,3.878911170428024e+16,6.163519017022883e+17,198.0,1100.0,0.18,80.84927550577656,1.7027592561963286e+17,3389.366289462727
5mM_Mn_nitrate_in_water_10kHz,5mM_Mn_nitrate_in_water,10,Lissajouswaveformsdifferentmediums/manganese nitrate in water/Lissajousfigure10kHz-0002/Lissajousfigure10kHz-0002_17.csv,17,119994.81622405129,9995.202302903954,voltage activity-envelope rising edges,0.00047976970960462496,7.8973918,1,-1,True,7.9047679999999945,39.23672247318957,50.961126499854295,2332.311834581306,2332.311834581306,23311.928620097213,0.3298647242455894,0.3298647242455894,0.8382402521161877,False,False,False,259.05530781266503,284.5413283727275,276.97764443376207,60084.10448849968,3.750032035409163e+16,3.763568668538001e+17,260.0,1146.0,0.2268760907504363,61.47453305437206,8.222501027875462e+16,-20.991922622507467,442.4869334855173,432.55594260950085,62723.73451095044,3.9147793879758104e+16,5.989717355428736e+17,198.0,1146.0,0.17277486910994763,80.84927550577656,1.709939827393649e+17,2639.6300224507577
5mM_Mn_nitrate_in_water_10kHz,5mM_Mn_nitrate_in_water,10,Lissajouswaveformsdifferentmediums/manganese nitrate in water/Lissajousfigure10kHz-0002/Lissajousfigure10kHz-0002_18.csv,18,119994.81622405129,9995.202302903954,voltage activity-envelope rising edges,0.00047976970960462496,7.8973918,1,-1,True,7.9047679999999945,39.20007283552394,50.961126499854295,2309.892351093252,2309.892351093252,23087.8413471075,0.3298647242455779,0.3298647242455779,0.838819325357116,False,False,False,262.37645880321776,281.65006619709857,281.8053974872685,60628.52174009096,3.784010774902359e+16,3.741442740620085e+17,249.0,1138.0,0.218804920913884,61.47453305437206,8.220092430227805e+16,-24.78486414972707,440.0176237530944,438.5311005157691,63617.08803454637,3.970536303402113e+16,5.954102466587981e+17,198.0,1204.0,0.1644518272425249,80.84927550577656,1.7325647874806963e+17,2988.566294455406
5mM_Mn_nitrate_in_water_10kHz,5mM_Mn_nitrate_in_water,10,Lissajouswaveformsdifferentmediums/manganese nitrate in water/Lissajousfigure10kHz-0002/Lissajousfigure10kHz-0002_19.csv,19,119994.81622405129,10005.603137766497,voltage activity-envelope rising edges,0.000560313776649673,7.8973918,1,-1,True,7.9047679999999945,38.83446712744284,50.961126499854295,2311.054627373947,2311.054627373947,23123.495431202547,0.3291666666666619,0.3291666666666619,0.8375404756425597,False,False,False,252.04181954290416,271.12405945685776,275.9652399759384,60923.35578324921,3.802412265885457e+16,3.6136200788668365e+17,265.0,1160.0,0.22844827586206898,61.47453305437206,8.230459843606229e+16,-28.12346697535384,405.9731073263016,424.6818285710729,64576.96611628099,4.030445219199983e+16,5.4730802044099494e+17,198.0,1194.0,0.1658291457286432,80.84927550577656,1.733041555576275e+17,3653.6103330317856
5mM_Mn_nitrate_in_water_10kHz,5mM_Mn_nitrate_in_water,10,Lissajouswaveformsdifferentmediums/manganese nitrate in water/Lissajousfigure10kHz-0002/Lissajousfigure10kHz-0002_20.csv,20,119994.81622405129,9995.202302903954,voltage activity-envelope rising edges,0.00047976970960462496,7.739296200000001,1,-1,True,7.9047679999999945,39.50102030406219,51.95723568357734,2302.3989982000226,2302.3989982000226,23012.94376901262,0.33194582285538143,0.33194582285538143,0.843177897287879,False,False,False,257.68440880912976,276.0309989915572,275.62840780388643,58726.52163823084,3.665301153213779e+16,3.6482447035225504e+17,269.0,1140.0,0.23596491228070177,61.47453305437206,8.197326463694227e+16,-11.113148710417265,436.94864385337917,425.05706680961805,60849.34758385137,3.797793188660499e+16,5.962845210409152e+17,198.0,1092.0,0.1813186813186813,80.84927550577656,1.7022162264332262e+17,2122.825945620527
5mM_Mn_nitrate_in_water_10kHz,5mM_Mn_nitrate_in_water,10,Lissajouswaveformsdifferentmediums/manganese nitrate in water/Lissajousfigure10kHz-0002/Lissajousfigure10kHz-0002_21.csv,21,119994.81622405129,10005.603137766497,voltage activity-envelope rising edges,0.000560313776649673,7.739296200000001,1,-1,True,7.9047679999999945,38.904271787430375,50.957234165506215,2293.6218979434952,2293.6218979434952,22949.070458913382,0.33229169994908864,0.33229169994908864,0.8425360610945135,False,False,False,245.595837562212,265.1753471624891,262.89090845139134,60295.53600339616,3.763228120478695e+16,3.489528796524884e+17,302.0,1157.0,0.2610198789974071,61.47453305437206,8.155407520513978e+16,371.5343716511964,402.1239702067329,392.41845109065105,62143.735397756594,3.878579876083242e+16,5.451180924293232e+17,198.0,1012.0,0.1956521739130435,80.84927550577656,1.6892992971457674e+17,1848.199394360432
5mM_Mn_nitrate_in_water_10kHz,5mM_Mn_nitrate_in_water,10,Lissajouswaveformsdifferentmediums/manganese nitrate in water/Lissajousfigure10kHz-0002/Lissajousfigure10kHz-0002_22.csv,22,119994.81622405129,10005.603137766497,voltage activity-envelope rising edges,0.000560313776649673,7.739296200000001,1,-1,True,7.9047679999999945,37.874555308110374,50.957234165506215,2242.4202844930933,2242.4202844930933,22436.767434715333,0.3312499999999976,0.3312499999999976,0.8364431038739009,False,False,False,238.83873204801714,256.920513764836,254.9975461057277,61881.60944768999,3.862219796850472e+16,3.392123925779807e+17,299.0,1159.0,0.25798101811906815,61.47453305437206,8.226180469124251e+16,-20.961097498637365,46.76494512902357,376.6949132770064,65574.61120808721,4.092711289171253e+16,7.049119250909006e+16,198.0,1199.0,0.1651376146788991,80.84927550577656,1.7330412477214067e+17,3693.001760397223
5mM_Mn_nitrate_in_water_10kHz,5mM_Mn_nitrate_in_water,10,Lissajouswaveformsdifferentmediums/manganese nitrate in water/Lissajousfigure10kHz-0002/Lissajousfigure10kHz-0002_23.csv,23,119994.81622405129,10005.603137766497,voltage activity-envelope rising edges,0.000560313776649673,7.8973918,1,-1,True,7.9047679999999945,38.132177979476126,50.957234165506215,2231.228787619255,2231.228787619255,22324.789758478153,0.33020836640708895,0.33020836640708895,0.8369414668338074,False,False,False,238.3375651774121,256.6819555183397,253.32581399266545,59064.32287646104,3.6863843577609416e+16,3.422434738892235e+17,300.0,1160.0,0.25862068965517243,61.47453305437206,8.22880627620054e+16,-19.057097573748475,389.04013806850014,379.05655316161915,62852.81621736275,3.922835770580699e+16,5.262500643193519e+17,198.0,1175.0,0.16851063829787233,80.84927550577656,1.7256924491013027e+17,3788.4933409017103
5mM_Mn_nitrate_in_water_10kHz,5mM_Mn_nitrate_in_water,10,Lissajouswaveformsdifferentmediums/manganese nitrate in water/Lissajousfigure10kHz-0002/Lissajousfigure10kHz-0002_24.csv,24,119994.81622405129,9995.202302903954,voltage activity-envelope rising edges,0.00047976970960462496,7.739296200000001,1,-1,True,7.9047679999999945,38.8355340978643,50.961126499854295,2168.293433287567,2168.293433287567,21672.53151776741,0.33194582285538143,0.33194582285538143,0.8383010204392525,False,False,False,235.26405036608335,263.78452766435834,254.22509057453973,52416.24587232329,3.271457615461648e+16,3.485483403029264e+17,229.0,1138.0,0.20123022847100175,61.47453305437206,8.196623592189365e+16,-24.482397369027503,410.15386658219103,387.4789026700492,55626.77066638171,3.4718362502218428e+16,5.574284977084861e+17,198.0,1173.0,0.16879795396419436,80.84927550577656,1.7137354657086304e+17,3210.524794058416
5mM_Mn_nitrate_in_water_10kHz,5mM_Mn_nitrate_in_water,10,Lissajouswaveformsdifferentmediums/manganese nitrate in water/Lissajousfigure10kHz-0002/Lissajousfigure10kHz-0002_25.csv,25,119994.81622405129,10005.603137766497,voltage activity-envelope rising edges,0.000560313776649673,7.739296200000001,1,-1,True,7.9047679999999945,38.758354726425,49.96112498178318,1802.835966356666,1802.835966356666,18038.46120185655,0.3312500000000012,0.3312500000000012,0.8382259888784626,False,False,False,178.4243254647319,211.91431989775762,195.12201510925294,35573.21365397376,2.220232654551582e+16,2.803529840740986e+17,204.0,1161.0,0.17571059431524547,61.47453305437206,8.226051814844157e+16,-45.999713537364144,342.25634593475655,316.42358275080466,39015.26057247144,2.4350612905382976e+16,4.6663117875122835e+17,177.0,1146.0,0.1544502617801047,80.84927550577656,1.7128686989528573e+17,3442.0469184976755
5mM_Mn_nitrate_in_water_10kHz,5mM_Mn_nitrate_in_water,10,Lissajouswaveformsdifferentmediums/manganese nitrate in water/Lissajousfigure10kHz-0002/Lissajousfigure10kHz-0002_26.csv,26,119994.81622405129,9995.202302903954,voltage activity-envelope rising edges,0.00047976970960462496,7.739296200000001,1,-1,True,7.9047679999999945,38.02839296116286,50.957234165506215,2340.374206620069,2340.374206620069,23392.51365966593,0.33090530697190446,0.33090530697190446,0.8375708632466053,False,False,False,249.9258262988081,270.48316509713084,258.31113570309464,65443.4735542787,4.084526588624964e+16,3.590679909575701e+17,303.0,1133.0,0.2674315975286849,61.47453305437206,8.225072028257984e+16,-15.051406479934922,385.62150644310475,376.61248640603134,68157.10407670384,4.253892537872092e+16,5.2355668768460685e+17,198.0,1187.0,0.16680707666385847,80.84927550577656,1.7208819749069677e+17,2713.6305224251337
5mM_Mn_nitrate_in_water_10kHz,5mM_Mn_nitrate_in_water,10,Lissajouswaveformsdifferentmediums/manganese nitrate in water/Lissajousfigure10kHz-0002/Lissajousfigure10kHz-0002_27.csv,27,119994.81622405129,9995.202302903954,voltage activity-envelope rising edges,0.00047976970960462496,7.739296200000001,1,-1,True,7.9047679999999945,39.033063215302604,51.95723568357734,2308.645112004642,2308.645112004642,23075.374940096754,0.3319458228553819,0.3319458228553819,0.8402000446701771,False,False,False,256.0634908034111,277.1206469393576,268.2523438780276,60065.07748450669,3.748844502115308e+16,3.65525969049894e+17,278.0,1140.0,0.24385964912280703,61.47453305437206,8.168469715473549e+16,399.17130527614813,431.13602851540344,407.21374895681487,62092.92809184098,3.875408837312865e+16,5.853116789089414e+17,198.0,1088.0,0.18198529411764705,80.84927550577656,1.6827452327602003e+17,2027.850607334287
5mM_Mn_nitrate_in_water_10kHz,5mM_Mn_nitrate_in_water,10,Lissajouswaveformsdifferentmediums/manganese nitrate in water/Lissajousfigure10kHz-0002/Lissajousfigure10kHz-0002_28.csv,28,119994.81622405129,9995.202302903954,voltage activity-envelope rising edges,0.00047976970960462496,7.739296200000001,1,-1,True,7.9047679999999945,39.50998144139905,50.961126499854295,2178.3008024160476,2178.3008024160476,21772.55719672641,0.3319459229114224,0.3319459229114224,0.835629732709611,False,False,False,233.72966104717023,259.66988385789216,253.00603612174794,48727.12239865644,3.041208178832721e+16,3.404293809045949e+17,223.0,1145.0,0.1947598253275109,61.47453305437206,8.181209166033949e+16,390.56756005201106,419.89302213774283,396.7436765093638,52778.51230976868,3.2940677676364844e+16,5.717834332587607e+17,198.0,1056.0,0.1875,80.84927550577656,1.648211469293917e+17,4051.3899111122446
5mM_Mn_nitrate_in_water_10kHz,5mM_Mn_nitrate_in_water,10,Lissajouswaveformsdifferentmediums/manganese nitrate in water/Lissajousfigure10kHz-0002/Lissajousfigure10kHz-0002_29.csv,29,119994.81622405129,10005.603137766497,voltage activity-envelope rising edges,0.000560313776649673,7.739296200000001,1,-1,True,7.9047679999999945,39.31249392939182,51.95723568357734,2226.9471007747957,2226.9471007747957,22281.948899152296,0.33333326655982554,0.33333326655982554,0.8358113455488203,False,False,False,254.57091321567117,291.4776585361735,276.39959027036576,57301.07320229051,3.5763345730324384e+16,3.8514142969903846e+17,256.0,1164.0,0.21993127147766323,61.47453305437206,8.206036705001846e+16,397.8869193605583,439.1895037118267,405.88266069384406,60827.78100566863,3.796447152803462e+16,5.99244778556157e+17,198.0,1048.0,0.18893129770992367,80.84927550577656,1.6737414273540752e+17,3526.7078033781218
5mM_Mn_nitrate_in_water_10kHz,5mM_Mn_nitrate_in_water,10,Lissajouswaveformsdifferentmediums/manganese nitrate in water/Lissajousfigure10kHz-0002/Lissajousfigure10kHz-0002_30.csv,30,119994.81622405129,10005.603137766497,voltage activity-envelope rising edges,0.000560313776649673,7.739296200000001,1,-1,True,7.9047679999999945,38.57648354255456,51.95723568357734,2511.2464876288545,2511.2464876288545,25126.535736324364,0.33333336672008884,0.33333336672008884,0.8363997098425558,False,False,False,270.995044008059,303.9079819494806,288.62358030262425,73218.73016020712,4.569804044351032e+16,3.9957122306516954e+17,322.0,1155.0,0.2787878787878788,61.47453305437206,8.19986186666824e+16,418.9881867999296,437.8156126010879,422.4536459047126,74935.61048136339,4.6769597764720264e+16,5.946914659056616e+17,198.0,1057.0,0.18732261116367077,80.84927550577656,1.6690705605472464e+17,1716.8803211562627
5mM_Mn_nitrate_in_water_10kHz,5mM_Mn_nitrate_in_water,10,Lissajouswaveformsdifferentmediums/manganese nitrate in water/Lissajousfigure10kHz-0002/Lissajousfigure10kHz-0002_31.csv,31,119994.81622405129,10005.603137766497,voltage activity-envelope rising edges,0.000560313776649673,7.739296200000001,1,-1,True,7.9047679999999945,39.034323582084994,51.95723568357734,2560.549294202702,2560.549294202702,25619.840052480344,0.41354166666668696,0.41354166666668696,0.9589610664731338,False,False,False,282.0338160502041,306.39927223130996,298.67789883544685,53683.8504218448,3.350572677746481e+16,4.038845072940635e+17,229.0,787.0,0.2909783989834816,61.47453305437206,1.4189861535025547e+17,429.937258814688,452.3037088077351,434.6223321178837,52065.40649682439,3.2495606610407716e+16,6.175914611145783e+17,138.0,786.0,0.17557251908396945,80.84927550577656,1.6399142802987405e+17,-1618.4439250204086
5mM_Mn_nitrate_in_water_10kHz,5mM_Mn_nitrate_in_water,10,Lissajouswaveformsdifferentmediums/manganese nitrate in water/Lissajousfigure10kHz-0002/Lissajousfigure10kHz-0002_32.csv,32,119994.81622405129,10005.603137766497,voltage activity-envelope rising edges,0.000560313776649673,7.739296200000001,1,-1,True,7.9047679999999945,39.140751851368215,51.95723568357734,2616.013052243688,2616.013052243688,26174.788403967555,0.33333326655981105,0.33333326655981105,0.8327584993316142,False,False,False,292.1894591300727,319.6772267111445,305.9748752589489,76793.620665751,4.7929238533753224e+16,4.189490561180572e+17,320.0,1163.0,0.2751504729148753,61.47453305437206,8.183265068265096e+16,445.7674168702569,463.35091911315965,449.58830149593285,79081.04454117006,4.935688947145225e+16,6.323581946842221e+17,198.0,1032.0,0.19186046511627908,80.84927550577656,1.64581757977194e+17,2287.423875419059
5mM_Mn_nitrate_in_water_10kHz,5mM_Mn_nitrate_in_water,10,Lissajouswaveformsdifferentmediums/manganese nitrate in water/Lissajousfigure10kHz-0002/Lissajousfigure10kHz-0002_33.csv,33,119994.81622405129,10005.603137766497,voltage activity-envelope rising edges,0.000560313776649673,7.739296200000001,1,-1,True,7.9047679999999945,39.22703750743432,51.95723568357734,2580.498403092065,2580.498403092065,25819.4429189794,0.33333336672008723,0.33333336672008723,0.8334260112078844,False,False,False,288.9463803713191,315.71287766878754,304.42749615296486,74569.80856446136,4.654128964251812e+16,4.154478663828115e+17,320.0,1160.0,0.27586206896551724,61.47453305437206,8.176371992661888e+16,441.4416306616162,462.8354328265544,445.03025293075973,76786.96001332757,4.792508141762788e+16,6.289523816996963e+17,198.0,1050.0,0.18857142857142858,80.84927550577656,1.6693882019728163e+17,2217.151448866207
5mM_Mn_nitrate_in_water_10kHz,5mM_Mn_nitrate_in_water,10,Lissajouswaveformsdifferentmediums/manganese nitrate in water/Lissajousfigure10kHz-0002/Lissajousfigure10kHz-0002_34.csv,34,119994.81622405129,10005.603137766497,voltage activity-envelope rising edges,0.000560313776649673,7.739296200000001,1,-1,True,7.9047679999999945,39.11090198690006,51.95723568357734,2563.03895085656,2563.03895085656,25644.750568908148,0.3322916666666691,0.3322916666666691,0.8352912283897748,False,False,False,285.6766741523943,306.3291945734776,300.4189704788746,73886.15077033886,4.611459798237909e+16,4.0173433028126803e+17,321.0,1161.0,0.27648578811369506,61.47453305437206,8.190682415265808e+16,436.69207538485415,461.3149980773523,440.7185437766067,75516.03993686679,4.7131861473393736e+16,6.257471638595295e+17,198.0,1058.0,0.18714555765595464,80.84927550577656,1.6623838848060035e+17,1629.8891665279225
5mM_Mn_nitrate_in_water_10kHz,5mM_Mn_nitrate_in_water,10,Lissajouswaveformsdifferentmediums/manganese nitrate in water/Lissajousfigure10kHz-0002/Lissajousfigure10kHz-0002_35.csv,35,119994.81622405129,10005.603137766497,voltage activity-envelope rising edges,0.000560313776649673,7.739296200000001,1,-1,True,7.9047679999999945,38.85395680072291,51.95723568357734,2544.9886311581213,2544.9886311581213,25464.14623349576,0.333333333333337,0.333333333333337,0.8365353044373659,False,False,False,280.551090002312,312.6916498561801,299.3958317839873,73272.57026969362,4.573164369633119e+16,4.1140468752548915e+17,313.0,1158.0,0.270293609671848,61.47453305437206,8.183265117861253e+16,433.5858015973483,452.5990192364038,438.7909686136846,75351.41700290432,4.702911528430134e+16,6.201170637292805e+17,198.0,1057.0,0.18732261116367077,80.84927550577656,1.6651398786543174e+17,2078.8467332106957
5mM_Mn_nitrate_in_water_10kHz,5mM_Mn_nitrate_in_water,10,Lissajouswaveformsdifferentmediums/manganese nitrate in water/Lissajousfigure10kHz-0002/Lissajousfigure10kHz-0002_36.csv,36,119994.81622405129,10005.603137766497,voltage activity-envelope rising edges,0.000560313776649673,7.739296200000001,1,-1,True,7.9047679999999945,38.84154323647025,51.95723568357734,2523.748481193637,2523.748481193637,25251.625722364486,0.3333333333333333,0.3333333333333333,0.8362377150032816,False,False,False,280.4485655343847,299.22056117618166,298.0879105845843,73397.66378973472,4.580971837374708e+16,3.961273232983064e+17,324.0,1159.0,0.27955133735979293,61.47453305437206,8.18308821157955e+16,435.0410317819381,451.6225537696274,438.06938917634176,75615.6288876326,4.719401797200912e+16,6.129356759032783e+17,198.0,1066.0,0.18574108818011256,80.84927550577656,1.6738594489856336e+17,2217.9650978978752
5mM_Mn_nitrate_in_water_10kHz,5mM_Mn_nitrate_in_water,10,Lissajouswaveformsdifferentmediums/manganese nitrate in water/Lissajousfigure10kHz-0002/Lissajousfigure10kHz-0002_37.csv,37,119994.81622405129,10005.603137766497,voltage activity-envelope rising edges,0.000560313776649673,7.739296200000001,1,-1,True,7.9047679999999945,39.369110465724866,51.95723568357734,2594.1407188924854,2594.1407188924854,25955.942516758485,0.3343749999999947,0.3343749999999947,0.832449181729944,False,False,False,287.6954005749258,309.33711446199493,302.29751065488347,74107.153111488,4.625253227735861e+16,4.0652851519713926e+17,319.0,1161.0,0.2747631352282515,61.47453305437206,8.1832355862681e+16,440.5013082582704,460.3371299898944,445.0105123462265,76803.79193452421,4.7935586732509784e+16,6.296410165854956e+17,198.0,1051.0,0.18839200761179828,80.84927550577656,1.645924597358346e+17,2696.6388230362063
5mM_Mn_nitrate_in_water_10kHz,5mM_Mn_nitrate_in_water,10,Lissajouswaveformsdifferentmediums/manganese nitrate in water/Lissajousfigure10kHz-0002/Lissajousfigure10kHz-0002_38.csv,38,119994.81622405129,10005.603137766497,voltage activity-envelope rising edges,0.000560313776649673,7.739296200000001,1,-1,True,7.9047679999999945,38.88113869825782,51.95723568357734,2550.57101050776,2550.57101050776,25520.00130583271,0.3333332665598241,0.3333332665598241,0.8343553388513404,False,False,False,277.5954518497574,305.1422647994172,300.5817622677805,73770.70029452468,4.604254182268559e+16,4.0057510486650336e+17,314.0,1160.0,0.2706896551724138,61.47453305437206,8.19157617653787e+16,429.6232879577171,447.98062000433674,434.76599765186904,75752.6952549561,4.727956526822266e+16,6.106826613136028e+17,198.0,1062.0,0.1864406779661017,80.84927550577656,1.6737256805858138e+17,1981.994960431417
5mM_Mn_nitrate_in_water_10kHz,5mM_Mn_nitrate_in_water,10,Lissajouswaveformsdifferentmediums/manganese nitrate in water/Lissajousfigure10kHz-0002/Lissajousfigure10kHz-0002_39.csv,39,119994.81622405129,9995.202302903954,voltage activity-envelope rising edges,0.00047976970960462496,7.739296200000001,1,-1,True,7.9047679999999945,38.883427119634426,51.95723568357734,2521.8253237000345,2521.8253237000345,25206.15428296809,0.3329864056858209,0.3329864056858209,0.8365818191144376,False,False,False,277.85444755238507,301.33439621106675,297.4544790048072,73402.29227216734,4.581260715066161e+16,3.9735321082083456e+17,312.0,1144.0,0.2727272727272727,61.47453305437206,8.196482149538685e+16,430.46413627301547,445.5319537100381,431.7490137151715,74663.81161493856,4.659995981056284e+16,6.083102448722638e+17,198.0,1066.0,0.18574108818011256,80.84927550577656,1.6737283138938816e+17,1261.519342771222
5mM_Mn_nitrate_in_water_10kHz,5mM_Mn_nitrate_in_water,10,Lissajouswaveformsdifferentmediums/manganese nitrate in water/Lissajousfigure10kHz-0002/Lissajousfigure10kHz-0002_40.csv,40,119994.81622405129,10005.603137766497,voltage activity-envelope rising edges,0.000560313776649673,7.739296200000001,1,-1,True,7.9047679999999945,38.579109920503065,51.95723568357734,2487.0010515377744,2487.0010515377744,24883.945524894934,0.33125000000000193,0.33125000000000193,0.8388116567634901,False,False,False,272.60558461752515,290.26489319573994,288.89481103424487,71725.10114398357,4.476582106410239e+16,3.8260695080038266e+17,315.0,1160.0,0.27155172413793105,61.47453305437206,8.210500725615003e+16,18.893670613000893,437.23126446017665,428.19345270585956,73800.04253370428,4.606085520820592e+16,5.940374975913453e+17,198.0,1085.0,0.1824884792626728,80.84927550577656,1.7028889911431395e+17,2074.9413897207123
5mM_Mn_nitrate_in_water_10kHz,5mM_Mn_nitrate_in_water,10,Lissajouswaveformsdifferentmediums/manganese nitrate in water/Lissajousfigure10kHz-0002/Lissajousfigure10kHz-0002_41.csv,41,119994.81622405129,9995.202302903954,voltage activity-envelope rising edges,0.00047976970960462496,7.739296200000001,1,-1,True,7.9047679999999945,38.46614932329648,50.957234165506215,2464.472349123827,2464.472349123827,24632.899699405592,0.3288241744200881,0.3288241744200881,0.838721733847597,False,False,False,269.83068487886584,290.81160994367946,288.32055722547585,71684.8106384084,4.474067453193453e+16,3.831973556021128e+17,316.0,1132.0,0.2791519434628975,61.47453305437206,8.20682730447063e+16,-5.0979721406275935,433.0583161016302,427.1445654851815,73269.45655634606,4.572970033295716e+16,5.871110125886052e+17,198.0,1160.0,0.1706896551724138,80.84927550577656,1.7037173500913603e+17,1584.6459179376689
5mM_Mn_nitrate_in_water_10kHz,5mM_Mn_nitrate_in_water,10,Lissajouswaveformsdifferentmediums/manganese nitrate in water/Lissajousfigure10kHz-0002/Lissajousfigure10kHz-0002_42.csv,42,119994.81622405129,9995.202302903954,voltage activity-envelope rising edges,0.00047976970960462496,7.739296200000001,1,-1,True,7.9047679999999945,38.1051802268805,50.957234165506215,2411.47394358072,2411.47394358072,24103.169914270893,0.32986472424557606,0.32986472424557606,0.8371898581064767,False,False,False,263.7991489481444,285.48687417590685,283.79503697283934,70536.65679137064,4.402407673212976e+16,3.770422878753137e+17,312.0,1145.0,0.2724890829694323,61.47453305437206,8.226130898181184e+16,-13.9077630663529,409.46344490035733,418.56704131106164,73438.16057416206,4.583499365083183e+16,5.525383966514079e+17,198.0,1202.0,0.16472545757071547,80.84927550577656,1.733044127783663e+17,2901.5037827914202
5mM_Mn_nitrate_in_water_10kHz,5mM_Mn_nitrate_in_water,10,Lissajouswaveformsdifferentmediums/manganese nitrate in water/Lissajousfigure10kHz-0002/Lissajousfigure10kHz-0002_43.csv,43,119994.81622405129,10005.603137766497,voltage activity-envelope rising edges,0.000560313776649673,7.739296200000001,1,-1,True,7.9047679999999945,38.33386505677821,50.957234165506215,2446.402655276418,2446.402655276418,24477.734083874017,0.3302083333333298,0.3302083333333298,0.8399510437974018,False,False,False,270.33027009745973,291.0819157024266,286.2517964554979,72267.06509556784,4.510407727974874e+16,3.859275735667555e+17,320.0,1158.0,0.2763385146804836,61.47453305437206,8.22114183678549e+16,-7.119082964116082,428.69435295518707,421.4765831552887,73542.23620678076,4.589995042429931e+16,5.808036465915649e+17,198.0,1117.0,0.17726051924798567,80.84927550577656,1.7032942282800272e+17,1275.1711112129124
5mM_Mn_nitrate_in_water_10kHz,5mM_Mn_nitrate_in_water,10,Lissajouswaveformsdifferentmediums/manganese nitrate in water/Lissajousfigure10kHz-0002/Lissajousfigure10kHz-0002_44.csv,44,119994.81622405129,10005.603137766497,voltage activity-envelope rising edges,0.000560313776649673,7.739296200000001,1,-1,True,7.9047679999999945,38.34009562982839,50.957234165506215,2441.432893800565,2441.432893800565,24428.008622857273,0.3322916666666644,0.3322916666666644,0.8390998101552026,False,False,False,266.4362726631452,283.38955796746603,285.30119144072984,71094.63367445831,4.437232710623611e+16,3.7547251485770074e+17,315.0,1161.0,0.2713178294573643,61.47453305437206,8.2148918287666e+16,-10.050229793516465,429.20703935768466,418.67149818589314,74169.19853790078,4.629125671848647e+16,5.80071874106622e+17,198.0,1133.0,0.17475728155339806,80.84927550577656,1.7228995666509123e+17,3074.5648634424724
5mM_Mn_nitrate_in_water_10kHz,5mM_Mn_nitrate_in_water,10,Lissajouswaveformsdifferentmediums/manganese nitrate in water/Lissajousfigure10kHz-0002/Lissajousfigure10kHz-0002_45.csv,45,119994.81622405129,9995.202302903954,voltage activity-envelope rising edges,0.00047976970960462496,7.739296200000001,1,-1,True,7.9047679999999945,38.431365845521235,50.957234165506215,2447.0104488770103,2447.0104488770103,24458.36447384553,0.3309053069719062,0.3309053069719062,0.8393925705158056,False,False,False,266.1534128959817,284.0577534736315,284.01263520868247,70267.46614436599,4.3856066647184056e+16,3.753221201061158e+17,312.0,1146.0,0.27225130890052357,61.47453305437206,8.233790669988808e+16,1.2210135294737186,429.34596253876896,415.5811711329964,72213.27009501093,4.507050218078526e+16,5.813859157328273e+17,198.0,1119.0,0.1769436997319035,80.84927550577656,1.7028552222266317e+17,1945.8039506449422
5mM_Mn_nitrate_in_water_10kHz,5mM_Mn_nitrate_in_water,10,Lissajouswaveformsdifferentmediums/manganese nitrate in water/Lissajousfigure10kHz-0002/Lissajousfigure10kHz-0002_46.csv,46,119994.81622405129,9995.202302903954,voltage activity-envelope rising edges,0.00047976970960462496,7.739296200000001,1,-1,True,7.9047679999999945,38.645392564481625,50.957234165506215,2443.3219838945415,2443.3219838945415,24421.497520158577,0.33298640568581944,0.33298640568581944,0.8409387752089864,False,False,False,269.374588090971,282.21406618043636,287.3397574562663,69567.40012244607,4.341913411212336e+16,3.7304682411135994e+17,321.0,1142.0,0.28108581436077057,61.47453305437206,8.198756976784597e+16,413.52767476262767,434.03679109525376,426.40478541283517,71096.04484251313,4.437320785921695e+16,5.892829621982738e+17,198.0,1094.0,0.1809872029250457,80.84927550577656,1.6933314878277926e+17,1528.6447200670664
5mM_Mn_nitrate_in_water_10kHz,5mM_Mn_nitrate_in_water,10,Lissajouswaveformsdifferentmediums/manganese nitrate in water/Lissajousfigure10kHz-0002/Lissajousfigure10kHz-0002_47.csv,47,119994.81622405129,10005.603137766497,voltage activity-envelope rising edges,0.000560313776649673,7.739296200000001,1,-1,True,7.9047679999999945,38.46343641155848,50.957234165506215,2398.9963132185,2398.9963132185,24003.40503902928,0.33125003317808827,0.33125003317808827,0.8398003252417955,False,False,False,265.2689177875141,279.70258989216273,282.29375162553185,68057.08740575082,4.2476501926904216e+16,3.706827246402769e+17,312.0,1156.0,0.2698961937716263,61.47453305437206,8.20800613076632e+16,-9.783604148873154,429.2457256775288,419.5802642294345,70555.41125179248,4.403578196232125e+16,5.825135289435836e+17,198.0,1123.0,0.176313446126447,80.84927550577656,1.702753964142307e+17,2498.3238460416615
5mM_Mn_nitrate_in_water_10kHz,5mM_Mn_nitrate_in_water,10,Lissajouswaveformsdifferentmediums/manganese nitrate in water/Lissajousfigure10kHz-0002/Lissajousfigure10kHz-0002_48.csv,48,119994.81622405129,10005.603137766497,voltage activity-envelope rising edges,0.000560313776649673,7.739296200000001,1,-1,True,7.9047679999999945,38.36210300647361,50.957234165506215,2365.985867981633,2365.985867981633,23673.115624588212,0.3312500000000193,0.3312500000000193,0.8408639382032189,False,False,False,263.5746133989501,279.2348381883389,274.9600631126311,68258.99282405767,4.260251725046093e+16,3.720870061953465e+17,310.0,1161.0,0.2670111972437554,61.47453305437206,8.221913109478813e+16,-4.153736111308433,418.8536695083525,410.07011990701557,70111.443865944,4.37586883892736e+16,5.680114662910854e+17,198.0,1119.0,0.1769436997319035,80.84927550577656,1.7009128891558694e+17,1852.4510418863356
5mM_Mn_nitrate_in_water_10kHz,5mM_Mn_nitrate_in_water,10,Lissajouswaveformsdifferentmediums/manganese nitrate in water/Lissajousfigure10kHz-0002/Lissajousfigure10kHz-0002_49.csv,49,119994.81622405129,10005.603137766497,voltage activity-envelope rising edges,0.000560313776649673,7.739296200000001,1,-1,True,7.9047679999999945,38.367700376611474,50.957234165506215,2411.483636663471,2411.483636663471,24128.348241672586,0.3322915997888262,0.3322915997888262,0.8392127740404512,False,False,False,265.3291485066808,282.03423215970116,275.68778649199993,70561.29907496154,4.403945673216109e+16,3.763956992387377e+17,312.0,1163.0,0.26827171109200343,61.47453305437206,8.22295239461899e+16,3.392542611490306,423.4032986142822,412.2476468598208,72619.10676167262,4.5323797210158024e+16,5.725155201740122e+17,198.0,1110.0,0.1783783783783784,80.84927550577656,1.708101655565857e+17,2057.8076867110794
5mM_Mn_nitrate_in_water_10kHz,5mM_Mn_nitrate_in_water,10,Lissajouswaveformsdifferentmediums/manganese nitrate in water/Lissajousfigure10kHz-0002/Lissajousfigure10kHz-0002_50.csv,50,119994.81622405129,10005.603137766497,voltage activity-envelope rising edges,0.000560313776649673,7.739296200000001,1,-1,True,7.9047679999999945,39.272019061662476,51.95723568357734,2535.535666303082,2535.535666303082,25369.563618680982,0.3343749333308263,0.3343749333308263,0.8432990870227629,False,False,False,278.3108818183017,297.4399156387182,294.7363273524586,73154.00346831833,4.565764254290159e+16,3.932392821728215e+17,312.0,1157.0,0.2696629213483146,61.47453305437206,8.162079161793707e+16,415.783237129804,439.7655615120015,431.7699982853816,74043.37872259425,4.621272873806545e+16,5.978955257213568e+17,198.0,1005.0,0.19701492537313434,80.84927550577656,1.6738669166854746e+17,889.3752542759175
5mM_Mn_nitrate_in_water_10kHz,5mM_Mn_nitrate_in_water,10,Lissajouswaveformsdifferentmediums/manganese nitrate in water/Lissajousfigure10kHz-0002/Lissajousfigure10kHz-0002_51.csv,51,119994.81622405129,10005.603137766497,voltage activity-envelope rising edges,0.000560313776649673,7.739296200000001,1,-1,True,7.9047679999999945,39.01140983572797,51.95723568357734,2458.2456439536,2458.2456439536,24596.230328542963,0.33229169994908864,0.33229169994908864,0.84034122618341,False,False,False,271.6844683707239,293.0516360357751,288.7411044872439,69935.3713165907,4.364879614634978e+16,3.864920699303163e+17,307.0,1164.0,0.26374570446735396,61.47453305437206,8.198302548239224e+16,405.9001013447243,437.2330450848996,428.788042279428,72001.33525235923,4.49382271879017e+16,5.93943339709108e+17,198.0,1064.0,0.18609022556390978,80.84927550577656,1.6841746697956368e+17,2065.9639357685373
5mM_Mn_nitrate_in_water_10kHz,5mM_Mn_nitrate_in_water,10,Lissajouswaveformsdifferentmediums/manganese nitrate in water/Lissajousfigure10kHz-0002/Lissajousfigure10kHz-0002_52.csv,52,119994.81622405129,10005.603137766497,voltage activity-envelope rising edges,0.000560313776649673,7.739296200000001,1,-1,True,7.9047679999999945,38.34463096903602,50.957234165506215,2403.3459786187477,2403.3459786187477,24046.926064806234,0.33229166666665894,0.33229166666665894,0.8391229159630422,False,False,False,261.8238128455792,281.64010352722886,278.88327341477094,68439.30125633636,4.271505323698443e+16,3.7396598817382656e+17,309.0,1162.0,0.26592082616179,61.47453305437206,8.228955362560446e+16,-9.868757682379348,425.98828781476413,414.9225237174341,71250.29428509151,4.446947963625969e+16,5.76953993748461e+17,198.0,1123.0,0.176313446126447,80.84927550577656,1.7229119224813322e+17,2810.9930287551542
5mM_Mn_nitrate_in_water_10kHz,5mM_Mn_nitrate_in_water,10,Lissajouswaveformsdifferentmediums/manganese nitrate in water/Lissajousfigure10kHz-0002/Lissajousfigure10kHz-0002_53.csv,53,119994.81622405129,9995.202302903954,voltage activity-envelope rising edges,0.00047976970960462496,7.739296200000001,1,-1,True,7.9047679999999945,38.18634677521539,50.957234165506215,2422.740690223938,2422.740690223938,24215.78332626542,0.3309053069719022,0.3309053069719022,0.8398386544047921,False,False,False,265.0070104733232,280.7715060732422,275.706974926104,71598.15731612958,4.468659155320221e+16,3.730160879741031e+17,317.0,1135.0,0.27929515418502204,61.47453305437206,8.22788961783331e+16,-4.0411722256815565,424.71265577816956,412.4347067731174,72973.32584799251,4.554487613486883e+16,5.772158731085503e+17,198.0,1140.0,0.1736842105263158,80.84927550577656,1.732225721887825e+17,1375.1685318629316
5mM_Mn_nitrate_in_water_10kHz,5mM_Mn_nitrate_in_water,10,Lissajouswaveformsdifferentmediums/manganese nitrate in water/Lissajousfigure10kHz-0002/Lissajousfigure10kHz-0002_54.csv,54,119994.81622405129,9995.202302903954,voltage activity-envelope rising edges,0.00047976970960462496,7.739296200000001,1,-1,True,7.9047679999999945,38.33824586923489,50.957234165506215,2454.5208338918073,2454.5208338918073,24533.432291441124,0.33090534008098293,0.33090534008098293,0.8400346209115569,False,False,False,270.9948127605524,287.9003504520994,281.7217952159698,72978.10586501457,4.554785948913785e+16,3.7855681569137626e+17,313.0,1143.0,0.27384076990376205,61.47453305437206,8.215706531478171e+16,-0.47949267153222747,424.974493085004,411.85090291873803,74766.6690245004,4.666415625390168e+16,5.796729156205742e+17,198.0,1144.0,0.17307692307692307,80.84927550577656,1.709167068950807e+17,1788.5631594858278
5mM_Mn_nitrate_in_water_10kHz,5mM_Mn_nitrate_in_water,10,Lissajouswaveformsdifferentmediums/manganese nitrate in water/Lissajousfigure10kHz-0002/Lissajousfigure10kHz-0002_55.csv,55,119994.81622405129,10005.603137766497,voltage activity-envelope rising edges,0.000560313776649673,7.739296200000001,1,-1,True,7.9047679999999945,38.42450174131106,50.957234165506215,2426.440082223872,2426.440082223872,24277.996500301575,0.33125003317808976,0.33125003317808976,0.8413832563446021,False,False,False,268.9775424370812,285.30592384680574,277.6989322880582,72067.76285273457,4.497968667732298e+16,3.768777488147464e+17,317.0,1160.0,0.27327586206896554,61.47453305437206,8.190689855292595e+16,-3.6257491135583857,419.5442334643846,409.0334776295485,74417.19092007026,4.6446036320444424e+16,5.7177351036999424e+17,201.0,1138.0,0.1766256590509666,80.84927550577656,1.7030459725687856e+17,2349.428067335699
5mM_Mn_nitrate_in_water_10kHz,5mM_Mn_nitrate_in_water,10,Lissajouswaveformsdifferentmediums/manganese nitrate in water/Lissajousfigure10kHz-0002/Lissajousfigure10kHz-0002_56.csv,56,119994.81622405129,10005.603137766497,voltage activity-envelope rising edges,0.000560313776649673,7.739296200000001,1,-1,True,7.9047679999999945,38.50269163149517,50.957234165506215,2410.1829589219196,2410.1829589219196,24115.3341763805,0.331250033178087,0.331250033178087,0.8440769229058656,False,False,False,270.2256661107333,291.47975440417076,277.9654853626076,71431.83001923165,4.458278161927041e+16,3.8396283232714374e+17,312.0,1165.0,0.26781115879828327,61.47453305437206,8.183319557447616e+16,399.74870841859627,420.8127219077344,409.80244359171866,72796.80443570731,4.5434703742912504e+16,5.7294545987539136e+17,200.0,1079.0,0.18535681186283595,80.84927550577656,1.6743180412132486e+17,1364.9744164756557
5mM_Mn_nitrate_in_water_10kHz,5mM_Mn_nitrate_in_water,10,Lissajouswaveformsdifferentmediums/manganese nitrate in water/Lissajousfigure10kHz-0002/Lissajousfigure10kHz-0002_57.csv,57,119994.81622405129,9995.202302903954,voltage activity-envelope rising edges,0.00047976970960462496,7.739296200000001,1,-1,True,7.9047679999999945,38.50044485824771,50.957234165506215,2423.3607281551635,2423.3607281551635,24221.980730823496,0.3288241415192435,0.3288241415192435,0.8411123541008552,False,False,False,268.22301135627526,289.34151107704406,278.1449346666872,70345.1068508325,4.390452457777648e+16,3.8216544988257824e+17,318.0,1143.0,0.2782152230971129,61.47453305437206,8.187935494460411e+16,1.5004985734038847,422.0175329271803,412.11503239342534,72108.53169524111,4.500513175414447e+16,5.75200613455962e+17,198.0,1126.0,0.17584369449378331,80.84927550577656,1.7027539906518102e+17,1763.4248444086115
5mM_Mn_nitrate_in_water_10kHz,5mM_Mn_nitrate_in_water,10,Lissajouswaveformsdifferentmediums/manganese nitrate in water/Lissajousfigure10kHz-0002/Lissajousfigure10kHz-0002_58.csv,58,119994.81622405129,10005.603137766497,voltage activity-envelope rising edges,0.000560313776649673,7.739296200000001,1,-1,True,7.9047679999999945,38.56986077419429,50.957234165506215,2442.682640863619,2442.682640863619,24440.513095992777,0.33125003317808716,0.33125003317808716,0.8392778128843486,False,False,False,271.808327264904,290.03366487387865,278.38768999637074,69889.89632155653,4.362041381634087e+16,3.8107058542185005e+17,316.0,1162.0,0.2719449225473322,61.47453305437206,8.191433416788176e+16,404.6675710806056,427.2902907841998,412.48543268077145,72243.96679062636,4.508966092383703e+16,5.809309618689327e+17,198.0,1067.0,0.18556701030927836,80.84927550577656,1.683213318110981e+17,2354.070469069833
5mM_Mn_nitrate_in_water_10kHz,5mM_Mn_nitrate_in_water,10,Lissajouswaveformsdifferentmediums/manganese nitrate in water/Lissajousfigure10kHz-0002/Lissajousfigure10kHz-0002_59.csv,59,119994.81622405129,10005.603137766497,voltage activity-envelope rising edges,0.000560313776649673,7.739296200000001,1,-1,True,7.9047679999999945,38.5642515815356,50.957234165506215,2431.3963291339996,2431.3963291339996,24327.58673993709,0.33229166666666765,0.33229166666666765,0.8386536389629254,False,False,False,265.80966937902355,288.92678004408936,277.07027391398356,70384.2157177417,4.3928933613248776e+16,3.81338470553625e+17,315.0,1160.0,0.27155172413793105,61.47453305437206,8.210869367100758e+16,403.0902437078183,424.7868615870579,411.0115459163122,71543.22504362557,4.465230664816426e+16,5.78589471377722e+17,198.0,1062.0,0.1864406779661017,80.84927550577656,1.6737414733806294e+17,1159.0093258838751
5mM_Mn_nitrate_in_water_10kHz,5mM_Mn_nitrate_in_water,10,Lissajouswaveformsdifferentmediums/manganese nitrate in water/Lissajousfigure10kHz-0002/Lissajousfigure10kHz-0002_60.csv,60,119994.81622405129,10005.603137766497,voltage activity-envelope rising edges,0.000560313776649673,7.739296200000001,1,-1,True,7.9047679999999945,38.462542942568334,50.957234165506215,2412.7794642045133,2412.7794642045133,24141.313777783245,0.332291599788819,0.332291599788819,0.8382756815899122,False,False,False,262.73668924273585,284.1181565220074,275.6337619380525,70288.2859879508,4.3869060945939096e+16,3.767619833951521e+17,311.0,1158.0,0.26856649395509496,61.47453305437206,8.207382405049387e+16,399.4892191631489,425.38051403400306,407.5998655536864,71231.04504413216,4.4457465598458936e+16,5.746793692995149e+17,198.0,1091.0,0.18148487626031165,80.84927550577656,1.6857347104519594e+17,942.7590561813558
5mM_Mn_nitrate_in_water_10kHz,5mM_Mn_nitrate_in_water,10,Lissajouswaveformsdifferentmediums/manganese nitrate in water/Lissajousfigure10kHz-0002/Lissajousfigure10kHz-0002_61.csv,61,119994.81622405129,10005.603137766497,voltage activity-envelope rising edges,0.000560313776649673,7.739296200000001,1,-1,True,7.9047679999999945,38.18078380180906,50.957234165506215,2372.198019927665,2372.198019927665,23735.271951591716,0.33020833333333344,0.33020833333333344,0.8365136333326714,False,False,False,257.7337409715139,278.3933172559994,271.99881717249804,68761.59174977125,4.291620455402204e+16,3.665347142068357e+17,317.0,1159.0,0.27351164797238997,61.47453305437206,8.213505313443264e+16,-11.191706976212963,409.66150880792424,401.5010816780632,71860.53943485564,4.485035222819564e+16,5.572239249756156e+17,198.0,1153.0,0.1717259323503903,80.84927550577656,1.7186400540325702e+17,3098.947685084393
5mM_Mn_nitrate_in_water_10kHz,5mM_Mn_nitrate_in_water,10,Lissajouswaveformsdifferentmediums/manganese nitrate in water/Lissajousfigure10kHz-0002/Lissajousfigure10kHz-0002_62.csv,62,119994.81622405129,10005.603137766497,voltage activity-envelope rising edges,0.000560313776649673,7.739296200000001,1,-1,True,7.9047679999999945,38.17482316264078,50.957234165506215,2405.269098215148,2405.269098215148,24066.168036274277,0.3312500331780857,0.3312500331780857,0.8372275806329148,False,False,False,261.0099837227161,283.48310964863657,273.5285263913582,71956.91076678748,4.491050051285695e+16,3.760546587226767e+17,322.0,1160.0,0.2775862068965517,61.47453305437206,8.22880627038374e+16,-7.602564628699274,405.4082054522263,400.4395644260138,74591.66494599223,4.6554930876188264e+16,5.480315390866509e+17,198.0,1169.0,0.16937553464499572,80.84927550577656,1.712758903166444e+17,2634.754179204756
5mM_Mn_nitrate_in_water_10kHz,5mM_Mn_nitrate_in_water,10,Lissajouswaveformsdifferentmediums/manganese nitrate in water/Lissajousfigure10kHz-0002/Lissajousfigure10kHz-0002_63.csv,63,119994.81622405129,10005.603137766497,voltage activity-envelope rising edges,0.000560313776649673,7.739296200000001,1,-1,True,7.9047679999999945,38.33619951805817,50.957234165506215,2420.246169600622,2420.246169600622,24216.02266872333,0.33020836640708895,0.33020836640708895,0.8380416648222679,False,False,False,266.13698593576714,284.33787434705687,275.20838939148166,71209.90412286874,4.444427090534156e+16,3.774066065143042e+17,314.0,1155.0,0.27186147186147186,61.47453305437206,8.228821236074651e+16,-5.021164195123423,415.10079068947516,405.4664344393972,73569.28729730949,4.591683383413608e+16,5.6440799253386086e+17,198.0,1137.0,0.1741424802110818,80.84927550577656,1.7081492017075686e+17,2359.3831744407507
5mM_Mn_nitrate_in_water_10kHz,5mM_Mn_nitrate_in_water,10,Lissajouswaveformsdifferentmediums/manganese nitrate in water/Lissajousfigure10kHz-0002/Lissajousfigure10kHz-0002_64.csv,64,119994.81622405129,9995.202302903954,voltage activity-envelope rising edges,0.00047976970960462496,7.739296200000001,1,-1,True,7.9047679999999945,39.54914838964699,52.95723568357734,2515.588917693612,2515.588917693612,25143.820143290854,0.3329865057418673,0.3329865057418673,0.8405183858698897,False,False,False,281.78089902345715,299.8273617548132,291.11763184215084,73420.82837421195,4.582417609673656e+16,3.93901023347865e+17,313.0,1137.0,0.2752858399296394,61.47453305437206,8.150992417479674e+16,407.2073655151592,437.75572903929344,426.9173535422248,73226.65299201713,4.570298532424901e+16,5.939607285671507e+17,198.0,1018.0,0.1944990176817289,80.84927550577656,1.668103254444026e+17,-194.1753821948223
5mM_Mn_nitrate_in_water_20kHz,5mM_Mn_nitrate_in_water,20,Lissajouswaveformsdifferentmediums/manganese nitrate in water/Lissajousfigure20kHz-0003/Lissajousfigure20kHz-0003_01.csv,1,119994.81622405129,19990.404605807908,voltage activity-envelope rising edges,0.00047976970960462496,8.21358276,1,-1,True,7.9047679999999945,63.05078125747373,65.94946164137902,3531.909097876263,3531.909097876263,70604.2918974805,0.4833333333333229,0.4833333333333229,0.7882654100859673,False,False,False,579.1792675169187,596.1641534840397,588.2902659944075,229180.8078547842,1.4303872524569152e+17,8.47701700763691e+17,771.0,871.0,0.8851894374282434,61.47453305437206,8.766858538667629e+16,116.61401172769995,137.0411221759659,617.8790873888405,224283.53114338932,1.3998218563170608e+17,1.8019966407997603e+17,796.0,1051.0,0.7573739295908658,80.84927550577656,1.0962131285622787e+17,-4897.276711394865
5mM_Mn_nitrate_in_water_20kHz,5mM_Mn_nitrate_in_water,20,Lissajouswaveformsdifferentmediums/manganese nitrate in water/Lissajousfigure20kHz-0003/Lissajousfigure20kHz-0003_02.csv,2,119994.81622405129,19990.404605807908,voltage activity-envelope rising edges,0.00047976970960462496,8.21358276,1,-1,True,7.9047679999999945,62.533208431489975,65.94946164137902,3616.094307244262,3616.094307244262,72287.18829457145,0.48333333333332723,0.48333333333332723,0.7801344854156074,False,False,False,586.1240213078448,607.8992854932768,594.7919850995412,236539.39863169668,1.4763144596339315e+17,8.606378743263948e+17,789.0,992.0,0.7953629032258065,61.47453305437206,8.749900390059816e+16,128.22857972243426,149.0220357694878,614.1955465080265,229777.90615874468,1.4341139249058138e+17,2.0081209777248832e+17,796.0,1045.0,0.7617224880382775,80.84927550577656,1.1349375528094515e+17,-6761.492472951999
5mM_Mn_nitrate_in_water_20kHz,5mM_Mn_nitrate_in_water,20,Lissajouswaveformsdifferentmediums/manganese nitrate in water/Lissajousfigure20kHz-0003/Lissajousfigure20kHz-0003_03.csv,3,119994.81622405129,19990.404605807908,voltage activity-envelope rising edges,0.00047976970960462496,8.21358276,1,-1,True,7.9047679999999945,63.51198113671009,65.94946164137902,3668.167615466628,3668.167615466628,73328.15479509949,0.4833333333333337,0.4833333333333337,0.7786778059883932,False,False,False,594.6184663509575,623.8564204095147,607.1720133174139,234605.32843027377,1.464243338202049e+17,8.841659587635524e+17,783.0,989.0,0.7917087967644085,61.47453305437206,8.767401154481722e+16,131.30679450283054,153.8803447999681,622.1757587854577,227605.98190566374,1.4205582838641891e+17,2.0405353707439712e+17,790.0,1060.0,0.7452830188679245,80.84927550577656,1.115158116660242e+17,-6999.346524610039
5mM_Mn_nitrate_in_water_20kHz,5mM_Mn_nitrate_in_water,20,Lissajouswaveformsdifferentmediums/manganese nitrate in water/Lissajousfigure20kHz-0003/Lissajousfigure20kHz-0003_04.csv,4,119994.81622405129,19990.404605807908,voltage activity-envelope rising edges,0.00047976970960462496,8.21358276,1,-1,True,7.9047679999999945,61.736920278408974,64.94946164137902,3641.7011877128866,3641.7011877128866,72799.08019583182,0.485416563585054,0.485416563585054,0.7767912745462218,False,False,False,574.5155707079587,599.4582376966263,585.4390711387788,236352.2205133784,1.4751462239649526e+17,8.482485025415912e+17,789.0,990.0,0.796969696969697,61.47453305437206,8.750086306258416e+16,126.16249806623819,146.4204225667904,608.6451674241151,229996.4073687734,1.4354776575341998e+17,1.964255612316609e+17,796.0,1054.0,0.7552182163187856,80.84927550577656,1.1193929542057709e+17,-6355.813144604996
5mM_Mn_nitrate_in_water_20kHz,5mM_Mn_nitrate_in_water,20,Lissajouswaveformsdifferentmediums/manganese nitrate in water/Lissajousfigure20kHz-0003/Lissajousfigure20kHz-0003_05.csv,5,119994.81622405129,19990.404605807908,voltage activity-envelope rising edges,0.00047976970960462496,8.21358276,1,1,False,7.9047679999999945,65.020844583173,66.94557082510207,3697.804428378723,3697.804428378723,73920.6066764389,0.4833333333333316,0.4833333333333316,0.7799826494136739,False,False,False,609.7526200286605,640.2997732135875,624.7957597598386,234190.07881810758,1.461651638847334e+17,9.086942663180671e+17,774.0,984.0,0.7865853658536586,61.47453305437206,8.758744362994691e+16,127.11903718023511,156.61104766295517,633.648602142275,227231.61765169768,1.4182217624876354e+17,2.0960939767059578e+17,783.0,1060.0,0.7386792452830189,80.84927550577656,1.1134779750017402e+17,-6958.461166409892
5mM_Mn_nitrate_in_water_20kHz,5mM_Mn_nitrate_in_water,20,Lissajouswaveformsdifferentmediums/manganese nitrate in water/Lissajousfigure20kHz-0003/Lissajousfigure20kHz-0003_06.csv,6,119994.81622405129,19990.404605807908,voltage activity-envelope rising edges,0.00047976970960462496,8.21358276,1,-1,True,7.9047679999999945,63.224513503945765,62.95335245765599,3408.4746692210965,3408.4746692210965,68136.78772637699,0.4833334301549328,0.4833334301549328,0.7860893585237236,False,False,False,517.3932456200093,550.0792928496129,532.1984653683035,216635.65374116995,1.352089123166825e+17,7.771752235792335e+17,715.0,946.0,0.7558139534883721,61.47453305437206,8.756912345401738e+16,58.381864161855994,84.62183591491441,615.4075472099128,209923.11583632362,1.3101941288145498e+17,1.1346563411367186e+17,617.0,1051.0,0.5870599429115129,80.84927550577656,1.0975330179001078e+17,-6712.5379048463365
5mM_Mn_nitrate_in_water_20kHz,5mM_Mn_nitrate_in_water,20,Lissajouswaveformsdifferentmediums/manganese nitrate in water/Lissajousfigure20kHz-0003/Lissajousfigure20kHz-0003_07.csv,7,119994.81622405129,19990.404605807908,voltage activity-envelope rising edges,0.00047976970960462496,8.21358276,1,-1,True,7.9047679999999945,63.88192339042844,62.95335245765599,3380.378059000446,3380.378059000446,67575.1251200145,0.485416666666663,0.485416666666663,0.7807190499550543,False,False,False,513.7586291200266,538.3660151896498,524.7711244167796,216699.24058957386,1.3524859880624163e+17,7.581354805375101e+17,709.0,980.0,0.7234693877551021,61.47453305437206,8.733346519931224e+16,52.56344619000887,78.84337411003109,612.205272419239,208726.34959179093,1.3027247460316992e+17,1.0845406664373842e+17,602.0,1065.0,0.5652582159624413,80.84927550577656,1.1371922230170597e+17,-7972.890997782932
5mM_Mn_nitrate_in_water_20kHz,5mM_Mn_nitrate_in_water,20,Lissajouswaveformsdifferentmediums/manganese nitrate in water/Lissajousfigure20kHz-0003/Lissajousfigure20kHz-0003_08.csv,8,119994.81622405129,19990.404605807908,voltage activity-envelope rising edges,0.00047976970960462496,8.21358276,1,-1,True,7.9047679999999945,63.48957900250263,63.95335245765599,3470.189425729643,3470.189425729643,69370.49067913176,0.4874999999999943,0.4874999999999943,0.7803322115198118,False,False,False,530.6017557631425,607.0483852633095,550.2078055248716,221813.27679936888,1.3844042462776894e+17,8.534561237523913e+17,711.0,958.0,0.7421711899791231,61.47453305437206,8.742843278073086e+16,76.77564830041783,131.32409887196775,619.2760994186596,216123.0047228255,1.3488895244408746e+17,1.87333220926313e+17,683.0,1074.0,0.6359404096834265,80.84927550577656,1.1960390057600051e+17,-5690.272076543362
5mM_Mn_nitrate_in_water_20kHz,5mM_Mn_nitrate_in_water,20,Lissajouswaveformsdifferentmediums/manganese nitrate in water/Lissajousfigure20kHz-0003/Lissajousfigure20kHz-0003_09.csv,9,119994.81622405129,19990.404605807908,voltage activity-envelope rising edges,0.00047976970960462496,8.21358276,1,-1,True,7.9047679999999945,61.2090805673656,62.95335245765599,3374.75196758921,3374.75196758921,67462.65727635464,0.4833333333333315,0.4833333333333315,0.7830231769299094,False,False,False,506.3702853018725,542.0360566354235,523.6402387004699,212629.19179413392,1.3270835733996506e+17,7.685052177567131e+17,680.0,925.0,0.7351351351351352,61.47453305437206,8.7915114609933e+16,68.52249341073492,580.5356316323514,602.5087216423439,202157.86003853963,1.2617288013327856e+17,7.315695835488727e+17,639.0,1067.0,0.598875351452671,80.84927550577656,1.1087392801961274e+17,-10471.331755594292
5mM_Mn_nitrate_in_water_20kHz,5mM_Mn_nitrate_in_water,20,Lissajouswaveformsdifferentmediums/manganese nitrate in water/Lissajousfigure20kHz-0003/Lissajousfigure20kHz-0003_10.csv,10,119994.81622405129,19990.404605807908,voltage activity-envelope rising edges,0.00047976970960462496,8.21358276,1,-1,True,7.9047679999999945,60.43222589227412,60.95335245765599,3177.626071367459,3177.626071367459,63522.030852599346,0.4854166666666673,0.4854166666666673,0.7885763693971525,False,False,False,459.8233257838724,484.06580529889476,470.8151598335753,199971.4930543142,1.2480830188054358e+17,6.853794278840049e+17,632.0,907.0,0.6968026460859978,61.47453305437206,8.756912345402822e+16,36.971449819166395,65.26049289038504,574.4192566364354,191576.11838378737,1.1956849274437443e+17,8.652926394488352e+16,592.0,1053.0,0.5622032288698955,80.84927550577656,1.0962131285620722e+17,-8395.374670526828
5mM_Mn_nitrate_in_water_20kHz,5mM_Mn_nitrate_in_water,20,Lissajouswaveformsdifferentmediums/manganese nitrate in water/Lissajousfigure20kHz-0003/Lissajousfigure20kHz-0003_11.csv,11,119994.81622405129,19990.404605807908,voltage activity-envelope rising edges,0.00047976970960462496,8.21358276,1,-1,True,7.9047679999999945,60.278527749814764,61.95335245765599,3418.3872743491806,3418.3872743491806,68334.944713585,0.485416666666663,0.485416666666663,0.7804936849199531,False,False,False,514.1667314334314,539.7046310454376,525.975493621898,221966.81367239892,1.385362516684448e+17,7.633693541549587e+17,778.0,988.0,0.7874493927125507,61.47453305437206,8.750086306258416e+16,81.63096427334592,105.65924674069059,584.7464994669133,215145.51130331284,1.3427886901706797e+17,1.4154507417592432e+17,701.0,1044.0,0.671455938697318,80.84927550577656,1.1217363848349557e+17,-6821.302369086072
5mM_Mn_nitrate_in_water_20kHz,5mM_Mn_nitrate_in_water,20,Lissajouswaveformsdifferentmediums/manganese nitrate in water/Lissajousfigure20kHz-0003/Lissajousfigure20kHz-0003_12.csv,12,119994.81622405129,19990.404605807908,voltage activity-envelope rising edges,0.00047976970960462496,8.21358276,1,-1,True,7.9047679999999945,62.78542887806029,63.949461641379024,3526.9321113979854,3526.9321113979854,70504.79992406208,0.48333333333336637,0.48333333333336637,0.7755588207347515,False,False,False,552.7003695449573,583.4737469411366,565.6587923531592,228293.8454338018,1.424851449733044e+17,8.186965864529027e+17,747.0,971.0,0.7693099897013388,61.47453305437206,8.730544545325582e+16,101.26967028573284,129.50863635310677,604.8411262170404,222585.3032266353,1.3892226984441618e+17,1.8556154684211584e+17,760.0,1024.0,0.7421875,80.84927550577656,1.2229093732483685e+17,-5708.542207166494
5mM_Mn_nitrate_in_water_20kHz,5mM_Mn_nitrate_in_water,20,Lissajouswaveformsdifferentmediums/manganese nitrate in water/Lissajousfigure20kHz-0003/Lissajousfigure20kHz-0003_13.csv,13,119994.81622405129,19990.404605807908,voltage activity-envelope rising edges,0.00047976970960462496,8.21358276,1,-1,True,7.9047679999999945,61.6834188259915,63.949461641379024,3462.0833736064337,3462.0833736064337,69208.44741743304,0.4822915629590638,0.4822915629590638,0.7772255037770589,False,False,False,534.256353174776,556.7031151881224,542.7064802422759,223657.42408567003,1.3959141313970822e+17,7.886409140401608e+17,764.0,992.0,0.7701612903225806,61.47453305437206,8.753830415770042e+16,87.13307533303396,106.94157375119578,603.6263295338238,216245.91056487942,1.3496566172501371e+17,1.4715231726930624e+17,744.0,1066.0,0.6979362101313321,80.84927550577656,1.132521655365472e+17,-7411.513520790613
5mM_Mn_nitrate_in_water_20kHz,5mM_Mn_nitrate_in_water,20,Lissajouswaveformsdifferentmediums/manganese nitrate in water/Lissajousfigure20kHz-0003/Lissajousfigure20kHz-0003_14.csv,14,119994.81622405129,19990.404605807908,voltage activity-envelope rising edges,0.00047976970960462496,8.21358276,1,-1,True,7.9047679999999945,62.73171854201811,64.94946164137902,3536.910326776532,3536.910326776532,70704.26848672314,0.483333229834371,0.483333229834371,0.7805972060314142,False,False,False,569.3032542311657,607.2819339186617,588.32845918987,229665.6524503496,1.4334133153083858e+17,8.624777835130606e+17,776.0,974.0,0.7967145790554415,61.47453305437206,8.753903029839088e+16,109.07066551946625,138.3017965666827,620.0980297303627,222218.98900190002,1.3869364197528544e+17,1.836898269788088e+17,754.0,1066.0,0.7073170731707317,80.84927550577656,1.1237162057078912e+17,-7446.6634484495735
5mM_Mn_nitrate_in_water_20kHz,5mM_Mn_nitrate_in_water,20,Lissajouswaveformsdifferentmediums/manganese nitrate in water/Lissajousfigure20kHz-0003/Lissajousfigure20kHz-0003_15.csv,15,119994.81622405129,19990.404605807908,voltage activity-envelope rising edges,0.00047976970960462496,8.21358276,1,-1,True,7.9047679999999945,62.279813929301866,62.95335245765599,3546.934762004544,3546.934762004544,70904.66100287582,0.4833333333333326,0.4833333333333326,0.7823987045475477,False,False,False,560.072161286127,608.4725479797133,587.3844870504793,226354.01588009327,1.4127443824286909e+17,8.598877976201089e+17,770.0,979.0,0.7865168539325843,61.47453305437206,8.750819296298715e+16,94.20270771156139,135.44024577086245,619.2070363125681,219454.80982467526,1.3696843352715291e+17,1.8208007033597386e+17,719.0,1053.0,0.6828110161443495,80.84927550577656,1.1237164559432952e+17,-6899.206055418006
5mM_Mn_nitrate_in_water_20kHz,5mM_Mn_nitrate_in_water,20,Lissajouswaveformsdifferentmediums/manganese nitrate in water/Lissajousfigure20kHz-0003/Lissajousfigure20kHz-0003_16.csv,16,119994.81622405129,19990.404605807908,voltage activity-envelope rising edges,0.00047976970960462496,8.21358276,1,-1,True,7.9047679999999945,60.40025381068253,59.953349421513735,3183.8745773617716,3183.8745773617716,63646.94101560746,0.4812500000000176,0.4812500000000176,0.7794998960556887,False,False,False,462.7653184441785,535.2194940614164,494.0978881940754,208225.18247573753,1.299596809356445e+17,7.5694617790737e+17,713.0,980.0,0.7275510204081632,61.47453305437206,8.70800285257057e+16,45.91447417030897,96.87718001596298,582.1710947826098,199851.26788202344,1.2473326568729563e+17,1.3413200690264869e+17,604.0,1073.0,0.5629077353215284,80.84927550577656,1.1927788315746234e+17,-8373.914593714086
5mM_Mn_nitrate_in_water_20kHz,5mM_Mn_nitrate_in_water,20,Lissajouswaveformsdifferentmediums/manganese nitrate in water/Lissajousfigure20kHz-0003/Lissajousfigure20kHz-0003_17.csv,17,119994.81622405129,19990.404605807908,voltage activity-envelope rising edges,0.00047976970960462496,8.21358276,1,-1,True,7.9047679999999945,59.07015385042386,58.953349421513735,2899.4707493477167,2899.4707493477167,57961.5934221659,0.48333322983438864,0.48333322983438864,0.7794195190446709,False,False,False,401.4460512991362,522.8549745985464,422.60303743017454,188495.65758224955,1.1764588329751149e+17,7.3362653434478e+17,662.0,982.0,0.6741344195519349,61.47453305437206,8.75008630625924e+16,10.730264086675572,87.21235227523917,538.2970023054636,182553.59718407138,1.1393726235039072e+17,1.2111732964247531e+17,549.0,1031.0,0.5324927255092143,80.84927550577656,1.1714765286505514e+17,-5942.060398178175
5mM_Mn_nitrate_in_water_20kHz,5mM_Mn_nitrate_in_water,20,Lissajouswaveformsdifferentmediums/manganese nitrate in water/Lissajousfigure20kHz-0003/Lissajousfigure20kHz-0003_18.csv,18,119994.81622405129,19990.404605807908,voltage activity-envelope rising edges,0.00047976970960462496,8.21358276,1,1,False,7.9047679999999945,70.94486670327305,70.94557664437467,3749.061883677998,3749.061883677998,74945.26394693552,0.48333333333334016,0.48333333333334016,0.7793790366945247,False,False,False,667.4169098909572,692.905220283889,678.5037010060091,228099.81797483042,1.4236404652420778e+17,9.833776039623284e+17,742.0,983.0,0.7548321464903357,61.47453305437206,8.784526114804958e+16,146.54254318997718,167.19406041901615,661.3137755880673,221546.15853993758,1.3827370798305272e+17,2.2174135389240416e+17,790.0,1057.0,0.7473982970671712,80.84927550577656,1.108997534051027e+17,-6553.659434892848
5mM_Mn_nitrate_in_water_20kHz,5mM_Mn_nitrate_in_water,20,Lissajouswaveformsdifferentmediums/manganese nitrate in water/Lissajousfigure20kHz-0003/Lissajousfigure20kHz-0003_19.csv,19,119994.81622405129,19990.404605807908,voltage activity-envelope rising edges,0.00047976970960462496,8.21358276,1,1,False,7.9047679999999945,73.06889391924508,71.94557664437468,3734.7570613999133,3734.7570613999133,74659.30476178243,0.4833333333333316,0.4833333333333316,0.7806650062100965,False,False,False,692.2686903807414,729.2838011806892,705.2612483116915,224572.1714462425,1.4016233483949142e+17,1.0278381561479841e+18,726.0,972.0,0.7469135802469136,61.47453305437206,8.7569123454033e+16,161.75069831666372,179.63943117686097,664.5547408877131,218513.2808825684,1.3638079662630811e+17,2.444667661538204e+17,753.0,1035.0,0.7275362318840579,80.84927550577656,1.1368837519815154e+17,-6058.8905636740965
5mM_Mn_nitrate_in_water_20kHz,5mM_Mn_nitrate_in_water,20,Lissajouswaveformsdifferentmediums/manganese nitrate in water/Lissajousfigure20kHz-0003/Lissajousfigure20kHz-0003_20.csv,20,119994.81622405129,19990.404605807908,voltage activity-envelope rising edges,0.00047976970960462496,8.21358276,1,1,False,7.9047679999999945,76.56179090194358,73.94168582809773,3679.931444790785,3679.931444790785,73563.31850300306,0.4812500000000001,0.4812500000000001,0.7811049186363993,False,False,False,724.6995416977412,745.0982189553341,733.2269137681518,214244.00458225113,1.3371621120384131e+17,1.0524776766607269e+18,513.0,977.0,0.5250767656090072,61.47453305437206,8.749879732703834e+16,174.75255293012677,191.54161868842294,665.5592631500023,207643.4524884367,1.2959660552544949e+17,2.6054467696165094e+17,599.0,1054.0,0.5683111954459203,80.84927550577656,1.1394316881172195e+17,-6600.552093814418
5mM_Mn_nitrate_in_water_20kHz,5mM_Mn_nitrate_in_water,20,Lissajouswaveformsdifferentmediums/manganese nitrate in water/Lissajousfigure20kHz-0003/Lissajousfigure20kHz-0003_21.csv,21,119994.81622405129,19990.404605807908,voltage activity-envelope rising edges,0.00047976970960462496,8.0554874,1,1,False,7.9047679999999945,77.98167898849222,74.94168886423996,3731.9682726006567,3731.9682726006567,74603.55574532515,0.48541656358504975,0.48541656358504975,0.7847388095394711,False,False,False,744.5906135382381,778.0417827838675,755.838818260334,216317.61258299093,1.3501041313925392e+17,1.0902814022364886e+18,638.0,919.0,0.6942328618063112,61.47453305437206,8.742988662907925e+16,184.02852426364564,215.75580858049543,666.1603192916932,209572.20271837618,1.3080039731233718e+17,3.134706508461982e+17,631.0,1069.0,0.5902712815715622,80.84927550577656,1.1837087585194278e+17,-6745.409864614747
5mM_Mn_nitrate_in_water_20kHz,5mM_Mn_nitrate_in_water,20,Lissajouswaveformsdifferentmediums/manganese nitrate in water/Lissajousfigure20kHz-0003/Lissajousfigure20kHz-0003_22.csv,22,119994.81622405129,19990.404605807908,voltage activity-envelope rising edges,0.00047976970960462496,8.21358276,1,1,False,7.9047679999999945,76.67218785206416,74.94168886423996,3771.5930804987033,3771.5930804987033,75395.67168763452,0.48333333333333595,0.48333333333333595,0.7815183669991356,False,False,False,730.8179618136727,750.0026284008552,738.223736212604,220959.15762163556,1.3790734282421634e+17,1.0615495318373404e+18,677.0,982.0,0.6894093686354379,61.47453305437206,8.750086306258373e+16,172.9306377457096,191.09038901103165,673.1493384048301,213535.36427277047,1.3327392719465826e+17,2.6023806147855728e+17,653.0,1066.0,0.6125703564727955,80.84927550577656,1.1215516863499162e+17,-7423.793348865089
5mM_Mn_nitrate_in_water_20kHz,5mM_Mn_nitrate_in_water,20,Lissajouswaveformsdifferentmediums/manganese nitrate in water/Lissajousfigure20kHz-0003/Lissajousfigure20kHz-0003_23.csv,23,119994.81622405129,19990.404605807908,voltage activity-envelope rising edges,0.00047976970960462496,8.21358276,1,1,False,7.9047679999999945,77.17395631232782,74.94168886423996,3784.6761589230186,3784.6761589230186,75657.20771882609,0.4833332298343796,0.4833332298343796,0.7814499582679076,False,False,False,741.8776415827083,773.1153656341015,753.6240404110019,224255.75516909984,1.3996484979982726e+17,1.0869848824813123e+18,745.0,944.0,0.7891949152542372,61.47453305437206,8.716258501393221e+16,187.17084684533668,668.4976523490978,671.9516866546949,213610.20701840625,1.3332063883264328e+17,8.38596124759464e+17,670.0,1063.0,0.6302916274694261,80.84927550577656,1.19530793770841e+17,-10645.54815069359
5mM_Mn_nitrate_in_water_20kHz,5mM_Mn_nitrate_in_water,20,Lissajouswaveformsdifferentmediums/manganese nitrate in water/Lissajousfigure20kHz-0003/Lissajousfigure20kHz-0003_24.csv,24,119994.81622405129,19990.404605807908,voltage activity-envelope rising edges,0.00047976970960462496,8.21358276,1,1,False,7.9047679999999945,77.85340139795285,73.94168886423995,3697.42734498894,3697.42734498894,73913.068626907,0.4854166666666804,0.4854166666666804,0.7932095318152971,False,False,False,724.3164760543301,743.0614407448128,733.4289739281311,211944.69243088027,1.3228114043088893e+17,1.0569508201122575e+18,421.0,804.0,0.5236318407960199,61.47453305437206,8.78799629360286e+16,165.80929540897208,182.26707407489303,684.2006041306461,204464.85467974123,1.2761274578221725e+17,2.3606462664875635e+17,602.0,1069.0,0.5631431244153414,80.84927550577656,1.0700700677927182e+17,-7479.837751139043
5mM_Mn_nitrate_in_water_20kHz,5mM_Mn_nitrate_in_water,20,Lissajouswaveformsdifferentmediums/manganese nitrate in water/Lissajousfigure20kHz-0003/Lissajousfigure20kHz-0003_25.csv,25,119994.81622405129,19990.404605807908,voltage activity-envelope rising edges,0.00047976970960462496,8.21358276,1,1,False,7.9047679999999945,77.87772216784141,73.94168886423995,3692.958647204957,3692.958647204957,73823.73755014411,0.48541666666667166,0.48541666666667166,0.7896137572212002,False,False,False,720.1618935502372,739.6763513647592,730.5921379347084,210084.5121931143,1.3112014526542173e+17,1.0508010198035146e+18,415.0,831.0,0.4993983152827918,61.47453305437206,8.78799629360286e+16,165.74272373823152,184.43650230353273,680.3288897945428,202528.295102294,1.2640407994360171e+17,2.3555415762449197e+17,611.0,1052.0,0.5807984790874525,80.84927550577656,1.0579577207209462e+17,-7556.2170908202825
5mM_Mn_nitrate_in_water_20kHz,5mM_Mn_nitrate_in_water,20,Lissajouswaveformsdifferentmediums/manganese nitrate in water/Lissajousfigure20kHz-0003/Lissajousfigure20kHz-0003_26.csv,26,119994.81622405129,19990.404605807908,voltage activity-envelope rising edges,0.00047976970960462496,8.21358276,1,1,False,7.9047679999999945,70.55739147975876,68.94557373473836,3724.6974133133326,3724.6974133133326,74458.20832633965,0.4833332298343795,0.4833332298343795,0.7786022025754281,False,False,False,640.650338539692,737.1229365651168,712.338093880461,230539.5918123818,1.4388678371532661e+17,1.0408087689850097e+18,767.0,986.0,0.7778904665314401,61.47453305437206,8.749934704057146e+16,139.7429477937615,194.91943645268464,656.1146000300828,222437.04999226128,1.3882974048361627e+17,2.742311064503489e+17,760.0,1064.0,0.7142857142857143,80.84927550577656,1.1508705835892904e+17,-8102.541820120532
5mM_Mn_nitrate_in_water_20kHz,5mM_Mn_nitrate_in_water,20,Lissajouswaveformsdifferentmediums/manganese nitrate in water/Lissajousfigure20kHz-0003/Lissajousfigure20kHz-0003_27.csv,27,119994.81622405129,19990.404605807908,voltage activity-envelope rising edges,0.00047976970960462496,8.21358276,1,1,False,7.9047679999999945,70.73929008292221,70.94557664437467,3761.505549347478,3761.505549347478,75194.01785844783,0.4833333333333326,0.4833333333333326,0.7811527140309049,False,False,False,676.1702637550636,696.2390491223643,684.3574441294878,231467.98479218205,1.444662220618474e+17,9.887357457135948e+17,781.0,978.0,0.7985685071574642,61.47453305437206,8.75009190471758e+16,156.82370734248596,175.25433442806383,652.7964365941223,225216.89892372114,1.4056472890281915e+17,2.3310832978246432e+17,796.0,1058.0,0.7523629489603024,80.84927550577656,1.1216105620627499e+17,-6251.085868460912
5mM_Mn_nitrate_in_water_20kHz,5mM_Mn_nitrate_in_water,20,Lissajouswaveformsdifferentmediums/manganese nitrate in water/Lissajousfigure20kHz-0003/Lissajousfigure20kHz-0003_28.csv,28,119994.81622405129,19990.404605807908,voltage activity-envelope rising edges,0.00047976970960462496,8.21358276,1,1,False,7.9047679999999945,70.22686469987009,70.94557664437467,3715.380505622193,3715.380505622193,74271.95957191881,0.4833333333333313,0.4833333333333313,0.7861918438496691,False,False,False,669.6978261018704,702.0981925705498,682.8729415199634,228413.73057048663,1.4255996893996992e+17,9.937186613322062e+17,752.0,937.0,0.8025613660618997,61.47453305437206,8.750086306258611e+16,156.60628743561617,171.69914239415246,649.5001567199059,222682.74239902236,1.3898308460084232e+17,2.3104119483366634e+17,794.0,1052.0,0.7547528517110266,80.84927550577656,1.1075244758021038e+17,-5730.988171464269
5mM_Mn_nitrate_in_water_20kHz,5mM_Mn_nitrate_in_water,20,Lissajouswaveformsdifferentmediums/manganese nitrate in water/Lissajousfigure20kHz-0003/Lissajousfigure20kHz-0003_29.csv,29,119994.81622405129,19990.404605807908,voltage activity-envelope rising edges,0.00047976970960462496,8.21358276,1,1,False,7.9047679999999945,67.56329653471782,68.94557373473836,3691.047594615624,3691.047594615624,73785.53483566036,0.485416666666663,0.485416666666663,0.791095733351132,False,False,False,650.2454533100463,670.7869534472146,659.8839324198383,229829.52376523198,1.4344360861156152e+17,9.476873348418113e+17,716.0,847.0,0.8453364817001181,61.47453305437206,8.750086306258806e+16,157.51965365851225,173.55511099561062,637.9639655199635,224184.55955049943,1.3992041444495174e+17,2.3183177349491053e+17,796.0,1060.0,0.7509433962264151,80.84927550577656,1.0997080883655061e+17,-5644.96421473255
5mM_Mn_nitrate_in_water_20kHz,5mM_Mn_nitrate_in_water,20,Lissajouswaveformsdifferentmediums/manganese nitrate in water/Lissajousfigure20kHz-0003/Lissajousfigure20kHz-0003_30.csv,30,119994.81622405129,19990.404605807908,voltage activity-envelope rising edges,0.00047976970960462496,8.21358276,1,1,False,7.9047679999999945,64.78376058143284,66.94557082510207,3523.234030774986,3523.234030774986,70430.87379614344,0.4833334301549234,0.4833334301549234,0.7951435055980521,False,False,False,597.7653842134697,625.6054778065154,610.1226869993801,224650.74270790003,1.402113735579323e+17,8.873575354533372e+17,602.0,799.0,0.753441802252816,61.47453305437206,8.78799629360203e+16,130.74407992770668,618.3011149830131,634.5144780911775,212835.12296223268,1.3283688525663016e+17,7.758611848348872e+17,782.0,1063.0,0.735653809971778,80.84927550577656,1.0359287263297072e+17,-11815.619745667354
5mM_Mn_nitrate_in_water_20kHz,5mM_Mn_nitrate_in_water,20,Lissajouswaveformsdifferentmediums/manganese nitrate in water/Lissajousfigure20kHz-0003/Lissajousfigure20kHz-0003_31.csv,31,119994.81622405129,19990.404605807908,voltage activity-envelope rising edges,0.00047976970960462496,8.21358276,1,1,False,7.9047679999999945,65.4441940981426,67.94557373473836,3697.211162740161,3697.211162740161,73908.74705628533,0.47916666666666013,0.47916666666666013,0.7740132314541827,False,False,False,632.3620676238605,678.0875437888225,652.4488771817613,232905.38750559048,1.4536334889247152e+17,9.50625203043481e+17,745.0,962.0,0.7744282744282744,61.47453305437206,8.820249062142958e+16,158.23035702876027,194.6133783451551,630.6223450841259,227194.06308758614,1.4179873730102635e+17,2.7978197899713392e+17,731.0,1048.0,0.6975190839694656,80.84927550577656,1.1759780021313374e+17,-5711.32441800434
5mM_Mn_nitrate_in_water_20kHz,5mM_Mn_nitrate_in_water,20,Lissajouswaveformsdifferentmediums/manganese nitrate in water/Lissajousfigure20kHz-0003/Lissajousfigure20kHz-0003_32.csv,32,119994.81622405129,19990.404605807908,voltage activity-envelope rising edges,0.00047976970960462496,8.21358276,1,1,False,7.9047679999999945,64.53129641743736,66.94557082510207,3603.029487054774,3603.029487054774,72026.01725288146,0.48125009640426586,0.48125009640426586,0.7859551470286112,False,False,False,604.7390569956461,627.4050302123962,615.6405016423037,228562.98472718042,1.4265312300688738e+17,8.929138524565755e+17,693.0,834.0,0.8309352517985612,61.47453305437206,8.791785777480371e+16,128.4556604493264,146.73617474155165,632.975829963893,222596.51632767223,1.389292682824328e+17,1.9250419494749715e+17,792.0,1057.0,0.7492904446546831,80.84927550577656,1.0927553508072414e+17,-5966.468399508187
5mM_Mn_nitrate_in_water_20kHz,5mM_Mn_nitrate_in_water,20,Lissajouswaveformsdifferentmediums/manganese nitrate in water/Lissajousfigure20kHz-0003/Lissajousfigure20kHz-0003_33.csv,33,119994.81622405129,19990.404605807908,voltage activity-envelope rising edges,0.00047976970960462496,8.21358276,1,-1,True,7.9047679999999945,64.05613207964512,65.94946164137902,3661.691673732099,3661.691673732099,73198.69809962262,0.48333322983437965,0.48333322983437965,0.7816567964705448,False,False,False,603.0073000998985,641.793970246082,620.4395196292883,239710.12796542578,1.4961039475164906e+17,9.011379894634682e+17,739.0,948.0,0.7795358649789029,61.47453305437206,8.767299582866938e+16,131.21419458950226,164.1947512012197,628.9723173625283,233959.24435561302,1.4602109306324074e+17,2.3462323051515856e+17,797.0,1021.0,0.7806072477962782,80.84927550577656,1.1862231566349683e+17,-5750.883609812765
5mM_Mn_nitrate_in_water_20kHz,5mM_Mn_nitrate_in_water,20,Lissajouswaveformsdifferentmediums/manganese nitrate in water/Lissajousfigure20kHz-0003/Lissajousfigure20kHz-0003_34.csv,34,119994.81622405129,19990.404605807908,voltage activity-envelope rising edges,0.00047976970960462496,8.21358276,1,-1,True,7.9047679999999945,63.612293121200956,65.94946164137902,3577.450541929972,3577.450541929972,71514.68379044691,0.4854166666666543,0.4854166666666543,0.7953827506521871,False,False,False,586.9482178712096,607.0848512687833,596.6766719485186,233460.42585932335,1.4570976524087152e+17,8.570851982928498e+17,775.0,821.0,0.9439707673568819,61.47453305437206,8.74284330642239e+16,124.65733738356124,606.7518571820697,620.902134798832,225173.51215634597,1.4053764989931984e+17,7.587935470086469e+17,782.0,1064.0,0.7349624060150376,80.84927550577656,1.1180540766296493e+17,-8286.913702977385
5mM_Mn_nitrate_in_water_20kHz,5mM_Mn_nitrate_in_water,20,Lissajouswaveformsdifferentmediums/manganese nitrate in water/Lissajousfigure20kHz-0003/Lissajousfigure20kHz-0003_35.csv,35,119994.81622405129,19990.404605807908,voltage activity-envelope rising edges,0.00047976970960462496,8.21358276,1,1,False,7.9047679999999945,64.91538241658058,66.94557082510207,3722.1664590482715,3722.1664590482715,74407.61352654228,0.4812500964042648,0.4812500964042648,0.7796275743877263,False,False,False,623.8641250253883,655.0318662202628,635.67995843927,242437.38490350323,1.513125589053213e+17,9.15842431924225e+17,760.0,963.0,0.7892004153686397,61.47453305437206,8.74662598818292e+16,153.47749690797602,179.08242783408227,630.0101419484524,236034.21380001088,1.473161447171231e+17,2.6066214893407712e+17,804.0,1043.0,0.7708533077660594,80.84927550577656,1.2051873156723182e+17,-6403.17110349235
5mM_Mn_nitrate_in_water_20kHz,5mM_Mn_nitrate_in_water,20,Lissajouswaveformsdifferentmediums/manganese nitrate in water/Lissajousfigure20kHz-0003/Lissajousfigure20kHz-0003_36.csv,36,119994.81622405129,19990.404605807908,voltage activity-envelope rising edges,0.00047976970960462496,8.21358276,1,1,False,7.9047679999999945,65.45134960274741,67.94557373473836,3739.655073126916,3739.655073126916,74757.21799796922,0.485416666666663,0.485416666666663,0.7839005365819944,False,False,False,628.4627184241243,653.4517864367009,639.3651717784336,242986.1630277452,1.5165506805374893e+17,9.171598358908193e+17,794.0,892.0,0.8901345291479821,61.47453305437206,8.711135783283555e+16,156.97139451676534,178.50491083147776,632.363054302648,238239.61586100614,1.4869260334126262e+17,2.616276193041922e+17,801.0,1045.0,0.7665071770334928,80.84927550577656,1.1930389353200552e+17,-4746.547166739067
5mM_Mn_nitrate_in_water_20kHz,5mM_Mn_nitrate_in_water,20,Lissajouswaveformsdifferentmediums/manganese nitrate in water/Lissajousfigure20kHz-0003/Lissajousfigure20kHz-0003_37.csv,37,119994.81622405129,19990.404605807908,voltage activity-envelope rising edges,0.00047976970960462496,8.21358276,1,1,False,7.9047679999999945,65.22938986244296,67.94557373473836,3729.01798285558,3729.01798285558,74544.5782596167,0.4833333333333316,0.4833333333333316,0.7802835326746901,False,False,False,622.5030279843397,638.1460389714622,629.4797623313227,242126.03295471094,1.5111823466728902e+17,9.014429690221102e+17,796.0,991.0,0.8032290615539859,61.47453305437206,8.729700064705678e+16,147.6914976005042,165.0890343575798,630.9457072763009,235813.25055433027,1.471782348228167e+17,2.2983843335450922e+17,801.0,1051.0,0.7621313035204567,80.84927550577656,1.1595243445805475e+17,-6312.7824003806745
5mM_Mn_nitrate_in_water_20kHz,5mM_Mn_nitrate_in_water,20,Lissajouswaveformsdifferentmediums/manganese nitrate in water/Lissajousfigure20kHz-0003/Lissajousfigure20kHz-0003_38.csv,38,119994.81622405129,19990.404605807908,voltage activity-envelope rising edges,0.00047976970960462496,8.21358276,1,1,False,7.9047679999999945,65.32505301529552,67.94557373473836,3707.8458561880525,3707.8458561880525,74121.33888116741,0.48333333333334,0.48333333333334,0.7844602411273441,False,False,False,621.4032457371541,641.5218133670123,630.7744978253268,241030.37833850074,1.5043440323707795e+17,9.039522273652649e+17,795.0,966.0,0.8229813664596274,61.47453305437206,8.722474138981947e+16,148.90135922697684,619.0659779973148,631.0282361027109,232946.91618088336,1.4538926820408682e+17,7.784270731969775e+17,787.0,1062.0,0.7410546139359698,80.84927550577656,1.1494460396394962e+17,-8083.462157617381
5mM_Mn_nitrate_in_water_20kHz,5mM_Mn_nitrate_in_water,20,Lissajouswaveformsdifferentmediums/manganese nitrate in water/Lissajousfigure20kHz-0003/Lissajousfigure20kHz-0003_39.csv,39,119994.81622405129,19990.404605807908,voltage activity-envelope rising edges,0.00047976970960462496,8.21358276,1,1,False,7.9047679999999945,65.413883455378,66.94557082510207,3673.466695878667,3673.466695878667,73434.08555657486,0.48333333333336637,0.48333333333336637,0.7894734144100155,False,False,False,618.7257441585724,638.204854130144,625.8379667684089,236180.64628642896,1.474075376936461e+17,9.010021568673508e+17,782.0,891.0,0.877665544332211,61.47453305437206,8.742988662906285e+16,143.37335685700023,616.9433670641184,632.0907837409279,228797.12386500294,1.427992563769446e+17,7.72867745912775e+17,784.0,1063.0,0.7375352775164629,80.84927550577656,1.1174623642717968e+17,-7383.522421426023
5mM_Mn_nitrate_in_water_20kHz,5mM_Mn_nitrate_in_water,20,Lissajouswaveformsdifferentmediums/manganese nitrate in water/Lissajousfigure20kHz-0003/Lissajousfigure20kHz-0003_40.csv,40,119994.81622405129,19990.404605807908,voltage activity-envelope rising edges,0.00047976970960462496,8.21358276,1,1,False,7.9047679999999945,65.47492569339087,66.94557082510207,3734.656243043118,3734.656243043118,74657.2893620384,0.483333333333331,0.483333333333331,0.7791917842312104,False,False,False,623.7824277097692,645.5701126793155,634.3390555710854,239120.4630943241,1.4924236693870064e+17,9.13358014907714e+17,789.0,983.0,0.8026449643947101,61.47453305437206,8.750086306258373e+16,145.46055756628638,168.253606664514,634.9088261144367,231416.47738554754,1.4443407471995312e+17,2.248408993453407e+17,792.0,1067.0,0.7422680412371134,80.84927550577656,1.130489580291678e+17,-7703.98570877657
5mM_Mn_nitrate_in_water_20kHz,5mM_Mn_nitrate_in_water,20,Lissajouswaveformsdifferentmediums/manganese nitrate in water/Lissajousfigure20kHz-0003/Lissajousfigure20kHz-0003_41.csv,41,119994.81622405129,19990.404605807908,voltage activity-envelope rising edges,0.00047976970960462496,8.21358276,1,1,False,7.9047679999999945,64.97580862561107,67.94557373473836,3763.3412683092406,3763.3412683092406,75230.71462323601,0.48333333333332723,0.48333333333332723,0.7757002928812332,False,False,False,625.31802441875,646.4000286067759,634.2124604847688,242278.18548732955,1.512131976989337e+17,9.122625031813248e+17,794.0,995.0,0.7979899497487437,61.47453305437206,8.749900390058432e+16,151.33034825273864,171.8860750339132,631.6945321983543,235010.8358262427,1.466774233417055e+17,2.375851532578845e+17,795.0,1067.0,0.7450796626054358,80.84927550577656,1.1481510384404517e+17,-7267.349661086861
5mM_Mn_nitrate_in_water_20kHz,5mM_Mn_nitrate_in_water,20,Lissajouswaveformsdifferentmediums/manganese nitrate in water/Lissajousfigure20kHz-0003/Lissajousfigure20kHz-0003_42.csv,42,119994.81622405129,19990.404605807908,voltage activity-envelope rising edges,0.00047976970960462496,8.21358276,1,1,False,7.9047679999999945,64.74613724891081,66.94557082510207,3706.6422844017984,3706.6422844017984,74097.27899418806,0.4833333333333315,0.4833333333333315,0.7807252700242504,False,False,False,616.8160096818403,638.0705052846246,624.8419180330042,238821.5281464177,1.490557925292631e+17,9.025117135323725e+17,794.0,989.0,0.8028311425682507,61.47453305437206,8.750086306259326e+16,142.78251244352722,163.54726697738522,628.0609353773729,232318.8283233241,1.449972594345545e+17,2.28251779188919e+17,797.0,1039.0,0.7670837343599615,80.84927550577656,1.1444812580952947e+17,-6502.699823093601
5mM_Mn_nitrate_in_water_20kHz,5mM_Mn_nitrate_in_water,20,Lissajouswaveformsdifferentmediums/manganese nitrate in water/Lissajousfigure20kHz-0003/Lissajousfigure20kHz-0003_43.csv,43,119994.81622405129,19990.404605807908,voltage activity-envelope rising edges,0.00047976970960462496,8.21358276,1,1,False,7.9047679999999945,64.5355104252443,66.94557082510207,3684.1038432336213,3684.1038432336213,73646.72643605199,0.4833334301549315,0.4833334301549315,0.7844176007820098,False,False,False,610.6126732876616,632.6647784807703,617.5207353723246,237784.3091982272,1.4840843257997866e+17,8.984028684519206e+17,791.0,952.0,0.8308823529411765,61.47453305437206,8.74990039005826e+16,138.21972546364145,158.35150630202656,628.453869578255,232000.3615118012,1.447984945939045e+17,2.1138421384235174e+17,796.0,1038.0,0.766859344894027,80.84927550577656,1.119656317401027e+17,-5783.947686425992
5mM_Mn_nitrate_in_water_20kHz,5mM_Mn_nitrate_in_water,20,Lissajouswaveformsdifferentmediums/manganese nitrate in water/Lissajousfigure20kHz-0003/Lissajousfigure20kHz-0003_44.csv,44,119994.81622405129,19990.404605807908,current activity-envelope autocorrelation,0.00047976970960462496,8.0554874,1,1,False,7.9047679999999945,65.4849489131675,68.94557373473836,3.100006201562401,3.100006201562401,61.9703782497461,0.0,0.0,0.9894436499942051,False,False,False,7.284450865685774,676.297227413406,666.890475488208,46438.933055234476,2.898395309872402e+16,9.459257671610314e+17,142.0,261.0,0.5440613026819924,61.47453305437206,1.4757455996426e+17,178.29796079655716,195.33519182426195,647.8996756424339,36474.15061850552,2.276462875633183e+16,3.000085754908943e+17,116.0,177.0,0.655367231638418,80.84927550577656,1.2563234274851448e+17,-9964.782436728958
5mM_Mn_nitrate_in_water_20kHz,5mM_Mn_nitrate_in_water,20,Lissajouswaveformsdifferentmediums/manganese nitrate in water/Lissajousfigure20kHz-0003/Lissajousfigure20kHz-0003_45.csv,45,119994.81622405129,19990.404605807908,voltage activity-envelope rising edges,0.00047976970960462496,8.21358276,1,-1,True,7.9047679999999945,62.98632868646084,65.94946164137902,3605.8158019882458,3605.8158019882458,72081.71681576077,0.4833333333333315,0.4833333333333315,0.7764247946392023,False,False,False,583.4249699883704,599.8461802935275,591.0251969003273,233902.84861172352,1.459858947611196e+17,8.472665852430666e+17,789.0,987.0,0.7993920972644377,61.47453305437206,8.750086306260106e+16,122.45437729640305,139.31820794845024,616.2421484710752,226592.45020690718,1.4142325237124885e+17,1.9367151238543242e+17,791.0,1060.0,0.7462264150943396,80.84927550577656,1.1372647883017555e+17,-7310.39840481634
5mM_Mn_nitrate_in_water_20kHz,5mM_Mn_nitrate_in_water,20,Lissajouswaveformsdifferentmediums/manganese nitrate in water/Lissajousfigure20kHz-0003/Lissajousfigure20kHz-0003_46.csv,46,119994.81622405129,19990.404605807908,voltage activity-envelope rising edges,0.00047976970960462496,8.21358276,1,-1,True,7.9047679999999945,62.614302860801814,65.94946164137902,3584.285055303073,3584.285055303073,71651.30847805901,0.4833333333333316,0.4833333333333316,0.777874233108992,False,False,False,584.1280681125907,606.6167245707081,591.2683792930708,232005.52776483665,1.4480171900983795e+17,8.6376240996499e+17,787.0,987.0,0.7973657548125633,61.47453305437206,8.750598059077893e+16,123.76548942385898,140.90382317385908,616.7554541765264,224332.7349921805,1.4001289525296168e+17,1.882463680896583e+17,787.0,1060.0,0.7424528301886792,80.84927550577656,1.128389731182133e+17,-7672.792772656132
5mM_Mn_nitrate_in_water_20kHz,5mM_Mn_nitrate_in_water,20,Lissajouswaveformsdifferentmediums/manganese nitrate in water/Lissajousfigure20kHz-0003/Lissajousfigure20kHz-0003_47.csv,47,119994.81622405129,19990.404605807908,voltage activity-envelope rising edges,0.00047976970960462496,8.21358276,1,1,False,7.9047679999999945,64.3292705212278,66.94557082510207,3638.593914557316,3638.593914557316,72736.9645482312,0.4833333333333348,0.4833333333333348,0.7784696484450944,False,False,False,601.6113424421084,622.2919657968937,610.867908659899,232377.5878721013,1.4503393305933043e+17,8.81975793245213e+17,782.0,988.0,0.791497975708502,61.47453305437206,8.753857400138843e+16,131.30892919136377,149.37617718077067,622.767950249208,226512.87510703097,1.4137358712678909e+17,2.022532826896955e+17,796.0,1036.0,0.7683397683397684,80.84927550577656,1.1237162057076906e+17,-5864.712765070348
5mM_Mn_nitrate_in_water_20kHz,5mM_Mn_nitrate_in_water,20,Lissajouswaveformsdifferentmediums/manganese nitrate in water/Lissajousfigure20kHz-0003/Lissajousfigure20kHz-0003_48.csv,48,119994.81622405129,19990.404605807908,voltage activity-envelope rising edges,0.00047976970960462496,8.21358276,1,-1,True,7.9047679999999945,63.254850746553494,65.94946164137902,3579.8698305031,3579.8698305031,71563.04634788194,0.48749989733568555,0.48749989733568555,0.7899199397404005,False,False,False,583.3539083198526,603.6078633561073,593.9674737426362,229277.49882297972,1.4309907302508422e+17,8.582343538026958e+17,757.0,859.0,0.8812572759022119,61.47453305437206,8.762657683777784e+16,122.90750496568458,140.71314232678614,617.5065522471438,223147.18890233926,1.3927295981509397e+17,1.8370058018319776e+17,796.0,1053.0,0.7559354226020892,80.84927550577656,1.0827580088627437e+17,-6130.309920640459
5mM_Mn_nitrate_in_water_20kHz,5mM_Mn_nitrate_in_water,20,Lissajouswaveformsdifferentmediums/manganese nitrate in water/Lissajousfigure20kHz-0003/Lissajousfigure20kHz-0003_49.csv,49,119994.81622405129,19990.404605807908,voltage activity-envelope rising edges,0.00047976970960462496,8.21358276,1,-1,True,7.9047679999999945,61.128566030175186,63.949461641379024,3542.517069324267,3542.517069324267,70816.34953877295,0.48750000000000304,0.48750000000000304,0.7870768838102452,False,False,False,558.1011753781378,586.9444297188719,572.2926063998091,230933.0135836657,1.4413233023021632e+17,8.344867238507282e+17,769.0,899.0,0.8553948832035595,61.47453305437206,8.784708172399995e+16,121.78584051221638,140.45762973462297,601.7131222818408,226114.16612138163,1.4112474070031424e+17,1.8524774324764643e+17,795.0,1036.0,0.7673745173745173,80.84927550577656,1.1029238885241869e+17,-4818.847462284088
5mM_Mn_nitrate_in_water_20kHz,5mM_Mn_nitrate_in_water,20,Lissajouswaveformsdifferentmediums/manganese nitrate in water/Lissajousfigure20kHz-0003/Lissajousfigure20kHz-0003_50.csv,50,119994.81622405129,19990.404605807908,voltage activity-envelope rising edges,0.00047976970960462496,8.0554874,1,-1,True,7.9047679999999945,61.31295992820335,63.949461641379024,3513.7761716725463,3513.7761716725463,70241.80736598096,0.4874999999999943,0.4874999999999943,0.7903324027892837,False,False,False,561.8874318596263,583.0813462000712,571.6395503586991,229173.32176621087,1.4303405294971426e+17,8.243801487603798e+17,716.0,862.0,0.8306264501160093,61.47453305437206,8.78453084857299e+16,119.63787568225972,139.20145888142687,599.7458898669335,223388.4281138457,1.3942352455747422e+17,1.8537644948393498e+17,796.0,1052.0,0.7566539923954373,80.84927550577656,1.0962131285620722e+17,-5784.893652365165
5mM_Mn_nitrate_in_water_20kHz,5mM_Mn_nitrate_in_water,20,Lissajouswaveformsdifferentmediums/manganese nitrate in water/Lissajousfigure20kHz-0003/Lissajousfigure20kHz-0003_51.csv,51,119994.81622405129,19990.404605807908,voltage activity-envelope rising edges,0.00047976970960462496,8.21358276,1,-1,True,7.9047679999999945,59.62879980202018,63.94946164137901,3498.8379939874544,3498.8379939874544,69943.1871499825,0.4833333333333316,0.4833333333333316,0.7813042203427341,False,False,False,550.3243000631828,575.3356530601263,560.9266981984774,231213.87275263798,1.4430762299525805e+17,8.13088023558736e+17,780.0,976.0,0.7991803278688525,61.47453305437206,8.757078574255362e+16,122.7610372684471,145.2751394096238,578.4214692940219,224071.71672057998,1.3984998579651526e+17,2.002946696954151e+17,795.0,1062.0,0.748587570621469,80.84927550577656,1.1307425402153664e+17,-7142.156032058003
5mM_Mn_nitrate_in_water_20kHz,5mM_Mn_nitrate_in_water,20,Lissajouswaveformsdifferentmediums/manganese nitrate in water/Lissajousfigure20kHz-0003/Lissajousfigure20kHz-0003_52.csv,52,119994.81622405129,19990.404605807908,voltage activity-envelope rising edges,0.00047976970960462496,8.21358276,1,-1,True,7.9047679999999945,60.33073073098875,62.94946164137901,3492.591857499671,3492.591857499671,69818.32435436861,0.48541656358504526,0.48541656358504526,0.7839025306511702,False,False,False,546.2380049145188,565.5188945118307,552.9691800397032,226994.78187627735,1.4167435982501586e+17,8.04444818111508e+17,765.0,946.0,0.8086680761099366,61.47453305437206,8.78799629360286e+16,116.84143311935915,134.61469870938265,587.7190530635656,221552.56577942963,1.3827770693644619e+17,1.7817661503681203e+17,795.0,1047.0,0.7593123209169055,80.84927550577656,1.0942011604705822e+17,-5442.216096847726
5mM_Mn_nitrate_in_water_20kHz,5mM_Mn_nitrate_in_water,20,Lissajouswaveformsdifferentmediums/manganese nitrate in water/Lissajousfigure20kHz-0003/Lissajousfigure20kHz-0003_53.csv,53,119994.81622405129,19990.404605807908,voltage activity-envelope rising edges,0.00047976970960462496,8.0554874,1,-1,True,7.9047679999999945,60.69555718034341,63.94946164137901,3526.2598972138767,3526.2598972138767,70491.36209053999,0.48541666666668026,0.48541666666668026,0.7868441021416218,False,False,False,557.9799841373039,573.4285471107444,564.4295315365866,229669.60031990852,1.4334379551652059e+17,8.111614633474436e+17,786.0,931.0,0.8442534908700322,61.47453305437206,8.750086306258373e+16,121.44988113848487,141.5412957936228,588.6171831575673,223048.31168756762,1.3921124753259891e+17,1.8809729863514163e+17,790.0,1054.0,0.7495256166982922,80.84927550577656,1.102793108515354e+17,-6621.288632340904
5mM_Mn_nitrate_in_water_20kHz,5mM_Mn_nitrate_in_water,20,Lissajouswaveformsdifferentmediums/manganese nitrate in water/Lissajousfigure20kHz-0003/Lissajousfigure20kHz-0003_54.csv,54,119994.81622405129,19990.404605807908,voltage activity-envelope rising edges,0.00047976970960462496,8.21358276,1,-1,True,7.9047679999999945,61.29857538594899,63.949461641379024,3541.257592379595,3541.257592379595,70791.17208505727,0.4854166666666456,0.4854166666666456,0.7821714791153641,False,False,False,554.2080437323533,577.411305679395,564.9075598983031,229983.17708432328,1.4353950832977229e+17,8.182667492797747e+17,782.0,979.0,0.7987742594484167,61.47453305437206,8.750086306260106e+16,109.90973399433126,138.43926624620292,599.5115003875228,223455.40865919716,1.3946532915670317e+17,1.874175656100735e+17,795.0,1046.0,0.760038240917782,80.84927550577656,1.121551686349966e+17,-6527.7684251261235
5mM_Mn_nitrate_in_water_20kHz,5mM_Mn_nitrate_in_water,20,Lissajouswaveformsdifferentmediums/manganese nitrate in water/Lissajousfigure20kHz-0003/Lissajousfigure20kHz-0003_55.csv,55,119994.81622405129,19990.404605807908,voltage activity-envelope rising edges,0.00047976970960462496,8.0554874,1,-1,True,7.9047679999999945,62.281543574932876,64.94946164137902,3543.8007369897614,3543.8007369897614,70842.01057478559,0.48750000000000293,0.48750000000000293,0.7932773260983595,False,False,False,572.2782177986935,590.8608966027513,581.7705030980537,231277.12953324022,1.443471034794451e+17,8.359802411982971e+17,787.0,849.0,0.9269729093050648,61.47453305437206,8.741458250053965e+16,121.7124799417144,138.78465262176883,603.8111512894122,226483.78987882586,1.4135543414964898e+17,1.8436948298780918e+17,796.0,1034.0,0.769825918762089,80.84927550577656,1.1110253503072387e+17,-4793.339654414362
5mM_Mn_nitrate_in_water_20kHz,5mM_Mn_nitrate_in_water,20,Lissajouswaveformsdifferentmediums/manganese nitrate in water/Lissajousfigure20kHz-0003/Lissajousfigure20kHz-0003_56.csv,56,119994.81622405129,19990.404605807908,voltage activity-envelope rising edges,0.00047976970960462496,8.21358276,1,-1,True,7.9047679999999945,61.94680927933634,64.94946164137902,3576.49384192616,3576.49384192616,71495.55897028433,0.4854166666666672,0.4854166666666672,0.7843595141681469,False,False,False,573.9725608796664,591.0596740825403,581.4817839461739,231723.1387428135,1.446254714168931e+17,8.359165970835805e+17,787.0,951.0,0.8275499474237644,61.47453305437206,8.750086306258622e+16,123.8309642498449,143.04915653722628,604.1305374771098,225229.98411560332,1.405728957697743e+17,1.93971010053216e+17,792.0,1041.0,0.760806916426513,80.84927550577656,1.1237250682642374e+17,-6493.15462721017
5mM_Mn_nitrate_in_water_20kHz,5mM_Mn_nitrate_in_water,20,Lissajouswaveformsdifferentmediums/manganese nitrate in water/Lissajousfigure20kHz-0003/Lissajousfigure20kHz-0003_57.csv,57,119994.81622405129,19990.404605807908,voltage activity-envelope rising edges,0.00047976970960462496,8.21358276,1,-1,True,7.9047679999999945,62.18607696963645,64.94946164137902,3559.636153833214,3559.636153833214,71158.56696458782,0.4874999999999987,0.4874999999999987,0.7897465214072592,False,False,False,570.5829617047791,586.7871315177338,579.6334673271383,230474.47473591595,1.4384614216380845e+17,8.316012086828612e+17,790.0,878.0,0.8997722095671982,61.47453305437206,8.750086306258806e+16,119.57681248125753,139.5877577848435,604.6649907068715,225736.37607577886,1.4088895042171563e+17,1.84753161102941e+17,792.0,1032.0,0.7674418604651163,80.84927550577656,1.0985620057600954e+17,-4738.098660137097
5mM_Mn_nitrate_in_water_20kHz,5mM_Mn_nitrate_in_water,20,Lissajouswaveformsdifferentmediums/manganese nitrate in water/Lissajousfigure20kHz-0003/Lissajousfigure20kHz-0003_58.csv,58,119994.81622405129,19990.404605807908,voltage activity-envelope rising edges,0.00047976970960462496,8.0554874,1,-1,True,7.9047679999999945,62.34731691397661,64.94946164137902,3571.2068724562164,3571.2068724562164,71389.8703114416,0.4875000976562894,0.4875000976562894,0.7875054944467833,False,False,False,576.3730463045306,596.3451994885281,584.4504836223324,235156.3251463413,1.4676822765939056e+17,8.394883308385716e+17,796.0,942.0,0.8450106157112527,61.47453305437206,8.72263805707322e+16,121.81565569859418,143.45401393760073,604.2928823847278,229358.7842541169,1.4314980573939718e+17,1.952316481088682e+17,796.0,1064.0,0.7481203007518797,80.84927550577656,1.1258848435218498e+17,-5797.5408922243805
5mM_Mn_nitrate_in_water_20kHz,5mM_Mn_nitrate_in_water,20,Lissajouswaveformsdifferentmediums/manganese nitrate in water/Lissajousfigure20kHz-0003/Lissajousfigure20kHz-0003_59.csv,59,119994.81622405129,19990.404605807908,voltage activity-envelope rising edges,0.00047976970960462496,8.21358276,1,1,False,7.9047679999999945,62.99586128157748,65.94946164137902,3654.820687743124,3654.820687743124,73061.34430966216,0.48333333333336637,0.48333333333336637,0.7740778928338414,False,False,False,598.0381248479637,625.1758635419304,609.8455605810019,240005.63126214722,1.4979482736302077e+17,8.773547498054537e+17,796.0,994.0,0.8008048289738431,61.47453305437206,8.716228491055214e+16,142.04840353767705,598.2148380243259,607.973561837813,230205.54824359168,1.4367829694584747e+17,7.538127733372714e+17,788.0,1070.0,0.7364485981308411,80.84927550577656,1.1961053619362568e+17,-9800.083018555539
5mM_Mn_nitrate_in_water_20kHz,5mM_Mn_nitrate_in_water,20,Lissajouswaveformsdifferentmediums/manganese nitrate in water/Lissajousfigure20kHz-0003/Lissajousfigure20kHz-0003_60.csv,60,119994.81622405129,19990.404605807908,voltage activity-envelope rising edges,0.00047976970960462496,8.0554874,1,1,False,7.9047679999999945,63.82493836077558,65.94946164137902,3566.188605674961,3566.188605674961,71289.55312806442,0.4854166666666714,0.4854166666666714,0.7927429652256609,False,False,False,592.591558729936,609.2047093702921,601.8897907282532,229958.4065806743,1.4352404830369587e+17,8.622366815061002e+17,789.0,840.0,0.9392857142857143,61.47453305437206,8.743152166005352e+16,129.19964970852823,147.2627419529296,613.0920498298327,224884.3186433927,1.4035715541625488e+17,1.9637078925799126e+17,796.0,1050.0,0.758095238095238,80.84927550577656,1.1108557209277944e+17,-5074.087937281583
5mM_Mn_nitrate_in_water_20kHz,5mM_Mn_nitrate_in_water,20,Lissajouswaveformsdifferentmediums/manganese nitrate in water/Lissajousfigure20kHz-0003/Lissajousfigure20kHz-0003_61.csv,61,119994.81622405129,19990.404605807908,voltage activity-envelope rising edges,0.00047976970960462496,8.0554874,1,1,False,7.9047679999999945,63.89987093798952,65.94946164137902,3648.5648562926317,3648.5648562926317,72936.28770782109,0.48749989733571136,0.48749989733571136,0.7830549353906822,False,False,False,601.9180615442224,621.9427793136778,610.550454453361,236219.22465048256,1.4743161562612195e+17,8.766218437385582e+17,795.0,961.0,0.8272632674297606,61.47453305437206,8.742988662908618e+16,137.81971019003953,155.14455765159957,613.1485377064437,229861.21560777945,1.4346338845613538e+17,2.1425581172703853e+17,797.0,1063.0,0.7497648165569144,80.84927550577656,1.1346610452329984e+17,-6358.00904270311
5mM_Mn_nitrate_in_water_20kHz,5mM_Mn_nitrate_in_water,20,Lissajouswaveformsdifferentmediums/manganese nitrate in water/Lissajousfigure20kHz-0003/Lissajousfigure20kHz-0003_62.csv,62,119994.81622405129,19990.404605807908,voltage activity-envelope rising edges,0.00047976970960462496,8.21358276,1,1,False,7.9047679999999945,63.052154774317636,65.94946164137902,3631.1758162947813,3631.1758162947813,72588.67376255748,0.4854166666666627,0.4854166666666627,0.7772301673203706,False,False,False,585.2245382662571,604.4548899048574,592.9284914904425,231935.08285761214,1.447577521968061e+17,8.584367268789567e+17,789.0,993.0,0.7945619335347432,61.47453305437206,8.756912345403472e+16,127.29245030676488,600.7435317357274,610.0610334879988,222550.90705077286,1.389008021430203e+17,7.566322817301716e+17,780.0,1067.0,0.7310215557638238,80.84927550577656,1.1229333382107426e+17,-9384.175806839281
5mM_Mn_nitrate_in_water_20kHz,5mM_Mn_nitrate_in_water,20,Lissajouswaveformsdifferentmediums/manganese nitrate in water/Lissajousfigure20kHz-0003/Lissajousfigure20kHz-0003_63.csv,63,119994.81622405129,19990.404605807908,voltage activity-envelope rising edges,0.00047976970960462496,8.21358276,1,1,False,7.9047679999999945,63.570175810319306,65.94946164137902,3649.7999579782772,3649.7999579782772,72960.97789024646,0.48333333333334,0.48333333333334,0.7742303413447073,False,False,False,601.4309018381447,619.036428970281,610.2403408051061,236654.567020591,1.4770332606404486e+17,8.737760934376893e+17,796.0,992.0,0.8024193548387096,61.47453305437206,8.731329371199706e+16,142.20750567185942,155.99743724547892,612.1731353588194,229766.5936489806,1.4340433200854918e+17,2.1769231850726797e+17,795.0,1068.0,0.7443820224719101,80.84927550577656,1.1641607526312434e+17,-6887.973371610395
5mM_Mn_nitrate_in_water_20kHz,5mM_Mn_nitrate_in_water,20,Lissajouswaveformsdifferentmediums/manganese nitrate in water/Lissajousfigure20kHz-0003/Lissajousfigure20kHz-0003_64.csv,64,119994.81622405129,19990.404605807908,voltage activity-envelope rising edges,0.00047976970960462496,8.21358276,1,1,False,7.9047679999999945,62.71866752500119,64.94946164137902,3537.5643403669906,3537.5643403669906,70717.3424830141,0.4812499999999915,0.4812499999999915,0.7739893950852571,False,False,False,574.6661880647031,594.4086989618595,583.9306376439998,227218.15436479868,1.4181377340118797e+17,8.441492516860676e+17,788.0,995.0,0.7919597989949749,61.47453305437206,8.787846761327061e+16,120.93246649981819,138.44093828270982,607.248212142238,220309.7289416728,1.3750201459717419e+17,1.8755903282400342e+17,796.0,1048.0,0.7595419847328244,80.84927550577656,1.1368837519817835e+17,-6908.425423125882
BMIM_nitrate_4kHz,BMIM_nitrate,4,Lissajouswaveformsdifferentmediums/ionic liquid/Lissajousfigure4kHz-0008/Lissajousfigure4kHz-0008_01.csv,1,127994.47063898804,3999.7440163866904,current activity-envelope rising edges,6.399590332739535e-05,7.265625,1,1,False,7.9047679999999945,35.4450787109936,43.965011243846774,3009.392815057257,3009.392815057257,12036.800904982361,0.18060754830560552,0.18060754830560552,0.8793638996147795,False,False,False,412.0663527096332,427.50506582749784,203.98287476528049,41135.463074697174,2.567389588889203e+16,5.3850127081630496e+17,156.0,1200.0,0.13,60.35403515416007,7.680184647249094e+16,109.43964304206798,126.15993339154117,125.94593865327181,38442.415875260995,2.3993083075465212e+16,2.423993255083e+17,156.0,888.0,0.17567567567567569,76.1208648578595,1.5154683255083312e+17,-2693.0471994361797
BMIM_nitrate_4kHz,BMIM_nitrate,4,Lissajouswaveformsdifferentmediums/ionic liquid/Lissajousfigure4kHz-0008/Lissajousfigure4kHz-0008_02.csv,2,127994.47063898804,3999.7440163866904,current activity-envelope rising edges,6.399590332739535e-05,7.265625,1,1,False,7.9047679999999945,35.13578515755045,43.965011243846774,2994.4521308789463,2994.4521308789463,11977.04199283944,0.18102372759305754,0.18102372759305754,0.8792175741462869,False,False,False,409.637066305988,428.2444196396313,204.70833036798254,41149.64290986274,2.5682745956073756e+16,5.4370975570165677e+17,156.0,1199.0,0.13010842368640535,60.35403515416007,7.677091149833242e+16,110.03125456000441,123.31878281545976,125.09875073979038,38550.8246573275,2.4060744299532704e+16,2.4273271472884176e+17,156.0,882.0,0.17687074829931973,76.1208648578595,1.5232088718231725e+17,-2598.8182525352386
BMIM_nitrate_4kHz,BMIM_nitrate,4,Lissajouswaveformsdifferentmediums/ionic liquid/Lissajousfigure4kHz-0008/Lissajousfigure4kHz-0008_03.csv,3,127994.47063898804,3999.7440163866904,current activity-envelope rising edges,6.399590332739535e-05,7.265625,1,1,False,7.9047679999999945,35.424134814241256,43.965011243846774,2982.575076827586,2982.575076827586,11929.536816965212,0.17935914159220612,0.17935914159220612,0.8765296264937023,False,False,False,402.67301772221424,420.17777396964976,204.74591852355093,41021.17842814174,2.560256735876135e+16,5.3247238941254317e+17,156.0,1199.0,0.13010842368640535,60.35403515416007,7.687509311884736e+16,103.67976736865384,121.57298078711578,126.50118209211384,38102.46257971022,2.378090786544734e+16,2.3657326168217398e+17,156.0,874.0,0.17848970251716248,76.1208648578595,1.506538152526391e+17,-2918.7158484315223
BMIM_nitrate_4kHz,BMIM_nitrate,4,Lissajouswaveformsdifferentmediums/ionic liquid/Lissajousfigure4kHz-0008/Lissajousfigure4kHz-0008_04.csv,4,127994.47063898804,3999.7440163866904,current activity-envelope rising edges,6.399590332739535e-05,7.265625,1,1,False,7.9047679999999945,35.26324489413684,43.965011243846774,2982.5580637251423,2982.5580637251423,11929.46876891051,0.17852685573536858,0.17852685573536858,0.8799010891035193,False,False,False,398.12068858873687,413.43736872789765,207.57398277927248,40563.86223740173,2.531714238984722e+16,5.227173778292863e+17,156.0,1203.0,0.12967581047381546,60.35403515416007,7.682567437000638e+16,98.46690859239519,115.10798895998023,130.14737947251325,37712.39491421632,2.353745475017966e+16,2.258004654175268e+17,155.0,822.0,0.18856447688564476,76.1208648578595,1.5108570543631917e+17,-2851.4673231854104
BMIM_nitrate_4kHz,BMIM_nitrate,4,Lissajouswaveformsdifferentmediums/ionic liquid/Lissajousfigure4kHz-0008/Lissajousfigure4kHz-0008_05.csv,5,127994.47063898804,3999.7440163866904,current activity-envelope rising edges,6.399590332739535e-05,7.265625,1,1,False,7.9047679999999945,35.18561118723755,43.965011243846774,2958.8524068427096,2958.8524068427096,11834.652209640484,0.17769455559134986,0.17769455559134986,0.8824391717157012,False,False,False,395.8520042997712,411.83767494762526,208.14537676057145,40360.35559953081,2.519012769637194e+16,5.191897536167164e+17,156.0,1196.0,0.13043478260869565,60.35403515416007,7.68698171078796e+16,98.18695164534772,109.97393579113611,131.07545201215615,37644.01958208652,2.3494779622023668e+16,2.1298444111667754e+17,152.0,858.0,0.17715617715617715,76.1208648578595,1.5067576060625398e+17,-2716.3360174442932
BMIM_nitrate_4kHz,BMIM_nitrate,4,Lissajouswaveformsdifferentmediums/ionic liquid/Lissajousfigure4kHz-0008/Lissajousfigure4kHz-0008_06.csv,6,127994.47063898804,3999.7440163866904,current activity-envelope rising edges,6.399590332739535e-05,7.265625,1,1,False,7.9047679999999945,34.8749465970288,43.965011243846774,2945.7985985647356,2945.7985985647356,11782.440318089599,0.17602993662008495,0.17602993662008495,0.883538537380551,False,False,False,398.50256887844614,411.5117302937796,208.78768898036984,39873.07251899682,2.4885999478456156e+16,5.1791658477184755e+17,156.0,1199.0,0.13010842368640535,60.35403515416007,7.663600463241709e+16,96.55442849063782,112.57020116538806,422.31843456132725,36012.66040975835,2.2476598655598484e+16,2.251929438149622e+17,154.0,681.0,0.2261380323054332,76.1208648578595,1.517494179001015e+17,-3860.412109238474
BMIM_nitrate_4kHz,BMIM_nitrate,4,Lissajouswaveformsdifferentmediums/ionic liquid/Lissajousfigure4kHz-0008/Lissajousfigure4kHz-0008_07.csv,7,127994.47063898804,3999.7440163866904,current activity-envelope rising edges,6.399590332739535e-05,7.10752964,1,1,False,7.9047679999999945,35.52500814212587,43.965011243846774,3032.5731274063974,3032.5731274063974,12129.51622059881,0.18227216709370322,0.18227216709370322,0.8844982623942633,False,False,False,418.36254056309684,434.9239780772152,199.51132954379386,41235.99894136255,2.5736643386572544e+16,5.48094225917403e+17,158.0,1190.0,0.13277310924369748,60.35403515416007,7.638833681122856e+16,121.78524331750688,136.40383725481064,136.9273234532119,37911.26027772992,2.3661572682910444e+16,2.682031886889348e+17,158.0,804.0,0.19651741293532338,76.1208648578595,1.5070742207663296e+17,-3324.7386636326337
BMIM_nitrate_4kHz,BMIM_nitrate,4,Lissajouswaveformsdifferentmediums/ionic liquid/Lissajousfigure4kHz-0008/Lissajousfigure4kHz-0008_08.csv,8,127994.47063898804,3999.7440163866904,current activity-envelope rising edges,6.399590332739535e-05,7.2408040284812705,1,1,False,7.9047679999999945,35.465367409613265,43.965011243846774,3035.5685542025467,3035.5685542025467,12141.497161003233,0.18143987409327644,0.18143987409327644,0.8843221813455527,False,False,False,416.93036757979877,438.84236244589243,200.3771514466958,41045.45950176468,2.561772191664572e+16,5.53800614668328e+17,156.0,1199.0,0.13010842368640535,60.35403515416007,7.63971679411813e+16,117.95510845254648,144.38485182322293,148.33251906646126,37535.474816724156,2.3427033526637868e+16,2.7979368940175514e+17,156.0,782.0,0.19948849104859334,76.1208648578595,1.5154279086133603e+17,-3509.984685040523
BMIM_nitrate_4kHz,BMIM_nitrate,4,Lissajouswaveformsdifferentmediums/ionic liquid/Lissajousfigure4kHz-0008/Lissajousfigure4kHz-0008_09.csv,9,127994.47063898804,3999.7440163866904,current activity-envelope rising edges,6.399590332739535e-05,7.265625,1,1,False,7.9047679999999945,35.749190022300226,43.965011243846774,3030.547977743713,3030.547977743713,12121.416140353202,0.18102372759306226,0.18102372759306226,0.8825291994198009,False,False,False,419.905465246617,440.06713269643876,201.59026092954204,41495.10978012143,2.5898362356063636e+16,5.55450131851897e+17,156.0,1195.0,0.1305439330543933,60.35403515416007,7.651209524008331e+16,121.54192532472561,143.88821941836483,144.4373076511214,37944.800657881504,2.3682506256127356e+16,2.788324840256286e+17,156.0,786.0,0.1984732824427481,76.1208648578595,1.4984120577326915e+17,-3550.3091222399235
BMIM_nitrate_4kHz,BMIM_nitrate,4,Lissajouswaveformsdifferentmediums/ionic liquid/Lissajousfigure4kHz-0008/Lissajousfigure4kHz-0008_10.csv,10,127994.47063898804,3999.7440163866904,current activity-envelope rising edges,6.399590332739535e-05,7.265625,1,1,False,7.9047679999999945,35.78193882780425,43.965011243846774,3018.6611290085734,3018.6611290085734,12073.871788251134,0.1810236948224728,0.1810236948224728,0.8826899187776216,False,False,False,416.1194503700665,432.7863677778895,201.85800158361846,41137.58477196722,2.567522010480568e+16,5.443407219896657e+17,156.0,1187.0,0.13142375737152484,60.35403515416007,7.630123135171045e+16,119.65399597210642,133.23977141268674,413.9767690909457,37589.222056577026,2.346057881669069e+16,2.5952650607422227e+17,156.0,759.0,0.20553359683794467,76.1208648578595,1.5063715121333354e+17,-3548.3627153901907
BMIM_nitrate_4kHz,BMIM_nitrate,4,Lissajouswaveformsdifferentmediums/ionic liquid/Lissajousfigure4kHz-0008/Lissajousfigure4kHz-0008_11.csv,11,127994.47063898804,3999.7440163866904,current activity-envelope rising edges,6.399590332739535e-05,7.265625,1,1,False,7.9047679999999945,35.82105976191138,43.965011243846774,3010.0151991914636,3010.0151991914636,12039.29028219905,0.1810237275930605,0.1810237275930605,0.8840276573917175,False,False,False,410.27167508575553,425.446459739319,204.25983757088142,40904.12074495433,2.5529508091975144e+16,5.3710971867093824e+17,156.0,1202.0,0.129783693843594,60.35403515416007,7.625163127411317e+16,113.01408616334929,129.39515969358698,231.86162419759262,37399.359959932015,2.334208009713916e+16,2.553557614997151e+17,156.0,774.0,0.20155038759689922,76.1208648578595,1.5054246656658147e+17,-3504.760785022314
BMIM_nitrate_4kHz,BMIM_nitrate,4,Lissajouswaveformsdifferentmediums/ionic liquid/Lissajousfigure4kHz-0008/Lissajousfigure4kHz-0008_12.csv,12,127994.47063898804,3999.7440163866904,current activity-envelope rising edges,6.399590332739535e-05,7.265625,1,1,False,7.9047679999999945,36.247024292459656,43.965011243846774,3022.3131278992732,3022.3131278992732,12088.47884896206,0.18102372759306115,0.18102372759306115,0.8828574816932824,False,False,False,412.3757223517478,423.75789042276784,203.65070632402302,41145.34295864695,2.568006222550189e+16,5.338403284387898e+17,156.0,1197.0,0.13032581453634084,60.35403515416007,7.65650205531856e+16,111.55491868207116,129.14949823833706,134.57145090047052,37919.92843242287,2.366698274237013e+16,2.517285245936315e+17,157.0,821.0,0.19123020706455543,76.1208648578595,1.5093289437770813e+17,-3225.414526224078
BMIM_nitrate_4kHz,BMIM_nitrate,4,Lissajouswaveformsdifferentmediums/ionic liquid/Lissajousfigure4kHz-0008/Lissajousfigure4kHz-0008_13.csv,13,127994.47063898804,3999.7440163866904,current activity-envelope rising edges,6.399590332739535e-05,7.265625,1,1,False,7.9047679999999945,35.98467528139368,43.965011243846774,3006.8156495845114,3006.8156495845114,12026.49290280351,0.1822721670937029,0.1822721670937029,0.8835575045951568,False,False,False,403.7602615739398,420.4088239090369,202.75411422678496,40687.51969882056,2.5394320779320716e+16,5.2998780779813037e+17,157.0,1198.0,0.1310517529215359,60.35403515416007,7.63614194139762e+16,106.81569948699315,123.81639796146857,414.5549930945884,36909.2270802025,2.303617323271301e+16,2.4180528510676154e+17,157.0,728.0,0.21565934065934067,76.1208648578595,1.5079213232272022e+17,-3778.2926186180557
BMIM_nitrate_4kHz,BMIM_nitrate,4,Lissajouswaveformsdifferentmediums/ionic liquid/Lissajousfigure4kHz-0008/Lissajousfigure4kHz-0008_14.csv,14,127994.47063898804,3999.7440163866904,current activity-envelope rising edges,6.399590332739535e-05,7.265625,1,1,False,7.9047679999999945,35.69111354626653,43.965011243846774,3001.2478499505614,3001.2478499505614,12004.223129533177,0.18310442740679367,0.18310442740679367,0.8810249050978435,False,False,False,405.7559114856695,420.21705693013445,198.80074809937835,41184.68023548813,2.57046138185723e+16,5.2876036505541523e+17,157.0,1196.0,0.13127090301003344,60.35403515416007,7.656458153301856e+16,107.6918676184677,122.23303564303927,125.81360024429404,37972.64310192055,2.369988357380219e+16,2.402792840568781e+17,156.0,821.0,0.1900121802679659,76.1208648578595,1.5166459120348586e+17,-3212.037133567581
BMIM_nitrate_4kHz,BMIM_nitrate,4,Lissajouswaveformsdifferentmediums/ionic liquid/Lissajousfigure4kHz-0008/Lissajousfigure4kHz-0008_15.csv,15,127994.47063898804,3999.7440163866904,current activity-envelope rising edges,6.399590332739535e-05,7.265625,1,1,False,7.9047679999999945,35.86168713896652,43.965011243846774,3048.6759850606686,3048.6759850606686,12193.923529148207,0.1835206065943444,0.1835206065943444,0.87985773132907,False,False,False,409.15892228784674,426.71879002091,201.78333918163472,41753.44157112666,2.605959509811435e+16,5.368608570736455e+17,156.0,1204.0,0.12956810631229235,60.35403515416007,7.64137976304913e+16,108.3142998365618,130.60615624375973,131.11204207728645,38516.647903725476,2.4039413546255284e+16,2.5680135974578618e+17,156.0,828.0,0.18840579710144928,76.1208648578595,1.5131991798568896e+17,-3236.793667401187
BMIM_nitrate_4kHz,BMIM_nitrate,4,Lissajouswaveformsdifferentmediums/ionic liquid/Lissajousfigure4kHz-0008/Lissajousfigure4kHz-0008_16.csv,16,127994.47063898804,3999.7440163866904,current activity-envelope rising edges,6.399590332739535e-05,7.265625,1,1,False,7.9047679999999945,35.64282986995335,43.965011243846774,3042.9867255738945,3042.9867255738945,12171.167947558313,0.185185192595199,0.185185192595199,0.8833154094762993,False,False,False,407.0740029280396,427.2179832210636,201.66082090354033,41659.80023172393,2.6001150684972424e+16,5.379939558488725e+17,157.0,1189.0,0.13204373423044574,60.35403515416007,7.637316270957534e+16,109.83954441582668,124.95220641391087,132.92332393960558,37876.016497883145,2.363957596604174e+16,2.458921996306228e+17,157.0,790.0,0.19873417721518988,76.1208648578595,1.5202364308518413e+17,-3783.7837338407844
BMIM_nitrate_4kHz,BMIM_nitrate,4,Lissajouswaveformsdifferentmediums/ionic liquid/Lissajousfigure4kHz-0008/Lissajousfigure4kHz-0008_17.csv,17,127994.47063898804,3999.7440163866904,current activity-envelope rising edges,6.399590332739535e-05,7.265625,1,1,False,7.9047679999999945,35.54278147749435,43.965011243846774,2998.087040424821,2998.087040424821,11991.58070054566,0.18435289959476933,0.18435289959476933,0.880589387324997,False,False,False,406.540289129789,423.8606198071775,200.7029644224635,41721.72744177861,2.6039801343669184e+16,5.3586360722276115e+17,156.0,1193.0,0.13076278290025148,60.35403515416007,7.655561366846424e+16,109.58679440192348,125.01984551794142,125.82890169095442,38254.13892778319,2.387557369580791e+16,2.4451461284761206e+17,156.0,853.0,0.182883939038687,76.1208648578595,1.511611383715387e+17,-3467.588513995419
BMIM_nitrate_4kHz,BMIM_nitrate,4,Lissajouswaveformsdifferentmediums/ionic liquid/Lissajousfigure4kHz-0008/Lissajousfigure4kHz-0008_18.csv,18,127994.47063898804,3999.7440163866904,current activity-envelope rising edges,6.399590332739535e-05,7.265625,1,1,False,7.9047679999999945,35.5765893195434,43.965011243846774,3036.12784037025,3036.12784037025,12143.734162505953,0.18476904609498765,0.18476904609498765,0.8801852299801024,False,False,False,406.7255736724953,426.3201423967907,201.42860473105782,41751.02670437839,2.6058087906196564e+16,5.3945559802846906e+17,157.0,1196.0,0.13127090301003344,60.35403515416007,7.660612688414827e+16,108.39174191173458,124.74036708783318,129.45767075981797,38039.73528217293,2.3741757847774276e+16,2.462852635598484e+17,156.0,812.0,0.1921182266009852,76.1208648578595,1.5142151850795258e+17,-3711.2914222054605
BMIM_nitrate_4kHz,BMIM_nitrate,4,Lissajouswaveformsdifferentmediums/ionic liquid/Lissajousfigure4kHz-0008/Lissajousfigure4kHz-0008_19.csv,19,127994.47063898804,3999.7440163866904,current activity-envelope rising edges,6.399590332739535e-05,7.265625,1,1,False,7.9047679999999945,36.17807341852771,44.965011243846774,3037.4796295611295,3037.4796295611295,12149.140973233589,0.1868497860726795,0.1868497860726795,0.8871629555008471,False,False,False,412.63645370597527,430.72494137028485,202.66862034304117,41451.286407222644,2.587101085375381e+16,5.408290538865913e+17,157.0,1177.0,0.13338997451146983,60.35403515416007,7.6362939616233e+16,114.53449658841252,128.03800529078524,131.46208312009946,38196.824918035665,2.3839802275985532e+16,2.5082074943592192e+17,157.0,822.0,0.19099756690997566,76.1208648578595,1.5131234672930355e+17,-3254.4614891869787
BMIM_nitrate_4kHz,BMIM_nitrate,4,Lissajouswaveformsdifferentmediums/ionic liquid/Lissajousfigure4kHz-0008/Lissajousfigure4kHz-0008_20.csv,20,127994.47063898804,3999.7440163866904,current activity-envelope rising edges,6.399590332739535e-05,7.265625,1,1,False,7.9047679999999945,36.112952054055725,44.84501124384678,3024.277572357629,3024.277572357629,12096.336123929894,0.18726589257545748,0.18726589257545748,0.8863255052119858,False,False,False,411.8799668813016,431.11526760714247,202.22819013921549,41382.40273022654,2.582801845207765e+16,5.385849246873387e+17,157.0,1174.0,0.13373083475298125,60.35403515416007,7.65997385685635e+16,108.7939600203563,135.87184250861978,129.97698290225964,38428.780033674535,2.3984572531251516e+16,2.6010585855200477e+17,156.0,856.0,0.1822429906542056,76.1208648578595,1.5149430352686096e+17,-2953.6226965520036
BMIM_nitrate_4kHz,BMIM_nitrate,4,Lissajouswaveformsdifferentmediums/ionic liquid/Lissajousfigure4kHz-0008/Lissajousfigure4kHz-0008_21.csv,21,127994.47063898804,3999.7440163866904,current activity-envelope rising edges,6.399590332739535e-05,7.265625,1,1,False,7.9047679999999945,36.00371347327583,43.965011243846774,3040.5285725180634,3040.5285725180634,12161.33596458189,0.18518520000521843,0.18518520000521843,0.8801708827488739,False,False,False,407.02907127906616,426.24847543479507,203.11142230154843,41889.457492416666,2.6144486778951644e+16,5.360780642245743e+17,156.0,1195.0,0.1305439330543933,60.35403515416007,7.652770558782077e+16,110.97826481711942,128.6773812607376,130.44649037344945,38590.43473417944,2.408546615540196e+16,2.5702985790281885e+17,156.0,855.0,0.1824561403508772,76.1208648578595,1.513630062601744e+17,-3299.0227582372245
BMIM_nitrate_4kHz,BMIM_nitrate,4,Lissajouswaveformsdifferentmediums/ionic liquid/Lissajousfigure4kHz-0008/Lissajousfigure4kHz-0008_22.csv,22,127994.47063898804,3999.7440163866904,current activity-envelope rising edges,6.399590332739535e-05,7.265625,1,1,False,7.9047679999999945,35.94261735229837,43.965011243846774,3055.5639079604766,3055.5639079604766,12221.473457552049,0.18643359954172672,0.18643359954172672,0.8836309142031393,False,False,False,407.3538277427785,424.04241543470437,204.04752558889348,41988.91214019465,2.620655945498015e+16,5.350414000654879e+17,156.0,1183.0,0.13186813186813187,60.35403515416007,7.651733825804688e+16,112.66922056257992,131.98792483672716,131.97112761784558,38740.56168660974,2.4179164960732364e+16,2.5916975355566125e+17,156.0,859.0,0.18160651920838183,76.1208648578595,1.5134966017191917e+17,-3248.350453584906
BMIM_nitrate_4kHz,BMIM_nitrate,4,Lissajouswaveformsdifferentmediums/ionic liquid/Lissajousfigure4kHz-0008/Lissajousfigure4kHz-0008_23.csv,23,127994.47063898804,3999.7440163866904,current activity-envelope rising edges,6.399590332739535e-05,7.265625,1,1,False,7.9047679999999945,35.99059778523434,43.965011243846774,3034.49861093781,3034.49861093781,12137.21766183223,0.18684978607268068,0.18684978607268068,0.8847949281540713,False,False,False,409.94388482059344,429.74133428474727,204.34847029423483,42031.1852944332,2.6232943418589476e+16,5.388671228422183e+17,157.0,1175.0,0.13361702127659575,60.35403515416007,7.662843919849118e+16,111.26078519700786,134.77438335786192,134.48120003268326,38718.36750780939,2.416531289749377e+16,2.6045216503006906e+17,156.0,848.0,0.18396226415094338,76.1208648578595,1.5145815231182422e+17,-3312.817786623811
BMIM_nitrate_4kHz,BMIM_nitrate,4,Lissajouswaveformsdifferentmediums/ionic liquid/Lissajousfigure4kHz-0008/Lissajousfigure4kHz-0008_24.csv,24,127994.47063898804,3999.7440163866904,current activity-envelope rising edges,6.399590332739535e-05,7.265625,1,1,False,7.9047679999999945,36.020197418462956,43.965011243846774,3046.370757321386,3046.370757321386,12184.703208291605,0.1872659250962713,0.1872659250962713,0.8859640337046347,False,False,False,412.0330400912144,424.8358209968353,203.73958694498856,41431.24812485816,2.585850435117029e+16,5.369476464294297e+17,156.0,1169.0,0.13344739093242086,60.35403515416007,7.649320535074014e+16,113.011596083584,135.25275304421444,135.38572802078235,38295.835128102015,2.3901597564896344e+16,2.65100398535004e+17,156.0,836.0,0.18660287081339713,76.1208648578595,1.5084055558657658e+17,-3135.4129967561457
BMIM_nitrate_4kHz,BMIM_nitrate,4,Lissajouswaveformsdifferentmediums/ionic liquid/Lissajousfigure4kHz-0008/Lissajousfigure4kHz-0008_25.csv,25,127994.47063898804,3999.7440163866904,current activity-envelope rising edges,6.399590332739535e-05,7.265625,1,1,False,7.9047679999999945,35.619441314629945,43.965011243846774,2999.9447320719128,2999.9447320719128,11999.010991595405,0.18684977859605695,0.18684977859605695,0.8927534769486285,False,False,False,408.47993407216563,421.2154118366395,204.62798100349283,40992.4248412934,2.558462136909701e+16,5.286032308937898e+17,157.0,1154.0,0.1360485268630849,60.35403515416007,7.635663788736594e+16,106.872572261653,122.54854150719723,412.1101067481255,37325.493662324865,2.3295977890120844e+16,2.41164924155232e+17,156.0,744.0,0.20967741935483872,76.1208648578595,1.506243482861448e+17,-3666.931178968538
BMIM_nitrate_4kHz,BMIM_nitrate,4,Lissajouswaveformsdifferentmediums/ionic liquid/Lissajousfigure4kHz-0008/Lissajousfigure4kHz-0008_26.csv,26,127994.47063898804,4000.0,nominal_folder_frequency_after_carrier_fallback,0.0,7.10752964,1,1,False,7.9047679999999945,35.266257988656186,42.965011243846774,2996.188359258392,2996.188359258392,11984.753437033569,,,,False,False,False,407.80652973341586,424.7063919839576,203.95136089217047,35381.500231683574,2.2082672357219856e+16,5.316846883020223e+17,134.0,1067.0,0.12558575445173384,60.35403515416007,1.2259475855161666e+17,109.3608702259892,128.8837917725645,132.95088661542133,32400.53589528912,2.0222161685877308e+16,2.5282723715164886e+17,132.0,701.0,0.18830242510699002,76.1208648578595,1.5121196074942435e+17,-2980.964336394456
BMIM_nitrate_4kHz,BMIM_nitrate,4,Lissajouswaveformsdifferentmediums/ionic liquid/Lissajousfigure4kHz-0008/Lissajousfigure4kHz-0008_27.csv,27,115994.98901658291,4000.0,nominal_folder_frequency_after_carrier_fallback,0.0,6.94943404,1,1,False,7.9047679999999945,39.55588039730039,46.961123463712056,2935.8712246979876,2935.8712246979876,11743.48489879195,,,,False,False,False,410.94667578094766,434.54209843211316,188.57838002839935,24618.63094436025,1.5365237693928982e+16,5.4533295636885946e+17,78.0,726.0,0.10743801652892562,60.35403515416007,1.3931222562685117e+17,136.44721494044097,159.09876799434394,159.16395387526262,22347.029043034425,1.3947461732351874e+16,3.097814589570487e+17,85.0,508.0,0.1673228346456693,76.1208648578595,1.5075745254464278e+17,-2271.6019013258265
BMIM_nitrate_4kHz,BMIM_nitrate,4,Lissajouswaveformsdifferentmediums/ionic liquid/Lissajousfigure4kHz-0008/Lissajousfigure4kHz-0008_28.csv,28,127994.47063898804,3999.7440163866904,current activity-envelope rising edges,6.399590332739535e-05,7.265625,1,1,False,7.9047679999999945,35.50489214674186,43.965011243846774,3041.287094005679,3041.287094005679,12164.369856363282,0.18185602059348935,0.18185602059348935,0.8828587006692726,False,False,False,415.9961514295439,431.2224957870426,203.35833866260512,41280.603563237804,2.5764482490172984e+16,5.4270115166648435e+17,157.0,1199.0,0.13094245204336946,60.35403515416007,7.640494637630678e+16,116.9978472832633,131.89723402631228,134.58859934249813,38013.65141578457,2.3725478111994508e+16,2.5932281866319674e+17,154.0,819.0,0.18803418803418803,76.1208648578595,1.505367811339591e+17,-3266.9521474532376
BMIM_nitrate_4kHz,BMIM_nitrate,4,Lissajouswaveformsdifferentmediums/ionic liquid/Lissajousfigure4kHz-0008/Lissajousfigure4kHz-0008_29.csv,29,127994.47063898804,3999.7440163866904,current activity-envelope rising edges,6.399590332739535e-05,7.265625,1,1,False,7.9047679999999945,34.90637939172603,43.965011243846774,3054.3700835733425,3054.3700835733425,12216.698465602993,0.1814398740932758,0.1814398740932758,0.8820001560358529,False,False,False,417.3202341287082,436.2509083992828,200.51327044414356,41431.767109077686,2.585882826503497e+16,5.49405631567987e+17,156.0,1198.0,0.1302170283806344,60.35403515416007,7.671832862094678e+16,120.92657420398918,141.52602989157185,139.87151296578122,38165.33988641271,2.3820151508411132e+16,2.7805492206663626e+17,157.0,827.0,0.18984280532043532,76.1208648578595,1.5145289374651293e+17,-3266.4272226649773
BMIM_nitrate_4kHz,BMIM_nitrate,4,Lissajouswaveformsdifferentmediums/ionic liquid/Lissajousfigure4kHz-0008/Lissajousfigure4kHz-0008_30.csv,30,127994.47063898804,3999.7440163866904,current activity-envelope rising edges,6.399590332739535e-05,7.265625,1,1,False,7.9047679999999945,35.46829487263827,43.965011243846774,3031.829186440827,3031.829186440827,12126.540647173226,0.18060758109284872,0.18060758109284872,0.8827283499544878,False,False,False,415.6063874634845,430.4196776129855,201.9126267868006,41302.81412183246,2.5778344776540296e+16,5.4164483047674336e+17,156.0,1199.0,0.13010842368640535,60.35403515416007,7.649685132507374e+16,116.94840400862773,134.7180680144773,134.26667333824554,38318.54441035592,2.3915771119895332e+16,2.6254741074824464e+17,157.0,842.0,0.18646080760095013,76.1208648578595,1.5063898121002877e+17,-2984.2697114765397
BMIM_nitrate_4kHz,BMIM_nitrate,4,Lissajouswaveformsdifferentmediums/ionic liquid/Lissajousfigure4kHz-0008/Lissajousfigure4kHz-0008_31.csv,31,127994.47063898804,3999.7440163866904,current activity-envelope rising edges,6.399590332739535e-05,7.265625,1,1,False,7.9047679999999945,35.54248835142878,43.965011243846774,3034.3116350994806,3034.3116350994806,12136.469806341664,0.18185598785620447,0.18185598785620447,0.8803457261926223,False,False,False,416.62330518606774,425.9508719289741,203.62707924267187,41085.35340310553,2.5642620916026544e+16,5.377134885765828e+17,156.0,1200.0,0.13,60.35403515416007,7.648932830778698e+16,114.49779217621533,129.88976846962564,129.158103015846,38308.34085984818,2.3909402773124636e+16,2.5502312264650397e+17,157.0,851.0,0.1844888366627497,76.1208648578595,1.504153307643671e+17,-2777.012543257355
BMIM_nitrate_4kHz,BMIM_nitrate,4,Lissajouswaveformsdifferentmediums/ionic liquid/Lissajousfigure4kHz-0008/Lissajousfigure4kHz-0008_32.csv,32,127994.47063898804,3999.7440163866904,current activity-envelope rising edges,6.399590332739535e-05,7.265625,1,1,False,7.9047679999999945,35.66663585892221,43.965011243846774,3036.127869240516,3036.127869240516,12143.734277979625,0.18268831359391818,0.18268831359391818,0.8844809136948105,False,False,False,413.8664917297632,432.76920421028274,200.8743403605847,41802.91872546812,2.609047529769141e+16,5.44694280964343e+17,156.0,1199.0,0.13010842368640535,60.35403515416007,7.622998912129075e+16,113.35250202145222,140.87375448742074,140.5444632390617,38290.36768506131,2.3898185167103452e+16,2.7410390514696253e+17,156.0,821.0,0.1900121802679659,76.1208648578595,1.5076869180777206e+17,-3512.5510404068045
BMIM_nitrate_4kHz,BMIM_nitrate,4,Lissajouswaveformsdifferentmediums/ionic liquid/Lissajousfigure4kHz-0008/Lissajousfigure4kHz-0008_33.csv,33,127995.80173782264,4001.4084957942587,current activity-envelope rising edges,0.00035212394856466744,7.265625,1,1,False,7.9047679999999945,36.333652935060954,43.965011243846774,3024.916907449563,3024.916907449563,12103.928212540377,0.18984180610075824,0.18984180610075824,0.8794751494523672,False,False,False,416.5030759935604,426.97101949699316,201.273673740595,42193.512867840516,2.633425700322053e+16,5.3549927373866003e+17,157.0,1199.0,0.13094245204336946,60.35403515416007,7.639776838876411e+16,115.06246752679623,130.82741667565972,129.25816907889887,39158.14894790048,2.4439793894249844e+16,2.5897753257585258e+17,156.0,902.0,0.1729490022172949,76.1208648578595,1.515509254689037e+17,-3035.363919940035
BMIM_nitrate_4kHz,BMIM_nitrate,4,Lissajouswaveformsdifferentmediums/ionic liquid/Lissajousfigure4kHz-0008/Lissajousfigure4kHz-0008_34.csv,34,127994.47063898804,3999.7440163866904,current activity-envelope rising edges,6.399590332739535e-05,7.265625,1,1,False,7.9047679999999945,36.73551933110497,43.965011243846774,3049.8261296472147,3049.8261296472147,12198.523813076226,0.18476904609498726,0.18476904609498726,0.8790146944300669,False,False,False,417.7735625599494,428.1863945733904,199.1782059864322,42072.83430693761,2.6258937836325136e+16,5.4136152492761e+17,157.0,1203.0,0.13050706566916043,60.35403515416007,7.63224652342665e+16,118.41798112066805,134.52684271892218,131.90275374147936,38485.31456043609,2.4019857451991756e+16,2.6204069730864515e+17,157.0,836.0,0.18779904306220097,76.1208648578595,1.5114854899015386e+17,-3587.5197465015226
BMIM_nitrate_4kHz,BMIM_nitrate,4,Lissajouswaveformsdifferentmediums/ionic liquid/Lissajousfigure4kHz-0008/Lissajousfigure4kHz-0008_35.csv,35,127994.47063898804,3999.7440163866904,current activity-envelope rising edges,6.399590332739535e-05,7.265625,1,1,False,7.9047679999999945,36.19329526425809,43.965011243846774,3034.26059714617,3034.26059714617,12136.265667593298,0.18476901347426383,0.18476901347426383,0.8791707338564377,False,False,False,414.8030070565351,428.4727661361004,199.5410530275522,42265.34052367523,2.6379086831791924e+16,5.383020054677284e+17,156.0,1201.0,0.1298917568692756,60.35403515416007,7.62553806211887e+16,117.02465309964563,133.51664827120078,129.30714314560564,38894.62847986579,2.427532274076777e+16,2.563753505979396e+17,156.0,892.0,0.17488789237668162,76.1208648578595,1.507202594778925e+17,-3370.7120438094425
BMIM_nitrate_4kHz,BMIM_nitrate,4,Lissajouswaveformsdifferentmediums/ionic liquid/Lissajousfigure4kHz-0008/Lissajousfigure4kHz-0008_36.csv,36,127994.47063898804,3999.7440163866904,current activity-envelope rising edges,6.399590332739535e-05,7.1075294,1,1,False,7.9047679999999945,36.452136523101494,44.965011243846774,2994.2700554912626,2994.2700554912626,11976.313737897022,0.18601745302486095,0.18601745302486095,0.880009313776882,False,False,False,413.61184056842154,427.88514388559275,200.3412681519611,41873.401959094146,2.6134466031398256e+16,5.39329335057484e+17,159.0,1197.0,0.13283208020050125,60.35403515416007,7.64682399698767e+16,114.58090841559314,134.40893870519886,130.6805775931408,38673.57785092875,2.4137358307908508e+16,2.677529943104327e+17,157.0,880.0,0.1784090909090909,76.1208648578595,1.5169168690361235e+17,-3199.824108165398
BMIM_nitrate_4kHz,BMIM_nitrate,4,Lissajouswaveformsdifferentmediums/ionic liquid/Lissajousfigure4kHz-0008/Lissajousfigure4kHz-0008_37.csv,37,127994.47063898804,3999.7440163866904,current activity-envelope rising edges,6.399590332739535e-05,7.265625,1,1,False,7.9047679999999945,36.34729609837607,43.965011243846774,3028.7341173497584,3028.7341173497584,12114.161163095921,0.18310446009413409,0.18310446009413409,0.880339291962804,False,False,False,413.01191196020534,424.6513153623962,200.163890514448,41783.1845907175,2.607815862290098e+16,5.3269009875226874e+17,157.0,1203.0,0.13050706566916043,60.35403515416007,7.624224492672258e+16,115.21108669998209,131.02161895269953,135.52208177318616,38256.91479191543,2.3877306197192504e+16,2.5946663384761296e+17,156.0,796.0,0.19597989949748743,76.1208648578595,1.5108623497118304e+17,-3526.2697988020736
BMIM_nitrate_4kHz,BMIM_nitrate,4,Lissajouswaveformsdifferentmediums/ionic liquid/Lissajousfigure4kHz-0008/Lissajousfigure4kHz-0008_38.csv,38,127994.47063898804,3999.7440163866904,current activity-envelope rising edges,6.399590332739535e-05,7.265625,1,1,False,7.9047679999999945,36.415581342490185,43.965011243846774,3029.9765377173194,3029.9765377173194,12119.13052652691,0.18393672044053225,0.18393672044053225,0.8804935645430543,False,False,False,416.37401721173563,423.48668784026404,201.70989496299123,42243.79453461036,2.636563932351737e+16,5.3516824306717203e+17,158.0,1205.0,0.13112033195020747,60.35403515416007,7.623018659701814e+16,114.62943195403335,130.90641290214413,129.6696419881799,39004.73184838641,2.434404160787476e+16,2.577147388534859e+17,157.0,863.0,0.18192352259559674,76.1208648578595,1.5218646030718112e+17,-3239.0626862239515
BMIM_nitrate_4kHz,BMIM_nitrate,4,Lissajouswaveformsdifferentmediums/ionic liquid/Lissajousfigure4kHz-0008/Lissajousfigure4kHz-0008_39.csv,39,127994.47063898804,3999.7440163866904,current activity-envelope rising edges,6.399590332739535e-05,7.265625,1,1,False,7.9047679999999945,36.27702356499165,43.965011243846774,3015.57094745688,3015.57094745688,12061.511853080197,0.1835206065943459,0.1835206065943459,0.8795439566164867,False,False,False,412.32096107912236,424.3159358708142,198.77869948169413,42051.90170220149,2.624587315989977e+16,5.346678324838452e+17,158.0,1198.0,0.1318864774624374,60.35403515416007,7.639500107227022e+16,115.36262757247722,129.8243140722001,129.82069919060123,38772.85665939035,2.41993212372619e+16,2.5581332662260256e+17,156.0,874.0,0.17848970251716248,76.1208648578595,1.509213691952816e+17,-3279.045042811136
BMIM_nitrate_4kHz,BMIM_nitrate,4,Lissajouswaveformsdifferentmediums/ionic liquid/Lissajousfigure4kHz-0008/Lissajousfigure4kHz-0008_40.csv,40,127994.47063898804,3999.7440163866904,current activity-envelope rising edges,6.399590332739535e-05,7.265625,1,1,False,7.9047679999999945,36.25040368961058,44.965011243846774,3001.860612784287,3001.860612784287,12006.674024010836,0.184352899594773,0.184352899594773,0.8797049169714878,False,False,False,409.48198542590893,426.77762505151173,201.06624716864363,41730.790335022684,2.604545777148618e+16,5.3976821376778886e+17,157.0,1200.0,0.13083333333333333,60.35403515416007,7.644826420728845e+16,111.6427533511984,134.96536135193156,138.3402489895289,38019.84195411805,2.3729341815592092e+16,2.6347299830363216e+17,156.0,789.0,0.19771863117870722,76.1208648578595,1.518978867915367e+17,-3710.948380904636
BMIM_nitrate_4kHz,BMIM_nitrate,4,Lissajouswaveformsdifferentmediums/ionic liquid/Lissajousfigure4kHz-0008/Lissajousfigure4kHz-0008_41.csv,41,127994.47063898804,3999.7440163866904,current activity-envelope rising edges,6.399590332739535e-05,7.265625,1,1,False,7.9047679999999945,35.77813549258609,44.965011243846774,2995.512412658885,2995.512412658885,11981.282848544433,0.1843528995947744,0.1843528995947744,0.8796925950620839,False,False,False,403.0813746360722,419.63132799355253,199.5577901544465,41819.123219940106,2.610058901643697e+16,5.2900114827400774e+17,156.0,1200.0,0.13,60.35403515416007,7.62694655366823e+16,108.63632690443157,126.09740641119512,126.70600742074133,38401.2753283157,2.3967406006577776e+16,2.4923073105976224e+17,155.0,836.0,0.1854066985645933,76.1208648578595,1.5166459105241136e+17,-3417.8478916244057
BMIM_nitrate_4kHz,BMIM_nitrate,4,Lissajouswaveformsdifferentmediums/ionic liquid/Lissajousfigure4kHz-0008/Lissajousfigure4kHz-0008_42.csv,42,127994.47063898804,3999.7440163866904,current activity-envelope rising edges,6.399590332739535e-05,7.265625,1,1,False,7.9047679999999945,36.162209016567374,43.965011243846774,2977.5470553681625,2977.5470553681625,11909.426018218617,0.18352060659434558,0.18352060659434558,0.8823768318957737,False,False,False,403.37315861176023,422.261915179594,201.39250534111073,41486.44992436048,2.589295747622029e+16,5.2991516346031526e+17,158.0,1197.0,0.13199665831244778,60.35403515416007,7.636411230586122e+16,107.18805199438641,126.31383056879439,132.8975751624056,37754.16766500453,2.3563526396748504e+16,2.4793633289470982e+17,156.0,788.0,0.19796954314720813,76.1208648578595,1.515334144299885e+17,-3732.282259355954
BMIM_nitrate_4kHz,BMIM_nitrate,4,Lissajouswaveformsdifferentmediums/ionic liquid/Lissajousfigure4kHz-0008/Lissajousfigure4kHz-0008_43.csv,43,127994.47063898804,3999.7440163866904,current activity-envelope rising edges,6.399590332739535e-05,7.265625,1,1,False,7.9047679999999945,36.05589307259616,43.26501124384969,2983.1028173893874,2983.1028173893874,11931.64764411948,0.18310446009413173,0.18310446009413173,0.8823663944967873,False,False,False,405.5925133619655,422.6265699126393,201.205081059361,41277.68842462463,2.5762663063341196e+16,5.331371546871332e+17,156.0,1200.0,0.13,60.35403515416007,7.625834831136155e+16,108.179353689937,128.44857373193352,131.80507158210122,37994.98730474613,2.371382927160612e+16,2.4987824089416416e+17,156.0,847.0,0.18417945690672963,76.1208648578595,1.5150419559657274e+17,-3282.701119878504
BMIM_nitrate_4kHz,BMIM_nitrate,4,Lissajouswaveformsdifferentmediums/ionic liquid/Lissajousfigure4kHz-0008/Lissajousfigure4kHz-0008_44.csv,44,127994.47063898804,3999.7440163866904,current activity-envelope rising edges,6.399590332739535e-05,7.265625,1,1,False,7.9047679999999945,36.11556768590445,44.965011243846774,2982.5216796633654,2982.5216796633654,11929.323241977127,0.18310442740680127,0.18310442740680127,0.8823647364124866,False,False,False,402.7473681596485,416.83140095297244,201.56924799976977,41412.03220765252,2.5846511111739596e+16,5.207222361271378e+17,158.0,1197.0,0.13199665831244778,60.35403515416007,7.626264200168384e+16,106.7032348204176,117.50733704855423,411.97775601014234,37393.251288419495,2.333826748911899e+16,2.306256128541703e+17,156.0,744.0,0.20967741935483872,76.1208648578595,1.5192734440474083e+17,-4018.780919233024
BMIM_nitrate_4kHz,BMIM_nitrate,4,Lissajouswaveformsdifferentmediums/ionic liquid/Lissajousfigure4kHz-0008/Lissajousfigure4kHz-0008_45.csv,45,127994.47063898804,3999.7440163866904,current activity-envelope rising edges,6.399590332739535e-05,7.265625,1,1,False,7.9047679999999945,35.73036778009863,43.965011243846774,2965.115525884712,2965.115525884712,11859.70308255265,0.18185602059348968,0.18185602059348968,0.8823762176204893,False,False,False,401.91006904317925,414.37925958852065,201.55648198847075,41557.30723160007,2.593718168066726e+16,5.2440172936905005e+17,156.0,1195.0,0.1305439330543933,60.35403515416007,7.64096615520923e+16,104.19030750531805,116.9207970288889,129.94277941694548,37874.802318285525,2.3638818159559216e+16,2.3135849354506694e+17,156.0,802.0,0.19451371571072318,76.1208648578595,1.5145546101264525e+17,-3682.504913314544
BMIM_nitrate_4kHz,BMIM_nitrate,4,Lissajouswaveformsdifferentmediums/ionic liquid/Lissajousfigure4kHz-0008/Lissajousfigure4kHz-0008_46.csv,46,127994.47063898804,3999.7440163866904,current activity-envelope rising edges,6.399590332739535e-05,7.265625,1,1,False,7.9047679999999945,36.288949675270835,44.965011243846774,2970.002591086703,2970.002591086703,11879.250092352007,0.18185602787029218,0.18185602787029218,0.8863811980156175,False,False,False,399.819330081216,418.9513659436124,203.3878007656798,41141.726503512815,2.567780508566048e+16,5.2680952768757504e+17,156.0,1188.0,0.13131313131313133,60.35403515416007,7.65331998530442e+16,102.3444342026553,120.42654784039702,129.8056440634498,37749.928657409,2.3560880702946972e+16,2.3589075057516822e+17,156.0,823.0,0.18955042527339003,76.1208648578595,1.5138862250914883e+17,-3391.7978461038147
BMIM_nitrate_4kHz,BMIM_nitrate,4,Lissajouswaveformsdifferentmediums/ionic liquid/Lissajousfigure4kHz-0008/Lissajousfigure4kHz-0008_47.csv,47,127994.47063898804,3999.7440163866904,current activity-envelope rising edges,6.399590332739535e-05,7.265625,1,1,False,7.9047679999999945,36.503440772483515,44.835011243846786,2997.4793127388575,2997.4793127388575,11989.149945370134,0.18227216709370353,0.18227216709370353,0.8847395309337923,False,False,False,401.8720011794097,414.1681336746035,201.2878623031604,40916.392941196085,2.5537167543579388e+16,5.180352913621478e+17,156.0,1191.0,0.1309823677581864,60.35403515416007,7.635980255762021e+16,102.83781463071753,120.00272723383898,414.4994832861325,36470.23192152045,2.276218297814205e+16,2.3557509780973126e+17,156.0,685.0,0.22773722627737225,76.1208648578595,1.5127601897633766e+17,-4446.161019675637
BMIM_nitrate_4kHz,BMIM_nitrate,4,Lissajouswaveformsdifferentmediums/ionic liquid/Lissajousfigure4kHz-0008/Lissajousfigure4kHz-0008_48.csv,48,127994.47063898804,3999.7440163866904,current activity-envelope rising edges,6.399590332739535e-05,7.265625,1,1,False,7.9047679999999945,35.98720699071196,43.965011243846774,2985.590046902338,2985.590046902338,11941.595925481286,0.18185602059348935,0.18185602059348935,0.8857698929523555,False,False,False,399.29391317875326,417.24623361812206,203.2786256241512,40588.76513823659,2.533268504904142e+16,5.242507343621963e+17,157.0,1178.0,0.133276740237691,60.35403515416007,7.625164632333624e+16,103.43150414427409,123.17990551433432,405.335962406147,36925.87844637623,2.304656585770366e+16,2.423078130060224e+17,155.0,758.0,0.20448548812664907,76.1208648578595,1.5166508800571763e+17,-3662.88669186036
BMIM_nitrate_4kHz,BMIM_nitrate,4,Lissajouswaveformsdifferentmediums/ionic liquid/Lissajousfigure4kHz-0008/Lissajousfigure4kHz-0008_49.csv,49,127994.47063898804,3999.7440163866904,current activity-envelope rising edges,6.399590332739535e-05,7.265625,1,1,False,7.9047679999999945,35.865928333423106,43.965011243846774,2969.4531303640997,2969.4531303640997,11877.052390114535,0.18268831359391818,0.18268831359391818,0.8832440135258689,False,False,False,399.5838128275093,416.3447748766589,203.7508065853391,40896.51491944854,2.552476106452999e+16,5.2154416753003014e+17,156.0,1192.0,0.13087248322147652,60.35403515416007,7.63505128182461e+16,102.05875509162904,120.89871714447922,411.0191947153874,36959.15904922119,2.3067337295988176e+16,2.386793181377346e+17,155.0,730.0,0.21232876712328766,76.1208648578595,1.519814528827977e+17,-3937.3558702273513
BMIM_nitrate_4kHz,BMIM_nitrate,4,Lissajouswaveformsdifferentmediums/ionic liquid/Lissajousfigure4kHz-0008/Lissajousfigure4kHz-0008_50.csv,50,127994.47063898804,3999.7440163866904,current activity-envelope rising edges,6.399590332739535e-05,7.265625,1,1,False,7.9047679999999945,35.83027658517024,44.965011243846774,2958.2397951095872,2958.2397951095872,11832.20191952656,0.18268831359391882,0.18268831359391882,0.8833998405600616,False,False,False,397.4180545812818,414.41049479508405,203.4241952776457,40863.75693945102,2.5504315811088708e+16,5.214032313810008e+17,156.0,1187.0,0.13142375737152484,60.35403515416007,7.659806811114066e+16,100.18167696205344,122.38869387902771,406.72639583673373,37039.0925776588,2.3117226246634296e+16,2.4307826093458838e+17,155.0,759.0,0.20421607378129117,76.1208648578595,1.5125171496499565e+17,-3824.6643617922236
BMIM_nitrate_4kHz,BMIM_nitrate,4,Lissajouswaveformsdifferentmediums/ionic liquid/Lissajousfigure4kHz-0008/Lissajousfigure4kHz-0008_51.csv,51,127994.47063898804,3999.7440163866904,current activity-envelope rising edges,6.399590332739535e-05,7.265625,1,1,False,7.9047679999999945,35.55582956675084,44.965011243846774,2963.1341728529833,2963.1341728529833,11851.778177619646,0.1831044274068006,0.1831044274068006,0.8822123719089663,False,False,False,399.77554462152636,414.02680869320204,203.53147750586734,41358.98667193923,2.581340377662098e+16,5.215064613554663e+17,156.0,1190.0,0.13109243697478992,60.35403515416007,7.662547090884869e+16,101.86562291711007,122.10482257898653,411.4183812449307,37427.59131328545,2.3359700144967052e+16,2.4235256125415606e+17,156.0,761.0,0.2049934296977661,76.1208648578595,1.5135790412060877e+17,-3931.3953586537828
BMIM_nitrate_4kHz,BMIM_nitrate,4,Lissajouswaveformsdifferentmediums/ionic liquid/Lissajousfigure4kHz-0008/Lissajousfigure4kHz-0008_52.csv,52,127994.47063898804,3999.7440163866904,current activity-envelope rising edges,6.399590332739535e-05,7.265625,1,1,False,7.9047679999999945,35.29096132716078,44.965011243846774,2985.2250828825267,2985.2250828825267,11940.13616282685,0.18310446742088513,0.18310446742088513,0.8810480790482604,False,False,False,405.98776931170806,423.54739903898616,202.05178408557694,41433.70351611196,2.586003683566674e+16,5.321662255051565e+17,156.0,1198.0,0.1302170283806344,60.35403515416007,7.645975483919328e+16,105.03379213552596,124.21087822706423,127.68204189515433,37982.8698656783,2.3706266408669524e+16,2.4708863245106685e+17,156.0,843.0,0.18505338078291814,76.1208648578595,1.5147965863017184e+17,-3450.833650433655
BMIM_nitrate_4kHz,BMIM_nitrate,4,Lissajouswaveformsdifferentmediums/ionic liquid/Lissajousfigure4kHz-0008/Lissajousfigure4kHz-0008_53.csv,53,127994.47063898804,3999.7440163866904,current activity-envelope rising edges,6.399590332739535e-05,7.265625,1,1,False,7.9047679999999945,35.3509691638551,44.965011243846774,2988.1647695008414,2988.1647695008414,11951.894156788503,0.18310446009413203,0.18310446009413203,0.880890783894037,False,False,False,411.83452890209287,431.35134389733633,201.33613793229404,41397.64077154265,2.583752897796112e+16,5.419614148650255e+17,156.0,1194.0,0.1306532663316583,60.35403515416007,7.654048202474333e+16,111.98979407853919,133.04159698116572,134.56038883024755,37983.500422947654,2.3706659958674196e+16,2.6288614722519072e+17,156.0,799.0,0.19524405506883605,76.1208648578595,1.5173160789675114e+17,-3414.1403485949922
BMIM_nitrate_4kHz,BMIM_nitrate,4,Lissajouswaveformsdifferentmediums/ionic liquid/Lissajousfigure4kHz-0008/Lissajousfigure4kHz-0008_54.csv,54,127994.47063898804,3999.7440163866904,current activity-envelope rising edges,6.399590332739535e-05,7.265625,1,1,False,7.9047679999999945,34.808881401932716,44.965011243846774,2972.689193294999,2972.689193294999,11889.99581345905,0.18268831359391643,0.18268831359391643,0.8847395307376608,False,False,False,414.2242930032486,435.8146800401844,201.8126771730104,40994.294633834914,2.5585788363594124e+16,5.474856466742756e+17,156.0,1192.0,0.13087248322147652,60.35403515416007,7.635439432292501e+16,118.3239943354096,135.1596700346681,343.643855417406,37336.570545179646,2.3302891310219476e+16,2.6471626638322054e+17,156.0,766.0,0.20365535248041775,76.1208648578595,1.5166404354539872e+17,-3657.724088655268
BMIM_nitrate_4kHz,BMIM_nitrate,4,Lissajouswaveformsdifferentmediums/ionic liquid/Lissajousfigure4kHz-0008/Lissajousfigure4kHz-0008_55.csv,55,127994.47063898804,3999.7440163866904,current activity-envelope rising edges,6.399590332739535e-05,7.265625,1,1,False,7.9047679999999945,34.542189166707836,43.965011243846774,2963.8538322428963,2963.8538322428963,11854.656630958285,0.1822721670937059,0.1822721670937059,0.884578015642449,False,False,False,406.79140011485,434.0187033446732,201.28092081821933,40631.30285616941,2.5359234134913508e+16,5.4631011375462035e+17,156.0,1189.0,0.1312026913372582,60.35403515416007,7.642110069380634e+16,108.4850209752924,141.72645481978003,278.01288277815445,37136.16147340301,2.3177809902125456e+16,2.758592831659135e+17,156.0,771.0,0.20233463035019456,76.1208648578595,1.5165779025473683e+17,-3495.1413827664
BMIM_nitrate_4kHz,BMIM_nitrate,4,Lissajouswaveformsdifferentmediums/ionic liquid/Lissajousfigure4kHz-0008/Lissajousfigure4kHz-0008_56.csv,56,127994.47063898804,3999.7440163866904,current activity-envelope rising edges,6.399590332739535e-05,7.265625,1,1,False,7.9047679999999945,34.53065128128801,43.965011243846774,2980.678692798671,2980.678692798671,11921.951766292786,0.17977529528596412,0.17977529528596412,0.8772204771574298,False,False,False,395.59179782357296,409.19839685480855,204.33954014479357,40485.202076557805,2.526804818671541e+16,5.1772595874247443e+17,156.0,1201.0,0.1298917568692756,60.35403515416007,7.664457341861165e+16,95.00613275335932,110.72667515124856,131.3924917410877,37082.70437037312,2.3144445695304224e+16,2.186375441092044e+17,153.0,789.0,0.19391634980988592,76.1208648578595,1.5252122532111882e+17,-3402.4977061846876
BMIM_nitrate_4kHz,BMIM_nitrate,4,Lissajouswaveformsdifferentmediums/ionic liquid/Lissajousfigure4kHz-0008/Lissajousfigure4kHz-0008_57.csv,57,127998.46401855144,3999.7440163866904,current activity-envelope rising edges,6.399590332739535e-05,7.265625,1,1,False,7.9047679999999945,35.47389524626178,44.215011243846774,2904.047563309456,2904.047563309456,11615.446864649346,0.1789429622381453,0.1789429622381453,0.8898060790250824,False,False,False,403.0396994693037,417.30297628733666,203.7737065413887,40015.792689844704,2.4975075485718788e+16,5.2632063309107456e+17,158.0,1159.0,0.1363244176013805,60.35403515416007,7.657179536475637e+16,102.12334791765375,127.82315178115729,139.8836217606057,37096.48014799866,2.315304357786372e+16,2.5276693582264125e+17,157.0,792.0,0.19823232323232323,76.1208648578595,1.5184114495956e+17,-2919.3125418460404
BMIM_nitrate_4kHz,BMIM_nitrate,4,Lissajouswaveformsdifferentmediums/ionic liquid/Lissajousfigure4kHz-0008/Lissajousfigure4kHz-0008_58.csv,58,127994.47063898804,3999.7440163866904,current activity-envelope rising edges,6.399590332739535e-05,7.265625,1,1,False,7.9047679999999945,36.92112373420409,44.965011243846774,2978.650997281603,2978.650997281603,11913.84150328134,0.18185602059348982,0.18185602059348982,0.8851977425377975,False,False,False,400.86322801038074,417.27543198357944,202.70899046619118,40722.765014886645,2.5416318454990704e+16,5.257168550145035e+17,156.0,1193.0,0.13076278290025148,60.35403515416007,7.642401239262523e+16,103.61972849433431,121.71687396281078,412.6514516141792,36821.31757678048,2.2981306233053788e+16,2.3983576803407395e+17,154.0,725.0,0.21241379310344827,76.1208648578595,1.5127601897632474e+17,-3901.4474381061664
BMIM_nitrate_4kHz,BMIM_nitrate,4,Lissajouswaveformsdifferentmediums/ionic liquid/Lissajousfigure4kHz-0008/Lissajousfigure4kHz-0008_59.csv,59,127994.47063898804,3999.7440163866904,current activity-envelope rising edges,6.399590332739535e-05,7.265625,1,1,False,7.9047679999999945,37.14590703588377,44.965011243846774,2975.0476724677283,2975.0476724677283,11899.429126417946,0.18185602059349062,0.18185602059349062,0.8838750722503218,False,False,False,407.77819814052685,424.89325287868667,199.2082517020159,41272.84200917561,2.5759638267790784e+16,5.34940431375379e+17,157.0,1191.0,0.13182199832073888,60.35403515416007,7.65029119423348e+16,108.53991263355265,125.08350288777021,127.4625044411507,37994.071829291235,2.3713257895480484e+16,2.442349824588062e+17,155.0,840.0,0.18452380952380953,76.1208648578595,1.506801430826817e+17,-3278.7701798843773
BMIM_nitrate_4kHz,BMIM_nitrate,4,Lissajouswaveformsdifferentmediums/ionic liquid/Lissajousfigure4kHz-0008/Lissajousfigure4kHz-0008_60.csv,60,127994.47063898804,3999.7440163866904,current activity-envelope rising edges,6.399590332739535e-05,7.265625,1,1,False,7.9047679999999945,36.160034478521716,44.17501124384682,3008.7095533679717,3008.7095533679717,12034.068033129017,0.1835206065943448,0.1835206065943448,0.8800278208364444,False,False,False,406.1102993233161,422.7976877583068,200.3436623170733,41510.93303378805,2.5908238130806292e+16,5.3131177271927514e+17,156.0,1199.0,0.13010842368640535,60.35403515416007,7.627571278692146e+16,106.96961067263899,128.9772984817035,129.0151029489953,37932.71932893078,2.3674965930615108e+16,2.5338486710384976e+17,156.0,819.0,0.19047619047619047,76.1208648578595,1.51440171974217e+17,-3578.2137048572695
BMIM_nitrate_4kHz,BMIM_nitrate,4,Lissajouswaveformsdifferentmediums/ionic liquid/Lissajousfigure4kHz-0008/Lissajousfigure4kHz-0008_61.csv,61,127994.47063898804,3999.7440163866904,current activity-envelope rising edges,6.399590332739535e-05,7.265625,1,1,False,7.9047679999999945,36.51075672857892,44.965011243846774,3011.7999240494564,3011.7999240494564,12046.428724770702,0.18352057392366525,0.18352057392366525,0.8811744916482742,False,False,False,405.4943313509381,422.65391314239224,200.7039694080405,41341.44903270198,2.5802458001606936e+16,5.313776833049098e+17,157.0,1199.0,0.13094245204336946,60.35403515416007,7.626422073623491e+16,108.92493583543904,122.32310594118555,125.80029629724766,38234.8511750739,2.3863535621650584e+16,2.4045217309933715e+17,156.0,882.0,0.17687074829931973,76.1208648578595,1.5153750701401766e+17,-3106.597857628083
BMIM_nitrate_4kHz,BMIM_nitrate,4,Lissajouswaveformsdifferentmediums/ionic liquid/Lissajousfigure4kHz-0008/Lissajousfigure4kHz-0008_62.csv,62,127994.47063898804,3999.7440163866904,current activity-envelope rising edges,6.399590332739535e-05,7.265625,1,1,False,7.9047679999999945,35.99790917437299,44.965011243846774,2991.182095708177,2991.182095708177,11963.962689231781,0.18435290697148615,0.18435290697148615,0.880176080098872,False,False,False,404.7732751413173,421.3788657003879,198.46092511565195,41741.07291267047,2.60518754415029e+16,5.269553318341919e+17,158.0,1200.0,0.13166666666666665,60.35403515416007,7.640331015630242e+16,106.57052428225295,123.62938658099156,126.30057341831694,38135.69614052787,2.3801649943369256e+16,2.4272992297320886e+17,156.0,815.0,0.19141104294478528,76.1208648578595,1.5241815687744118e+17,-3605.3767721425975
BMIM_nitrate_4kHz,BMIM_nitrate,4,Lissajouswaveformsdifferentmediums/ionic liquid/Lissajousfigure4kHz-0008/Lissajousfigure4kHz-0008_63.csv,63,127994.47063898804,3999.7440163866904,current activity-envelope rising edges,6.399590332739535e-05,7.265625,1,1,False,7.9047679999999945,36.246310614023706,44.965011243846774,3029.9474710682234,3029.9474710682234,12119.01426737111,0.1839367604546223,0.1839367604546223,0.8829994333100104,False,False,False,405.3603043322936,421.6397046993544,198.12434140961074,41006.076331282944,2.559314167995587e+16,5.322006635054704e+17,157.0,1185.0,0.13248945147679325,60.35403515416007,7.636378971447739e+16,103.86197519267418,122.96394390692875,126.39706628148029,37746.39595113324,2.3558675833319876e+16,2.4204593375438698e+17,157.0,837.0,0.1875746714456392,76.1208648578595,1.5232941206227677e+17,-3259.680380149701
BMIM_nitrate_4kHz,BMIM_nitrate,4,Lissajouswaveformsdifferentmediums/ionic liquid/Lissajousfigure4kHz-0008/Lissajousfigure4kHz-0008_64.csv,64,127994.47063898804,3999.7440163866904,current activity-envelope rising edges,6.399590332739535e-05,7.265625,1,1,False,7.9047679999999945,36.129335949908274,44.965011243846774,2986.842177682173,2986.842177682173,11946.604128075664,0.183520606594347,0.183520606594347,0.8816592990296783,False,False,False,401.4805825918495,419.9288983329742,197.43261793568672,41231.234675212574,2.573366986290273e+16,5.2873072824389056e+17,156.0,1196.0,0.13043478260869565,60.35403515416007,7.652690185012552e+16,104.55294863784044,124.03071170781176,125.98904732152315,38059.19812109822,2.3753905198573828e+16,2.4549426778266394e+17,156.0,860.0,0.1813953488372093,76.1208648578595,1.5127563471963744e+17,-3172.0365541143547
BMIM_nitrate_10kHz,BMIM_nitrate,10,Lissajouswaveformsdifferentmediums/ionic liquid/Lissajousfigure10kHz-0007/Lissajousfigure10kHz-0007_01.csv,1,119994.81622405129,10005.603137766497,voltage activity-envelope rising edges,0.000560313776649673,7.26500988,1,1,False,7.9047679999999945,53.69333385440221,65.94557082510207,3027.2137712626413,3027.2137712626413,30289.099608435434,0.30312500000000225,0.30312500000000225,0.8483705709301628,False,False,False,406.06130911941597,429.52040152585755,403.16731423782494,82380.78004032458,5.141635493832539e+16,5.5931662425214746e+17,316.0,1109.0,0.284941388638413,60.35403515416007,7.983537425947829e+16,426.40529095687106,439.3095424513554,432.38193274061564,77171.13595720509,4.816485732991596e+16,5.7038194704748915e+17,246.0,1135.0,0.21674008810572687,76.1208648578595,1.5170886766414406e+17,-5209.644083119492
BMIM_nitrate_10kHz,BMIM_nitrate,10,Lissajouswaveformsdifferentmediums/ionic liquid/Lissajousfigure10kHz-0007/Lissajousfigure10kHz-0007_02.csv,2,119994.81622405129,10005.603137766497,voltage activity-envelope rising edges,0.000560313776649673,7.26500988,1,1,False,7.9047679999999945,51.56560892296168,63.95335245765599,3009.102692953171,3009.102692953171,30107.88734647386,0.2979166965060777,0.2979166965060777,0.8432704304381637,False,False,False,398.83972235468036,420.81221585044756,395.6421367160147,84465.29343427617,5.271736326192522e+16,5.5413675317331546e+17,295.0,1133.0,0.26037069726390116,60.35403515416007,8.040201564214102e+16,115.3493599329763,436.26556140082215,433.31460532210934,82047.44720993075,5.120831176233535e+16,5.6916063259784915e+17,276.0,1199.0,0.23019182652210174,76.1208648578595,1.57556778133704e+17,-2417.846224345427
BMIM_nitrate_10kHz,BMIM_nitrate,10,Lissajouswaveformsdifferentmediums/ionic liquid/Lissajousfigure10kHz-0007/Lissajousfigure10kHz-0007_03.csv,3,119994.81622405129,10005.603137766497,voltage activity-envelope rising edges,0.000560313776649673,7.26500988,1,1,False,7.9047679999999945,52.687723059788524,64.94946164137902,3017.8360801336294,3017.8360801336294,30195.270152649988,0.2979166965060803,0.2979166965060803,0.8368772934212249,False,False,False,404.39810301977326,423.1327650661876,403.0057853057676,83618.59442775839,5.218891261331839e+16,5.550228678924521e+17,305.0,1101.0,0.27702089009990916,60.35403515416007,8.014072978362646e+16,114.11182396944919,437.85001114574305,432.5475484068538,80868.24831683765,5.047233780335515e+16,5.710890905157609e+17,260.0,1195.0,0.2175732217573222,76.1208648578595,1.5671736175231184e+17,-2750.346110920742
BMIM_nitrate_10kHz,BMIM_nitrate,10,Lissajouswaveformsdifferentmediums/ionic liquid/Lissajousfigure10kHz-0007/Lissajousfigure10kHz-0007_04.csv,4,119994.81622405129,10005.603137766497,voltage activity-envelope rising edges,0.000560313776649673,7.26500988,1,1,False,7.9047679999999945,51.42610907034195,63.95335245765599,3048.0516305193787,3048.0516305193787,30497.594958398982,0.2968750297350796,0.2968750297350796,0.8335672911951432,False,False,False,400.92670826020253,420.3913519099279,399.2997993182426,85225.78889373195,5.319201165021703e+16,5.525384592230747e+17,293.0,1143.0,0.2563429571303587,60.35403515416007,8.035953024178458e+16,115.04561706919688,438.1015117980593,431.78153622820116,88226.71543767347,5.5064981343531576e+16,5.6859790632023795e+17,285.0,1223.0,0.2330335241210139,76.1208648578595,1.5824075313397088e+17,3000.9265439415176
BMIM_nitrate_10kHz,BMIM_nitrate,10,Lissajouswaveformsdifferentmediums/ionic liquid/Lissajousfigure10kHz-0007/Lissajousfigure10kHz-0007_05.csv,5,119994.81622405129,10005.603137766497,voltage activity-envelope rising edges,0.000560313776649673,7.26500988,1,1,False,7.9047679999999945,53.379866825250545,64.94946164137902,3056.5138721661824,3056.5138721661824,30582.264789972778,0.30104166666666915,0.30104166666666915,0.8411113385314127,False,False,False,402.28126748408954,431.8236969000918,401.40351910257317,84563.60268082576,5.277872105814708e+16,5.642542878672998e+17,308.0,1132.0,0.27208480565371024,60.35403515416007,8.037479600454379e+16,427.0360035650267,445.33728967281803,432.0441891186667,76823.19844814051,4.794769892896778e+16,5.79918190775845e+17,245.0,1140.0,0.2149122807017544,76.1208648578595,1.5775633713381885e+17,-7740.4042326852505
BMIM_nitrate_10kHz,BMIM_nitrate,10,Lissajouswaveformsdifferentmediums/ionic liquid/Lissajousfigure10kHz-0007/Lissajousfigure10kHz-0007_06.csv,6,119994.81622405129,10005.603137766497,voltage activity-envelope rising edges,0.000560313776649673,7.26500988,1,1,False,7.9047679999999945,53.47913649739282,64.94946164137902,3021.509861164778,3021.509861164778,30232.028547662718,0.3031250303610786,0.3031250303610786,0.853459836636014,False,False,False,405.8886592036808,430.24908025377516,402.6615446795028,82202.3237318839,5.1304974918722776e+16,5.61422375359163e+17,321.0,1114.0,0.2881508078994614,60.35403515416007,7.990834770806576e+16,427.40881245365443,438.2001933516293,432.17865134617165,77564.73841002693,4.841051661365882e+16,5.6944867424115795e+17,249.0,1109.0,0.22452660054102797,76.1208648578595,1.533425264869031e+17,-4637.585321856968
BMIM_nitrate_10kHz,BMIM_nitrate,10,Lissajouswaveformsdifferentmediums/ionic liquid/Lissajousfigure10kHz-0007/Lissajousfigure10kHz-0007_07.csv,7,119994.81622405129,10005.603137766497,voltage activity-envelope rising edges,0.000560313776649673,7.26500988,1,1,False,7.9047679999999945,52.62353278709199,63.95335245765599,3062.670098052503,3062.670098052503,30643.86154301775,0.29895836327708053,0.29895836327708053,0.8467679882579897,False,False,False,396.93489593125963,428.9866561440443,393.636415056967,83144.4942199887,5.1893012227972584e+16,5.5807926535259264e+17,317.0,1113.0,0.28481581311769993,60.35403515416007,8.0376465394597e+16,115.29942802151814,437.44070509722053,431.4264425678449,82385.51181820255,5.1419308185074744e+16,5.672289761065757e+17,277.0,1170.0,0.23675213675213674,76.1208648578595,1.584969093138853e+17,-758.9824017861538
BMIM_nitrate_10kHz,BMIM_nitrate,10,Lissajouswaveformsdifferentmediums/ionic liquid/Lissajousfigure10kHz-0007/Lissajousfigure10kHz-0007_08.csv,8,119994.81622405129,10005.603137766497,voltage activity-envelope rising edges,0.000560313776649673,7.26500988,1,1,False,7.9047679999999945,54.027646423627665,65.94557082510207,3073.346055492397,3073.346055492397,30750.68093627702,0.3031250303610786,0.3031250303610786,0.8386791791574877,False,False,False,402.5362112372951,423.35796503857244,400.60569080018627,83814.1446175599,5.231096144512321e+16,5.569303632653001e+17,321.0,1115.0,0.2878923766816143,60.35403515416007,7.96901238401678e+16,426.8597464286452,441.86939738363833,432.6609124059316,76966.81786403421,4.80373361824632e+16,5.766255969551034e+17,244.0,1160.0,0.2103448275862069,76.1208648578595,1.5319420758733293e+17,-6847.326753525689
BMIM_nitrate_10kHz,BMIM_nitrate,10,Lissajouswaveformsdifferentmediums/ionic liquid/Lissajousfigure10kHz-0007/Lissajousfigure10kHz-0007_09.csv,9,119994.81622405129,10005.603137766497,voltage activity-envelope rising edges,0.000560313776649673,7.26500988,1,1,False,7.9047679999999945,50.49569068345273,63.95335245765599,3057.0706890692254,3057.0706890692254,30587.83607892503,0.29375002942207185,0.29375002942207185,0.825216216932803,False,False,False,393.8425191993395,416.9309183643435,393.0836844888466,86165.66885400287,5.377861937125408e+16,5.5034496990394234e+17,298.0,1127.0,0.26441881100266196,60.35403515416007,8.049150882011218e+16,108.96127011738521,129.75847980756538,432.0604290507199,89256.05873326048,5.570742585805767e+16,2.708959712660532e+17,297.0,1243.0,0.23893805309734514,76.1208648578595,1.608791552783604e+17,3090.3898792576074
BMIM_nitrate_10kHz,BMIM_nitrate,10,Lissajouswaveformsdifferentmediums/ionic liquid/Lissajousfigure10kHz-0007/Lissajousfigure10kHz-0007_10.csv,10,119994.81622405129,10005.603137766497,voltage activity-envelope rising edges,0.000560313776649673,7.26500988,1,1,False,7.9047679999999945,52.49923440066774,64.94946164137902,3080.7860546556803,3080.7860546556803,30825.12261525014,0.3020833635900819,0.3020833635900819,0.8462122014333043,False,False,False,397.76965578621696,416.9809413330078,394.79701253752535,83666.35298966174,5.221872018698988e+16,5.4962620911641786e+17,308.0,1116.0,0.27598566308243727,60.35403515416007,8.032166737914034e+16,106.02550131419679,441.5702363422596,436.06411906450967,79649.14232384758,4.9711456607373096e+16,5.79256579301342e+17,259.0,1189.0,0.21783010933557612,76.1208648578595,1.5491490240558986e+17,-4017.2106658141565
BMIM_nitrate_10kHz,BMIM_nitrate,10,Lissajouswaveformsdifferentmediums/ionic liquid/Lissajousfigure10kHz-0007/Lissajousfigure10kHz-0007_11.csv,11,119994.81622405129,10005.603137766497,voltage activity-envelope rising edges,0.000560313776649673,7.26500988,1,1,False,7.9047679999999945,52.60999973542866,63.95335245765599,3015.969995381207,3015.969995381207,30176.598849195812,0.30104166666666915,0.30104166666666915,0.8418258563088413,False,False,False,392.04962146443165,419.0332014882412,390.6338954028312,84676.83120936353,5.284939043284338e+16,5.4958163684206074e+17,317.0,1131.0,0.28028293545534927,60.35403515416007,8.048976481363126e+16,109.45206092534089,443.07385048577646,435.7863225735119,80495.34278042818,5.0239596095773464e+16,5.830018444788893e+17,258.0,1186.0,0.2175379426644182,76.1208648578595,1.5902587989209254e+17,-4181.48842893535
BMIM_nitrate_10kHz,BMIM_nitrate,10,Lissajouswaveformsdifferentmediums/ionic liquid/Lissajousfigure10kHz-0007/Lissajousfigure10kHz-0007_12.csv,12,119994.81622405129,10005.603137766497,voltage activity-envelope rising edges,0.000560313776649673,7.26500988,1,1,False,7.9047679999999945,51.30071943511213,63.95335245765599,3071.4666589195867,3071.4666589195867,30731.876440030996,0.29895833333333327,0.29895833333333327,0.8359466164787167,False,False,False,394.8497416571102,410.5402394975189,391.9645718209616,84191.34694982464,5.254638491392011e+16,5.395370028835385e+17,307.0,1133.0,0.2709620476610768,60.35403515416007,8.005637982798792e+16,107.74589445814208,438.4669770127001,433.566461610063,87236.10198200785,5.444670930218586e+16,5.71482661392043e+17,285.0,1213.0,0.23495465787304204,76.1208648578595,1.5870043663704538e+17,3044.7550321832096
BMIM_nitrate_10kHz,BMIM_nitrate,10,Lissajouswaveformsdifferentmediums/ionic liquid/Lissajousfigure10kHz-0007/Lissajousfigure10kHz-0007_13.csv,13,119994.81622405129,10005.603137766497,voltage activity-envelope rising edges,0.000560313776649673,7.26500988,1,1,False,7.9047679999999945,51.21176021680263,63.95335245765599,3058.356862734237,3058.356862734237,30600.70502218338,0.29791666666666644,0.29791666666666644,0.8386541528194118,False,False,False,395.41041952607384,416.09045803471605,394.0176588345738,84228.56297775081,5.256961257090892e+16,5.490843930833777e+17,302.0,1120.0,0.26964285714285713,60.35403515416007,8.048993952186696e+16,107.51442036354622,434.99842975935354,433.6031833443014,87637.80159295343,5.469742226903146e+16,5.597472097760461e+17,289.0,1231.0,0.2347684809098294,76.1208648578595,1.587000034453562e+17,3409.2386152026156
BMIM_nitrate_10kHz,BMIM_nitrate,10,Lissajouswaveformsdifferentmediums/ionic liquid/Lissajousfigure10kHz-0007/Lissajousfigure10kHz-0007_14.csv,14,119994.81622405129,10005.603137766497,voltage activity-envelope rising edges,0.000560313776649673,7.26500988,1,1,False,7.9047679999999945,52.28497351203825,64.94946164137902,3075.223054049976,3075.223054049976,30769.461438934308,0.30312493020081605,0.30312493020081605,0.8498373511069354,False,False,False,401.88760320505395,416.22599923973155,401.0578808086502,83822.35155082605,5.231608364223715e+16,5.467338298272796e+17,310.0,1091.0,0.2841429880843263,60.35403515416007,7.970364447926886e+16,121.59888016384497,443.73889867263694,434.8456930955377,78768.3691428222,4.9161739228227224e+16,5.804611565924545e+17,254.0,1169.0,0.2172797262617622,76.1208648578595,1.5439503182729987e+17,-5053.9824080038525
BMIM_nitrate_10kHz,BMIM_nitrate,10,Lissajouswaveformsdifferentmediums/ionic liquid/Lissajousfigure10kHz-0007/Lissajousfigure10kHz-0007_15.csv,15,119994.81622405129,10005.603137766497,voltage activity-envelope rising edges,0.000560313776649673,7.26500988,1,1,False,7.9047679999999945,53.41303303603509,64.94946164137902,3090.146672523848,3090.146672523848,30918.78124276331,0.3072916666666607,0.3072916666666607,0.852308331760247,False,False,False,404.42067670446727,425.1419903607805,402.67566500490375,83149.14089583323,5.189591235994983e+16,5.5668752540064486e+17,313.0,1108.0,0.2824909747292419,60.35403515416007,8.014088362260498e+16,432.7985791431822,442.7701957834214,436.6289097803558,74101.91198953342,4.6249261133451496e+16,5.823193845842771e+17,231.0,1127.0,0.20496894409937888,76.1208648578595,1.5238894855473642e+17,-9047.228906299817
BMIM_nitrate_10kHz,BMIM_nitrate,10,Lissajouswaveformsdifferentmediums/ionic liquid/Lissajousfigure10kHz-0007/Lissajousfigure10kHz-0007_16.csv,16,119994.81622405129,10005.603137766497,voltage activity-envelope rising edges,0.000560313776649673,7.26500988,1,1,False,7.9047679999999945,52.65129500565066,64.94946164137902,3082.670297850242,3082.670297850242,30843.975604869964,0.30208326342980285,0.30208326342980285,0.848171012406594,False,False,False,402.79464984505756,418.8258164105953,399.31698472016905,83156.17131259412,5.1900300257264776e+16,5.5099803566009005e+17,315.0,1115.0,0.2825112107623318,60.35403515416007,7.990451102110422e+16,108.79916040821273,439.3828263409425,436.170321931467,79373.89504238137,4.953966639231627e+16,5.7292040860217894e+17,254.0,1184.0,0.21452702702702703,76.1208648578595,1.5644777240388554e+17,-3782.276270212751
BMIM_nitrate_10kHz,BMIM_nitrate,10,Lissajouswaveformsdifferentmediums/ionic liquid/Lissajousfigure10kHz-0007/Lissajousfigure10kHz-0007_17.csv,17,119994.81622405129,10005.603137766497,voltage activity-envelope rising edges,0.000560313776649673,7.26500988,1,1,False,7.9047679999999945,53.02073892390535,64.94946164137902,3071.420469186892,3071.420469186892,30731.414283896615,0.3041666971320814,0.3041666971320814,0.8471184344006949,False,False,False,403.8066727362702,421.1795186507829,401.10377324555094,83620.40788932954,5.219004444994052e+16,5.539121497594609e+17,325.0,1121.0,0.28991971454058874,60.35403515416007,7.966850373611638e+16,122.11871771765294,441.9073057977812,432.76458829848735,77983.43222000892,4.867183617793068e+16,5.78010934470933e+17,257.0,1160.0,0.22155172413793103,76.1208648578595,1.5233251843645802e+17,-5636.9756693206145
BMIM_nitrate_10kHz,BMIM_nitrate,10,Lissajouswaveformsdifferentmediums/ionic liquid/Lissajousfigure10kHz-0007/Lissajousfigure10kHz-0007_18.csv,18,119994.81622405129,10005.603137766497,voltage activity-envelope rising edges,0.000560313776649673,7.26500988,1,1,False,7.9047679999999945,53.204849942776974,63.95335245765599,3027.2185906121126,3027.2185906121126,30289.147828933626,0.30208333333333487,0.30208333333333487,0.8451055796152386,False,False,False,394.6411162982618,425.29294855471744,391.0261472414378,82401.23880275383,5.142912387532922e+16,5.5135170218346765e+17,324.0,1112.0,0.29136690647482016,60.35403515416007,8.048976547817805e+16,110.27833411901825,444.6559848087423,437.4415086964414,77627.0465410088,4.844940501671277e+16,5.828944951727977e+17,258.0,1165.0,0.22145922746781116,76.1208648578595,1.5332024225605203e+17,-4774.192261745018
BMIM_nitrate_10kHz,BMIM_nitrate,10,Lissajouswaveformsdifferentmediums/ionic liquid/Lissajousfigure10kHz-0007/Lissajousfigure10kHz-0007_19.csv,19,119994.81622405129,10005.603137766497,voltage activity-envelope rising edges,0.000560313776649673,7.26500988,1,1,False,7.9047679999999945,52.258736522255546,64.94946164137902,3089.5606721451154,3089.5606721451154,30912.917955535133,0.2989582631168166,0.2989582631168166,0.8368569971414539,False,False,False,403.53746291474823,429.58653326397643,402.3270486205456,84010.02964072936,5.2433219256635224e+16,5.5984373702705146e+17,306.0,1110.0,0.2756756756756757,60.35403515416007,8.002111132944835e+16,110.03318671970558,437.5895329916573,434.12338303746105,85373.34344352598,5.328410494068189e+16,5.6889673355416736e+17,275.0,1212.0,0.2268976897689769,76.1208648578595,1.5899017814120742e+17,1363.3138027966197
BMIM_nitrate_10kHz,BMIM_nitrate,10,Lissajouswaveformsdifferentmediums/ionic liquid/Lissajousfigure10kHz-0007/Lissajousfigure10kHz-0007_20.csv,20,119994.81622405129,10005.603137766497,voltage activity-envelope rising edges,0.000560313776649673,7.26500988,1,1,False,7.9047679999999945,52.21078154334432,63.95335245765599,3015.9128962456593,3015.9128962456593,30176.027537906015,0.2999999298878116,0.2999999298878116,0.8459398640201033,False,False,False,393.7567255914886,410.0384735239835,392.06334228219475,83730.03366352005,5.2258465235873944e+16,5.413143685328376e+17,312.0,1113.0,0.2803234501347709,60.35403515416007,8.034370950976589e+16,98.69301989638731,435.08590155676507,434.9014403028466,82331.41476525385,5.138554456601013e+16,5.674442536750042e+17,282.0,1224.0,0.23039215686274508,76.1208648578595,1.5788876571150518e+17,-1398.6188982661988
BMIM_nitrate_10kHz,BMIM_nitrate,10,Lissajouswaveformsdifferentmediums/ionic liquid/Lissajousfigure10kHz-0007/Lissajousfigure10kHz-0007_21.csv,21,119994.81622405129,10005.603137766497,voltage activity-envelope rising edges,0.000560313776649673,7.26500988,1,1,False,7.9047679999999945,52.86550299060412,64.94946164137902,3082.064890957483,3082.064890957483,30837.918143764145,0.30312503036108557,0.30312503036108557,0.8448810229102437,False,False,False,402.6599883858819,418.1465003506589,401.6955723621117,83814.4819498373,5.231117198447594e+16,5.5099285653670144e+17,311.0,1090.0,0.2853211009174312,60.35403515416007,8.002073760402466e+16,423.57210858419006,443.4462389672046,434.866542879086,78674.87261243715,4.910338519480552e+16,5.795750157530136e+17,247.0,1177.0,0.20985556499575192,76.1208648578595,1.5403256414443645e+17,-5139.60933740015
BMIM_nitrate_10kHz,BMIM_nitrate,10,Lissajouswaveformsdifferentmediums/ionic liquid/Lissajousfigure10kHz-0007/Lissajousfigure10kHz-0007_22.csv,22,119994.81622405129,10005.603137766497,voltage activity-envelope rising edges,0.000560313776649673,7.26500988,1,1,False,7.9047679999999945,51.827307844697735,64.94946164137902,3049.0982422990487,3049.0982422990487,30508.066940505672,0.2999999298878164,0.2999999298878164,0.8408038771384937,False,False,False,398.4970652739339,413.8397393896485,396.47985267947985,83954.56742193404,5.239860359596958e+16,5.427197211249088e+17,305.0,1103.0,0.27651858567543064,60.35403515416007,8.006970982885026e+16,107.26363537129582,437.046850243409,432.2438265569489,85012.06379190236,5.305861930203193e+16,5.686124774324646e+17,281.0,1220.0,0.230327868852459,76.1208648578595,1.5753517844043923e+17,1057.496369968314
BMIM_nitrate_10kHz,BMIM_nitrate,10,Lissajouswaveformsdifferentmediums/ionic liquid/Lissajousfigure10kHz-0007/Lissajousfigure10kHz-0007_23.csv,23,119994.81622405129,10005.603137766497,voltage activity-envelope rising edges,0.000560313776649673,7.26500988,1,1,False,7.9047679999999945,52.44161931032453,64.94946164137902,3062.1521520969286,3062.1521520969286,30638.679181339463,0.30208333333333487,0.30208333333333487,0.8464248524993075,False,False,False,400.54973187096806,414.42655896481114,399.5145082738326,83407.55737566194,5.205719795887572e+16,5.475586067671729e+17,305.0,1095.0,0.2785388127853881,60.35403515416007,8.000478339881e+16,117.87795257673525,443.7100941101985,433.9860695933495,79704.93709796543,4.974627982594838e+16,5.814440204082022e+17,252.0,1191.0,0.21158690176322417,76.1208648578595,1.5629052226590826e+17,-3702.6202776965074
BMIM_nitrate_10kHz,BMIM_nitrate,10,Lissajouswaveformsdifferentmediums/ionic liquid/Lissajousfigure10kHz-0007/Lissajousfigure10kHz-0007_24.csv,24,119996.06412920872,10005.603137766497,voltage activity-envelope rising edges,0.000560313776649673,7.26500988,1,1,False,7.9047679999999945,54.38950805131496,65.94557082510207,3077.1049102721504,3077.1049102721504,30788.290545455726,0.32604169932308774,0.32604169932308774,0.8429474306919321,False,False,False,406.840164306171,428.85115402249585,403.29486165914363,81717.7665164468,5.1002547996270184e+16,5.623365267487167e+17,309.0,1161.0,0.2661498708010336,60.35403515416007,7.970055407235853e+16,432.64650526385617,440.41876806017285,435.3176676388253,74914.84130155403,4.67566350867712e+16,5.821549623647292e+17,215.0,1043.0,0.20613614573346117,76.1208648578595,1.5185568264523206e+17,-6802.925214892777
BMIM_nitrate_10kHz,BMIM_nitrate,10,Lissajouswaveformsdifferentmediums/ionic liquid/Lissajousfigure10kHz-0007/Lissajousfigure10kHz-0007_25.csv,25,119994.81622405129,9995.202302903954,voltage activity-envelope rising edges,0.00047976970960462496,7.26500988,1,1,False,7.9047679999999945,52.292486556888726,64.94946164137902,3047.1750491415355,3047.1750491415355,30457.131068530944,0.3007284079084285,0.3007284079084285,0.8408221802281901,False,False,False,401.75147519419596,415.3436275346405,399.95283709590205,83627.03922211495,5.219418326678641e+16,5.46482571850328e+17,306.0,1129.0,0.271036315323295,60.35403515416007,8.00147559279219e+16,105.2473498098293,435.68904699764505,433.17758488755567,84351.82780538556,5.2646545905674344e+16,5.671444140341671e+17,285.0,1206.0,0.236318407960199,76.1208648578595,1.5677225384551184e+17,724.7885832706088
BMIM_nitrate_10kHz,BMIM_nitrate,10,Lissajouswaveformsdifferentmediums/ionic liquid/Lissajousfigure10kHz-0007/Lissajousfigure10kHz-0007_26.csv,26,119994.81622405129,10005.603137766497,voltage activity-envelope rising edges,0.000560313776649673,7.26500988,1,1,False,7.9047679999999945,54.6082183051541,65.94557082510207,3108.9214201633504,3108.9214201633504,31106.63391665589,0.3291666666666662,0.3291666666666662,0.8522524462139904,False,False,False,410.30712115649607,431.074132257487,408.0367412239419,81366.9070438566,5.078356590885438e+16,5.6178246722112666e+17,321.0,1174.0,0.2734241908006814,60.35403515416007,7.98839665713028e+16,434.3621027910579,442.18560848639834,436.0261022194453,75611.61365028415,4.7191511940037e+16,5.810641671304026e+17,236.0,1032.0,0.22868217054263565,76.1208648578595,1.493149839510845e+17,-5755.293393572443
BMIM_nitrate_10kHz,BMIM_nitrate,10,Lissajouswaveformsdifferentmediums/ionic liquid/Lissajousfigure10kHz-0007/Lissajousfigure10kHz-0007_27.csv,27,119994.81622405129,10005.603137766497,voltage activity-envelope rising edges,0.000560313776649673,7.26500988,1,1,False,7.9047679999999945,51.29586459212615,64.94946164137902,3092.0795475732834,3092.0795475732834,30938.120823422854,0.2958333333333338,0.2958333333333338,0.8274548216095527,False,False,False,405.7057398472905,421.95508791345355,404.8568903482871,85599.81452707933,5.342545244442665e+16,5.565003233568931e+17,289.0,1103.0,0.26201269265639165,60.35403515416007,8.035587656270082e+16,113.45322435325137,137.0131975287352,434.34707549462775,89892.19465337931,5.610445766865521e+16,2.8512773442921632e+17,293.0,1262.0,0.23217115689381934,76.1208648578595,1.586398390821695e+17,4292.380126299977
BMIM_nitrate_10kHz,BMIM_nitrate,10,Lissajouswaveformsdifferentmediums/ionic liquid/Lissajousfigure10kHz-0007/Lissajousfigure10kHz-0007_28.csv,28,119994.81622405129,10005.603137766497,voltage activity-envelope rising edges,0.000560313776649673,7.42310524,1,1,False,7.9047679999999945,52.323678318320546,63.95335245765599,3030.3331702532564,3030.3331702532564,30320.31107676388,0.2958332628038122,0.2958332628038122,0.8380978109494504,False,False,False,394.7798249311754,417.06826157803033,392.97163293140426,83054.47846218052,5.183683065077408e+16,5.438797041885888e+17,297.0,1111.0,0.26732673267326734,60.35403515416007,8.072033906208152e+16,105.34457555201311,442.8853977774846,435.59547058942377,85078.22086773116,5.3099909948840936e+16,5.750663351519192e+17,274.0,1207.0,0.22700911350455674,76.1208648578595,1.6031369582084458e+17,2023.7424055506417
BMIM_nitrate_10kHz,BMIM_nitrate,10,Lissajouswaveformsdifferentmediums/ionic liquid/Lissajousfigure10kHz-0007/Lissajousfigure10kHz-0007_29.csv,29,119994.81622405129,10005.603137766497,voltage activity-envelope rising edges,0.000560313776649673,7.26500988,1,1,False,7.9047679999999945,52.45179841079464,63.95335245765599,3029.7034534542972,3029.7034534542972,30314.01038038431,0.2989583333333343,0.2989583333333343,0.8447521278852141,False,False,False,400.15188073829205,413.49568756925424,399.73052471364696,83699.78739844529,5.223958762024709e+16,5.466084548137424e+17,307.0,1122.0,0.2736185383244207,60.35403515416007,8.040044994132021e+16,105.48695204624586,437.77341951329913,436.7513015128952,82141.66723908266,5.126711735338222e+16,5.716030735937887e+17,278.0,1214.0,0.22899505766062603,76.1208648578595,1.567318912590345e+17,-1558.120159362632
BMIM_nitrate_10kHz,BMIM_nitrate,10,Lissajouswaveformsdifferentmediums/ionic liquid/Lissajousfigure10kHz-0007/Lissajousfigure10kHz-0007_30.csv,30,119994.81622405129,10005.603137766497,voltage activity-envelope rising edges,0.000560313776649673,7.26500988,1,1,False,7.9047679999999945,51.482252084559136,63.95335245765599,3064.024310489645,3064.024310489645,30657.411255228017,0.29583336296407914,0.29583336296407914,0.8326090460650171,False,False,False,403.7748975547889,418.2104082277646,402.508889100527,84751.57618805638,5.28960410515004e+16,5.525320319574868e+17,301.0,1102.0,0.2731397459165154,60.35403515416007,8.031275718541494e+16,111.01424625021446,434.79217350922715,432.997323539537,88019.67678876387,5.493576221434785e+16,5.5981098486077914e+17,290.0,1256.0,0.23089171974522293,76.1208648578595,1.5800821499059328e+17,3268.1006007074902
BMIM_nitrate_10kHz,BMIM_nitrate,10,Lissajouswaveformsdifferentmediums/ionic liquid/Lissajousfigure10kHz-0007/Lissajousfigure10kHz-0007_31.csv,31,119994.81622405129,10005.603137766497,voltage activity-envelope rising edges,0.000560313776649673,7.26500988,1,1,False,7.9047679999999945,51.71721725379147,64.94946164137902,3063.693628782747,3063.693628782747,30654.10258530388,0.2989583333333339,0.2989583333333339,0.8398974088667793,False,False,False,405.89897836427895,418.3007437821246,404.1661871983252,85313.34477152159,5.324665794134423e+16,5.534772124804616e+17,302.0,1119.0,0.26988382484361034,60.35403515416007,8.023109439037085e+16,109.2673280147306,436.2891491744756,432.87632105822877,87006.26026257675,5.4303258081887624e+16,5.6846110274450816e+17,289.0,1252.0,0.23083067092651757,76.1208648578595,1.5754768170620723e+17,1692.9154910551588
BMIM_nitrate_10kHz,BMIM_nitrate,10,Lissajouswaveformsdifferentmediums/ionic liquid/Lissajousfigure10kHz-0007/Lissajousfigure10kHz-0007_32.csv,32,119994.81622405129,10005.603137766497,voltage activity-envelope rising edges,0.000560313776649673,7.26500988,1,1,False,7.9047679999999945,52.573844549481294,64.94946164137902,3052.745340690008,3052.745340690008,30544.55835961,0.3010416666666709,0.3010416666666709,0.8485062925991982,False,False,False,401.38529038329415,417.5051830660374,399.9606334589991,83344.3865704205,5.201777113453096e+16,5.5037019042507226e+17,303.0,1107.0,0.27371273712737126,60.35403515416007,8.001523385103206e+16,111.27186164382451,440.40865059178464,435.40175191993995,79608.67261596837,4.968619822958704e+16,5.77482566811077e+17,259.0,1185.0,0.21856540084388185,76.1208648578595,1.5296250843691946e+17,-3735.7139544521197
BMIM_nitrate_10kHz,BMIM_nitrate,10,Lissajouswaveformsdifferentmediums/ionic liquid/Lissajousfigure10kHz-0007/Lissajousfigure10kHz-0007_33.csv,33,119994.81622405129,10005.603137766497,voltage activity-envelope rising edges,0.000560313776649673,7.26500988,1,1,False,7.9047679999999945,54.1873646461146,65.94557082510207,3053.370168079706,3053.370168079706,30550.810134500924,0.30520833333333364,0.30520833333333364,0.8441105394755027,False,False,False,407.27039368418207,429.5301510715892,404.12857815251505,83647.71049645943,5.220708483895171e+16,5.575309481709985e+17,309.0,1122.0,0.27540106951871657,60.35403515416007,8.006229058891112e+16,425.9707475576391,441.9108877967303,434.0923915684392,75910.14829913952,4.7377836510639784e+16,5.770317567884675e+17,237.0,1145.0,0.20698689956331878,76.1208648578595,1.523904156072862e+17,-7737.562197319916
BMIM_nitrate_10kHz,BMIM_nitrate,10,Lissajouswaveformsdifferentmediums/ionic liquid/Lissajousfigure10kHz-0007/Lissajousfigure10kHz-0007_34.csv,34,119994.81622405129,10005.603137766497,voltage activity-envelope rising edges,0.000560313776649673,7.26500988,1,1,False,7.9047679999999945,51.06573930094701,63.95335245765599,3040.253129362142,3040.253129362142,30419.56625075026,0.29479166666666806,0.29479166666666806,0.8316866828980612,False,False,False,400.20913199548784,417.9320065317264,397.08884622124424,85642.70974304498,5.345222465571387e+16,5.5322064989224134e+17,294.0,1131.0,0.259946949602122,60.35403515416007,8.02028224769028e+16,111.72577423615587,131.8899268240094,431.74646477233216,87373.18594362418,5.453226757953364e+16,2.729867934705494e+17,296.0,1240.0,0.23870967741935484,76.1208648578595,1.5939260413743747e+17,1730.4762005792
BMIM_nitrate_10kHz,BMIM_nitrate,10,Lissajouswaveformsdifferentmediums/ionic liquid/Lissajousfigure10kHz-0007/Lissajousfigure10kHz-0007_35.csv,35,119994.81622405129,10005.603137766497,voltage activity-envelope rising edges,0.000560313776649673,7.26500988,1,1,False,7.9047679999999945,51.154059756332316,63.95335245765599,3052.084034089508,3052.084034089508,30537.94158821301,0.29687502973507973,0.29687502973507973,0.8383800142602695,False,False,False,400.17810207862607,413.69950705088365,399.132192961904,84135.3385136047,5.251142834231669e+16,5.459224916188866e+17,296.0,1096.0,0.27007299270072993,60.35403515416007,8.019391430921722e+16,108.86038319380647,435.1472069587752,433.5660283613529,86987.4153279468,5.429149638398614e+16,5.6532902700904064e+17,288.0,1251.0,0.2302158273381295,76.1208648578595,1.580122551192217e+17,2852.076814342101
BMIM_nitrate_10kHz,BMIM_nitrate,10,Lissajouswaveformsdifferentmediums/ionic liquid/Lissajousfigure10kHz-0007/Lissajousfigure10kHz-0007_36.csv,36,119994.81622405129,10005.603137766497,voltage activity-envelope rising edges,0.000560313776649673,7.26500988,1,1,False,7.9047679999999945,52.25783991746191,64.94946164137902,3058.955017642801,3058.955017642801,30606.689922813377,0.30312503036108207,0.30312503036108207,0.8495712294569682,False,False,False,400.1151736628482,414.20639588432664,399.0472025604447,83176.45100174315,5.191295742917811e+16,5.4639077951077984e+17,306.0,1094.0,0.2797074954296161,60.35403515416007,8.034093061088584e+16,428.16012199954025,444.229928410831,436.120205594591,77116.06956067008,4.8130488713983544e+16,5.831163547235497e+17,240.0,1153.0,0.20815264527320035,76.1208648578595,1.536193648195894e+17,-6060.38144107307
BMIM_nitrate_10kHz,BMIM_nitrate,10,Lissajouswaveformsdifferentmediums/ionic liquid/Lissajousfigure10kHz-0007/Lissajousfigure10kHz-0007_37.csv,37,119994.81622405129,10005.603137766497,voltage activity-envelope rising edges,0.000560313776649673,7.26500988,1,1,False,7.9047679999999945,52.557224660659095,64.94946164137902,3078.366720516839,3078.366720516839,30800.915717999247,0.3041666666666693,0.3041666666666693,0.8546292154538604,False,False,False,406.8099228136683,423.29847002688115,405.37246965801035,83274.15351896135,5.197393654713742e+16,5.5944890098452717e+17,305.0,1086.0,0.28084714548802947,60.35403515416007,8.013479891058069e+16,432.40403702714144,441.95906388298766,435.25903873166374,76094.0122128899,4.749259158148412e+16,5.788968942208177e+17,237.0,1151.0,0.2059079061685491,76.1208648578595,1.5437040135745338e+17,-7180.141306071455
BMIM_nitrate_10kHz,BMIM_nitrate,10,Lissajouswaveformsdifferentmediums/ionic liquid/Lissajousfigure10kHz-0007/Lissajousfigure10kHz-0007_38.csv,38,119994.81622405129,10005.603137766497,voltage activity-envelope rising edges,0.000560313776649673,7.26500988,1,1,False,7.9047679999999945,52.004304829693965,64.94946164137902,3055.8331380216887,3055.8331380216887,30575.45363428065,0.30104159665880353,0.30104159665880353,0.8399045040268005,False,False,False,403.71763133122437,417.693252324716,402.5475533498187,84222.68663320992,5.2565944965230664e+16,5.492992309018413e+17,298.0,1100.0,0.27090909090909093,60.35403515416007,8.015736670756298e+16,110.90111845494008,437.68459628957805,431.25994006732003,82953.08500920609,5.177354790734771e+16,5.712314125582146e+17,272.0,1216.0,0.2236842105263158,76.1208648578595,1.575753692013575e+17,-1269.6016240038298
BMIM_nitrate_10kHz,BMIM_nitrate,10,Lissajouswaveformsdifferentmediums/ionic liquid/Lissajousfigure10kHz-0007/Lissajousfigure10kHz-0007_39.csv,39,119994.81622405129,10005.603137766497,voltage activity-envelope rising edges,0.000560313776649673,7.26500988,1,1,False,7.9047679999999945,52.32003621177664,64.94946164137902,3058.99385911108,3058.99385911108,30607.078555130265,0.30208336359007926,0.30208336359007926,0.8496798752516468,False,False,False,406.28610984058156,423.1121587190168,404.33398265771615,83727.2308116437,5.225671589061595e+16,5.559561663526026e+17,303.0,1089.0,0.27823691460055094,60.35403515416007,8.000461091295885e+16,121.95502297582199,441.5104116879656,433.12104982437154,79354.29819890857,4.9527435405195544e+16,5.750895349935073e+17,253.0,1179.0,0.21458863443596268,76.1208648578595,1.5491157729608723e+17,-4372.932612735138
BMIM_nitrate_10kHz,BMIM_nitrate,10,Lissajouswaveformsdifferentmediums/ionic liquid/Lissajousfigure10kHz-0007/Lissajousfigure10kHz-0007_40.csv,40,119994.81622405129,10005.603137766497,voltage activity-envelope rising edges,0.000560313776649673,7.26500988,1,1,False,7.9047679999999945,51.810984698531016,64.94946164137902,3070.1853048646,3070.1853048646,30719.05571987783,0.29895833333333516,0.29895833333333516,0.8364021116135564,False,False,False,401.3354863672939,417.51742461617783,399.7024209737776,84807.87455929656,5.293117858038417e+16,5.4837396979262e+17,299.0,1103.0,0.27107887579329104,60.35403515416007,8.001913097584757e+16,110.2978554841855,436.71809880003076,432.76194064720767,85216.69168589552,5.31863338056174e+16,5.716545402288577e+17,281.0,1226.0,0.22920065252854813,76.1208648578595,1.5894329226481837e+17,408.81712659896584
BMIM_nitrate_10kHz,BMIM_nitrate,10,Lissajouswaveformsdifferentmediums/ionic liquid/Lissajousfigure10kHz-0007/Lissajousfigure10kHz-0007_41.csv,41,119994.81622405129,10005.603137766497,voltage activity-envelope rising edges,0.000560313776649673,7.26500988,1,1,False,7.9047679999999945,51.72655344138503,64.94946164137902,3059.291708615414,3059.291708615414,30610.05871906541,0.3000000300480751,0.3000000300480751,0.8438411314799832,False,False,False,400.2311719531312,416.7509565112406,399.4780550368852,84653.1854020786,5.283463236403691e+16,5.477740739697371e+17,306.0,1115.0,0.27443946188340806,60.35403515416007,8.027189524565622e+16,117.42811282515738,441.8671353305902,432.29663028665374,81817.6486151857,5.106488745746768e+16,5.78645966481065e+17,260.0,1190.0,0.2184873949579832,76.1208648578595,1.579894968919865e+17,-2835.5367868929025
BMIM_nitrate_10kHz,BMIM_nitrate,10,Lissajouswaveformsdifferentmediums/ionic liquid/Lissajousfigure10kHz-0007/Lissajousfigure10kHz-0007_42.csv,42,119994.81622405129,10005.603137766497,voltage activity-envelope rising edges,0.000560313776649673,7.26500988,1,1,False,7.9047679999999945,51.57777168548582,63.95335245765599,3062.13268164309,3062.13268164309,30638.484367705438,0.29999999999999655,0.29999999999999655,0.840039132186401,False,False,False,400.8925272503741,418.3210818078827,398.3249607901214,83962.22692685592,5.24033841263739e+16,5.508796019504702e+17,298.0,1108.0,0.26895306859205775,60.35403515416007,8.03721287302989e+16,108.16566850954527,434.1268780963058,432.19155532627144,84915.96966943091,5.299864403224132e+16,5.6316787254533344e+17,280.0,1226.0,0.22838499184339314,76.1208648578595,1.579207250114042e+17,953.742742574992
BMIM_nitrate_10kHz,BMIM_nitrate,10,Lissajouswaveformsdifferentmediums/ionic liquid/Lissajousfigure10kHz-0007/Lissajousfigure10kHz-0007_43.csv,43,119994.81622405129,10005.603137766497,voltage activity-envelope rising edges,0.000560313776649673,7.26500988,1,1,False,7.9047679999999945,52.6350219318165,63.95335245765599,3010.9991105173567,3010.9991105173567,30126.862148004595,0.3010416968190783,0.3010416968190783,0.8423020935938191,False,False,False,396.22039874028496,423.93126029136255,393.58230634408204,83688.83993455241,5.223275497446593e+16,5.5796115452647834e+17,316.0,1123.0,0.28138913624220835,60.35403515416007,7.996618810353819e+16,105.11057400626947,438.8951668449834,435.7414942037155,78979.47172561273,4.929349478237277e+16,5.759778908069822e+17,260.0,1183.0,0.21978021978021978,76.1208648578595,1.5539090771814288e+17,-4709.368208939675
BMIM_nitrate_10kHz,BMIM_nitrate,10,Lissajouswaveformsdifferentmediums/ionic liquid/Lissajousfigure10kHz-0007/Lissajousfigure10kHz-0007_44.csv,44,119994.81622405129,10005.603137766497,voltage activity-envelope rising edges,0.000560313776649673,7.26500988,1,1,False,7.9047679999999945,51.21440073237586,63.95335245765599,3067.7029548827445,3067.7029548827445,30694.218311110344,0.29791666666666644,0.29791666666666644,0.8353485111145281,False,False,False,404.69592105904894,418.6552302626183,403.09402746062386,85376.14921672462,5.3285856109226136e+16,5.5019225369750464e+17,299.0,1105.0,0.27058823529411763,60.35403515416007,8.005986574208936e+16,115.07629720042578,437.225890147385,431.7159815909285,87395.53745174361,5.454621783679405e+16,5.695016737450811e+17,285.0,1239.0,0.23002421307506055,76.1208648578595,1.584364430654023e+17,2019.388235018996
BMIM_nitrate_10kHz,BMIM_nitrate,10,Lissajouswaveformsdifferentmediums/ionic liquid/Lissajousfigure10kHz-0007/Lissajousfigure10kHz-0007_45.csv,45,119994.81622405129,10005.603137766497,voltage activity-envelope rising edges,0.000560313776649673,7.26500988,1,1,False,7.9047679999999945,52.79520567292336,64.94946164137902,3074.559339919447,3074.559339919447,30762.82057874731,0.3031250303610803,0.3031250303610803,0.8481635874676324,False,False,False,404.14680547888145,419.5404482470345,403.4125197571355,83424.27212252349,5.206763014168483e+16,5.5282691693333754e+17,306.0,1090.0,0.28073394495412846,60.35403515416007,7.99661472152232e+16,113.82757954279053,442.5493814541414,433.48595289524667,78943.7940705784,4.927122727077949e+16,5.742354373865578e+17,260.0,1190.0,0.2184873949579832,76.1208648578595,1.5329854553625808e+17,-4480.478051945087
BMIM_nitrate_10kHz,BMIM_nitrate,10,Lissajouswaveformsdifferentmediums/ionic liquid/Lissajousfigure10kHz-0007/Lissajousfigure10kHz-0007_46.csv,46,119994.81622405129,10005.603137766497,voltage activity-envelope rising edges,0.000560313776649673,7.26500988,1,1,False,7.9047679999999945,51.458355866280435,63.95335245765599,3060.2483716777556,3060.2483716777556,30619.630710003763,0.29999992988781465,0.29999992988781465,0.8420066737133846,False,False,False,402.1798359355608,416.6492826751658,399.90888654905535,84195.65552989756,5.254907403002463e+16,5.448490544145364e+17,302.0,1109.0,0.2723174030658251,60.35403515416007,8.02608161227262e+16,109.79920394022038,438.2083992843973,434.72397826296714,84202.03242042128,5.255305404170224e+16,5.750731547295735e+17,271.0,1215.0,0.22304526748971193,76.1208648578595,1.5753567249500742e+17,6.376890523722977
BMIM_nitrate_10kHz,BMIM_nitrate,10,Lissajouswaveformsdifferentmediums/ionic liquid/Lissajousfigure10kHz-0007/Lissajousfigure10kHz-0007_47.csv,47,119994.81622405129,10005.603137766497,voltage activity-envelope rising edges,0.000560313776649673,7.26500988,1,1,False,7.9047679999999945,52.292196363721374,64.94946164137902,3072.062356596126,3072.062356596126,30737.836754572538,0.30312493020081427,0.30312493020081427,0.8498408792619045,False,False,False,406.1896307466173,421.280521917963,404.90654147146324,83650.62035911597,5.220890097289821e+16,5.5608821849573114e+17,304.0,1082.0,0.2809611829944547,60.35403515416007,8.004594194460502e+16,421.5745573235134,441.61214072569254,433.21745111937076,78148.60698903418,4.877492678409999e+16,5.7577059967415654e+17,250.0,1177.0,0.21240441801189464,76.1208648578595,1.542392167495174e+17,-5502.013370081797
BMIM_nitrate_10kHz,BMIM_nitrate,10,Lissajouswaveformsdifferentmediums/ionic liquid/Lissajousfigure10kHz-0007/Lissajousfigure10kHz-0007_48.csv,48,119994.81622405129,10005.603137766497,voltage activity-envelope rising edges,0.000560313776649673,7.42310524,1,1,False,7.9047679999999945,53.25568024769967,63.95335245765599,3007.189292934198,3007.189292934198,30088.742625240226,0.3229166990100866,0.3229166990100866,0.8441195648763926,False,False,False,387.6018778972355,426.658430291558,383.49927767076343,82501.0941985712,5.149144667041977e+16,5.5663631190790163e+17,314.0,1163.0,0.2699914015477214,60.35403515416007,8.066177972336264e+16,432.32997636041165,443.3338003657643,435.9008330599786,77834.1977643875,4.8578694407052776e+16,5.823773590138433e+17,230.0,1065.0,0.215962441314554,76.1208648578595,1.5683136289262835e+17,-4666.896434183698
BMIM_nitrate_10kHz,BMIM_nitrate,10,Lissajouswaveformsdifferentmediums/ionic liquid/Lissajousfigure10kHz-0007/Lissajousfigure10kHz-0007_49.csv,49,119994.81622405129,10005.603137766497,voltage activity-envelope rising edges,0.000560313776649673,7.26500988,1,1,False,7.9047679999999945,52.08189773527715,63.95335245765599,3019.027479255748,3019.027479255748,30207.19081944459,0.29999999999999655,0.29999999999999655,0.8467102782849216,False,False,False,395.5292308273296,413.88330858309604,394.01245484699126,83721.21624210649,5.225296201450582e+16,5.4512750267123283e+17,308.0,1116.0,0.27598566308243727,60.35403515416007,8.034094039094813e+16,103.93142764641651,436.26681907711895,433.8002466740712,81976.96212291958,5.116431987187436e+16,5.6371045825220077e+17,281.0,1209.0,0.23242349048800662,76.1208648578595,1.575329758532424e+17,-1744.2541191869095
BMIM_nitrate_10kHz,BMIM_nitrate,10,Lissajouswaveformsdifferentmediums/ionic liquid/Lissajousfigure10kHz-0007/Lissajousfigure10kHz-0007_50.csv,50,119994.81622405129,10005.603137766497,voltage activity-envelope rising edges,0.000560313776649673,7.26500988,1,1,False,7.9047679999999945,52.54695688477567,64.94946164137902,3047.776831856222,3047.776831856222,30494.84543203265,0.301562480124447,0.301562480124447,0.8468474556032184,False,False,False,403.5599726065608,421.5594352321349,401.56352506806576,84265.86129651933,5.259289158811981e+16,5.514934939253662e+17,311.0,1127.0,0.2759538598047915,60.35403515416007,8.013664257346258e+16,122.65048143600436,443.548577842107,433.08624127749914,80526.60440773239,5.025910742990549e+16,5.79427183233078e+17,253.0,1159.0,0.2182916307161346,76.1208648578595,1.5665590207830346e+17,-3739.256888786942
BMIM_nitrate_10kHz,BMIM_nitrate,10,Lissajouswaveformsdifferentmediums/ionic liquid/Lissajousfigure10kHz-0007/Lissajousfigure10kHz-0007_51.csv,51,119994.81622405129,10005.603137766497,voltage activity-envelope rising edges,0.000560313776649673,7.26500988,1,1,False,7.9047679999999945,52.51172754693829,63.95335245765599,3022.8227490059508,3022.8227490059508,30245.16478236589,0.30104169681908693,0.30104169681908693,0.8439682463693974,False,False,False,398.73154024953504,417.62383016075887,397.5297964648787,82996.5704951831,5.180068852413437e+16,5.539255629573211e+17,309.0,1133.0,0.2727272727272727,60.35403515416007,8.019410777253208e+16,110.3443758802933,442.19849448294906,435.2260912980475,80344.60977243574,5.014551903270042e+16,5.783415218991525e+17,255.0,1148.0,0.2221254355400697,76.1208648578595,1.544472427303296e+17,-2651.9607227473607
BMIM_nitrate_10kHz,BMIM_nitrate,10,Lissajouswaveformsdifferentmediums/ionic liquid/Lissajousfigure10kHz-0007/Lissajousfigure10kHz-0007_52.csv,52,119994.81622405129,10005.603137766497,voltage activity-envelope rising edges,0.000560313776649673,7.26500988,1,1,False,7.9047679999999945,53.934233359623555,64.94946164137902,3055.840437308417,3055.840437308417,30575.526668046845,0.32187499999999913,0.32187499999999913,0.8407319157900781,False,False,False,404.44491611737016,430.0406690335113,401.86894054255555,84301.06208875065,5.261486147510789e+16,5.6240938975575136e+17,308.0,1145.0,0.2689956331877729,60.35403515416007,7.99077760935565e+16,428.2004910873105,441.2126689308901,432.93289145681723,77706.73130914808,4.849913870847706e+16,5.798931728661153e+17,238.0,1091.0,0.21814848762603117,76.1208648578595,1.523525367369193e+17,-6594.3307796025765
BMIM_nitrate_10kHz,BMIM_nitrate,10,Lissajouswaveformsdifferentmediums/ionic liquid/Lissajousfigure10kHz-0007/Lissajousfigure10kHz-0007_53.csv,53,119994.81622405129,10005.603137766497,voltage activity-envelope rising edges,0.000560313776649673,7.26500988,1,1,False,7.9047679999999945,50.234276521185755,62.95335245765599,3040.9022407877037,3040.9022407877037,30426.06100206662,0.2937500000000006,0.2937500000000006,0.8230746944813306,False,False,False,393.4281658344097,412.0382742006681,392.65460963570405,85891.88347071817,5.360774157139589e+16,5.4448263270317926e+17,300.0,1118.0,0.26833631484794274,60.35403515416007,8.035734293973602e+16,110.70337653600825,130.34559985999888,430.6382876135801,90985.84762282878,5.678703981013339e+16,2.7013737268740627e+17,297.0,1249.0,0.2377902321857486,76.1208648578595,1.6004747787913187e+17,5093.96415211061
BMIM_nitrate_10kHz,BMIM_nitrate,10,Lissajouswaveformsdifferentmediums/ionic liquid/Lissajousfigure10kHz-0007/Lissajousfigure10kHz-0007_54.csv,54,119994.81622405129,10005.603137766497,voltage activity-envelope rising edges,0.000560313776649673,7.26500988,1,1,False,7.9047679999999945,51.35411673782106,63.95335245765599,3034.7411530172667,3034.7411530172667,30364.41560293868,0.29895836327706576,0.29895836327706576,0.8418477829951904,False,False,False,396.10136289464776,406.7348521252302,393.4479674298029,83996.04047894746,5.2424488194522e+16,5.3986784831246906e+17,303.0,1138.0,0.2662565905096661,60.35403515416007,8.027567631019744e+16,105.58349636210859,435.2558320305856,433.02046544794223,85642.51996021363,5.345210620646621e+16,5.671866589876344e+17,280.0,1200.0,0.23333333333333334,76.1208648578595,1.582728752596126e+17,1646.4794812661712
BMIM_nitrate_10kHz,BMIM_nitrate,10,Lissajouswaveformsdifferentmediums/ionic liquid/Lissajousfigure10kHz-0007/Lissajousfigure10kHz-0007_55.csv,55,119994.81622405129,10005.603137766497,voltage activity-envelope rising edges,0.000560313776649673,7.26500988,1,1,False,7.9047679999999945,51.517153602326374,64.94946164137902,3068.305933182099,3068.305933182099,30700.25147267437,0.3010416666666657,0.3010416666666657,0.843059008343878,False,False,False,401.0441272962171,414.97677787189144,399.22616743648183,84904.82905143668,5.299169083310017e+16,5.453084543472584e+17,304.0,1104.0,0.2753623188405797,60.35403515416007,8.004637341330322e+16,115.32177075333165,437.77439063212506,430.81047580453185,82719.08810120172,5.16275033072537e+16,5.72849958985936e+17,263.0,1199.0,0.21934945788156798,76.1208648578595,1.5940194260791453e+17,-2185.740950234962
BMIM_nitrate_10kHz,BMIM_nitrate,10,Lissajouswaveformsdifferentmediums/ionic liquid/Lissajousfigure10kHz-0007/Lissajousfigure10kHz-0007_56.csv,56,119994.81622405129,10005.603137766497,voltage activity-envelope rising edges,0.000560313776649673,7.26500988,1,1,False,7.9047679999999945,51.73196458629065,63.95335245765599,3059.025482572125,3059.025482572125,30607.394966931326,0.3000000300480807,0.3000000300480807,0.8438445070283842,False,False,False,399.96363177426775,417.38756138012633,398.755647232363,84426.31865169393,5.269303791256688e+16,5.494196156094562e+17,304.0,1098.0,0.2768670309653916,60.35403515416007,8.004751088963482e+16,111.00727646453413,437.9422812289221,429.7492531488996,83016.3681443437,5.181304484020333e+16,5.749830878086401e+17,272.0,1213.0,0.22423742786479803,76.1208648578595,1.5620983826728346e+17,-1409.9505073502369
BMIM_nitrate_10kHz,BMIM_nitrate,10,Lissajouswaveformsdifferentmediums/ionic liquid/Lissajousfigure10kHz-0007/Lissajousfigure10kHz-0007_57.csv,57,119994.81622405129,10005.603137766497,voltage activity-envelope rising edges,0.000560313776649673,7.26500988,1,1,False,7.9047679999999945,51.867212173468864,64.94946164137902,3063.9027836867676,3063.9027836867676,30656.19530626783,0.30312503036108124,0.30312503036108124,0.8515227741964337,False,False,False,399.51723433010204,414.3779062769508,398.5899079315466,83882.25382739803,5.235347047824831e+16,5.4698800732740595e+17,310.0,1091.0,0.2841429880843263,60.35403515416007,8.040924098376603e+16,426.7172680080792,444.43217141582966,433.7556722368834,78566.78317039722,4.90359232805788e+16,5.783030171907095e+17,245.0,1159.0,0.21138912855910266,76.1208648578595,1.563231510432611e+17,-5315.470657000813
BMIM_nitrate_10kHz,BMIM_nitrate,10,Lissajouswaveformsdifferentmediums/ionic liquid/Lissajousfigure10kHz-0007/Lissajousfigure10kHz-0007_58.csv,58,119994.81622405129,10005.603137766497,current activity-envelope autocorrelation,0.000560313776649673,6.9500494,1,1,False,7.9047679999999945,47.02836096856076,59.95335245765598,4.960009922499841,4.960009922499841,49.62789084391737,0.0,0.0,0.9772677437534677,False,False,False,0.40449223629631575,219.8534787168472,207.43590095017703,11703.523711683396,7304525750963622.0,3.119095342457416e+17,50.0,420.0,0.11904761904761904,60.35403515416007,1.4488471465192374e+17,92.76989320384618,321.68325765629794,433.53846244049566,21216.147909103383,1.324164435909087e+16,4.5497478335749555e+17,71.0,338.0,0.21005917159763313,76.1208648578595,1.5873194874597334e+17,9512.624197419987
BMIM_nitrate_10kHz,BMIM_nitrate,10,Lissajouswaveformsdifferentmediums/ionic liquid/Lissajousfigure10kHz-0007/Lissajousfigure10kHz-0007_59.csv,59,119994.81622405129,10005.603137766497,voltage activity-envelope rising edges,0.000560313776649673,7.26500988,1,1,False,7.9047679999999945,54.282355048516685,64.94946164137902,3091.401219128992,3091.401219128992,30931.333738212215,0.3312500000000012,0.3312500000000012,0.8483949775434791,False,False,False,403.7484156869381,421.39308455703525,401.8001403707893,82593.2793918736,5.154898225841219e+16,5.51236314849016e+17,312.0,1166.0,0.26758147512864494,60.35403515416007,7.990773061400147e+16,432.82050528599746,440.055676771654,433.7139020925472,75145.22587938866,4.6900425121539784e+16,5.798830413806328e+17,213.0,1008.0,0.2113095238095238,76.1208648578595,1.4657437438449488e+17,-7448.053512484941
BMIM_nitrate_10kHz,BMIM_nitrate,10,Lissajouswaveformsdifferentmediums/ionic liquid/Lissajousfigure10kHz-0007/Lissajousfigure10kHz-0007_60.csv,60,119994.81622405129,10005.603137766497,voltage activity-envelope rising edges,0.000560313776649673,7.26500988,1,1,False,7.9047679999999945,52.54156845360963,64.94946164137902,3078.2962881776016,3078.2962881776016,30800.21099996477,0.32395836578108195,0.32395836578108195,0.8464403086892665,False,False,False,401.80487090335885,419.3042275075937,400.07144241668857,82851.66346080287,5.1710247628708184e+16,5.454999502834458e+17,312.0,1174.0,0.2657580919931857,60.35403515416007,8.00207376345268e+16,429.1163676520055,443.72531668058843,435.70661539509575,78443.19422536396,4.895878765426921e+16,5.836092552111542e+17,238.0,1072.0,0.22201492537313433,76.1208648578595,1.515294854584163e+17,-4408.469235438912
BMIM_nitrate_10kHz,BMIM_nitrate,10,Lissajouswaveformsdifferentmediums/ionic liquid/Lissajousfigure10kHz-0007/Lissajousfigure10kHz-0007_61.csv,61,119994.81622405129,10005.603137766497,voltage activity-envelope rising edges,0.000560313776649673,7.26500988,1,1,False,7.9047679999999945,51.487020227519174,63.95335245765599,3015.3682688015874,3015.3682688015874,30170.578211842694,0.29999992988781027,0.29999992988781027,0.8412375542779273,False,False,False,392.86114344024514,415.04997271137694,391.33910774913693,84849.87757101483,5.295739393981544e+16,5.4589211036020666e+17,312.0,1119.0,0.27882037533512066,60.35403515416007,8.040618229961666e+16,107.39750947499753,436.8519514736,431.18089793849845,81767.60227484563,5.103365201156599e+16,5.69177866391087e+17,276.0,1201.0,0.22980849292256453,76.1208648578595,1.5862867458355024e+17,-3082.275296169202
BMIM_nitrate_10kHz,BMIM_nitrate,10,Lissajouswaveformsdifferentmediums/ionic liquid/Lissajousfigure10kHz-0007/Lissajousfigure10kHz-0007_62.csv,62,119994.81622405129,10005.603137766497,voltage activity-envelope rising edges,0.000560313776649673,7.26500988,1,1,False,7.9047679999999945,51.343427612502765,64.94946164137902,3048.404134920921,3048.404134920921,30501.12197754513,0.30104166666666593,0.30104166666666593,0.8455386156758492,False,False,False,399.27305214083935,412.5930054292735,397.71385271166344,85326.49819090005,5.3254867391158664e+16,5.437055391624847e+17,309.0,1114.0,0.27737881508078993,60.35403515416007,8.018820880025733e+16,111.46644791037934,439.0883061054222,432.5152683292729,83312.12050040612,5.19976328970985e+16,5.79619917496593e+17,271.0,1212.0,0.2235973597359736,76.1208648578595,1.5641225146541754e+17,-2014.3776904939295
BMIM_nitrate_10kHz,BMIM_nitrate,10,Lissajouswaveformsdifferentmediums/ionic liquid/Lissajousfigure10kHz-0007/Lissajousfigure10kHz-0007_63.csv,63,119994.81622405129,10005.603137766497,voltage activity-envelope rising edges,0.000560313776649673,7.26500988,1,1,False,7.9047679999999945,52.04816640997627,64.94946164137902,3052.1787480982166,3052.1787480982166,30538.889258995736,0.3052083333333293,0.3052083333333293,0.8530682318236764,False,False,False,402.9793018045906,414.9540632264116,401.43777272088386,83306.23514101302,5.19939596649763e+16,5.448382561300919e+17,311.0,1093.0,0.2845379688929552,60.35403515416007,8.004594199192859e+16,429.46843604072166,443.7830861854423,432.10903484060105,75404.69851001725,4.706236989636044e+16,5.799106179671314e+17,233.0,1130.0,0.20619469026548673,76.1208648578595,1.5115593238689302e+17,-7901.536630995775
BMIM_nitrate_10kHz,BMIM_nitrate,10,Lissajouswaveformsdifferentmediums/ionic liquid/Lissajousfigure10kHz-0007/Lissajousfigure10kHz-0007_64.csv,64,119994.81622405129,10005.603137766497,voltage activity-envelope rising edges,0.000560313776649673,7.26500988,1,1,False,7.9047679999999945,52.65661726700473,63.95335245765599,3017.819065227398,3017.819065227398,30195.09990825081,0.3041665969718145,0.3041665969718145,0.8487936403637361,False,False,False,400.4863125168069,420.4251593136954,397.9264451651178,82536.97215978752,5.1513839199204504e+16,5.56281448949046e+17,311.0,1128.0,0.27570921985815605,60.35403515416007,8.004479350188134e+16,424.8263458316084,439.22641853386943,434.18885560583567,78360.50994713689,4.890718187686504e+16,5.707589701238397e+17,240.0,1123.0,0.21371326803205698,76.1208648578595,1.5296626965085837e+17,-4176.462212650629
BMIM_nitrate_20kHz,BMIM_nitrate,20,Lissajouswaveformsdifferentmediums/ionic liquid/Lissajousfigure20kHz-0006/Lissajousfigure20kHz-0006_01.csv,1,119994.81622405129,19990.404605807908,voltage activity-envelope rising edges,0.00047976970960462496,7.581200839999999,1,1,False,7.9047679999999945,70.36919340790126,70.94557373473836,3288.1693161471894,3288.1693161471894,65731.83504218502,0.47916666666666013,0.47916666666666013,0.7969211618298339,False,False,False,470.78551842940925,482.97237145515436,476.99909284485676,163810.65374328068,1.0223922025769709e+17,6.742089421756292e+17,791.0,796.0,0.9937185929648241,60.35403515416007,8.489715543650446e+16,157.43822264592526,172.72725375446683,407.89764472972246,168115.66941949696,1.0492611171362946e+17,2.632409220019335e+17,849.0,1048.0,0.8101145038167938,76.1208648578595,1.1744445935487451e+17,4305.015676216281
BMIM_nitrate_20kHz,BMIM_nitrate,20,Lissajouswaveformsdifferentmediums/ionic liquid/Lissajousfigure20kHz-0006/Lissajousfigure20kHz-0006_02.csv,2,119994.81622405129,19990.404605807908,voltage activity-envelope rising edges,0.00047976970960462496,7.581200839999999,1,1,False,7.9047679999999945,69.85463375981887,69.94557373473837,3253.218772729664,3253.218772729664,65033.15953807583,0.4770833333333292,0.4770833333333292,0.8078313015079833,False,False,False,458.9279851732425,471.2106151702823,465.2400590179037,161686.37150372233,1.009133909858105e+17,6.671453134018281e+17,791.0,793.0,0.9974779319041615,60.35403515416007,8.573372958116928e+16,139.84711148174367,398.67407054501103,416.5204069621328,162783.11173653678,1.0159789998242266e+17,4.811448926585546e+17,793.0,1004.0,0.7898406374501992,76.1208648578595,1.0706588684960344e+17,1096.7402328144526
BMIM_nitrate_20kHz,BMIM_nitrate,20,Lissajouswaveformsdifferentmediums/ionic liquid/Lissajousfigure20kHz-0006/Lissajousfigure20kHz-0006_03.csv,3,119994.81622405129,19990.404605807908,voltage activity-envelope rising edges,0.00047976970960462496,7.581200839999999,1,1,False,7.9047679999999945,70.13244057388509,70.94557373473836,3284.6973815605315,3284.6973815605315,65662.42966503283,0.4770832285823734,0.4770832285823734,0.797225565124491,False,False,False,470.4654982758788,480.8827211023145,474.98737746249753,163370.03404508205,1.0196421607851464e+17,6.728592227863676e+17,792.0,792.0,1.0,60.35403515416007,8.489718416017544e+16,154.6219586427115,168.2739565983144,408.83701583117056,166091.00204851181,1.0366245511645154e+17,2.435663749459529e+17,839.0,1000.0,0.839,76.1208648578595,1.1327717569076283e+17,2720.9680034297635
BMIM_nitrate_20kHz,BMIM_nitrate,20,Lissajouswaveformsdifferentmediums/ionic liquid/Lissajousfigure20kHz-0006/Lissajousfigure20kHz-0006_04.csv,4,119994.81622405129,19990.404605807908,voltage activity-envelope rising edges,0.00047976970960462496,7.73929644,1,1,False,7.9047679999999945,70.17934937220686,69.94557373473837,3211.990561174714,3211.990561174714,64208.99090791853,0.47916666666666885,0.47916666666666885,0.814714131389808,False,False,False,455.9701947439122,471.2434917902126,462.30456130655597,159663.3904568512,9.965078687489387e+16,6.616531221646999e+17,772.0,776.0,0.9948453608247423,60.35403515416007,8.548080269206981e+16,139.19833617532075,410.52992617569083,415.606282926965,158674.78153097472,9.903376592166693e+16,5.052963674900814e+17,763.0,997.0,0.765295887662989,76.1208648578595,1.0439984014289126e+17,-988.6089258764696
BMIM_nitrate_20kHz,BMIM_nitrate,20,Lissajouswaveformsdifferentmediums/ionic liquid/Lissajousfigure20kHz-0006/Lissajousfigure20kHz-0006_05.csv,5,119994.81622405129,19990.404605807908,voltage activity-envelope rising edges,0.00047976970960462496,7.581200839999999,1,1,False,7.9047679999999945,70.45557802858227,70.94557373473836,3273.7490730031186,3273.7490730031186,65443.56854722091,0.47708333333332875,0.47708333333332875,0.7976449640262994,False,False,False,471.93317670917924,482.5112396255024,477.93245107357484,163719.0842096017,1.0218206892163458e+17,6.720363556871871e+17,793.0,795.0,0.9974842767295597,60.35403515416007,8.474220525404914e+16,154.62501977948418,173.4924084611698,409.38410757533114,167070.8446091948,1.04274004714053e+17,2.6598452860345594e+17,823.0,1019.0,0.8076545632973503,76.1208648578595,1.1812271267083386e+17,3351.7603995931277
BMIM_nitrate_20kHz,BMIM_nitrate,20,Lissajouswaveformsdifferentmediums/ionic liquid/Lissajousfigure20kHz-0006/Lissajousfigure20kHz-0006_06.csv,6,119994.81622405129,19990.404605807908,voltage activity-envelope rising edges,0.00047976970960462496,7.739296200000001,1,1,False,7.9047679999999945,69.87162327831885,69.94557373473837,3235.7495456812007,3235.7495456812007,64683.94262122632,0.479166666666673,0.479166666666673,0.8171376162783689,False,False,False,456.6390983975256,473.6649966955613,464.5825504337954,157204.10839719995,9.811587400795344e+16,6.675297770844219e+17,701.0,731.0,0.9589603283173734,60.35403515416007,8.600873172870278e+16,139.32310639609727,411.68847874533117,420.2015611589015,158658.8890139707,9.902384691756498e+16,5.011048768494673e+17,763.0,988.0,0.7722672064777328,76.1208648578595,1.0382757799387318e+17,1454.7806167707604
BMIM_nitrate_20kHz,BMIM_nitrate,20,Lissajouswaveformsdifferentmediums/ionic liquid/Lissajousfigure20kHz-0006/Lissajousfigure20kHz-0006_07.csv,7,119994.81622405129,19990.404605807908,voltage activity-envelope rising edges,0.00047976970960462496,7.581200839999999,1,1,False,7.9047679999999945,69.95927210562623,70.94557373473836,3328.6730836050747,3328.6730836050747,66541.5217417277,0.47708322858238206,0.47708322858238206,0.7907585860366481,False,False,False,470.7777952028665,481.3572127389176,475.9474246021728,165800.86702415772,1.0348137300743378e+17,6.710758032547264e+17,796.0,797.0,0.998745294855709,60.35403515416007,8.48139872570119e+16,157.8262083274276,174.97043493557362,407.446015283193,169607.83302966974,1.0585741648847064e+17,2.67695984605779e+17,881.0,1009.0,0.8731417244796829,76.1208648578595,1.1736293690598602e+17,3806.9660055120185
BMIM_nitrate_20kHz,BMIM_nitrate,20,Lissajouswaveformsdifferentmediums/ionic liquid/Lissajousfigure20kHz-0006/Lissajousfigure20kHz-0006_08.csv,8,119994.81622405129,19990.404605807908,voltage activity-envelope rising edges,0.00047976970960462496,7.8973918,1,1,False,7.9047679999999945,69.97042144041517,69.94557373473837,3255.667157034299,3255.667157034299,65082.10373095599,0.4791666666666732,0.4791666666666732,0.8143038671550673,False,False,False,457.26964411753517,471.6573253027639,464.30937719549956,158380.17292035924,9.884989171115474e+16,6.671593021661676e+17,727.0,732.0,0.9931693989071039,60.35403515416007,8.624470088402059e+16,139.26945856715417,413.92156277233534,418.2076992668106,158732.38823075825,9.906972001825894e+16,5.065173054068347e+17,768.0,948.0,0.810126582278481,76.1208648578595,1.0380610513651296e+17,352.2153103990131
BMIM_nitrate_20kHz,BMIM_nitrate,20,Lissajouswaveformsdifferentmediums/ionic liquid/Lissajousfigure20kHz-0006/Lissajousfigure20kHz-0006_09.csv,9,119994.81622405129,19990.404605807908,voltage activity-envelope rising edges,0.00047976970960462496,7.581200839999999,1,1,False,7.9047679999999945,69.92412925946111,69.94557373473837,3305.6044829491557,3305.6044829491557,66080.37108092607,0.4791666666666643,0.4791666666666643,0.8038205013533138,False,False,False,465.31940407044,476.62982595766175,471.5989508504466,164079.86349067476,1.0240724226377782e+17,6.704877585683348e+17,789.0,791.0,0.9974715549936789,60.35403515416007,8.52395714887373e+16,148.33358828046883,405.0678298265442,413.8623871612734,164422.0699352161,1.0262082373273342e+17,4.9257675437962157e+17,805.0,988.0,0.8147773279352226,76.1208648578595,1.1052400556547075e+17,342.2064445413416
BMIM_nitrate_20kHz,BMIM_nitrate,20,Lissajouswaveformsdifferentmediums/ionic liquid/Lissajousfigure20kHz-0006/Lissajousfigure20kHz-0006_10.csv,10,119994.81622405129,19990.404605807908,voltage activity-envelope rising edges,0.00047976970960462496,7.581200839999999,1,1,False,7.9047679999999945,70.10626642749259,69.94557373473837,3299.3656882899313,3299.3656882899313,65955.65505143562,0.4750000000000061,0.4750000000000061,0.7953662109373504,False,False,False,470.0484309861686,481.50992735144064,476.00859007444325,163705.42934618963,1.0217354650531994e+17,6.722054318916698e+17,784.0,788.0,0.9949238578680203,60.35403515416007,8.573544138706736e+16,155.3088873068978,177.6929657672538,414.48602510968857,167424.4825011409,1.0449472089764632e+17,2.8553546951493034e+17,869.0,1009.0,0.8612487611496531,76.1208648578595,1.1955092118749818e+17,3719.0531549512816
BMIM_nitrate_20kHz,BMIM_nitrate,20,Lissajouswaveformsdifferentmediums/ionic liquid/Lissajousfigure20kHz-0006/Lissajousfigure20kHz-0006_11.csv,11,119994.81622405129,19990.404605807908,voltage activity-envelope rising edges,0.00047976970960462496,7.581200839999999,1,1,False,7.9047679999999945,69.67520934623576,69.94557373473837,3233.8701803711483,3233.8701803711483,64646.37334827625,0.4770833333333395,0.4770833333333395,0.8097087545211697,False,False,False,457.34809902008146,470.4563456921569,463.67007563335,160245.38952562964,1.000140302270379e+17,6.6245984476532e+17,771.0,781.0,0.9871959026888605,60.35403515416007,8.56492327115706e+16,139.81408768091507,397.31336143707443,416.0202851215283,161481.69857270527,1.0078564837324613e+17,4.8408755129226195e+17,780.0,986.0,0.7910750507099391,76.1208648578595,1.0666493617673131e+17,1236.3090470756288
BMIM_nitrate_20kHz,BMIM_nitrate,20,Lissajouswaveformsdifferentmediums/ionic liquid/Lissajousfigure20kHz-0006/Lissajousfigure20kHz-0006_12.csv,12,119994.81622405129,19990.404605807908,voltage activity-envelope rising edges,0.00047976970960462496,7.581200839999999,1,1,False,7.9047679999999945,70.11429399584524,69.94557373473837,3265.6672689677034,3265.6672689677034,65282.01001460811,0.47708333333333747,0.47708333333333747,0.8070038075468687,False,False,False,465.11214055033685,476.59342132352316,471.6475856468354,162141.12433622134,1.0119721608474174e+17,6.691825169751831e+17,789.0,789.0,1.0,60.35403515416007,8.516800100618718e+16,147.33227678484988,405.4586206027921,412.0496886573916,162913.9002907493,1.0167952910419074e+17,4.924712381734333e+17,790.0,1012.0,0.7806324110671937,76.1208648578595,1.09009387336435e+17,772.775954527955
BMIM_nitrate_20kHz,BMIM_nitrate,20,Lissajouswaveformsdifferentmediums/ionic liquid/Lissajousfigure20kHz-0006/Lissajousfigure20kHz-0006_13.csv,13,119994.81622405129,19990.404605807908,voltage activity-envelope rising edges,0.00047976970960462496,7.739296200000001,1,1,False,7.9047679999999945,70.10678245561368,69.94557373473837,3197.660227143886,3197.660227143886,63922.5217325059,0.47500009515226793,0.47500009515226793,0.8144033609655975,False,False,False,453.3565022780792,470.8438907656631,460.390929924162,156848.70214520377,9.78940541369715e+16,6.614824265532215e+17,698.0,745.0,0.9369127516778524,60.35403515416007,8.607388959546974e+16,135.45921432225316,418.2995994101921,418.3545239118649,155018.11997335122,9.675153202628416e+16,5.140347757367534e+17,755.0,968.0,0.7799586776859504,76.1208648578595,1.058723735048247e+17,-1830.582171852555
BMIM_nitrate_20kHz,BMIM_nitrate,20,Lissajouswaveformsdifferentmediums/ionic liquid/Lissajousfigure20kHz-0006/Lissajousfigure20kHz-0006_14.csv,14,119994.81622405129,19990.404605807908,voltage activity-envelope rising edges,0.00047976970960462496,7.581200839999999,1,1,False,7.9047679999999945,70.14436567241466,69.94557373473837,3278.1570740651036,3278.1570740651036,65531.68627195282,0.47708342890292516,0.47708342890292516,0.8008300026995272,False,False,False,467.4985102609343,477.1265524231978,473.66044006293396,163666.4147128578,1.0214919628389454e+17,6.696087017400785e+17,793.0,793.0,1.0,60.35403515416007,8.491683893469016e+16,152.05919898905415,166.78730053282038,410.47171950108395,165986.38078229333,1.0359715779642915e+17,2.476710291864427e+17,818.0,1009.0,0.8107036669970268,76.1208648578595,1.1256704432089909e+17,2319.966069435526
BMIM_nitrate_20kHz,BMIM_nitrate,20,Lissajouswaveformsdifferentmediums/ionic liquid/Lissajousfigure20kHz-0006/Lissajousfigure20kHz-0006_15.csv,15,119994.81622405129,19990.404605807908,voltage activity-envelope rising edges,0.00047976970960462496,7.581200839999999,1,1,False,7.9047679999999945,70.05348135732609,69.94557373473837,3296.297240153173,3296.297240153173,65894.31553166988,0.47916656233302224,0.47916656233302224,0.798967485053654,False,False,False,468.0628139851502,481.5373199610633,473.9385281516167,163262.6682099613,1.0189720578941424e+17,6.729443627846026e+17,773.0,787.0,0.9822109275730623,60.35403515416007,8.549516361218078e+16,154.12348446424633,173.0784188278268,413.57229175963516,166415.17185451323,1.0386477936972394e+17,2.680183109589097e+17,844.0,1012.0,0.83399209486166,76.1208648578595,1.1835744335582466e+17,3152.5036445519363
BMIM_nitrate_20kHz,BMIM_nitrate,20,Lissajouswaveformsdifferentmediums/ionic liquid/Lissajousfigure20kHz-0006/Lissajousfigure20kHz-0006_16.csv,16,119994.81622405129,19990.404605807908,voltage activity-envelope rising edges,0.00047976970960462496,7.73929644,1,1,False,7.9047679999999945,70.02089107663784,68.94557373473836,3187.7573295253414,3187.7573295253414,63724.55880234131,0.4791666666666605,0.4791666666666605,0.8158288634019849,False,False,False,454.6616864464932,469.6908364981579,463.5768294332661,158898.8915591701,9.917363981882219e+16,6.606725067345599e+17,746.0,765.0,0.9751633986928104,60.35403515416007,8.569004280285832e+16,138.76060104745554,412.72608803305775,417.56932551685173,158314.05606430004,9.880862616672942e+16,5.002859986112448e+17,767.0,998.0,0.7685370741482966,76.1208648578595,1.0400405815576346e+17,-584.835494870058
BMIM_nitrate_20kHz,BMIM_nitrate,20,Lissajouswaveformsdifferentmediums/ionic liquid/Lissajousfigure20kHz-0006/Lissajousfigure20kHz-0006_17.csv,17,119994.81622405129,19990.404605807908,voltage activity-envelope rising edges,0.00047976970960462496,7.581200839999999,1,1,False,7.9047679999999945,69.53387372062113,69.94557373473837,3280.583592969226,3280.583592969226,65580.19336662987,0.47708342890292554,0.47708342890292554,0.8035513204697743,False,False,False,461.6781389700359,472.8010141311326,467.591609128228,163393.15287808413,1.0197864524661445e+17,6.6217101780239e+17,795.0,795.0,1.0,60.35403515416007,8.540577923939163e+16,147.2600102977479,389.30651497458064,412.57584227975735,165192.94888314756,1.0310195277256437e+17,4.7246020528048736e+17,819.0,995.0,0.8231155778894472,76.1208648578595,1.1162698891341099e+17,1799.7960050634283
BMIM_nitrate_20kHz,BMIM_nitrate,20,Lissajouswaveformsdifferentmediums/ionic liquid/Lissajousfigure20kHz-0006/Lissajousfigure20kHz-0006_18.csv,18,119994.81622405129,19990.404605807908,voltage activity-envelope rising edges,0.00047976970960462496,7.581200839999999,1,1,False,7.9047679999999945,69.91542178404912,69.94557373473837,3275.001238283443,3275.001238283443,65468.59983780794,0.47708333333333747,0.47708333333333747,0.7986599931567621,False,False,False,465.5447995396406,481.6539443966508,473.4920444719922,163858.86737871543,1.0226931185662546e+17,6.662392733039517e+17,770.0,803.0,0.958904109589041,60.35403515416007,8.573537571722565e+16,152.56402427356886,187.49617581921223,413.4692898487774,165955.10592089855,1.0357763820249797e+17,3.240278289501433e+17,843.0,1000.0,0.843,76.1208648578595,1.274975550565886e+17,2096.2385421831277
BMIM_nitrate_20kHz,BMIM_nitrate,20,Lissajouswaveformsdifferentmediums/ionic liquid/Lissajousfigure20kHz-0006/Lissajousfigure20kHz-0006_19.csv,19,119994.81622405129,19990.404605807908,voltage activity-envelope rising edges,0.00047976970960462496,7.581200839999999,1,1,False,7.9047679999999945,69.43828978434337,69.94557373473837,3230.050592642347,3230.050592642347,64570.01824415014,0.4791666666666862,0.4791666666666862,0.8157752478954505,False,False,False,453.4060227214639,467.87879878151574,460.87982097182123,158435.08754772434,9.888416560332386e+16,6.61932276363549e+17,742.0,752.0,0.9867021276595744,60.35403515416007,8.57351966628208e+16,138.9259897385856,413.88518324596487,417.55808189064567,158577.93474391664,9.897332089097435e+16,5.037313198733032e+17,762.0,973.0,0.7831449126413155,76.1208648578595,1.055528509717675e+17,142.847196192306
BMIM_nitrate_20kHz,BMIM_nitrate,20,Lissajouswaveformsdifferentmediums/ionic liquid/Lissajousfigure20kHz-0006/Lissajousfigure20kHz-0006_20.csv,20,119994.81622405129,19990.404605807908,voltage activity-envelope rising edges,0.00047976970960462496,7.581200839999999,1,1,False,7.9047679999999945,69.93360405688605,69.94557373473837,3287.476416706151,3287.476416706151,65717.98370200752,0.47916666666666013,0.47916666666666013,0.8036900939834498,False,False,False,467.7716266415465,477.8866690326482,472.53102615069565,164079.19851061015,1.0240682722945778e+17,6.704056479933719e+17,796.0,796.0,1.0,60.35403515416007,8.506664652576925e+16,151.3721659615322,164.72826798124723,411.0206282190041,167135.3462240827,1.0431426213724741e+17,2.367656038552818e+17,822.0,1043.0,0.788111217641419,76.1208648578595,1.1140027636536088e+17,3056.147713472543
BMIM_nitrate_20kHz,BMIM_nitrate,20,Lissajouswaveformsdifferentmediums/ionic liquid/Lissajousfigure20kHz-0006/Lissajousfigure20kHz-0006_21.csv,21,119994.81622405129,19990.404605807908,voltage activity-envelope rising edges,0.00047976970960462496,7.739296200000001,1,1,False,7.9047679999999945,70.55376684549535,69.94557373473837,3243.850815267457,3243.850815267457,64845.89027807632,0.47500009515226377,0.47500009515226377,0.807800075978631,False,False,False,463.88329635677655,480.4729606241877,474.24509677866575,159308.5313886251,9.942930851797536e+16,6.739452220425347e+17,713.0,760.0,0.9381578947368421,60.35403515416007,8.599071151086846e+16,146.28435742378755,396.39804873503925,419.9106930554907,160930.84833916882,1.0044184595827138e+17,4.8276522595652096e+17,785.0,974.0,0.8059548254620124,76.1208648578595,1.1075505091414738e+17,1622.3169505437254
BMIM_nitrate_20kHz,BMIM_nitrate,20,Lissajouswaveformsdifferentmediums/ionic liquid/Lissajousfigure20kHz-0006/Lissajousfigure20kHz-0006_22.csv,22,119994.81622405129,19990.404605807908,voltage activity-envelope rising edges,0.00047976970960462496,7.73929644,1,1,False,7.9047679999999945,69.85788137145346,69.94557373473837,3253.8193108951414,3253.8193108951414,65045.164538984944,0.47916666666666663,0.47916666666666663,0.8109691372590302,False,False,False,460.60009672423126,474.6789249050196,469.8203152559166,161127.91701952933,1.0056484252630195e+17,6.676077402002068e+17,770.0,775.0,0.9935483870967742,60.35403515416007,8.58226606887773e+16,145.3581471639776,409.02785486270886,415.97306126054355,161458.49968269985,1.0077116923913123e+17,4.987671602458445e+17,786.0,973.0,0.8078108941418294,76.1208648578595,1.0811886711266885e+17,330.58266317052767
BMIM_nitrate_20kHz,BMIM_nitrate,20,Lissajouswaveformsdifferentmediums/ionic liquid/Lissajousfigure20kHz-0006/Lissajousfigure20kHz-0006_23.csv,23,119994.81622405129,19990.404605807908,voltage activity-envelope rising edges,0.00047976970960462496,7.73929644,1,1,False,7.9047679999999945,70.49452968219647,69.94557373473837,3300.581360667891,3300.581360667891,65979.95683413914,0.47916666666666013,0.47916666666666013,0.8015490764797932,False,False,False,468.00482546341004,479.18860123834196,474.98577250502484,163850.41348403256,1.0226403552336651e+17,6.721648319547501e+17,796.0,796.0,1.0,60.35403515416007,8.503386785578549e+16,150.47776953546946,164.27554971928285,411.98544153502013,166484.8565520778,1.0390827171274371e+17,2.3582311012263805e+17,840.0,1007.0,0.8341608738828202,76.1208648578595,1.1185561162654344e+17,2634.4430680452497
BMIM_nitrate_20kHz,BMIM_nitrate,20,Lissajouswaveformsdifferentmediums/ionic liquid/Lissajousfigure20kHz-0006/Lissajousfigure20kHz-0006_24.csv,24,119994.81622405129,19990.404605807908,voltage activity-envelope rising edges,0.00047976970960462496,7.739296200000001,1,1,False,7.9047679999999945,70.84469551896079,69.94557373473837,3292.5238643746284,3292.5238643746284,65818.88422312702,0.4770833333333201,0.4770833333333201,0.7966599556790434,False,False,False,473.081023066016,490.2454516118829,481.6796113989012,164197.20793399162,1.024804805062983e+17,6.78257247373402e+17,770.0,811.0,0.9494451294697904,60.35403515416007,8.607047509526811e+16,156.67138760445428,193.55654181895738,416.18199088782063,165623.12063794542,1.0337043607192501e+17,3.3840447516624275e+17,853.0,993.0,0.8590130916414904,76.1208648578595,1.3302712946276901e+17,1425.9127039537998
BMIM_nitrate_20kHz,BMIM_nitrate,20,Lissajouswaveformsdifferentmediums/ionic liquid/Lissajousfigure20kHz-0006/Lissajousfigure20kHz-0006_25.csv,25,119994.81622405129,19990.404605807908,voltage activity-envelope rising edges,0.00047976970960462496,7.8973918,1,1,False,7.9047679999999945,70.71965827755204,69.94557373473837,3232.0150384069143,3232.0150384069143,64609.28830981,0.47708333333333747,0.47708333333333747,0.8153236698737129,False,False,False,459.3493795328028,478.71800646033876,467.9633951477179,156133.97354582645,9.744797024055576e+16,6.746498206327799e+17,691.0,729.0,0.9478737997256516,60.35403515416007,8.604511061436936e+16,138.85172253579353,416.7056899802167,419.623545378699,157711.02198968845,9.843225422651525e+16,5.077700615486075e+17,768.0,989.0,0.7765419615773509,76.1208648578595,1.026574030886045e+17,1577.0484438620042
BMIM_nitrate_20kHz,BMIM_nitrate,20,Lissajouswaveformsdifferentmediums/ionic liquid/Lissajousfigure20kHz-0006/Lissajousfigure20kHz-0006_26.csv,26,119994.81622405129,19990.404605807908,voltage activity-envelope rising edges,0.00047976970960462496,7.581200839999999,1,1,False,7.9047679999999945,70.70897345444577,69.94557373473837,3275.6090581987455,3275.6090581987455,65480.75040384231,0.47916656233304566,0.47916656233304566,0.8078290522051484,False,False,False,469.1525147598662,480.954797461813,475.4855221294179,161434.95145524427,1.007564720728695e+17,6.758316035033737e+17,768.0,772.0,0.9948186528497409,60.35403515416007,8.534343164831706e+16,150.75759819327428,165.981243230468,416.477295477366,163854.47834354563,1.0226657252604354e+17,2.4206204758994486e+17,799.0,1009.0,0.7918731417244796,76.1208648578595,1.1095648557373405e+17,2419.526888301363
BMIM_nitrate_20kHz,BMIM_nitrate,20,Lissajouswaveformsdifferentmediums/ionic liquid/Lissajousfigure20kHz-0006/Lissajousfigure20kHz-0006_27.csv,27,119994.81622405129,19990.404605807908,voltage activity-envelope rising edges,0.00047976970960462496,7.8973918,1,1,False,7.9047679999999945,70.54172254798316,68.94557373473836,3172.721951194456,3172.721951194456,63423.99550610551,0.4770834289029319,0.4770834289029319,0.8130938836880429,False,False,False,455.30598173068466,485.65830584255883,465.6737804695027,158250.35461801197,9.8768868153139e+16,6.726762993552156e+17,701.0,767.0,0.9139504563233377,60.35403515416007,8.606592198042702e+16,137.18498031926018,177.2031588184726,421.28192229361593,160748.44635650233,1.0032800332316104e+17,2.7839266241241683e+17,793.0,1029.0,0.7706511175898931,76.1208648578595,1.204830219725274e+17,2498.0917384903587
BMIM_nitrate_20kHz,BMIM_nitrate,20,Lissajouswaveformsdifferentmediums/ionic liquid/Lissajousfigure20kHz-0006/Lissajousfigure20kHz-0006_28.csv,28,119994.81622405129,19990.404605807908,voltage activity-envelope rising edges,0.00047976970960462496,7.581200839999999,1,1,False,7.9047679999999945,70.58266416620701,69.94557373473837,3281.8745946127924,3281.8745946127924,65606.00101183153,0.4791665623330436,0.4791665623330436,0.8093675057811192,False,False,False,466.51418464654887,480.9401930110306,474.44530763074505,160940.54858017908,1.0044790017424901e+17,6.800094592895944e+17,753.0,767.0,0.9817470664928292,60.35403515416007,8.5564901636391e+16,146.69811003875031,403.49321159363416,417.8319524295026,162675.0897902042,1.0153048019432346e+17,4.90641003067241e+17,790.0,1014.0,0.7790927021696252,76.1208648578595,1.0876578418359571e+17,1734.5412100251124
BMIM_nitrate_20kHz,BMIM_nitrate,20,Lissajouswaveformsdifferentmediums/ionic liquid/Lissajousfigure20kHz-0006/Lissajousfigure20kHz-0006_29.csv,29,119994.81622405129,19990.404605807908,voltage activity-envelope rising edges,0.00047976970960462496,7.73929644,1,1,False,7.9047679999999945,70.7599983842304,69.94557373473837,3225.7178834881042,3225.7178834881042,64483.40563511753,0.4770832285823775,0.4770832285823775,0.8026852853310019,False,False,False,467.48552122267336,484.33575533359027,477.278273758404,160877.01808919144,1.0040824885907053e+17,6.775524058031361e+17,748.0,767.0,0.9752281616688396,60.35403515416007,8.563607490864858e+16,149.91315169000976,173.06397480170912,417.28980040916866,163896.55758991552,1.0229283546584373e+17,2.5986193893259e+17,827.0,983.0,0.8413021363173957,76.1208648578595,1.149143109564989e+17,3019.5395007240877
BMIM_nitrate_20kHz,BMIM_nitrate,20,Lissajouswaveformsdifferentmediums/ionic liquid/Lissajousfigure20kHz-0006/Lissajousfigure20kHz-0006_30.csv,30,119994.81622405129,19990.404605807908,voltage activity-envelope rising edges,0.00047976970960462496,7.73929644,1,1,False,7.9047679999999945,70.37657883917358,69.94557373473837,3281.9474928916484,3281.9474928916484,65607.45827792093,0.47916676265359137,0.47916676265359137,0.8102170791787906,False,False,False,463.50033381255724,478.14315789266277,470.9686770768962,161064.98492447677,1.005255646882595e+17,6.715520865042564e+17,759.0,763.0,0.9947575360419397,60.35403515416007,8.573372952230357e+16,148.06481147612504,410.98004841142057,416.3011667106027,160629.55449635693,1.0025379929064859e+17,4.990869556151624e+17,782.0,967.0,0.8086866597724922,76.1208648578595,1.107397120020979e+17,-435.43042811984196
BMIM_nitrate_20kHz,BMIM_nitrate,20,Lissajouswaveformsdifferentmediums/ionic liquid/Lissajousfigure20kHz-0006/Lissajousfigure20kHz-0006_31.csv,31,119994.81622405129,19990.404605807908,voltage activity-envelope rising edges,0.00047976970960462496,7.8973918,1,1,False,7.9047679999999945,70.94987937418864,69.94557373473837,3265.0570091149198,3265.0570091149198,65269.81067323628,0.4770833333333352,0.4770833333333352,0.8072519772364163,False,False,False,467.71530252467534,488.7140614469861,481.15219665365544,159341.34569509057,9.944978892648154e+16,6.796378441609838e+17,719.0,759.0,0.9472990777338604,60.35403515416007,8.59728660468749e+16,147.50969104976164,179.86705529333219,420.3092741914021,161914.5230764972,1.0105578733408235e+17,2.71564893205595e+17,798.0,1000.0,0.798,76.1208648578595,1.1477951864208624e+17,2573.1773814066255
BMIM_nitrate_20kHz,BMIM_nitrate,20,Lissajouswaveformsdifferentmediums/ionic liquid/Lissajousfigure20kHz-0006/Lissajousfigure20kHz-0006_32.csv,32,119994.81622405129,19990.404605807908,voltage activity-envelope rising edges,0.00047976970960462496,7.739296200000001,1,1,False,7.9047679999999945,69.96579304662653,69.94557373473837,3250.0435091860177,3250.0435091860177,64969.68473510826,0.47708333333333747,0.47708333333333747,0.8146189809557873,False,False,False,459.61335947374505,472.33099313411003,465.86741529524494,159277.57966370034,9.9409990603361e+16,6.69749638007935e+17,740.0,765.0,0.9673202614379085,60.35403515416007,8.607389012974389e+16,138.54157267758245,415.678933647586,420.2977916560622,157551.48176367662,9.833268031032328e+16,5.099497626549537e+17,756.0,973.0,0.7769784172661871,76.1208648578595,1.0171579977646523e+17,-1726.097900023713
BMIM_nitrate_20kHz,BMIM_nitrate,20,Lissajouswaveformsdifferentmediums/ionic liquid/Lissajousfigure20kHz-0006/Lissajousfigure20kHz-0006_33.csv,33,119994.81622405129,19990.404605807908,voltage activity-envelope rising edges,0.00047976970960462496,7.423720600000001,1,1,False,7.9047679999999945,71.90220658917895,72.94168582809772,4.96000992249984,4.96000992249984,99.15260519959374,0.0,0.0,0.9818172986467554,False,False,False,477.59413890020033,505.9474858150339,499.62512644755094,65403.5838902518,4.082036953150557e+16,6.915682960819935e+17,310.0,382.0,0.8115183246073299,60.35403515416007,1.4488471465192918e+17,181.7126255923443,206.93244639019073,399.6632027648036,69984.45412481365,4.367943022249867e+16,3.6181787595689926e+17,366.0,426.0,0.8591549295774648,76.1208648578595,1.3499305150739294e+17,4580.870234561851
BMIM_nitrate_20kHz,BMIM_nitrate,20,Lissajouswaveformsdifferentmediums/ionic liquid/Lissajousfigure20kHz-0006/Lissajousfigure20kHz-0006_34.csv,34,119994.81622405129,19990.404605807908,voltage activity-envelope rising edges,0.00047976970960462496,7.739296200000001,1,1,False,7.9047679999999945,70.15421844134025,69.94557373473837,3276.880620718789,3276.880620718789,65506.16945309956,0.47708333333333747,0.47708333333333747,0.8110627266578485,False,False,False,463.4248783430864,475.56915030632064,469.7851201572327,159174.1916796866,9.934546301234029e+16,6.721481657980133e+17,726.0,754.0,0.9628647214854111,60.35403515416007,8.607372366636658e+16,143.81142581882517,412.1680105545907,417.7385277026977,158986.75512975917,9.922847815040082e+16,5.036454549430225e+17,770.0,983.0,0.7833163784333672,76.1208648578595,1.0440026724334757e+17,-187.43654992742813
BMIM_nitrate_20kHz,BMIM_nitrate,20,Lissajouswaveformsdifferentmediums/ionic liquid/Lissajousfigure20kHz-0006/Lissajousfigure20kHz-0006_35.csv,35,119994.81622405129,19990.404605807908,voltage activity-envelope rising edges,0.00047976970960462496,7.8973918,1,1,False,7.9047679999999945,69.70083080916181,68.94557373473836,3196.3838059920663,3196.3838059920663,63897.005557233606,0.47500000000000175,0.47500000000000175,0.817932503488602,False,False,False,446.7102795093648,461.4911863930883,455.3676520588911,150788.74428289567,9.411184979019046e+16,6.58647069084863e+17,615.0,671.0,0.9165424739195231,60.35403515416007,8.659866131828027e+16,134.80982546585477,425.161842845347,424.5768642781108,144226.8879394628,9.00163953086585e+16,5.2187882700167763e+17,696.0,868.0,0.8018433179723502,76.1208648578595,9.601556681143358e+16,-6561.856343432883
BMIM_nitrate_20kHz,BMIM_nitrate,20,Lissajouswaveformsdifferentmediums/ionic liquid/Lissajousfigure20kHz-0006/Lissajousfigure20kHz-0006_36.csv,36,119994.81622405129,19990.404605807908,voltage activity-envelope rising edges,0.00047976970960462496,7.581200839999999,1,1,False,7.9047679999999945,70.17186373195456,70.94557373473836,3283.807443048856,3283.807443048856,65644.63943411014,0.4750000951522592,0.4750000951522592,0.7949035244660116,False,False,False,469.3011120457804,481.5429922408588,475.62704492414923,164124.76154182805,1.0243526450553138e+17,6.712027063408538e+17,794.0,794.0,1.0,60.35403515416007,8.481565218204501e+16,154.3627571686771,178.5424495960345,408.43532652545866,167041.6333718463,1.0425577309076704e+17,2.8344441907562637e+17,844.0,1006.0,0.8389662027833003,76.1208648578595,1.2101640647190394e+17,2916.8718300182663
BMIM_nitrate_20kHz,BMIM_nitrate,20,Lissajouswaveformsdifferentmediums/ionic liquid/Lissajousfigure20kHz-0006/Lissajousfigure20kHz-0006_37.csv,37,119994.81622405129,19990.404605807908,voltage activity-envelope rising edges,0.00047976970960462496,7.8973918,1,1,False,7.9047679999999945,69.97325691508914,68.94557373473836,3192.089977620972,3192.089977620972,63811.17019078754,0.47499999999999737,0.47499999999999737,0.8181040787242406,False,False,False,446.83930310789475,464.21813664870376,458.3003775294738,150630.93956865458,9.401335905977507e+16,6.639101110925303e+17,621.0,679.0,0.914580265095729,60.35403515416007,8.667477296988272e+16,407.05149006234547,423.43311002419165,421.57731651901634,141584.27758814985,8.836706166893949e+16,5.192737061932835e+17,664.0,855.0,0.776608187134503,76.1208648578595,9.649738154118907e+16,-9046.661980504723
BMIM_nitrate_20kHz,BMIM_nitrate,20,Lissajouswaveformsdifferentmediums/ionic liquid/Lissajousfigure20kHz-0006/Lissajousfigure20kHz-0006_38.csv,38,119994.81622405129,19990.404605807908,voltage activity-envelope rising edges,0.00047976970960462496,7.581200839999999,1,1,False,7.9047679999999945,70.60864643004105,70.94557373473836,3291.896613481532,3291.896613481532,65806.34522398467,0.47708333333332875,0.47708333333332875,0.791831195953488,False,False,False,476.13388465102275,487.54355870622663,482.1557548543594,165492.17691870435,1.0328871010693478e+17,6.786123406183116e+17,798.0,802.0,0.9950124688279302,60.35403515416007,8.47324953820045e+16,161.71466136714358,183.17400020282642,407.74277172120037,168605.0546508059,1.0523155194789571e+17,2.978663924429936e+17,860.0,1012.0,0.849802371541502,76.1208648578595,1.2547792782119491e+17,3112.877732101537
BMIM_nitrate_20kHz,BMIM_nitrate,20,Lissajouswaveformsdifferentmediums/ionic liquid/Lissajousfigure20kHz-0006/Lissajousfigure20kHz-0006_39.csv,39,119994.81622405129,19990.404605807908,voltage activity-envelope rising edges,0.00047976970960462496,7.739296200000001,1,1,False,7.9047679999999945,70.28659854857563,69.94557373473837,3222.0295670852465,3222.0295670852465,64409.674697910166,0.4770832285823776,0.4770832285823776,0.8140831305341663,False,False,False,459.9556550102928,470.3930450361585,465.5196774259164,156458.03632626892,9.765022769591579e+16,6.652662062992145e+17,641.0,748.0,0.856951871657754,60.35403515416007,8.616387067329253e+16,138.78227074121668,420.7425313534117,422.1984117800346,152666.55021722257,9.528384568993048e+16,5.158727127646768e+17,731.0,967.0,0.7559462254395036,76.1208648578595,9.931264761134304e+16,-3791.486109046353
BMIM_nitrate_20kHz,BMIM_nitrate,20,Lissajouswaveformsdifferentmediums/ionic liquid/Lissajousfigure20kHz-0006/Lissajousfigure20kHz-0006_40.csv,40,119994.81622405129,19990.404605807908,voltage activity-envelope rising edges,0.00047976970960462496,7.8973918,1,1,False,7.9047679999999945,70.68990125785734,68.94557373473836,3185.821988205223,3185.821988205223,63685.8705463018,0.4749999999999984,0.4749999999999984,0.8154000775638005,False,False,False,447.52447126045763,462.9413996135769,455.919359948312,148575.14203522194,9.273027317968792e+16,6.6158727237139e+17,599.0,648.0,0.9243827160493827,60.35403515416007,8.667499664369573e+16,409.6834459825179,425.0603957847646,421.21599071850875,139223.12883288314,8.689339678735482e+16,5.1877091262321434e+17,652.0,822.0,0.7931873479318735,76.1208648578595,9.418277581487582e+16,-9352.0132023388
BMIM_nitrate_20kHz,BMIM_nitrate,20,Lissajouswaveformsdifferentmediums/ionic liquid/Lissajousfigure20kHz-0006/Lissajousfigure20kHz-0006_41.csv,41,119994.81622405129,19990.404605807908,voltage activity-envelope rising edges,0.00047976970960462496,7.581200839999999,1,1,False,7.9047679999999945,71.9127352937252,71.94557664437468,3354.243498161485,3354.243498161485,67052.68467464858,0.47708333333333725,0.47708333333333725,0.7790949395878141,False,False,False,483.0140015457678,492.22248658784883,487.4460128464277,168469.7471345205,1.0514710240420667e+17,6.839996304916562e+17,810.0,819.0,0.989010989010989,60.35403515416007,8.432010919320677e+16,171.45531998232826,182.80782846094192,403.06412096000196,172917.44774128997,1.0792304787285998e+17,3.020138454130568e+17,927.0,1036.0,0.8947876447876448,76.1208648578595,1.2599547853820062e+17,4447.700606769475
BMIM_nitrate_20kHz,BMIM_nitrate,20,Lissajouswaveformsdifferentmediums/ionic liquid/Lissajousfigure20kHz-0006/Lissajousfigure20kHz-0006_42.csv,42,119994.81622405129,19990.404605807908,voltage activity-envelope rising edges,0.00047976970960462496,7.581200839999999,1,1,False,7.9047679999999945,70.3907368674775,70.94557373473836,3303.1900930102297,3303.1900930102297,66032.10644917075,0.4770833333333722,0.4770833333333722,0.7989585280683502,False,False,False,468.8198726591303,479.0339663021373,474.1915491135908,164061.74851762207,1.0239593615713838e+17,6.699613614092892e+17,796.0,796.0,1.0,60.35403515416007,8.508157217617461e+16,153.18421516461316,405.2655294481814,412.03875290469824,166999.99758712391,1.0422978692889318e+17,4.956891419441846e+17,817.0,1048.0,0.7795801526717557,76.1208648578595,1.1212565415259922e+17,2938.2490695018496
BMIM_nitrate_20kHz,BMIM_nitrate,20,Lissajouswaveformsdifferentmediums/ionic liquid/Lissajousfigure20kHz-0006/Lissajousfigure20kHz-0006_43.csv,43,119994.81622405129,19990.404605807908,voltage activity-envelope rising edges,0.00047976970960462496,7.739296200000001,1,1,False,7.9047679999999945,70.0625414610176,69.94557373473837,3250.0993849642455,3250.0993849642455,64970.8017145227,0.4791666666666862,0.4791666666666862,0.8181063348660561,False,False,False,458.8401525950266,471.86858289222937,466.50863046204466,157965.58473409474,9.859113459174197e+16,6.702942352396763e+17,708.0,742.0,0.954177897574124,60.35403515416007,8.607374445570464e+16,139.5520465887544,415.43245508669776,421.3395030021351,157759.88362490156,9.846275026184963e+16,5.077803861269463e+17,763.0,972.0,0.7849794238683128,76.1208648578595,1.0150147832115507e+17,-205.70110919317813
BMIM_nitrate_20kHz,BMIM_nitrate,20,Lissajouswaveformsdifferentmediums/ionic liquid/Lissajousfigure20kHz-0006/Lissajousfigure20kHz-0006_44.csv,44,119994.81622405129,19990.404605807908,voltage activity-envelope rising edges,0.00047976970960462496,7.8973918,1,1,False,7.9047679999999945,70.31067990513411,68.94557373473836,3233.879887123466,3233.879887123466,64646.567390182485,0.4749999999999887,0.4749999999999887,0.8064671513740593,False,False,False,450.8588812579382,488.85446825447366,467.131135494711,155918.80145866738,9.731367478473736e+16,6.739147429846959e+17,678.0,718.0,0.9442896935933147,60.35403515416007,8.667516495713978e+16,132.23661601603027,197.84196762115315,421.83948254900804,160077.2454660154,9.99090863961387e+16,3.5356678633302163e+17,792.0,987.0,0.8024316109422492,76.1208648578595,1.3214606395282331e+17,4158.444007348007
BMIM_nitrate_20kHz,BMIM_nitrate,20,Lissajouswaveformsdifferentmediums/ionic liquid/Lissajousfigure20kHz-0006/Lissajousfigure20kHz-0006_45.csv,45,119994.81622405129,19990.404605807908,voltage activity-envelope rising edges,0.00047976970960462496,7.581200839999999,1,1,False,7.9047679999999945,70.25649628619796,69.94557373473837,3291.2741824644463,3291.2741824644463,65793.90257611392,0.47916666666666335,0.47916666666666335,0.8088404167451069,False,False,False,465.1122854602256,479.04058915187795,471.74992825216964,161450.1802797135,1.00765976846238e+17,6.73276523495439e+17,765.0,768.0,0.99609375,60.35403515416007,8.549497997515666e+16,146.3332226325122,411.0062383481951,416.1435840959545,160825.79667531926,1.0037628001397334e+17,5.0161009146607674e+17,775.0,976.0,0.7940573770491803,76.1208648578595,1.0671672834683506e+17,-624.3836043942429
BMIM_nitrate_20kHz,BMIM_nitrate,20,Lissajouswaveformsdifferentmediums/ionic liquid/Lissajousfigure20kHz-0006/Lissajousfigure20kHz-0006_46.csv,46,119994.81622405129,19990.404605807908,voltage activity-envelope rising edges,0.00047976970960462496,7.739296200000001,1,1,False,7.9047679999999945,70.15265460424031,68.94557373473836,3178.958319542856,3178.958319542856,63548.66303266087,0.47500000000000053,0.47500000000000053,0.8132921693342366,False,False,False,445.79813594304915,482.1423150412194,456.9761620030681,154847.6679878937,9.664514774854445e+16,6.654724772182842e+17,637.0,721.0,0.883495145631068,60.35403515416007,8.63314699371393e+16,131.62753959887527,422.88150606523607,422.64893313289656,152585.60074015023,9.523332265478581e+16,5.1798635001277114e+17,741.0,968.0,0.765495867768595,76.1208648578595,1.2431628715928315e+17,-2262.0672477434855
BMIM_nitrate_20kHz,BMIM_nitrate,20,Lissajouswaveformsdifferentmediums/ionic liquid/Lissajousfigure20kHz-0006/Lissajousfigure20kHz-0006_47.csv,47,119994.81622405129,19990.404605807908,voltage activity-envelope rising edges,0.00047976970960462496,7.73929644,1,1,False,7.9047679999999945,70.12232152284282,69.94557373473837,3246.9435154207463,3246.9435154207463,64907.714605465,0.4791666666666645,0.4791666666666645,0.8129165324609008,False,False,False,460.97507170735764,474.0201471021794,469.3727650187081,160064.6724407753,9.990123918799043e+16,6.679199006753736e+17,742.0,757.0,0.9801849405548216,60.35403515416007,8.574178188339248e+16,143.12018287904365,415.69992529775794,418.629386845185,160999.82235714106,1.0048489474450338e+17,5.0547462877500326e+17,780.0,995.0,0.7839195979899497,76.1208648578595,1.0561935744358896e+17,935.1499163657718
BMIM_nitrate_20kHz,BMIM_nitrate,20,Lissajouswaveformsdifferentmediums/ionic liquid/Lissajousfigure20kHz-0006/Lissajousfigure20kHz-0006_48.csv,48,119994.81622405129,19990.404605807908,voltage activity-envelope rising edges,0.00047976970960462496,7.581200839999999,1,1,False,7.9047679999999945,69.80301456746953,69.94557373473837,3270.060685391589,3270.060685391589,65369.836186523375,0.47708333333335406,0.47708333333335406,0.8029882275144206,False,False,False,466.280880345267,479.56963199345194,472.52807708908875,162266.31390806532,1.0127535071101448e+17,6.719357519646057e+17,767.0,783.0,0.979565772669221,60.35403515416007,8.591825473591715e+16,153.4858648195657,410.6648290503831,410.7964188577224,163486.95927452057,1.0203719267688035e+17,4.9995895392423974e+17,804.0,1005.0,0.8,76.1208648578595,1.1466312298527499e+17,1220.6453664552537
BMIM_nitrate_20kHz,BMIM_nitrate,20,Lissajouswaveformsdifferentmediums/ionic liquid/Lissajousfigure20kHz-0006/Lissajousfigure20kHz-0006_49.csv,49,119994.81622405129,19990.404605807908,voltage activity-envelope rising edges,0.00047976970960462496,7.8973918,1,1,False,7.9047679999999945,69.87634636031375,69.94557373473837,3218.936838028952,3218.936838028952,64347.84979273871,0.47708333333333747,0.47708333333333747,0.808615492835053,False,False,False,457.03821164354247,474.5567561750634,468.2139691382888,155643.12422585252,9.714161622394336e+16,6.728504577583025e+17,652.0,716.0,0.9106145251396648,60.35403515416007,8.573586702030699e+16,138.44571956803463,155.91377729520977,421.01196306102577,159770.5695627154,9.971768062057568e+16,1.924771506887424e+17,790.0,1021.0,0.7737512242899118,76.1208648578595,1.0106291631707317e+17,4127.445336862875
BMIM_nitrate_20kHz,BMIM_nitrate,20,Lissajouswaveformsdifferentmediums/ionic liquid/Lissajousfigure20kHz-0006/Lissajousfigure20kHz-0006_50.csv,50,119994.81622405129,19990.404605807908,voltage activity-envelope rising edges,0.00047976970960462496,7.739296200000001,1,1,False,7.9047679999999945,70.11043341386718,69.94557373473837,3233.276908791548,3233.276908791548,64634.51360935892,0.4770833333333201,0.4770833333333201,0.8031261031535911,False,False,False,459.99262662385695,480.7798664062965,472.653472469828,160657.44722445,1.002712079921337e+17,6.701543215879483e+17,734.0,785.0,0.935031847133758,60.35403515416007,8.597286604687446e+16,148.6587493470171,184.94501073390484,419.6230394551921,161785.5751701774,1.0097530701674806e+17,3.1704613097676275e+17,832.0,983.0,0.8463886063072228,76.1208648578595,1.2633551765543765e+17,1128.1279457274068
BMIM_nitrate_20kHz,BMIM_nitrate,20,Lissajouswaveformsdifferentmediums/ionic liquid/Lissajousfigure20kHz-0006/Lissajousfigure20kHz-0006_51.csv,51,119994.81622405129,19990.404605807908,voltage activity-envelope rising edges,0.00047976970960462496,7.739296200000001,1,1,False,7.9047679999999945,70.45674318706389,69.94557373473837,3225.78109069858,3225.78109069858,64484.66917282895,0.4791666666666666,0.4791666666666666,0.8076612351862984,False,False,False,461.97374329309235,482.58436259445756,473.8109496853203,159055.5213909238,9.927139726927891e+16,6.718601859192876e+17,692.0,753.0,0.9189907038512616,60.35403515416007,8.598855622532805e+16,143.97823364893898,168.20593578821413,421.95929208884615,161416.60420878843,1.0074502099732187e+17,2.4025371490701648e+17,788.0,1003.0,0.7856430707876371,76.1208648578595,1.0853497245892894e+17,2361.0828178646334
BMIM_nitrate_20kHz,BMIM_nitrate,20,Lissajouswaveformsdifferentmediums/ionic liquid/Lissajousfigure20kHz-0006/Lissajousfigure20kHz-0006_52.csv,52,119994.81622405129,19990.404605807908,voltage activity-envelope rising edges,0.00047976970960462496,7.739296200000001,1,1,False,7.9047679999999945,69.74630223100564,69.94557373473837,3219.4961220449677,3219.4961220449677,64359.03010650842,0.47708322858238206,0.47708322858238206,0.8127914681310321,False,False,False,457.3771818939766,467.2086978581837,463.7047080555449,156925.53425539687,9.794200739799205e+16,6.625733278624654e+17,632.0,754.0,0.8381962864721485,60.35403515416007,8.592195167613573e+16,138.4577484930437,417.89461801955656,421.336654341839,154047.81562091337,9.614593551507456e+16,5.107143570008848e+17,731.0,983.0,0.7436419125127162,76.1208648578595,9.753480648915698e+16,-2877.7186344834918
BMIM_nitrate_20kHz,BMIM_nitrate,20,Lissajouswaveformsdifferentmediums/ionic liquid/Lissajousfigure20kHz-0006/Lissajousfigure20kHz-0006_53.csv,53,119994.81622405129,19990.404605807908,voltage activity-envelope rising edges,0.00047976970960462496,7.8973918,1,1,False,7.9047679999999945,69.50467391083157,68.94557373473836,3176.4419323368875,3176.4419323368875,63498.359434268685,0.4750000000000102,0.4750000000000102,0.8186779515816457,False,False,False,447.0153908376588,461.70537626144994,456.3143805701198,151173.03152528792,9.435169516727283e+16,6.577673888154472e+17,601.0,685.0,0.8773722627737226,60.35403515416007,8.634779778033538e+16,408.8213305339676,425.1514231237365,423.5117522077743,140389.64388319224,8.762145437358102e+16,5.1953954441157555e+17,662.0,830.0,0.7975903614457831,76.1208648578595,9.418504165028083e+16,-10783.38764209568
BMIM_nitrate_20kHz,BMIM_nitrate,20,Lissajouswaveformsdifferentmediums/ionic liquid/Lissajousfigure20kHz-0006/Lissajousfigure20kHz-0006_54.csv,54,119994.81622405129,19990.404605807908,voltage activity-envelope rising edges,0.00047976970960462496,7.8973918,1,1,False,7.9047679999999945,69.46187342146727,68.94557373473836,3178.3358995850695,3178.3358995850695,63536.220605869996,0.4749999999999995,0.4749999999999995,0.812122196237165,False,False,False,441.29863920802217,461.23888390383206,452.73436103144326,149418.30223114596,9.325651514877678e+16,6.5760845964737e+17,598.0,655.0,0.9129770992366413,60.35403515416007,8.669156643496709e+16,127.91982933953419,418.11325531177795,421.96659949800016,151728.68393667182,9.469849476776296e+16,5.100632447826804e+17,734.0,933.0,0.7867095391211146,76.1208648578595,9.48330774668696e+16,2310.381705525855
BMIM_nitrate_20kHz,BMIM_nitrate,20,Lissajouswaveformsdifferentmediums/ionic liquid/Lissajousfigure20kHz-0006/Lissajousfigure20kHz-0006_55.csv,55,119994.81622405129,19990.404605807908,voltage activity-envelope rising edges,0.00047976970960462496,7.8973918,1,1,False,7.9047679999999945,69.64974294009227,68.94557373473836,3172.0582037173913,3172.0582037173913,63410.7269254829,0.4749999999999887,0.4749999999999887,0.8116899713304926,False,False,False,442.856206608568,458.06246299284646,453.23664783647416,148884.32102410658,9.29232412072325e+16,6.540629552302106e+17,599.0,645.0,0.9286821705426357,60.35403515416007,8.676573775122795e+16,130.37666531603634,422.5095301255934,422.71637325428617,147745.12728006986,9.221223568072206e+16,5.1630089708138534e+17,713.0,900.0,0.7922222222222223,76.1208648578595,9.38765444484658e+16,-1139.1937440367183
BMIM_nitrate_20kHz,BMIM_nitrate,20,Lissajouswaveformsdifferentmediums/ionic liquid/Lissajousfigure20kHz-0006/Lissajousfigure20kHz-0006_56.csv,56,119994.81622405129,19990.404605807908,voltage activity-envelope rising edges,0.00047976970960462496,7.581200839999999,1,1,False,7.9047679999999945,70.50240224427617,70.94557373473836,3290.637145000923,3290.637145000923,65781.16793946903,0.47708333333333747,0.47708333333333747,0.7905547392627176,False,False,False,471.17780495225503,484.41901364328925,478.2740963136366,165246.75176885424,1.0313553279289006e+17,6.753504899381216e+17,795.0,798.0,0.9962406015037594,60.35403515416007,8.473277980684539e+16,160.9889749157503,179.71276841211056,406.9572598558677,168025.08772482164,1.0486957691798827e+17,2.8392283744030464e+17,846.0,1007.0,0.8401191658391262,76.1208648578595,1.194611588945785e+17,2778.335955967399
BMIM_nitrate_20kHz,BMIM_nitrate,20,Lissajouswaveformsdifferentmediums/ionic liquid/Lissajousfigure20kHz-0006/Lissajousfigure20kHz-0006_57.csv,57,119994.81622405129,19990.404605807908,voltage activity-envelope rising edges,0.00047976970960462496,7.8973918,1,1,False,7.9047679999999945,69.99224495588942,68.94557373473836,3221.966370134789,3221.966370134789,64408.41136530067,0.47708333333332875,0.47708333333332875,0.8120989512468145,False,False,False,456.9863411922906,472.0885769909817,467.9322413782389,158104.3733801432,9.867775681458501e+16,6.688813077780918e+17,702.0,750.0,0.936,60.35403515416007,8.607389019181344e+16,140.67420876427977,416.59550628175623,419.8478616585694,156429.7488464516,9.763257261785165e+16,5.074080494296719e+17,756.0,988.0,0.7651821862348178,76.1208648578595,1.0105919036965677e+17,-1674.624533691589
BMIM_nitrate_20kHz,BMIM_nitrate,20,Lissajouswaveformsdifferentmediums/ionic liquid/Lissajousfigure20kHz-0006/Lissajousfigure20kHz-0006_58.csv,58,119994.81622405129,19990.404605807908,voltage activity-envelope rising edges,0.00047976970960462496,7.739296200000001,1,1,False,7.9047679999999945,70.01864001413438,68.94557373473836,3194.608833370406,3194.608833370406,63861.52313636239,0.47708333333332875,0.47708333333332875,0.8111889075508625,False,False,False,451.602109087596,476.63652780923434,467.3523951592205,157026.34719397465,9.800492782469538e+16,6.645270794154253e+17,655.0,734.0,0.8923705722070845,60.35403515416007,8.615908138080654e+16,133.13331969020547,407.4490237909362,422.2354132321364,158501.12175083644,9.892537956152648e+16,4.939577282309497e+17,805.0,959.0,0.8394160583941606,76.1208648578595,1.2104707588797037e+17,1474.774556861783
BMIM_nitrate_20kHz,BMIM_nitrate,20,Lissajouswaveformsdifferentmediums/ionic liquid/Lissajousfigure20kHz-0006/Lissajousfigure20kHz-0006_59.csv,59,119994.81622405129,19990.404605807908,voltage activity-envelope rising edges,0.00047976970960462496,7.739296200000001,1,1,False,7.9047679999999945,70.18193840395116,69.94557373473837,3209.5081227597793,3209.5081227597793,64159.36595959499,0.4791666666666645,0.4791666666666645,0.8097983905169455,False,False,False,463.1972766466439,480.15837559166044,472.85539660931,160018.58896928522,9.987247708928531e+16,6.743570932900428e+17,694.0,757.0,0.916776750330251,60.35403515416007,8.56507649928833e+16,145.11200237735218,177.9327863800026,419.40310668155615,161722.76503543876,1.0093610529785362e+17,2.5562753454610403e+17,790.0,992.0,0.7963709677419355,76.1208648578595,1.1139712128918264e+17,1704.1760661535372
BMIM_nitrate_20kHz,BMIM_nitrate,20,Lissajouswaveformsdifferentmediums/ionic liquid/Lissajousfigure20kHz-0006/Lissajousfigure20kHz-0006_60.csv,60,119994.81622405129,19990.404605807908,voltage activity-envelope rising edges,0.00047976970960462496,7.739296200000001,1,1,False,7.9047679999999945,69.85216492102553,69.94557373473837,3263.182470445806,3263.182470445806,65232.33788679146,0.47916666666666013,0.47916666666666013,0.8109255979835408,False,False,False,463.4939356668293,476.0671962348706,471.3858386547609,159891.49670424286,9.979315493421304e+16,6.714550456251004e+17,720.0,749.0,0.9612817089452603,60.35403515416007,8.58384588450769e+16,151.16447045704749,422.06347189590247,417.5371187329274,156855.297515937,9.78981705088049e+16,5.1532947031706176e+17,747.0,965.0,0.7740932642487046,76.1208648578595,1.0664207958251902e+17,-3036.199188305851
BMIM_nitrate_20kHz,BMIM_nitrate,20,Lissajouswaveformsdifferentmediums/ionic liquid/Lissajousfigure20kHz-0006/Lissajousfigure20kHz-0006_61.csv,61,119994.81622405129,19990.404605807908,voltage activity-envelope rising edges,0.00047976970960462496,7.8973918,1,1,False,7.9047679999999945,70.51865677450989,68.94557373473836,3165.863109292979,3165.863109292979,63286.88448136771,0.4770833333333201,0.4770833333333201,0.8131938109458627,False,False,False,447.0594302487553,475.59268643885787,468.03629388545676,155763.8716449205,9.721697836731768e+16,6.667683945535201e+17,660.0,737.0,0.8955223880597015,60.35403515416007,8.624269952805723e+16,132.72474098013353,417.08436471032405,423.72079983571854,155100.8165065776,9.68031454524068e+16,5.042397090756265e+17,767.0,976.0,0.7858606557377049,76.1208648578595,1.0897019336390693e+17,-663.0551383428974
BMIM_nitrate_20kHz,BMIM_nitrate,20,Lissajouswaveformsdifferentmediums/ionic liquid/Lissajousfigure20kHz-0006/Lissajousfigure20kHz-0006_62.csv,62,119994.81622405129,19990.404605807908,voltage activity-envelope rising edges,0.00047976970960462496,7.73929644,1,1,False,7.9047679999999945,69.85304794980135,69.94557373473837,3258.176357748202,3258.176357748202,65132.26366846409,0.47916676265359137,0.47916676265359137,0.8099728539533475,False,False,False,462.25844655394025,474.978383838876,469.9170216507508,161872.44805062457,1.0102952702842312e+17,6.70748055981162e+17,774.0,779.0,0.993581514762516,60.35403515416007,8.524117469175022e+16,145.48372757099696,399.39975500132346,414.8689871885045,163209.28535034053,1.0186388792016683e+17,4.882955436844186e+17,785.0,1000.0,0.785,76.1208648578595,1.0749644124842526e+17,1336.8372997159604
BMIM_nitrate_20kHz,BMIM_nitrate,20,Lissajouswaveformsdifferentmediums/ionic liquid/Lissajousfigure20kHz-0006/Lissajousfigure20kHz-0006_63.csv,63,119994.81622405129,19990.404605807908,voltage activity-envelope rising edges,0.00047976970960462496,7.581200839999999,1,1,False,7.9047679999999945,69.73332717137282,69.94557373473837,3265.6599720596387,3265.6599720596387,65281.86414646352,0.4770833333333201,0.4770833333333201,0.7938902677013945,False,False,False,465.60207204645525,478.2575452533803,471.2900735538956,163649.94676945556,1.0213891813864442e+17,6.680825054308762e+17,775.0,793.0,0.9773013871374527,60.35403515416007,8.523468180176766e+16,152.55955625140928,176.0059263729125,408.1061130123782,166604.13532209268,1.0398271722749472e+17,2.919318118098031e+17,857.0,1010.0,0.8485148514851485,76.1208648578595,1.2048532415267024e+17,2954.188552637119
BMIM_nitrate_20kHz,BMIM_nitrate,20,Lissajouswaveformsdifferentmediums/ionic liquid/Lissajousfigure20kHz-0006/Lissajousfigure20kHz-0006_64.csv,64,119994.81622405129,19990.404605807908,voltage activity-envelope rising edges,0.00047976970960462496,7.73929644,1,1,False,7.9047679999999945,69.4267471521365,68.94557373473836,3183.3080203955915,3183.3080203955915,63635.61531262129,0.4791665623330392,0.4791665623330392,0.8132888719401997,False,False,False,451.3455729697088,466.2771759265006,458.37164966018315,158883.38905581337,9.91639642341211e+16,6.568333048841261e+17,748.0,772.0,0.9689119170984456,60.35403515416007,8.573659973885862e+16,138.4567252637,419.7284749928976,417.1592276183678,157746.24051202188,9.845423517940029e+16,5.1970744825642285e+17,765.0,1005.0,0.7611940298507462,76.1208648578595,1.0624204238485704e+17,-1137.1485437914962
argon_only_4kHz,argon_only,4,Lissajouswaveformsdifferentmediums/argon/Lissajousfigure4kHz-0004/Lissajousfigure4kHz-0004_01.csv,1,127994.47063898804,3999.7440163866904,voltage activity-envelope rising edges,6.399590332739535e-05,10.10888243,-1,-1,False,7.9047679999999945,21.09097249333553,33.97278680411622,8159.34131689098,8159.34131689098,32635.276609891396,0.4190595024696305,0.4190595024696305,0.7886550096932301,False,False,False,-100.95862983309175,-86.43716163782355,23.513819284904713,-8906.441336186688,-5558781414239976.0,-1.2836815497336498e+17,323.0,1209.0,0.26716294458229944,7.874016,1.1833824774017972e+16,16.83919704276525,33.6641209994473,33.37706998354995,-6795.3787835394505,-4241202951754104.5,4.967580932599748e+16,368.0,1248.0,0.2948717948717949,7.874016,1.1623671936163336e+16,2111.0625526472377
argon_only_4kHz,argon_only,4,Lissajouswaveformsdifferentmediums/argon/Lissajousfigure4kHz-0004/Lissajousfigure4kHz-0004_02.csv,2,127994.47063898804,3999.7440163866904,voltage activity-envelope rising edges,6.399590332739535e-05,10.10888243,-1,-1,False,7.9047679999999945,20.99458961551538,33.97278680411622,8262.437364074618,8262.437364074618,33047.63440772727,0.42072411171628804,0.42072411171628804,0.7870036718713594,False,False,False,-99.18309223805261,-79.42787050984217,23.170183836322213,-8626.730983965457,-5384205660736657.0,-1.1795401107852997e+17,332.0,1209.0,0.2746071133167907,7.874016,1.1840525496734904e+16,17.70108935905995,35.27612522758246,33.3506330695296,-6522.403297335146,-4070830633341092.5,4.908582171527814e+16,392.0,1248.0,0.3141025641025641,7.874016,1.1622111494469814e+16,2104.3276866303113
argon_only_4kHz,argon_only,4,Lissajouswaveformsdifferentmediums/argon/Lissajousfigure4kHz-0004/Lissajousfigure4kHz-0004_03.csv,3,127994.47063898804,3999.7440163866904,voltage activity-envelope rising edges,6.399590332739535e-05,10.10888243,-1,-1,False,7.9047679999999945,21.055853851469013,33.97278680411622,8219.23255797465,8219.23255797465,32874.82624304978,0.4219725112028402,0.4219725112028402,0.7878971022697022,False,False,False,-100.63053835957304,-84.73364513408536,19.845963459890914,-9002.924325437802,-5618999387636411.0,-1.263773472946436e+17,326.0,1209.0,0.2696443341604632,7.874016,1.1853276827173276e+16,20.016716754665723,36.10072911765237,31.709172225691567,-6874.96088701342,-4290872567372616.5,5.305651454391054e+16,379.0,1248.0,0.3036858974358974,7.874016,1.1685487006430178e+16,2127.963438424382
argon_only_4kHz,argon_only,4,Lissajouswaveformsdifferentmediums/argon/Lissajousfigure4kHz-0004/Lissajousfigure4kHz-0004_04.csv,4,127994.47063898804,3999.7440163866904,voltage activity-envelope rising edges,6.399590332739535e-05,10.10888243,-1,-1,False,7.9047679999999945,21.66961846523391,34.972786804116225,8490.032915492875,8490.032915492875,33957.95835266867,0.421556404716717,0.421556404716717,0.7871338507032618,False,False,False,-115.82554915508045,-89.51668913567886,19.46188123022859,-11783.564836731064,-7354481855932516.0,-1.336801321489278e+17,274.0,1209.0,0.22663358147229115,7.874016,1.1800797053025244e+16,11.355419154313878,33.44444401525277,29.98729317560709,-9776.569929009122,-6101855181551290.0,4.5923242924541224e+16,318.0,1248.0,0.2548076923076923,7.874016,1.1646117899144626e+16,2006.9949077219426
argon_only_4kHz,argon_only,4,Lissajouswaveformsdifferentmediums/argon/Lissajousfigure4kHz-0004/Lissajousfigure4kHz-0004_05.csv,5,127994.47063898804,3999.7440163866904,voltage activity-envelope rising edges,6.399590332739535e-05,10.10888243,-1,-1,False,7.9047679999999945,21.480730985516885,34.972786804116225,8536.082685770794,8536.082685770794,34142.14564579377,0.4219725512169306,0.4219725512169306,0.7872335138066001,False,False,False,-112.5038581134333,-83.80771065208799,20.05961997188024,-11265.938233354573,-7031415320853607.0,-1.2601492451253123e+17,278.0,1209.0,0.22994210090984285,7.874016,1.1858038835569706e+16,13.188521468185812,40.11623514322813,30.618093641827723,-9263.817676877441,-5781830877604139.0,5.755363569348581e+16,335.0,1248.0,0.26842948717948717,7.874016,1.157163080215351e+16,2002.1205564771317
argon_only_4kHz,argon_only,4,Lissajouswaveformsdifferentmediums/argon/Lissajousfigure4kHz-0004/Lissajousfigure4kHz-0004_06.csv,6,127994.47063898804,3999.7440163866904,voltage activity-envelope rising edges,6.399590332739535e-05,9.95078707,-1,-1,False,7.9047679999999945,21.07547546254886,33.97278680411622,8062.678443431861,8062.678443431861,32248.649860166537,0.4215563815708241,0.4215563815708241,0.7860476102714945,False,False,False,-102.04863932787713,-80.7987077872793,21.692133610239956,-8424.70004820437,-5258111997912277.0,-1.2097129893543971e+17,341.0,1209.0,0.28205128205128205,7.874016,1.1829838302773988e+16,17.104577886666917,33.40380963895632,31.253329355813797,-6351.064596717878,-3963892929652238.0,5.014576163233597e+16,379.0,1248.0,0.3036858974358974,7.874016,1.1701925957096694e+16,2073.6354514864915
argon_only_4kHz,argon_only,4,Lissajouswaveformsdifferentmediums/argon/Lissajousfigure4kHz-0004/Lissajousfigure4kHz-0004_07.csv,7,127994.47063898804,3999.7440163866904,voltage activity-envelope rising edges,6.399590332739535e-05,10.10888243,-1,-1,False,7.9047679999999945,21.01118359134548,33.97278680411622,8107.004180280777,8107.004180280777,32425.941460899925,0.4215563647026341,0.4215563647026341,0.7876914573686883,False,False,False,-97.40085447038427,-82.87393045204294,23.19644554702001,-8199.107052215726,-5117312535371687.0,-1.2352672948991947e+17,338.0,1209.0,0.27956989247311825,7.874016,1.1830174365318458e+16,16.318852124726874,35.569800703873746,33.12573903817335,-6125.905054071296,-3823363998549608.5,5.243468268729957e+16,387.0,1248.0,0.31009615384615385,7.874016,1.177846986705228e+16,2073.20199814443
argon_only_4kHz,argon_only,4,Lissajouswaveformsdifferentmediums/argon/Lissajousfigure4kHz-0004/Lissajousfigure4kHz-0004_08.csv,8,127994.47063898804,3999.7440163866904,voltage activity-envelope rising edges,6.399590332739535e-05,10.10888243,-1,-1,False,7.9047679999999945,20.94738974274431,33.97278680411622,8024.586623856468,8024.586623856468,32096.29233274658,0.4219725512169303,0.4219725512169303,0.7862223090814731,False,False,False,-96.62928774179788,-79.92354956723787,22.078521877660744,-7705.575885422998,-4809284696444698.0,-1.19413840583936e+17,349.0,1209.0,0.28866832092638545,7.874016,1.185246115926614e+16,14.554467066007547,41.93032734961526,32.619375684493086,-5575.459207063865,-3479813973529115.0,6.08636118730954e+16,405.0,1248.0,0.3245192307692308,7.874016,1.1700433411598022e+16,2130.1166783591334
argon_only_4kHz,argon_only,4,Lissajouswaveformsdifferentmediums/argon/Lissajousfigure4kHz-0004/Lissajousfigure4kHz-0004_09.csv,9,127994.47063898804,3999.7440163866904,voltage activity-envelope rising edges,6.399590332739535e-05,10.10888243,-1,-1,False,7.9047679999999945,20.994481667292554,32.97278680411622,8033.932655943958,8033.932655943958,32133.674068665478,0.4236371372177855,0.4236371372177855,0.7860400552133981,False,False,False,-94.89531835053133,-76.25018012633741,20.896980986791494,-8079.517958041728,-5042673337857493.0,-1.128321246474496e+17,338.0,1209.0,0.27956989247311825,7.874016,1.1827734625237636e+16,19.496035996471917,41.6464119795006,31.740272167428323,-6007.885123240831,-3749704163690002.5,5.877833989819332e+16,381.0,1248.0,0.30528846153846156,7.874016,1.163410667612881e+16,2071.6328348008974
argon_only_4kHz,argon_only,4,Lissajouswaveformsdifferentmediums/argon/Lissajousfigure4kHz-0004/Lissajousfigure4kHz-0004_10.csv,10,127994.47063898804,3999.7440163866904,voltage activity-envelope rising edges,6.399590332739535e-05,10.10888243,-1,-1,False,7.9047679999999945,20.91312711936033,32.97278680411622,8112.066148853002,8112.066148853002,32446.188039407818,0.42197255121692995,0.42197255121692995,0.7854191705680568,False,False,False,-99.28207435335787,-76.60121870035786,23.576273492683697,-7339.924657334151,-4581070623722297.0,-1.1409718866788576e+17,348.0,1209.0,0.2878411910669975,7.874016,1.1882029544944452e+16,13.78482486602502,29.797037458419275,32.2704989175453,-5772.375237558936,-3602715268127500.0,4.164727600163554e+16,392.0,1248.0,0.3141025641025641,7.874016,1.1706009173293354e+16,1567.549419775215
argon_only_4kHz,argon_only,4,Lissajouswaveformsdifferentmediums/argon/Lissajousfigure4kHz-0004/Lissajousfigure4kHz-0004_11.csv,11,127994.47063898804,3999.7440163866904,voltage activity-envelope rising edges,6.399590332739535e-05,10.10888243,-1,-1,False,7.9047679999999945,20.945954371072347,32.97278680411622,8037.63078595107,8037.63078595107,32148.465642033243,0.4223886977171438,0.4223886977171438,0.7868380131356217,False,False,False,-97.93982963587501,-76.57468440056458,23.41756314423673,-7681.532247105139,-4794278329168803.0,-1.1422930537272253e+17,352.0,1209.0,0.29114971050454924,7.874016,1.187355470209364e+16,16.074590596569536,34.322832116670504,32.197897140557785,-5612.554433535245,-3502966234649202.5,4.942091580746485e+16,389.0,1248.0,0.31169871794871795,7.874016,1.1654054483836974e+16,2068.9778135698934
argon_only_4kHz,argon_only,4,Lissajouswaveformsdifferentmediums/argon/Lissajousfigure4kHz-0004/Lissajousfigure4kHz-0004_12.csv,12,127994.47063898804,3999.7440163866904,voltage activity-envelope rising edges,6.399590332739535e-05,9.95078707,-1,-1,False,7.9047679999999945,20.934522254201372,32.97278680411622,7996.4560079986195,7996.4560079986195,31983.77707029188,0.42259673095316275,0.42259673095316275,0.7861634656572498,False,False,False,-93.47907879032368,-67.61285514364933,21.279666455960147,-7715.304243468629,-4815356461120833.0,-9.977767857868312e+16,347.0,1209.0,0.2870140612076096,7.874016,1.177529687420765e+16,20.543243886427433,45.29150629420635,32.80179330819308,-5662.574329390778,-3534185175742347.0,6.4750153003459736e+16,370.0,1248.0,0.296474358974359,7.874016,1.1678328921803422e+16,2052.7299140778505
argon_only_4kHz,argon_only,4,Lissajouswaveformsdifferentmediums/argon/Lissajousfigure4kHz-0004/Lissajousfigure4kHz-0004_13.csv,13,127994.47063898804,3999.7440163866904,voltage activity-envelope rising edges,6.399590332739535e-05,10.10888243,-1,-1,False,7.9047679999999945,20.911422064980954,32.97278680411622,7942.8934928415465,7942.8934928415465,31769.540720789755,0.4223886746045561,0.4223886746045561,0.7857608925703292,False,False,False,-95.02643043778657,-75.72486468353448,24.13978686646723,-7103.1892896187,-4433316867482619.5,-1.1181742300703037e+17,356.0,1209.0,0.2944582299421009,7.874016,1.1852926212026614e+16,18.93679154669934,36.60177076844494,33.18672715332524,-4995.607096989073,-3117910603729160.0,5.449396470993839e+16,405.0,1248.0,0.3245192307692308,7.874016,1.154332863981946e+16,2107.5821926296267
argon_only_4kHz,argon_only,4,Lissajouswaveformsdifferentmediums/argon/Lissajousfigure4kHz-0004/Lissajousfigure4kHz-0004_14.csv,14,127994.47063898804,3999.7440163866904,voltage activity-envelope rising edges,6.399590332739535e-05,10.10888243,-1,-1,False,7.9047679999999945,20.791954527165153,32.97278680411622,7851.761982585205,7851.761982585205,31405.038007937674,0.4223886977171443,0.4223886977171443,0.7861545531926385,False,False,False,-90.44401104377579,-71.8145088760814,23.91202293217907,-5942.304158176637,-3708773085163094.5,-1.065028035360687e+17,376.0,1209.0,0.3110008271298594,7.874016,1.1844152614603534e+16,20.75283731728399,39.23799688116956,32.046758760743565,-3817.7316090316745,-2382762622217861.5,5.6012590491836824e+16,420.0,1248.0,0.33653846153846156,7.874016,1.166554890477961e+16,2124.572549144963
argon_only_4kHz,argon_only,4,Lissajouswaveformsdifferentmediums/argon/Lissajousfigure4kHz-0004/Lissajousfigure4kHz-0004_15.csv,15,127994.47063898804,3999.7440163866904,voltage activity-envelope rising edges,6.399590332739535e-05,9.95078707,-1,-1,False,7.9047679999999945,20.789010649166432,32.97278680411622,7793.093715467941,7793.093715467941,31170.37995758362,0.42322096763828465,0.42322096763828465,0.7836233582430536,False,False,False,-90.10407161623648,-70.93065741890305,24.298432539174637,-6203.9771995028,-3872091203345895.5,-1.0528966145838784e+17,363.0,1209.0,0.3002481389578164,7.874016,1.1803767253077124e+16,18.970552629648807,34.146723279047166,31.814444757944475,-4206.294355672086,-2625276471774696.5,5.137300878745623e+16,410.0,1248.0,0.328525641025641,7.874016,1.1595149859080498e+16,1997.6828438307148
argon_only_4kHz,argon_only,4,Lissajouswaveformsdifferentmediums/argon/Lissajousfigure4kHz-0004/Lissajousfigure4kHz-0004_16.csv,16,127994.47063898804,3999.7440163866904,voltage activity-envelope rising edges,6.399590332739535e-05,9.95078707,-1,-1,False,7.9047679999999945,20.773055086763815,32.97278680411622,7666.559294277364,7666.559294277364,30664.274663559652,0.42280482112141965,0.42280482112141965,0.7853510714993296,False,False,False,-87.32901183882187,-62.365542527217684,24.553107643377704,-5780.578267039137,-3607835028769693.0,-9.309733908221957e+16,358.0,1209.0,0.2961124896608768,7.874016,1.1836124933391498e+16,20.541231790269634,38.44531646355835,32.76396790732104,-3761.164730996321,-2347457510061907.0,5.725258306440794e+16,425.0,1248.0,0.3405448717948718,7.874016,1.1504837872710556e+16,2019.4135360428163
argon_only_4kHz,argon_only,4,Lissajouswaveformsdifferentmediums/argon/Lissajousfigure4kHz-0004/Lissajousfigure4kHz-0004_17.csv,17,127994.47063898804,3999.7440163866904,voltage activity-envelope rising edges,6.399590332739535e-05,10.10888243,-1,-1,False,7.9047679999999945,20.94580090220941,32.97278680411622,7834.912797265139,7834.912797265139,31337.645579772743,0.4223886746045561,0.4223886746045561,0.78581760926423,False,False,False,-89.37934951907084,-72.06061343948531,25.310870764658066,-6377.275489042118,-3980251946189029.0,-1.0738499559362678e+17,361.0,1209.0,0.2985938792390405,7.874016,1.1824253034780076e+16,22.40840195004661,39.6502664978664,32.80127701246253,-4297.2587658645625,-2682050131831356.0,5.875064008243644e+16,408.0,1248.0,0.3269230769230769,7.874016,1.1580101500958928e+16,2080.016723177556
argon_only_4kHz,argon_only,4,Lissajouswaveformsdifferentmediums/argon/Lissajousfigure4kHz-0004/Lissajousfigure4kHz-0004_18.csv,18,127994.47063898804,3999.7440163866904,voltage activity-envelope rising edges,6.399590332739535e-05,9.95078707,-1,-1,False,7.9047679999999945,21.36178112440518,33.97278680411622,8102.654464759578,8102.654464759578,32408.543712271025,0.4228048442173583,0.4228048442173583,0.785070357407303,False,False,False,-105.39232113263307,-84.13130617283655,20.542377246021427,-9603.474094801333,-5993820797249313.0,-1.2451392654831106e+17,302.0,1209.0,0.24979321753515302,7.874016,1.1856727554124358e+16,16.399637239179313,30.749176616587167,30.59610091174879,-7562.186960157018,-4719791299173006.0,4.3740424045314776e+16,359.0,1248.0,0.2876602564102564,7.874016,1.1583863399101754e+16,2041.2871346443153
argon_only_4kHz,argon_only,4,Lissajouswaveformsdifferentmediums/argon/Lissajousfigure4kHz-0004/Lissajousfigure4kHz-0004_19.csv,19,127994.47063898804,3999.7440163866904,voltage activity-envelope rising edges,6.399590332739535e-05,9.95078707,-1,-1,False,7.9047679999999945,21.34313067658843,32.97278680411622,8023.353914897084,8023.353914897084,32091.36181246234,0.4223886977171431,0.4223886977171431,0.7845563339854046,False,False,False,-104.22651150479197,-89.45710683903013,21.05060307357124,-9322.705848422675,-5818584779768658.0,-1.3285703290396757e+17,310.0,1209.0,0.2564102564102564,7.874016,1.179640761021038e+16,17.45208609278245,28.59041002564407,30.32221950897137,-7342.6833169599095,-4582792387250181.0,4.197366609920896e+16,357.0,1248.0,0.2860576923076923,7.874016,1.1591655458185114e+16,1980.022531462765
argon_only_4kHz,argon_only,4,Lissajouswaveformsdifferentmediums/argon/Lissajousfigure4kHz-0004/Lissajousfigure4kHz-0004_20.csv,20,127994.47063898804,3999.7440163866904,voltage activity-envelope rising edges,6.399590332739535e-05,9.95078707,-1,-1,False,7.9047679999999945,21.52290273836976,34.972786804116225,8095.173242305573,8095.173242305573,32378.620737525358,0.4215563815708256,0.4215563815708256,0.7854731644709394,False,False,False,-113.05600584320389,-98.18185850140758,20.765447211949116,-10266.977066950483,-6407933218884014.0,-1.4610001007904755e+17,309.0,1209.0,0.2555831265508685,7.874016,1.183103985278765e+16,12.472864581157936,25.831844929471167,30.359941577995112,-8250.6807935557,-5149501278776829.0,3.697586944155534e+16,352.0,1248.0,0.28205128205128205,7.874016,1.1514772534407358e+16,2016.2962733947825
argon_only_4kHz,argon_only,4,Lissajouswaveformsdifferentmediums/argon/Lissajousfigure4kHz-0004/Lissajousfigure4kHz-0004_21.csv,21,127994.47063898804,3999.7440163866904,voltage activity-envelope rising edges,6.399590332739535e-05,9.95078707,-1,-1,False,7.9047679999999945,21.442465040206905,33.97278680411622,7909.8321435300095,7909.8321435300095,31637.303786707263,0.42197252808768926,0.42197252808768926,0.7859444475636855,False,False,False,-105.79585757443375,-86.55315790227722,23.433911298512648,-8874.375550994435,-5538768180667606.0,-1.2956343471087469e+17,324.0,1209.0,0.2679900744416873,7.874016,1.1811828887723176e+16,16.48127069989367,33.56863815776374,31.519455424547793,-6891.038817112586,-4300907293436726.5,4.88074001402041e+16,385.0,1248.0,0.30849358974358976,7.874016,1.1578170990954622e+16,1983.3367338818489
argon_only_4kHz,argon_only,4,Lissajouswaveformsdifferentmediums/argon/Lissajousfigure4kHz-0004/Lissajousfigure4kHz-0004_22.csv,22,127994.47063898804,3999.7440163866904,voltage activity-envelope rising edges,6.399590332739535e-05,9.95078707,-1,-1,False,7.9047679999999945,21.40371999283072,33.97278680411622,7930.505766624169,7930.505766624169,31719.992986975165,0.42155640471671646,0.42155640471671646,0.7853523533615118,False,False,False,-108.47576636390593,-89.49406337307344,22.702221838938332,-8970.58428574062,-5598814983471073.0,-1.3147016562761688e+17,303.0,1209.0,0.2506203473945409,7.874016,1.1798048933470764e+16,16.084515809753853,26.682254994739022,31.62844998041956,-6927.91656231037,-4323923817867379.5,3.888353649684662e+16,369.0,1248.0,0.2956730769230769,7.874016,1.16122647822308e+16,2042.6677234302506
argon_only_4kHz,argon_only,4,Lissajouswaveformsdifferentmediums/argon/Lissajousfigure4kHz-0004/Lissajousfigure4kHz-0004_23.csv,23,127994.47063898804,3999.7440163866904,voltage activity-envelope rising edges,6.399590332739535e-05,9.95078707,-1,-1,False,7.9047679999999945,21.497146284719328,33.97278680411622,7941.779848130556,7941.779848130556,31765.08642702059,0.4219725280876896,0.4219725280876896,0.7848211046810758,False,False,False,-107.19682596651693,-91.71684395556521,19.64670847458429,-9680.889944898103,-6042138388130089.0,-1.3532326711525507e+17,280.0,1209.0,0.23159636062861869,7.874016,1.1787717302359122e+16,14.89890139452244,32.02246520836656,31.80604798077366,-7660.411929845763,-4781096495638136.0,4.594592796049701e+16,349.0,1248.0,0.2796474358974359,7.874016,1.1622289979378568e+16,2020.4780150523402
argon_only_4kHz,argon_only,4,Lissajouswaveformsdifferentmediums/argon/Lissajousfigure4kHz-0004/Lissajousfigure4kHz-0004_24.csv,24,127994.47063898804,3999.7440163866904,voltage activity-envelope rising edges,6.399590332739535e-05,9.95078707,-1,-1,False,7.9047679999999945,21.48418652757251,33.97278680411622,7866.279399686464,7866.279399686464,31463.10396012182,0.421556404716717,0.421556404716717,0.7859950137686985,False,False,False,-106.13701157081965,-77.52229262517889,21.33180483484463,-9577.10843956417,-5977365188462992.0,-1.1404777892184746e+17,288.0,1209.0,0.23821339950372208,7.874016,1.176516132243906e+16,15.012512052692614,35.192923181357344,32.269789613644534,-7529.556369236752,-4699425553136340.0,5.075078676280919e+16,354.0,1248.0,0.28365384615384615,7.874016,1.1692854764572904e+16,2047.5520703274178
argon_only_4kHz,argon_only,4,Lissajouswaveformsdifferentmediums/argon/Lissajousfigure4kHz-0004/Lissajousfigure4kHz-0004_25.csv,25,127994.47063898804,3999.7440163866904,voltage activity-envelope rising edges,6.399590332739535e-05,9.95078707,-1,-1,False,7.9047679999999945,21.375064088467493,33.97278680411622,7893.607824604245,7893.607824604245,31572.410664163992,0.42197255121692956,0.42197255121692956,0.7863536589040115,False,False,False,-104.49069744157957,-88.7000240321319,21.54934407320895,-9041.321795801705,-5642964418848764.0,-1.3032500712224302e+17,292.0,1209.0,0.24152191894127378,7.874016,1.1783608399546222e+16,20.680548839239947,36.82994829917,32.25004314356756,-7431.733595814246,-4638371379615757.0,5.370588429806827e+16,355.0,1248.0,0.2844551282051282,7.874016,1.158298990735735e+16,1609.5881999874591
argon_only_4kHz,argon_only,4,Lissajouswaveformsdifferentmediums/argon/Lissajousfigure4kHz-0004/Lissajousfigure4kHz-0004_26.csv,26,127994.47063898804,3999.7440163866904,voltage activity-envelope rising edges,6.399590332739535e-05,9.95078707,-1,-1,False,7.9047679999999945,21.476586985026334,33.97278680411622,7969.813254280419,7969.813254280419,31877.212875527443,0.42238867460455476,0.42238867460455476,0.7845263799470349,False,False,False,-110.80084255963729,-89.09041770287925,22.032764243438915,-9715.437247752627,-6063700412486505.0,-1.3194082656956872e+17,284.0,1209.0,0.23490488006617039,7.874016,1.1769563252243782e+16,16.456289577827462,35.503878401777534,33.85404076572698,-7675.958323035738,-4790799473321466.0,5.330836860310679e+16,357.0,1248.0,0.2860576923076923,7.874016,1.1787400697923164e+16,2039.4789247168883
argon_only_4kHz,argon_only,4,Lissajouswaveformsdifferentmediums/argon/Lissajousfigure4kHz-0004/Lissajousfigure4kHz-0004_27.csv,27,127994.47063898804,3999.7440163866904,voltage activity-envelope rising edges,6.399590332739535e-05,9.95078707,-1,-1,False,7.9047679999999945,21.499159177235942,33.97278680411622,7931.857464815688,7931.857464815688,31725.399433728653,0.4219725512169303,0.4219725512169303,0.7842072105296752,False,False,False,-106.38139958556772,-84.50921645990685,23.230022664448104,-9339.95829557326,-5829352557711704.0,-1.2691848575774126e+17,305.0,1209.0,0.2522746071133168,7.874016,1.1803100403983188e+16,16.444432421508253,30.500096218441193,33.337929215465174,-7332.569527321896,-4576480062973267.0,4.4539133557893336e+16,362.0,1248.0,0.2900641025641026,7.874016,1.1572902997640408e+16,2007.3887682513641
argon_only_4kHz,argon_only,4,Lissajouswaveformsdifferentmediums/argon/Lissajousfigure4kHz-0004/Lissajousfigure4kHz-0004_28.csv,28,127994.47063898804,3999.7440163866904,voltage activity-envelope rising edges,6.399590332739535e-05,9.95078707,-1,-1,False,7.9047679999999945,21.4781967388163,33.97278680411622,7863.147789853151,7863.147789853151,31450.57832242937,0.42197252808768837,0.42197252808768837,0.7856436435643921,False,False,False,-108.1572167586916,-84.2082801300796,22.179546597991493,-9677.380821956536,-6039948237580441.0,-1.2468304887062888e+17,288.0,1209.0,0.23821339950372208,7.874016,1.177637241430896e+16,15.305208181997642,39.19561959344418,33.417609991870265,-7668.533128703076,-4786165183295232.0,5.694958365884467e+16,340.0,1247.0,0.272654370489174,7.874016,1.180476623710649e+16,2008.8476932534604
argon_only_4kHz,argon_only,4,Lissajouswaveformsdifferentmediums/argon/Lissajousfigure4kHz-0004/Lissajousfigure4kHz-0004_29.csv,29,127994.47063898804,3999.7440163866904,voltage activity-envelope rising edges,6.399590332739535e-05,9.95078707,-1,-1,False,7.9047679999999945,21.37272359553512,33.97278680411622,7990.363014829203,7990.363014829203,31959.406657320622,0.4223886977171421,0.4223886977171421,0.7854113121445195,False,False,False,-109.21556643872512,-83.33756787395211,22.38668014572692,-9204.428359127029,-5744764194823211.0,-1.2439255637464557e+17,297.0,1209.0,0.2456575682382134,7.874016,1.1830404745069958e+16,14.550758953361793,34.3805374703792,32.44298269025727,-7139.378431251007,-4455903613446535.0,4.859815363064099e+16,365.0,1248.0,0.29246794871794873,7.874016,1.1655123003812804e+16,2065.0499278760217
argon_only_4kHz,argon_only,4,Lissajouswaveformsdifferentmediums/argon/Lissajousfigure4kHz-0004/Lissajousfigure4kHz-0004_30.csv,30,127994.47063898804,3999.7440163866904,voltage activity-envelope rising edges,6.399590332739535e-05,9.95078707,-1,-1,False,7.9047679999999945,21.288656385633743,32.97278680411622,7969.207896355619,7969.207896355619,31874.79159878995,0.4219725512169303,0.4219725512169303,0.7876162085407403,False,False,False,-102.80674264224972,-88.77650560424988,20.10923026037688,-9230.880742748308,-5761273933436644.0,-1.3042478091750218e+17,306.0,1209.0,0.2531017369727047,7.874016,1.1806115100389018e+16,23.226401523694705,32.71358669885343,30.61003615639348,-7105.280348929605,-4434621961312441.5,4.716274996938775e+16,360.0,1248.0,0.28846153846153844,7.874016,1.1623845688706904e+16,2125.600393818703
argon_only_4kHz,argon_only,4,Lissajouswaveformsdifferentmediums/argon/Lissajousfigure4kHz-0004/Lissajousfigure4kHz-0004_31.csv,31,127994.47063898804,3999.7440163866904,voltage activity-envelope rising edges,6.399590332739535e-05,10.10888243,-1,-1,False,7.9047679999999945,21.340723970692686,33.97278680411622,8120.753409183975,8120.753409183975,32480.934856935422,0.4198918187158594,0.4198918187158594,0.7883054914830456,False,False,False,-107.59194827844482,-90.42190385219516,24.424115214077734,-9182.879240279057,-5731314733155657.0,-1.3464942993724456e+17,304.0,1209.0,0.25144747725392885,7.874016,1.1816348454147892e+16,14.84925779760043,29.046929891992292,33.34820438147789,-7580.31284797536,-4731104218050248.0,4.226605773826893e+16,360.0,1248.0,0.28846153846153844,7.874016,1.1638557775609712e+16,1602.5663923036973
argon_only_4kHz,argon_only,4,Lissajouswaveformsdifferentmediums/argon/Lissajousfigure4kHz-0004/Lissajousfigure4kHz-0004_32.csv,32,127994.47063898804,3999.7440163866904,voltage activity-envelope rising edges,6.399590332739535e-05,9.95078707,-1,-1,False,7.9047679999999945,21.46840868235084,33.97278680411622,8063.366397374965,8063.366397374965,32251.401499834024,0.4198918187158609,0.4198918187158609,0.7878396335199437,False,False,False,-105.63690783169619,-91.8981060433807,22.3913317321297,-9673.40880353159,-6037469179855343.0,-1.354786714103127e+17,305.0,1209.0,0.2522746071133168,7.874016,1.1812788416675996e+16,16.073511344733433,35.5927359571961,31.687278686954947,-7608.497108620381,-4748694873883919.0,5.15063719995057e+16,367.0,1248.0,0.29407051282051283,7.874016,1.1577705799261984e+16,2064.9116949112095
argon_only_4kHz,argon_only,4,Lissajouswaveformsdifferentmediums/argon/Lissajousfigure4kHz-0004/Lissajousfigure4kHz-0004_33.csv,33,127994.47063898804,3999.7440163866904,voltage activity-envelope rising edges,6.399590332739535e-05,9.95078707,-1,-1,False,7.9047679999999945,21.37939784901178,33.97278680411622,8125.771663919757,8125.771663919757,32501.00659128757,0.4203079420202263,0.4203079420202263,0.7874924412369662,False,False,False,-108.84725135470197,-95.6106952027335,22.531239080702157,-10033.101978965515,-6261964650375909.0,-1.4235102619119117e+17,281.0,1209.0,0.23242349048800662,7.874016,1.187820460843558e+16,13.322712804759107,31.22258432972691,31.879115810201284,-7894.7793303633935,-4927372331398475.0,4.512739903912204e+16,349.0,1248.0,0.2796474358974359,7.874016,1.1790091394106504e+16,2138.3226486021213
argon_only_4kHz,argon_only,4,Lissajouswaveformsdifferentmediums/argon/Lissajousfigure4kHz-0004/Lissajousfigure4kHz-0004_34.csv,34,127994.47063898804,3999.7440163866904,voltage activity-envelope rising edges,6.399590332739535e-05,9.95078707,-1,-1,False,7.9047679999999945,21.406406525267553,33.97278680411622,8042.717121403765,8042.717121403765,32168.809681825496,0.4182272327150058,0.4182272327150058,0.7876207153924726,False,False,False,-114.66266564296444,-91.41888070503359,21.51231323207287,-9761.581020104979,-6092500146797111.0,-1.3611758861959658e+17,283.0,1209.0,0.23407775020678245,7.874016,1.1808123464079928e+16,10.311571475035691,32.78213623441288,32.58222119645258,-8171.524478473042,-5100097410666965.0,4.799436108032689e+16,349.0,1248.0,0.2796474358974359,7.874016,1.167359184394553e+16,1590.0565416319369
argon_only_4kHz,argon_only,4,Lissajouswaveformsdifferentmediums/argon/Lissajousfigure4kHz-0004/Lissajousfigure4kHz-0004_35.csv,35,127994.47063898804,3999.7440163866904,voltage activity-envelope rising edges,6.399590332739535e-05,9.95078707,-1,-1,False,7.9047679999999945,21.43615972732955,33.97278680411622,8051.496617282489,8051.496617282489,32203.925417933315,0.4211402350539568,0.4211402350539568,0.786345160303195,False,False,False,-102.38100948572742,-89.68456501474934,20.61747862528638,-9768.603401073651,-6096883028729288.0,-1.3175620095523843e+17,290.0,1209.0,0.23986765922249792,7.874016,1.1773822622808466e+16,16.323119123994772,33.33981700166971,31.743187349768725,-7764.508755754363,-4846066496483597.0,4.9979000619405736e+16,354.0,1248.0,0.28365384615384615,7.874016,1.1616609180314306e+16,2004.0946453192882
argon_only_4kHz,argon_only,4,Lissajouswaveformsdifferentmediums/argon/Lissajousfigure4kHz-0004/Lissajousfigure4kHz-0004_36.csv,36,127994.47063898804,3999.7440163866904,voltage activity-envelope rising edges,6.399590332739535e-05,9.95078707,-1,-1,False,7.9047679999999945,21.487128530012733,33.97278680411622,8107.038150503824,8107.038150503824,32426.07733309629,0.4215564047167133,0.4215564047167133,0.7871517729073287,False,False,False,-110.62941799688365,-85.51736074486826,21.109873743490798,-10164.162577522397,-6343763563308411.0,-1.2721864561061742e+17,285.0,1209.0,0.23573200992555832,7.874016,1.1775383196233504e+16,15.717040299319407,38.11456066925437,30.170259930214947,-8082.85412890413,-5044755543744743.0,5.413248391680497e+16,355.0,1248.0,0.2844551282051282,7.874016,1.187132330663047e+16,2081.308448618266
argon_only_4kHz,argon_only,4,Lissajouswaveformsdifferentmediums/argon/Lissajousfigure4kHz-0004/Lissajousfigure4kHz-0004_37.csv,37,127994.47063898804,3999.7440163866904,voltage activity-envelope rising edges,6.399590332739535e-05,9.95078707,-1,-1,False,7.9047679999999945,21.500340068663487,33.97278680411622,8126.975277431411,8126.975277431411,32505.82073722885,0.41864333920113206,0.41864333920113206,0.7869844808115489,False,False,False,-115.33464727542896,-95.01329293428877,20.5936676418133,-10499.547079021419,-6553087249748939.0,-1.410340879374641e+17,274.0,1209.0,0.22663358147229115,7.874016,1.1822329885014842e+16,13.44506837486243,29.655717143874888,31.543583926791513,-8455.140905649525,-5277111064566671.0,4.362385819918289e+16,324.0,1248.0,0.25961538461538464,7.874016,1.162826647226894e+16,2044.4061733718936
argon_only_4kHz,argon_only,4,Lissajouswaveformsdifferentmediums/argon/Lissajousfigure4kHz-0004/Lissajousfigure4kHz-0004_38.csv,38,127994.47063898804,3999.7440163866904,voltage activity-envelope rising edges,6.399590332739535e-05,9.95078707,-1,-1,False,7.9047679999999945,21.497271653263972,33.97278680411622,8148.1862329655605,8148.1862329655605,32590.65912970841,0.41989181871586284,0.41989181871586284,0.7863430347554867,False,False,False,-107.9343588921958,-87.07949575431367,19.81438282913675,-10234.062378060116,-6387390158647837.0,-1.2953766531820794e+17,299.0,1209.0,0.24731182795698925,7.874016,1.1814933843818366e+16,17.54052304445193,35.284076080170394,29.732445517905813,-8205.495756024437,-5121299920080397.0,4.990461183610213e+16,362.0,1248.0,0.2900641025641026,7.874016,1.1656082321282528e+16,2028.5666220356798
argon_only_4kHz,argon_only,4,Lissajouswaveformsdifferentmediums/argon/Lissajousfigure4kHz-0004/Lissajousfigure4kHz-0004_39.csv,39,127994.47063898804,4000.0,nominal_folder_frequency_after_carrier_fallback,0.0,9.477116109999999,-1,-1,False,7.9047679999999945,21.02251311752602,32.97278680411622,11.780023565937121,11.780023565937121,47.120094263748484,,,,False,False,False,-7.24581526304135,8.181011812242376,28.41552737597476,-3148.3432288409426,-1964976938097969.5,2.0457475746949772e+16,100.0,556.0,0.17985611510791366,7.874016,2.0545878894836476e+16,14.083000091028708,34.454085995255376,27.835032231623384,-2992.234164303231,-1867544514328347.5,5.0108345893269016e+16,115.0,520.0,0.22115384615384615,7.874016,1.5396556858522812e+16,156.10906453771167
argon_only_4kHz,argon_only,4,Lissajouswaveformsdifferentmediums/argon/Lissajousfigure4kHz-0004/Lissajousfigure4kHz-0004_40.csv,40,127994.47063898804,3999.7440163866904,voltage activity-envelope rising edges,6.399590332739535e-05,9.95078707,-1,-1,False,7.9047679999999945,21.599361087038673,33.97278680411622,8005.373998955787,8005.373998955787,32019.446751261,0.42280482112141765,0.42280482112141765,0.7843533198983641,False,False,False,-107.13228555197941,-87.45994471925988,21.926323902004754,-10045.75458153032,-6269861525157226.0,-1.2862828772187293e+17,299.0,1209.0,0.24731182795698925,7.874016,1.1838343306194366e+16,17.14534385898247,35.752046168313186,32.23681220209361,-7946.908800978683,-4959907922377230.0,5.048242899113499e+16,363.0,1248.0,0.29086538461538464,7.874016,1.1637586742628078e+16,2098.8457805516373
argon_only_4kHz,argon_only,4,Lissajouswaveformsdifferentmediums/argon/Lissajousfigure4kHz-0004/Lissajousfigure4kHz-0004_41.csv,41,127994.47063898804,3999.7440163866904,voltage activity-envelope rising edges,6.399590332739535e-05,9.95078707,-1,-1,False,7.9047679999999945,21.67890565734285,33.97278680411622,7890.692459687772,7890.692459687772,31560.749950783742,0.42280484421735764,0.42280484421735764,0.784403182708511,False,False,False,-109.74724368342456,-89.75324362776387,22.464242921037982,-10301.211469063765,-6429299952353838.0,-1.3284270467466645e+17,266.0,1209.0,0.22001654259718775,7.874016,1.176603025042242e+16,13.419783710673926,38.48396962911273,31.270181857378045,-8419.319460522824,-5254753809195495.0,5.631425241237787e+16,339.0,1246.0,0.27207062600321025,7.874016,1.1706887554698118e+16,1881.8920085409409
argon_only_4kHz,argon_only,4,Lissajouswaveformsdifferentmediums/argon/Lissajousfigure4kHz-0004/Lissajousfigure4kHz-0004_42.csv,42,127994.47063898804,3999.7440163866904,voltage activity-envelope rising edges,6.399590332739535e-05,9.95078707,-1,-1,False,7.9047679999999945,21.705191129395775,33.97278680411622,7882.513487715372,7882.513487715372,31528.03615657694,0.42197252808769,0.42197252808769,0.7857679333205437,False,False,False,-111.69250281073515,-81.95130123021507,21.56994645557447,-9901.39173962794,-6179760276837838.0,-1.2189722516215045e+17,278.0,1209.0,0.22994210090984285,7.874016,1.180474839331802e+16,14.097602517199917,41.973387813334476,32.436251778607584,-7792.576723584351,-4863584570428002.0,6.0780157882786776e+16,351.0,1248.0,0.28125,7.874016,1.184585052074384e+16,2108.815016043588
argon_only_4kHz,argon_only,4,Lissajouswaveformsdifferentmediums/argon/Lissajousfigure4kHz-0004/Lissajousfigure4kHz-0004_43.csv,43,127994.47063898804,3999.7440163866904,voltage activity-envelope rising edges,6.399590332739535e-05,9.95078707,-1,-1,False,7.9047679999999945,21.81621116429935,33.97278680411622,7829.442160117306,7829.442160117306,31315.76443157488,0.42155636470263064,0.42155636470263064,0.7841653524155717,False,False,False,-106.73209918809061,-90.01861831070703,19.43014904935135,-10219.495152008862,-6378298309010682.0,-1.327057474329237e+17,272.0,1209.0,0.22497932175351532,7.874016,1.172748521186705e+16,14.949752813031509,30.44669327613475,29.401784741846193,-8255.33197041164,-5152404219972444.0,4.511017626084308e+16,327.0,1248.0,0.2620192307692308,7.874016,1.1707522644043888e+16,1964.1631815972214
argon_only_4kHz,argon_only,4,Lissajouswaveformsdifferentmediums/argon/Lissajousfigure4kHz-0004/Lissajousfigure4kHz-0004_44.csv,44,127994.47063898804,3999.7440163866904,voltage activity-envelope rising edges,6.399590332739535e-05,9.95078707,-1,-1,False,7.9047679999999945,21.731205933004837,33.97278680411622,7848.883116186982,7848.883116186982,31393.5232792874,0.4223886577030641,0.4223886577030641,0.785525961971017,False,False,False,-109.19439248418726,-91.39567378871344,20.151351212991138,-9933.531135879952,-6199819453315507.0,-1.3403103959070536e+17,272.0,1209.0,0.22497932175351532,7.874016,1.170991578855292e+16,13.192429067631963,34.143589632542835,30.19225307372218,-8402.203222715021,-5244071043653532.0,4.953572295116866e+16,338.0,1248.0,0.2708333333333333,7.874016,1.1681912442409796e+16,1531.3279131649306
argon_only_4kHz,argon_only,4,Lissajouswaveformsdifferentmediums/argon/Lissajousfigure4kHz-0004/Lissajousfigure4kHz-0004_45.csv,45,127994.47063898804,3999.7440163866904,voltage activity-envelope rising edges,6.399590332739535e-05,9.95078707,-1,-1,False,7.9047679999999945,21.732847271834448,32.97278680411622,7743.406677861295,7743.406677861295,30971.644526224456,0.4211402350539568,0.4211402350539568,0.7848203797032346,False,False,False,-105.70598712126156,-82.22155815114962,21.219848099261295,-10135.82206605443,-6326075386575228.0,-1.215865779811353e+17,264.0,1209.0,0.21836228287841192,7.874016,1.1699733352350806e+16,16.192987872145423,38.03697521384837,31.527104982518306,-8202.610792164607,-5119499326231583.0,5.506649799796844e+16,324.0,1248.0,0.25961538461538464,7.874016,1.1733248182887082e+16,1933.2112738898231
argon_only_4kHz,argon_only,4,Lissajouswaveformsdifferentmediums/argon/Lissajousfigure4kHz-0004/Lissajousfigure4kHz-0004_46.csv,46,127994.47063898804,3999.7440163866904,voltage activity-envelope rising edges,6.399590332739535e-05,9.95078707,-1,-1,False,7.9047679999999945,21.699375797448145,32.97278680411622,7826.38105470639,7826.38105470639,31303.520793524043,0.4223886977171447,0.4223886977171447,0.783406620220189,False,False,False,-107.76250494190593,-87.04435800759265,21.909918463548617,-9824.990570419131,-6132075979216229.0,-1.276179256326724e+17,259.0,1209.0,0.2142266335814723,7.874016,1.1759973995984494e+16,14.936564689363564,34.71595782101806,30.606153960117634,-7907.317256973207,-4935197633422143.0,5.219514697004032e+16,334.0,1248.0,0.2676282051282051,7.874016,1.1772409536394538e+16,1917.6733134459246
argon_only_4kHz,argon_only,4,Lissajouswaveformsdifferentmediums/argon/Lissajousfigure4kHz-0004/Lissajousfigure4kHz-0004_47.csv,47,127994.47063898804,3999.7440163866904,voltage activity-envelope rising edges,6.399590332739535e-05,9.79269171,-1,-1,False,7.9047679999999945,21.684415955572526,32.97278680411622,7812.7096290125355,7812.7096290125355,31248.83859040957,0.4219725280876903,0.4219725280876903,0.7829748038770272,False,False,False,-104.57181278363069,-88.50483206661396,23.97881592219504,-9876.298057586962,-6164098545279860.0,-1.3125257517253294e+17,269.0,1209.0,0.22249793217535152,7.874016,1.177797640039621e+16,17.14241522482098,33.04661250939276,33.18673288501272,-7905.537496298286,-4934086830556204.0,4.6760143911591656e+16,342.0,1248.0,0.27403846153846156,7.874016,1.1700577814911424e+16,1970.7605612886764
argon_only_4kHz,argon_only,4,Lissajouswaveformsdifferentmediums/argon/Lissajousfigure4kHz-0004/Lissajousfigure4kHz-0004_48.csv,48,127994.47063898804,3999.7440163866904,voltage activity-envelope rising edges,6.399590332739535e-05,9.79269171,-1,-1,False,7.9047679999999945,21.66252035301826,32.97278680411622,7653.585598419831,7653.585598419831,30612.383201183067,0.4223886977171459,0.4223886977171459,0.7843363385240529,False,False,False,-109.27925582709945,-77.83347238306972,21.551185737543516,-9441.31748861072,-5892613918467519.0,-1.1474586647928085e+17,271.0,1209.0,0.22415219189412738,7.874016,1.1739178410029816e+16,12.26470730844055,30.913791551423138,31.616702587669284,-7433.404130432016,-4639414011171345.0,4.462025514078179e+16,339.0,1248.0,0.27163461538461536,7.874016,1.1697917791325676e+16,2007.9133581787046
argon_only_4kHz,argon_only,4,Lissajouswaveformsdifferentmediums/argon/Lissajousfigure4kHz-0004/Lissajousfigure4kHz-0004_49.csv,49,127994.47063898804,3999.7440163866904,voltage activity-envelope rising edges,6.399590332739535e-05,9.79269171,-1,-1,False,7.9047679999999945,22.151412910485664,34.972786804116225,7629.315917364227,7629.315917364227,30515.3106896013,0.41864333920113134,0.41864333920113134,0.784305892532563,False,False,False,-116.37188303426865,-103.74199625415106,22.719365293416338,-10698.043627056471,-6676974993501874.0,-1.5303262730600758e+17,251.0,1209.0,0.2076095947063689,7.874016,1.1715147330452554e+16,11.286569211955893,25.122711087761964,32.04761260989933,-8622.48488670971,-5381555542062164.0,3.705472984497813e+16,322.0,1247.0,0.25821972734562953,7.874016,1.188239152870226e+16,2075.5587403467616
argon_only_4kHz,argon_only,4,Lissajouswaveformsdifferentmediums/argon/Lissajousfigure4kHz-0004/Lissajousfigure4kHz-0004_50.csv,50,127994.47063898804,3999.7440163866904,voltage activity-envelope rising edges,6.399590332739535e-05,9.79269171,-1,-1,False,7.9047679999999945,22.291506688791003,34.972786804116225,7574.396785932847,7574.396785932847,30295.648222273485,0.41573035371372047,0.41573035371372047,0.7845468982995965,False,False,False,-126.86603753269422,-102.06399348635819,24.904943776378026,-11022.27699339669,-6879338916718387.0,-1.5187219856685603e+17,248.0,1209.0,0.20512820512820512,7.874016,1.1727361745609054e+16,1.446242113859384,28.775576994738838,35.32221946742286,-8836.924091299692,-5515393583538511.0,4.284189489874347e+16,309.0,1248.0,0.24759615384615385,7.874016,1.1938358465775048e+16,2185.352902096998
argon_only_4kHz,argon_only,4,Lissajouswaveformsdifferentmediums/argon/Lissajousfigure4kHz-0004/Lissajousfigure4kHz-0004_51.csv,51,127994.47063898804,3999.7440163866904,voltage activity-envelope rising edges,6.399590332739535e-05,9.79269171,-1,-1,False,7.9047679999999945,22.458583367782715,34.972786804116225,7507.070416582252,7507.070416582252,30026.3599793184,0.4165626467141495,0.4165626467141495,0.7844186721006767,False,False,False,-117.98224351886162,-101.3463813573787,23.094302403553673,-10552.223220300697,-6585964034545963.0,-1.5137825214879846e+17,269.0,1209.0,0.22249793217535152,7.874016,1.1715708313761048e+16,10.304568594662953,21.57723856036989,34.59124296470225,-8285.431646990815,-5171190345252711.0,3.2906032405877264e+16,335.0,1248.0,0.26842948717948717,7.874016,1.1953075673968774e+16,2266.7915733098816
argon_only_4kHz,argon_only,4,Lissajouswaveformsdifferentmediums/argon/Lissajousfigure4kHz-0004/Lissajousfigure4kHz-0004_52.csv,52,127994.47063898804,3999.7440163866904,voltage activity-envelope rising edges,6.399590332739535e-05,9.79269171,-1,-1,False,7.9047679999999945,23.042112141168655,34.972786804116225,7675.5793643959505,7675.5793643959505,30700.35263504386,0.419059525715432,0.419059525715432,0.7819042698868995,False,False,False,-134.12780427030327,-113.01731069362476,25.133637341635467,-13212.969625880189,-8246616938332301.0,-1.667134051699598e+17,230.0,1209.0,0.1902398676592225,7.874016,1.1736385168006744e+16,6.301624360954108,28.047621069157366,35.54785176650405,-10954.695178926773,-6837159047112147.0,4.09006225945279e+16,304.0,1248.0,0.24358974358974358,7.874016,1.1970520392085828e+16,2258.2744469534155
argon_only_4kHz,argon_only,4,Lissajouswaveformsdifferentmediums/argon/Lissajousfigure4kHz-0004/Lissajousfigure4kHz-0004_53.csv,53,127994.47063898804,3999.7440163866904,voltage activity-envelope rising edges,6.399590332739535e-05,9.63521147,-1,-1,False,7.9047679999999945,22.9634842149608,34.972786804116225,7588.928750905087,7588.928750905087,30353.772362217547,0.41656260670006273,0.41656260670006273,0.7828862593179862,False,False,False,-135.94069129817075,-120.62719754973182,21.655052898544927,-12901.47703945369,-8052204924067296.0,-1.789977762328598e+17,246.0,1209.0,0.20347394540942929,7.874016,1.1694621833050924e+16,2.4669644999858917,23.68266795609485,34.35112953159939,-10693.183031580555,-6673941347764616.0,3.540905436712165e+16,310.0,1248.0,0.2483974358974359,7.874016,1.1978866011068376e+16,2208.2940078731353
argon_only_4kHz,argon_only,4,Lissajouswaveformsdifferentmediums/argon/Lissajousfigure4kHz-0004/Lissajousfigure4kHz-0004_54.csv,54,127994.47063898804,3999.7440163866904,voltage activity-envelope rising edges,6.399590332739535e-05,9.63521147,-1,-1,False,7.9047679999999945,22.877313204914135,34.972786804116225,7428.0128076064775,7428.0128076064775,29710.149780867712,0.409488132581722,0.409488132581722,0.7844519727464724,False,False,False,-130.75527915159302,-110.47619120695056,22.937379391564622,-11305.365435327236,-7056023038938567.0,-1.631899166117919e+17,265.0,1209.0,0.21918941273779982,7.874016,1.1701774824726258e+16,4.88152595734266,24.392795538628224,34.731135806947755,-9572.411932496783,-5974433955301217.0,3.643436152441178e+16,323.0,1248.0,0.2588141025641026,7.874016,1.20557628039027e+16,1732.9535028304526
argon_only_4kHz,argon_only,4,Lissajouswaveformsdifferentmediums/argon/Lissajousfigure4kHz-0004/Lissajousfigure4kHz-0004_55.csv,55,127994.47063898804,3999.7440163866904,voltage activity-envelope rising edges,6.399590332739535e-05,9.63521147,-1,-1,False,7.9047679999999945,22.64702693889756,34.972786804116225,7292.003490473554,7292.003490473554,29166.147328492458,0.41240114169792425,0.41240114169792425,0.7829236790590657,False,False,False,-122.53686839671744,-102.985431872323,24.115786065331527,-10952.045077003211,-6835505037753922.0,-1.525966895752253e+17,265.0,1209.0,0.21918941273779982,7.874016,1.1730164634944226e+16,3.0252003720685536,20.83771099555766,33.59653145028689,-8728.875840388962,-5447957377950605.0,3.0046314907687876e+16,326.0,1248.0,0.26121794871794873,7.874016,1.1929605401855862e+16,2223.169236614249
argon_only_4kHz,argon_only,4,Lissajouswaveformsdifferentmediums/argon/Lissajousfigure4kHz-0004/Lissajousfigure4kHz-0004_56.csv,56,127994.47063898804,3999.7440163866904,voltage activity-envelope rising edges,6.399590332739535e-05,9.63521147,-1,-1,False,7.9047679999999945,22.795785411750543,34.972786804116225,7401.696070600197,7401.696070600197,29604.889569496016,0.41281728819813707,0.41281728819813707,0.7838872911041871,False,False,False,-135.31920376664,-111.05939593939743,20.8970065530571,-12004.26330918936,-7492226497203301.0,-1.6411968846473776e+17,249.0,1209.0,0.20595533498759305,7.874016,1.1686285956010236e+16,3.4207204694148032,24.00928406065358,32.106855645605755,-9777.959422238482,-6102722406613134.0,3.624970029886529e+16,321.0,1248.0,0.25721153846153844,7.874016,1.212010808977754e+16,2226.303886950878
argon_only_4kHz,argon_only,4,Lissajouswaveformsdifferentmediums/argon/Lissajousfigure4kHz-0004/Lissajousfigure4kHz-0004_57.csv,57,127994.47063898804,3999.7440163866904,voltage activity-envelope rising edges,6.399590332739535e-05,9.63521147,-1,-1,False,7.9047679999999945,22.647264502161892,33.97278680411622,7415.445264897401,7415.445264897401,29659.882827116395,0.416978793214364,0.416978793214364,0.7834574700967388,False,False,False,-126.86831646571102,-99.23290341830935,24.337611079097574,-11120.228084699906,-6940473177338124.0,-1.4642008767209645e+17,269.0,1209.0,0.22249793217535152,7.874016,1.171124120898343e+16,5.395041530126875,25.980366330440976,35.27760497703051,-8906.430573483165,-5558774696908771.0,3.923215605707124e+16,336.0,1248.0,0.2692307692307692,7.874016,1.1960134699146522e+16,2213.7975112167405
argon_only_4kHz,argon_only,4,Lissajouswaveformsdifferentmediums/argon/Lissajousfigure4kHz-0004/Lissajousfigure4kHz-0004_58.csv,58,127994.47063898804,3999.7440163866904,voltage activity-envelope rising edges,6.399590332739535e-05,9.63521147,-1,-1,False,7.9047679999999945,22.872192787927997,34.972786804116225,7510.333204289581,7510.333204289581,30039.41029492753,0.41115274221136816,0.41115274221136816,0.7829654185265496,False,False,False,-127.25471388030343,-109.46873680571345,23.045544004523833,-11587.00571703213,-7231803320236954.0,-1.6097877682535568e+17,264.0,1209.0,0.21836228287841192,7.874016,1.1692544044652596e+16,10.217154343290346,23.327616024638218,33.521591928961044,-9907.050643949078,-6183292171449606.0,3.3569348070574044e+16,333.0,1248.0,0.2668269230769231,7.874016,1.1957781549934566e+16,1679.9550730830524
argon_only_4kHz,argon_only,4,Lissajouswaveformsdifferentmediums/argon/Lissajousfigure4kHz-0004/Lissajousfigure4kHz-0004_59.csv,59,127994.47063898804,3999.7440163866904,voltage activity-envelope rising edges,6.399590332739535e-05,9.63521147,-1,-1,False,7.9047679999999945,22.723759531164102,34.972786804116225,7596.417327884195,7596.417327884195,30383.72475318098,0.4178110629190322,0.4178110629190322,0.7825354411630857,False,False,False,-133.7714490420477,-111.83053386863395,21.87197140008313,-11806.847675369856,-7369013384947390.0,-1.6497838575573267e+17,271.0,1209.0,0.22415219189412738,7.874016,1.168854999234708e+16,4.292697982407304,24.60282450064045,34.189662868204294,-9613.745454587983,-6000231465857101.0,3.4415375708407452e+16,321.0,1248.0,0.25721153846153844,7.874016,1.2117445947815896e+16,2193.1022207818733
argon_only_4kHz,argon_only,4,Lissajouswaveformsdifferentmediums/argon/Lissajousfigure4kHz-0004/Lissajousfigure4kHz-0004_60.csv,60,127994.47063898804,3999.7440163866904,voltage activity-envelope rising edges,6.399590332739535e-05,9.79269171,-1,-1,False,7.9047679999999945,22.4993789929286,34.972786804116225,7572.069837441605,7572.069837441605,30286.3410239692,0.4132334512335103,0.4132334512335103,0.7849120642135026,False,False,False,-128.09835459459364,-112.21609628329055,24.884599692736874,-11366.172710344246,-7093974712054270.0,-1.668780761540569e+17,276.0,1209.0,0.228287841191067,7.874016,1.1698426877141104e+16,2.0143026909419603,24.20245102406054,34.51546118252916,-9237.284335748252,-5765270610943273.0,3.610296281650507e+16,321.0,1247.0,0.2574178027265437,7.874016,1.1846887589136206e+16,2128.888374595994
argon_only_4kHz,argon_only,4,Lissajouswaveformsdifferentmediums/argon/Lissajousfigure4kHz-0004/Lissajousfigure4kHz-0004_61.csv,61,127994.47063898804,3999.7440163866904,voltage activity-envelope rising edges,6.399590332739535e-05,9.63521147,-1,-1,False,7.9047679999999945,22.487824129418538,34.972786804116225,7540.1780978287825,7540.1780978287825,30158.782229280652,0.4140657442672438,0.4140657442672438,0.78472268897267,False,False,False,-127.44808641479617,-107.21781022404116,22.689396767514356,-11064.770841718802,-6905860622229741.0,-1.5728028709672995e+17,280.0,1209.0,0.23159636062861869,7.874016,1.1727699230708594e+16,3.0438205599080277,17.560063994084484,32.34801059730144,-8895.290439052376,-5551821799574299.0,2.4648442779524556e+16,339.0,1248.0,0.27163461538461536,7.874016,1.1787579629997308e+16,2169.480402666426
argon_only_4kHz,argon_only,4,Lissajouswaveformsdifferentmediums/argon/Lissajousfigure4kHz-0004/Lissajousfigure4kHz-0004_62.csv,62,127994.47063898804,3999.7440163866904,voltage activity-envelope rising edges,6.399590332739535e-05,9.63521147,-1,-1,False,7.9047679999999945,22.26892229504792,34.972786804116225,7502.103210485454,7502.103210485454,30006.492426454573,0.41614650021394095,0.41614650021394095,0.7850371797967803,False,False,False,-123.38187329755942,-104.88040220060441,24.876834859541585,-10301.037204129741,-6429191188298720.0,-1.560198091287479e+17,286.0,1209.0,0.23655913978494625,7.874016,1.1727270886491342e+16,7.474275917567539,24.416660059717227,34.02125681856321,-8197.030755236141,-5116016655162644.0,3.5162921312420104e+16,354.0,1248.0,0.28365384615384615,7.874016,1.1881367538155896e+16,2104.0064488936005
argon_only_4kHz,argon_only,4,Lissajouswaveformsdifferentmediums/argon/Lissajousfigure4kHz-0004/Lissajousfigure4kHz-0004_63.csv,63,127994.47063898804,3999.7440163866904,voltage activity-envelope rising edges,6.399590332739535e-05,9.79269171,-1,-1,False,7.9047679999999945,22.07917101970125,34.972786804116225,7356.115722000304,7356.115722000304,29422.579842918774,0.41656262336843713,0.41656262336843713,0.7852158921503144,False,False,False,-119.87906909773747,-101.97603203734059,22.82090480221035,-9119.560959643213,-5691795864923730.0,-1.5039265870217002e+17,321.0,1209.0,0.2655086848635236,7.874016,1.1725063533748004e+16,8.39033716564451,26.56341193449524,33.10850655642882,-6927.9824821212715,-4323964960429917.5,3.8787538933815016e+16,369.0,1248.0,0.2956730769230769,7.874016,1.190185466378812e+16,2191.5784775219417
argon_only_4kHz,argon_only,4,Lissajouswaveformsdifferentmediums/argon/Lissajousfigure4kHz-0004/Lissajousfigure4kHz-0004_64.csv,64,127994.47063898804,3999.7440163866904,voltage activity-envelope rising edges,6.399590332739535e-05,9.79269171,-1,-1,False,7.9047679999999945,22.319586449532782,34.972786804116225,7430.521973813975,7430.521973813975,29720.185803392265,0.4203079652160724,0.4203079652160724,0.7824344949674625,False,False,False,-120.92525062866295,-102.12406395734958,22.793095201113772,-9586.012075456994,-5982922218914549.0,-1.5000362840758963e+17,296.0,1209.0,0.24483043837882548,7.874016,1.170962978353287e+16,9.471732361353574,29.246149634535165,34.37212284689572,-7462.860658749467,-4657798728024955.0,4.2409721213091576e+16,359.0,1248.0,0.2876602564102564,7.874016,1.175803173491909e+16,2123.1514167075275
argon_only_10kHz,argon_only,10,Lissajouswaveformsdifferentmediums/argon/Lissajousfigure10kHz-0005/Lissajousfigure10kHz-0005_01.csv,1,129994.38424272223,10005.603137766497,voltage activity-envelope rising edges,0.000560313776649673,10.26697826,-1,-1,False,7.9047679999999945,26.82168967013362,38.96889902398151,7060.993201703429,7060.993201703429,70649.49573471173,0.43750004382012236,0.43750004382012236,0.6640333542635685,False,False,False,-172.4892166466919,-158.6935873694795,20.24364006709372,-53233.06504765745,-3.322437789015302e+16,-2.3794524690372486e+17,110.0,1234.0,0.08914100486223663,7.874016,1.2120253273466136e+16,-48.9267354795149,-37.631631244572944,2.677012903960303,-53606.81081978101,-3.3457644014445564e+16,-8.479847782293482e+16,51.0,1239.0,0.04116222760290557,7.874016,1.7990860446798244e+16,-373.74577212355507
argon_only_10kHz,argon_only,10,Lissajouswaveformsdifferentmediums/argon/Lissajousfigure10kHz-0005/Lissajousfigure10kHz-0005_02.csv,2,129994.38424272223,10005.603137766497,voltage activity-envelope rising edges,0.000560313776649673,9.95140266,-1,-1,False,7.9047679999999945,27.258729494931508,39.96889902398151,6767.8146786710995,6767.8146786710995,67716.0677847337,0.4406249439728499,0.4406249439728499,0.6596381924738357,False,False,False,-171.0674434677155,-155.53603470047332,18.266977894775348,-51874.67513839007,-3.2376565358087364e+16,-2.3202507271610294e+17,124.0,1240.0,0.1,7.874016,1.1988822354573814e+16,-49.960274123939584,-37.59488171714732,0.8322064102436915,-52561.06492587653,-3.2804962138527788e+16,-8.419140728106114e+16,41.0,1229.0,0.03336045565500407,7.874016,1.799094475710536e+16,-686.3897874864633
argon_only_10kHz,argon_only,10,Lissajouswaveformsdifferentmediums/argon/Lissajousfigure10kHz-0005/Lissajousfigure10kHz-0005_03.csv,3,129994.38424272223,10005.603137766497,voltage activity-envelope rising edges,0.000560313776649673,10.109498020000002,-1,-1,False,7.9047679999999945,26.945612120672273,38.96889902398151,7041.019779762833,7041.019779762833,70449.64960147097,0.4427082775148509,0.4427082775148509,0.6572602064538579,False,False,False,-174.78719744626895,-161.5943722242342,20.666921487907818,-53333.692838398856,-3.328718276045028e+16,-2.410768223362695e+17,113.0,1230.0,0.091869918699187,7.874016,1.206546074636782e+16,-50.75159118317775,-40.9573035975152,2.352271574526709,-53683.7444085898,-3.3505660611362172e+16,-9.088763742050605e+16,49.0,1239.0,0.03954802259887006,7.874016,1.8032580141713492e+16,-350.0515701909462
argon_only_10kHz,argon_only,10,Lissajouswaveformsdifferentmediums/argon/Lissajousfigure10kHz-0005/Lissajousfigure10kHz-0005_04.csv,4,129994.38424272223,10005.603137766497,voltage activity-envelope rising edges,0.000560313776649673,10.26697826,-1,-1,False,7.9047679999999945,26.987581146550603,38.96889902398151,7092.814614131576,7092.814614131576,70967.88815875095,0.43958327720185114,0.43958327720185114,0.6719642453557015,False,False,False,-176.36278458354477,-162.2044031327888,21.54456624180243,-54955.745047333665,-3.429955496744156e+16,-2.4811287174529494e+17,121.0,1240.0,0.09758064516129032,7.874016,1.2145885862656634e+16,-51.216684705182615,-37.30511599065705,-0.029915442371071035,-55484.99668440939,-3.4629877040263096e+16,-8.30277838779313e+16,44.0,1232.0,0.03571428571428571,7.874016,1.7919583146923036e+16,-529.2516370757221
argon_only_10kHz,argon_only,10,Lissajouswaveformsdifferentmediums/argon/Lissajousfigure10kHz-0005/Lissajousfigure10kHz-0005_05.csv,5,129994.38424272223,10005.603137766497,voltage activity-envelope rising edges,0.000560313776649673,10.26697826,-1,-1,False,7.9047679999999945,27.18111989143235,38.96889902398151,7490.122678576719,7490.122678576719,74943.19497502323,0.44479166666666636,0.44479166666666636,0.6560804478750152,False,False,False,-182.6441017269514,-169.3486235445559,21.051049226588155,-56523.58607885649,-3.5278092326813356e+16,-2.560130020134573e+17,116.0,1230.0,0.0943089430894309,7.874016,1.2127908794188492e+16,-55.115591733896906,-42.88216929431757,2.6037932702505806,-56994.28581580693,-3.5571870374709644e+16,-9.537973439511018e+16,50.0,1238.0,0.04038772213247173,7.874016,1.7947169350554266e+16,-470.6997369504388
argon_only_10kHz,argon_only,10,Lissajouswaveformsdifferentmediums/argon/Lissajousfigure10kHz-0005/Lissajousfigure10kHz-0005_06.csv,6,129994.38424272223,10005.603137766497,voltage activity-envelope rising edges,0.000560313776649673,10.26697826,-1,-1,False,7.9047679999999945,26.993632784196752,38.96889902398151,7531.253743541489,7531.253743541489,75354.73608769439,0.44374999999999437,0.44374999999999437,0.6768673394155005,False,False,False,-182.71967978432764,-170.74659246780243,21.79723866535657,-58112.97072020145,-3.6270075709501816e+16,-2.5978363724374608e+17,117.0,1234.0,0.09481361426256078,7.874016,1.2166944118094668e+16,-52.80880825077625,-39.900229197481906,1.0561591651369353,-58665.67699422165,-3.661503653589544e+16,-8.854025893276104e+16,47.0,1240.0,0.03790322580645161,7.874016,1.7881768193468098e+16,-552.7062740202018
argon_only_10kHz,argon_only,10,Lissajouswaveformsdifferentmediums/argon/Lissajousfigure10kHz-0005/Lissajousfigure10kHz-0005_07.csv,7,129994.38424272223,10005.603137766497,voltage activity-envelope rising edges,0.000560313776649673,10.26697826,-1,-1,False,7.9047679999999945,27.39238382906397,38.96889902398151,7457.347010250642,7457.347010250642,74615.25464517743,0.4411458553998906,0.4411458553998906,0.6610267081608145,False,False,False,-184.87745889077462,-170.52975574649395,20.090232813357755,-58643.68108853103,-3.660130822094595e+16,-2.5665700433067728e+17,113.0,1248.0,0.09054487179487179,7.874016,1.2093142105069288e+16,-55.00942268258257,-42.504504600209344,2.493189460705344,-59044.27137135311,-3.685132882230882e+16,-9.430147423227093e+16,51.0,1249.0,0.04083266613290633,7.874016,1.7918697381349756e+16,-400.59028282207873
argon_only_10kHz,argon_only,10,Lissajouswaveformsdifferentmediums/argon/Lissajousfigure10kHz-0005/Lissajousfigure10kHz-0005_08.csv,8,129994.38424272223,10005.603137766497,voltage activity-envelope rising edges,0.000560313776649673,10.26697826,-1,-1,False,7.9047679999999945,27.404975062767207,39.96889902398151,7380.296596234428,7380.296596234428,73844.3187809306,0.44687500000000185,0.44687500000000185,0.6561933988721234,False,False,False,-181.94875704534613,-170.67842968368424,19.884851001784586,-57247.73259124746,-3.573005422970162e+16,-2.5803904765063136e+17,116.0,1237.0,0.09377526273241714,7.874016,1.2129816162116434e+16,-55.601796160494544,-44.16600718621494,1.644338227418668,-57837.391311247775,-3.609807820356026e+16,-9.899095020179971e+16,45.0,1232.0,0.036525974025974024,7.874016,1.7951273726115026e+16,-589.6587200003123
argon_only_10kHz,argon_only,10,Lissajouswaveformsdifferentmediums/argon/Lissajousfigure10kHz-0005/Lissajousfigure10kHz-0005_09.csv,9,129994.38424272223,10005.603137766497,voltage activity-envelope rising edges,0.000560313776649673,10.26697826,-1,-1,False,7.9047679999999945,27.17686498783084,38.96889902398151,7318.661951873732,7318.661951873732,73227.62698992009,0.4416666666666769,0.4416666666666769,0.6642584189664302,False,False,False,-182.17046822065333,-169.7802408447558,19.93243981406603,-57024.91809556964,-3.5590988913865004e+16,-2.5469417522821174e+17,122.0,1237.0,0.09862570735650768,7.874016,1.2117867009844234e+16,-54.722424202035796,-43.985159785368516,1.1213687016498808,-57564.71985857008,-3.5927895641735004e+16,-9.920997282796834e+16,47.0,1235.0,0.03805668016194332,7.874016,1.7916557750777636e+16,-539.8017630004397
argon_only_10kHz,argon_only,10,Lissajouswaveformsdifferentmediums/argon/Lissajousfigure10kHz-0005/Lissajousfigure10kHz-0005_10.csv,10,129994.38424272223,10005.603137766497,voltage activity-envelope rising edges,0.000560313776649673,10.26697826,-1,-1,False,7.9047679999999945,26.67219083938126,38.96889902398151,7470.737617427707,7470.737617427707,74749.23574636487,0.445833277827849,0.445833277827849,0.6717748783274871,False,False,False,-171.85229766939105,-159.76399760705067,20.756286439518544,-56074.6053443996,-3.4997869770144124e+16,-2.446341392743721e+17,109.0,1234.0,0.08833063209076175,7.874016,1.2173562936353004e+16,-50.69777154111111,-37.65270799999501,0.818846306340077,-56405.73642238707,-3.520453876537068e+16,-8.416666916670379e+16,49.0,1239.0,0.03954802259887006,7.874016,1.7904541578545894e+16,-331.1310779874693
argon_only_10kHz,argon_only,10,Lissajouswaveformsdifferentmediums/argon/Lissajousfigure10kHz-0005/Lissajousfigure10kHz-0005_11.csv,11,129994.38424272223,10005.603137766497,voltage activity-envelope rising edges,0.000560313776649673,10.26697826,-1,-1,False,7.9047679999999945,26.823745276701988,38.96889902398151,7342.890364880757,7342.890364880757,73470.04687512628,0.44166661074385055,0.44166661074385055,0.6581962728823568,False,False,False,-175.57130039083503,-161.40922536154537,20.0731552249563,-55577.43964122575,-3.468757350631855e+16,-2.4675288849364992e+17,118.0,1239.0,0.09523809523809523,7.874016,1.2186630120143234e+16,-53.065525334889216,-42.618917264380634,1.109442865416277,-56208.15269524814,-3.5081220740952372e+16,-9.583887637267346e+16,43.0,1231.0,0.034930950446791224,7.874016,1.7922932052466164e+16,-630.7130540223952
argon_only_10kHz,argon_only,10,Lissajouswaveformsdifferentmediums/argon/Lissajousfigure10kHz-0005/Lissajousfigure10kHz-0005_12.csv,12,129994.38424272223,10005.603137766497,voltage activity-envelope rising edges,0.000560313776649673,10.26697826,-1,-1,False,7.9047679999999945,26.221383784789253,37.9688990239815,7194.50789111519,7194.50789111519,71985.39073002797,0.4479166666666634,0.4479166666666634,0.6731282691345635,False,False,False,-165.78092262274362,-154.67776952065145,22.407048456604933,-52121.709342463335,-3.2530746931900096e+16,-2.3444597574748915e+17,116.0,1236.0,0.09385113268608414,7.874016,1.2123718716098762e+16,-46.60129631639438,-38.99570182580974,0.592963305376411,-52639.502054158365,-3.2853917140241868e+16,-8.610214951115856e+16,43.0,1234.0,0.03484602917341977,7.874016,1.792041783942228e+16,-517.7927116950304
argon_only_10kHz,argon_only,10,Lissajouswaveformsdifferentmediums/argon/Lissajousfigure10kHz-0005/Lissajousfigure10kHz-0005_13.csv,13,129994.38424272223,10005.603137766497,voltage activity-envelope rising edges,0.000560313776649673,10.26697826,-1,-1,False,7.9047679999999945,25.983457704759406,36.968897505910384,6971.181799420361,6971.181799420361,69750.87848622106,0.4406249999999987,0.4406249999999987,0.6770690595299413,False,False,False,-158.9208447818756,-142.21471320263277,24.279913722044377,-49335.456842956555,-3.0791761850764508e+16,-2.1697073271052486e+17,122.0,1235.0,0.09878542510121457,7.874016,1.2262742731460642e+16,-43.35238509356155,-29.396999816191773,2.232440932531709,-49772.080916010265,-3.1064272238548624e+16,-6.532197272950666e+16,49.0,1236.0,0.03964401294498382,7.874016,1.7936325715419036e+16,-436.62407305371016
argon_only_10kHz,argon_only,10,Lissajouswaveformsdifferentmediums/argon/Lissajousfigure10kHz-0005/Lissajousfigure10kHz-0005_14.csv,14,129994.38424272223,10005.603137766497,voltage activity-envelope rising edges,0.000560313776649673,10.26697826,-1,-1,False,7.9047679999999945,25.68305765493226,36.968897505910384,6915.027674829421,6915.027674829421,69189.02260101541,0.452083333333334,0.452083333333334,0.6576224568764568,False,False,False,-154.87670192121402,-141.2645204233711,23.797904477725147,-46131.81281606936,-2.879226999960882e+16,-2.155328489400003e+17,128.0,1232.0,0.1038961038961039,7.874016,1.2151630928416446e+16,-42.781341691647754,-33.36017080092188,4.492978385906152,-46576.65424955235,-2.906990909241711e+16,-7.445223584482326e+16,54.0,1240.0,0.043548387096774194,7.874016,1.7898974394019904e+16,-444.84143348299403
argon_only_10kHz,argon_only,10,Lissajouswaveformsdifferentmediums/argon/Lissajousfigure10kHz-0005/Lissajousfigure10kHz-0005_15.csv,15,129994.38424272223,10005.603137766497,voltage activity-envelope rising edges,0.000560313776649673,10.26697826,-1,-1,False,7.9047679999999945,23.95151383345009,34.96889598783926,5847.760822049141,5847.760822049141,58510.37403000288,0.43958337736211284,0.43958337736211284,0.669552589662231,False,False,False,-126.48040655290698,-103.71472065037878,34.41756488035116,-24743.349639976415,-1.5443078432000492e+16,-1.5863659847645453e+17,237.0,1223.0,0.1937857726901063,7.874016,1.2172884283774706e+16,-20.609744101052783,-2.637133722159288,21.950659583581846,-24709.270175834652,-1.5421808400039602e+16,-5902081460253617.0,210.0,1247.0,0.16840417000801924,7.874016,1.7882762877135866e+16,34.07946414176331
argon_only_10kHz,argon_only,10,Lissajouswaveformsdifferentmediums/argon/Lissajousfigure10kHz-0005/Lissajousfigure10kHz-0005_16.csv,16,129994.38424272223,9995.202302903954,voltage activity-envelope rising edges,0.00047976970960462496,10.26697826,-1,-1,False,7.9047679999999945,24.496539667227786,35.96889598783927,6217.6262665156755,6217.6262665156755,62146.43237767359,0.43912595444709007,0.43912595444709007,0.6650243896179681,False,False,False,-138.09271233033405,-122.40492602752828,32.40079898530834,-32902.60275212743,-2.05355169090414e+16,-1.864904808074637e+17,145.0,1229.0,0.11798209926769732,7.874016,1.2151466466023036e+16,-27.762873550933435,-13.464754142387907,12.088598257609473,-33083.13019011545,-2.0648189583701136e+16,-3.031460012290995e+16,97.0,1244.0,0.07797427652733119,7.874016,1.7856885450939126e+16,-180.52743798802112
argon_only_10kHz,argon_only,10,Lissajouswaveformsdifferentmediums/argon/Lissajousfigure10kHz-0005/Lissajousfigure10kHz-0005_17.csv,17,129994.38424272223,10005.603137766497,voltage activity-envelope rising edges,0.000560313776649673,10.26697826,-1,-1,False,7.9047679999999945,24.527611939937845,35.96889598783927,6469.029474492105,6469.029474492105,64726.541608282154,0.44166661074385166,0.44166661074385166,0.6646565090351125,False,False,False,-140.36856824634282,-126.94127542648475,31.432664227765763,-35726.61483868899,-2.2298068898980024e+16,-1.9335693774236704e+17,138.0,1225.0,0.1126530612244898,7.874016,1.2145457985865838e+16,-32.15083415769871,-18.01962971827684,12.007060790738269,-35902.56094618334,-2.2407882225687028e+16,-4.016728181418564e+16,91.0,1246.0,0.07303370786516854,7.874016,1.7858934254771862e+16,-175.9461074943465
argon_only_10kHz,argon_only,10,Lissajouswaveformsdifferentmediums/argon/Lissajousfigure10kHz-0005/Lissajousfigure10kHz-0005_18.csv,18,129994.38424272223,10005.603137766497,voltage activity-envelope rising edges,0.000560313776649673,10.26697826,-1,-1,False,7.9047679999999945,24.769240484582923,36.968897505910384,6485.253786367859,6485.253786367859,64888.87563409431,0.43958327720184676,0.43958327720184676,0.6778747684611066,False,False,False,-145.26705614917148,-126.13017933981087,30.76437762229441,-39033.657739535665,-2.436209513790336e+16,-1.913958216481836e+17,149.0,1246.0,0.11958266452648475,7.874016,1.2179208626530774e+16,-31.392351710669573,-20.32838720302542,7.514779947924052,-39879.40604328539,-2.488995242394504e+16,-4.562500289907079e+16,59.0,1224.0,0.04820261437908497,7.874016,1.7821216381371584e+16,-845.7483037497223
argon_only_10kHz,argon_only,10,Lissajouswaveformsdifferentmediums/argon/Lissajousfigure10kHz-0005/Lissajousfigure10kHz-0005_19.csv,19,129994.38424272223,10005.603137766497,voltage activity-envelope rising edges,0.000560313776649673,10.26697826,-1,-1,False,7.9047679999999945,25.09177529223081,36.968897505910384,6447.259154355554,6447.259154355554,64508.7164248137,0.4406249999999991,0.4406249999999991,0.6682543708251414,False,False,False,-145.95475203574966,-133.05931181991386,30.003700346360347,-39479.49437791492,-2.4640355368410972e+16,-2.0327797729549296e+17,139.0,1235.0,0.1125506072874494,7.874016,1.2156898460935044e+16,-33.553676060652805,-24.44543442050643,8.616621572634955,-39913.39699718244,-2.4911167213965332e+16,-5.48520993160046e+16,65.0,1235.0,0.05263157894736842,7.874016,1.7893845580643472e+16,-433.9026192675228
argon_only_10kHz,argon_only,10,Lissajouswaveformsdifferentmediums/argon/Lissajousfigure10kHz-0005/Lissajousfigure10kHz-0005_20.csv,20,129994.38424272223,10005.603137766497,voltage activity-envelope rising edges,0.000560313776649673,10.26697826,-1,-1,False,7.9047679999999945,24.645407536336943,35.96889598783927,6568.768017829143,6568.768017829143,65724.48589045148,0.4479166666666634,0.4479166666666634,0.6621713544204437,False,False,False,-141.7877823054925,-130.27341165899958,29.737454863609884,-39202.29517439204,-2.446734689932417e+16,-1.982758802580365e+17,130.0,1227.0,0.10594947025264874,7.874016,1.2140517616658234e+16,-32.92950369885587,-22.95184162704556,9.162149917919152,-39394.846882361075,-2.4587524287254588e+16,-5.1202637421422376e+16,71.0,1244.0,0.05707395498392283,7.874016,1.7873136299358196e+16,-192.55170796903258
argon_only_10kHz,argon_only,10,Lissajouswaveformsdifferentmediums/argon/Lissajousfigure10kHz-0005/Lissajousfigure10kHz-0005_21.csv,21,129994.38424272223,10005.603137766497,voltage activity-envelope rising edges,0.000560313776649673,10.109498020000002,-1,-1,False,7.9047679999999945,25.254983740013245,37.9688990239815,6586.259074118511,6586.259074118511,65899.49445814324,0.45937499999999903,0.45937499999999903,0.6460594150234461,False,False,False,-144.995444665906,-132.05598470023844,25.673543717365384,-40650.12174109301,-2.537097957439954e+16,-2.0059150629107037e+17,139.0,1238.0,0.1122778675282714,7.874016,1.2051602768582178e+16,-39.21727928438287,-25.643241822702027,5.629075685269478,-41211.2814683233,-2.5721216458515508e+16,-5.672593229069092e+16,51.0,1233.0,0.0413625304136253,7.874016,1.793530849912038e+16,-561.1597272302897
argon_only_10kHz,argon_only,10,Lissajouswaveformsdifferentmediums/argon/Lissajousfigure10kHz-0005/Lissajousfigure10kHz-0005_22.csv,22,129994.38424272223,10005.603137766497,voltage activity-envelope rising edges,0.000560313776649673,10.109498020000002,-1,-1,False,7.9047679999999945,25.230601339583647,35.96889598783927,6529.496976941563,6529.496976941563,65331.555440523356,0.4437499442858568,0.4437499442858568,0.6534394706493447,False,False,False,-144.28408618569884,-130.87895199958226,26.91053769220046,-40367.90020246776,-2.5194836512946452e+16,-1.9771932419374755e+17,130.0,1228.0,0.10586319218241043,7.874016,1.2048532218740818e+16,-36.48926232792061,-26.188482789060128,7.059237397829044,-40624.75629333065,-2.535514822557423e+16,-5.897164539876213e+16,60.0,1241.0,0.048348106365834004,7.874016,1.7990267657648546e+16,-256.85609086288605
argon_only_10kHz,argon_only,10,Lissajouswaveformsdifferentmediums/argon/Lissajousfigure10kHz-0005/Lissajousfigure10kHz-0005_23.csv,23,129994.38424272223,10005.603137766497,voltage activity-envelope rising edges,0.000560313776649673,10.26697826,-1,-1,False,7.9047679999999945,24.692991241498888,35.96889598783927,6416.004321885133,6416.004321885133,64195.99297497729,0.44166671090411985,0.44166671090411985,0.66101181688254,False,False,False,-139.42854130837168,-127.15222936703371,27.691106074749378,-37888.41221835654,-2.3647312512882696e+16,-1.917623434259187e+17,142.0,1238.0,0.1147011308562197,7.874016,1.2170108180170294e+16,-34.30769441883379,-22.124035336860395,7.624267915665899,-38438.03480118191,-2.3990348713642572e+16,-4.9531646290207304e+16,59.0,1233.0,0.047850770478507706,7.874016,1.799613989642427e+16,-549.6225828253664
argon_only_10kHz,argon_only,10,Lissajouswaveformsdifferentmediums/argon/Lissajousfigure10kHz-0005/Lissajousfigure10kHz-0005_24.csv,24,129994.38424272223,10005.603137766497,voltage activity-envelope rising edges,0.000560313776649673,10.109498020000002,-1,-1,False,7.9047679999999945,24.624900308847494,35.96889598783927,5931.943594143751,5931.943594143751,59352.673438618585,0.44895833333335516,0.44895833333335516,0.6577414981236614,False,False,False,-127.61873299531842,-107.39170438046644,29.101043848433083,-32691.716321358028,-2.040389626195833e+16,-1.5945578246036138e+17,134.0,1232.0,0.10876623376623376,7.874016,1.2071896791538476e+16,-28.074970164892008,-13.732729037263598,8.915146383036015,-33071.606441870994,-2.0640997261296964e+16,-3.132733417550868e+16,74.0,1237.0,0.05982215036378335,7.874016,1.7947783674778362e+16,-379.89012051296595
argon_only_10kHz,argon_only,10,Lissajouswaveformsdifferentmediums/argon/Lissajousfigure10kHz-0005/Lissajousfigure10kHz-0005_25.csv,25,129994.38424272223,10005.603137766497,voltage activity-envelope rising edges,0.000560313776649673,10.26697826,-1,-1,False,7.9047679999999945,24.282519498373492,34.96889598783926,5814.740695401375,5814.740695401375,58179.98774720654,0.44479171121712185,0.44479171121712185,0.6675020398900574,False,False,False,-121.50626492447161,-106.09871897905676,30.34536105778564,-28432.106353169835,-1.7745343891903222e+16,-1.610939725344471e+17,176.0,1223.0,0.1439084219133279,7.874016,1.2101796450166116e+16,-23.474525104100522,-10.647011500320254,15.635598383150716,-28375.388917512,-1.7709944812147634e+16,-2.4327527703680108e+16,121.0,1247.0,0.09703287890938252,7.874016,1.804640650520855e+16,56.71743565783618
argon_only_10kHz,argon_only,10,Lissajouswaveformsdifferentmediums/argon/Lissajousfigure10kHz-0005/Lissajousfigure10kHz-0005_26.csv,26,129794.39288234881,10000.0,nominal_folder_frequency_after_carrier_fallback,0.0,9.16092492,-1,-1,False,7.9047679999999945,21.68217571240264,33.97278680411622,5.580011162812321,5.580011162812321,55.80011162812321,,,,False,False,False,-0.5016879753905008,8.09515490853051,15.493392635169652,-3349.150900277912,-2090307124385207.2,1.964532570791749e+16,43.0,327.0,0.13149847094801223,7.874016,2.0545878894833496e+16,-18.202068043736496,2.0265843096885288,15.153183346887165,-2854.100389620116,-1781331016658124.0,3326309441796885.5,30.0,249.0,0.12048192771084337,7.874016,1.9599923542886704e+16,495.05051065779617
argon_only_10kHz,argon_only,10,Lissajouswaveformsdifferentmediums/argon/Lissajousfigure10kHz-0005/Lissajousfigure10kHz-0005_27.csv,27,129994.38424272223,10005.603137766497,voltage activity-envelope rising edges,0.000560313776649673,9.7933073,-1,-1,False,7.9047679999999945,26.71475505252185,39.39889902398146,6545.084350115413,6545.084350115413,65487.516510461166,0.44479171121711997,0.44479171121711997,0.6488360751725585,False,False,False,-160.15956797850532,-147.9593901120261,21.883912740717737,-47312.37593632124,-2.9529095414326372e+16,-2.2041989285815152e+17,117.0,1226.0,0.09543230016313213,7.874016,1.2040073078235642e+16,-44.52918568548479,-35.47141594265767,6.8107031660930515,-47522.33584225845,-2.9660137789030772e+16,-7.956213425101517e+16,61.0,1247.0,0.04891740176423416,7.874016,1.8014900444275452e+16,-209.95990593721217
argon_only_10kHz,argon_only,10,Lissajouswaveformsdifferentmediums/argon/Lissajousfigure10kHz-0005/Lissajousfigure10kHz-0005_28.csv,28,129994.38424272223,10005.603137766497,voltage activity-envelope rising edges,0.000560313776649673,10.109498020000002,-1,-1,False,7.9047679999999945,26.4113755883809,37.9688990239815,6621.829604623927,6621.829604623927,66255.39906978024,0.4395832772018487,0.4395832772018487,0.6556291250644019,False,False,False,-161.90621304741137,-147.86066123248406,23.27184867094915,-47737.10499523879,-2.979418176135096e+16,-2.214739166887867e+17,125.0,1233.0,0.10137875101378752,7.874016,1.2077883656864106e+16,-43.871287684780285,-31.57628568064351,3.9061888134647433,-48221.977231838406,-3.0096805298109684e+16,-7.0332285568054584e+16,53.0,1237.0,0.04284559417946645,7.874016,1.7978724546058732e+16,-484.87223659961455
argon_only_10kHz,argon_only,10,Lissajouswaveformsdifferentmediums/argon/Lissajousfigure10kHz-0005/Lissajousfigure10kHz-0005_29.csv,29,129994.38424272223,9995.202302903954,voltage activity-envelope rising edges,0.00047976970960462496,10.109498020000002,-1,-1,False,7.9047679999999945,25.781300003844375,36.968897505910384,6372.906416406285,6372.906416406285,63698.48888945548,0.4380853716166428,0.4380853716166428,0.6589658211132482,False,False,False,-148.68230028405844,-134.72836018083152,24.899032991622775,-40904.25521271222,-2.552959201740003e+16,-2.0420665360509754e+17,130.0,1232.0,0.10551948051948051,7.874016,1.2077991805879294e+16,-37.099339819533895,-24.547614297874507,8.44305996416242,-41215.82714289852,-2.5724053552523104e+16,-5.528792360750033e+16,64.0,1244.0,0.05144694533762058,7.874016,1.7955649082878632e+16,-311.57193018629914
argon_only_10kHz,argon_only,10,Lissajouswaveformsdifferentmediums/argon/Lissajousfigure10kHz-0005/Lissajousfigure10kHz-0005_30.csv,30,129994.38424272223,10005.603137766497,voltage activity-envelope rising edges,0.000560313776649673,9.95140266,-1,-1,False,7.9047679999999945,25.90525106776301,37.9688990239815,6162.113908971678,6162.113908971678,61655.66626288159,0.43958337736211717,0.43958337736211717,0.6602502808127112,False,False,False,-144.23237373377418,-130.8810174451909,25.481457569858396,-39154.46125638303,-2.4437492293611064e+16,-1.9812150372747446e+17,143.0,1240.0,0.1153225806451613,7.874016,1.2016947298241532e+16,-33.70263621281035,-19.88264261687938,5.692676966945583,-39805.44642904032,-2.4843791975169676e+16,-4.426101970607235e+16,50.0,1230.0,0.04065040650406504,7.874016,1.7994034571927364e+16,-650.9851726572888
argon_only_10kHz,argon_only,10,Lissajouswaveformsdifferentmediums/argon/Lissajousfigure10kHz-0005/Lissajousfigure10kHz-0005_31.csv,31,129994.38424272223,9995.202302903954,voltage activity-envelope rising edges,0.00047976970960462496,9.7933073,-1,-1,False,7.9047679999999945,26.082747130504,37.9688990239815,5979.984467399618,5979.984467399618,59771.15451988253,0.43392304029486034,0.43392304029486034,0.6527648863898343,False,False,False,-144.8129610650289,-131.87981719570223,22.897623372400737,-38315.752231110295,-2.3914028435751356e+16,-1.9537074889174803e+17,128.0,1239.0,0.1033091202582728,7.874016,1.1944926702889314e+16,-35.015739169436856,-25.277906001730376,6.026160246824751,-38856.369563725035,-2.4251444185467784e+16,-5.672506560585132e+16,50.0,1234.0,0.04051863857374392,7.874016,1.7944089756872196e+16,-540.61733261474
argon_only_10kHz,argon_only,10,Lissajouswaveformsdifferentmediums/argon/Lissajousfigure10kHz-0005/Lissajousfigure10kHz-0005_32.csv,32,129994.38424272223,10005.603137766497,voltage activity-envelope rising edges,0.000560313776649673,9.7933073,-1,-1,False,7.9047679999999945,25.925069497178775,37.9688990239815,5812.265523478618,5812.265523478618,58155.22215924969,0.43020837642311666,0.43020837642311666,0.6589561954875235,False,False,False,-139.55634096384662,-126.94282534052599,24.23263424251673,-36278.90613238382,-2.264277072350827e+16,-1.880437255783533e+17,131.0,1232.0,0.10633116883116883,7.874016,1.1963265117705944e+16,-32.31619691315808,-21.46346866558838,6.246578641537565,-36572.958486328745,-2.2826297757283404e+16,-4.8650515192968936e+16,56.0,1239.0,0.04519774011299435,7.874016,1.8022471551763228e+16,-294.05235394492775
argon_only_10kHz,argon_only,10,Lissajouswaveformsdifferentmediums/argon/Lissajousfigure10kHz-0005/Lissajousfigure10kHz-0005_33.csv,33,129994.38424272223,10005.603137766497,voltage activity-envelope rising edges,0.000560313776649673,9.7933073,-1,-1,False,7.9047679999999945,25.781086839223004,37.9688990239815,5852.149356183333,5852.149356183333,58554.28396090614,0.4343749999999967,0.4343749999999967,0.6541732813761387,False,False,False,-137.7101206071152,-126.0860312742035,23.383089071674952,-36472.08336927548,-2.2763338523098964e+16,-1.8934936394153453e+17,121.0,1228.0,0.0985342019543974,7.874016,1.1947311144350418e+16,-32.573207707989496,-22.683187009546895,7.104305742049395,-36739.772416848915,-2.293041141408641e+16,-5.085589914995507e+16,59.0,1242.0,0.04750402576489533,7.874016,1.8005419162395928e+16,-267.6890475734326
argon_only_10kHz,argon_only,10,Lissajouswaveformsdifferentmediums/argon/Lissajousfigure10kHz-0005/Lissajousfigure10kHz-0005_34.csv,34,129994.38424272223,10005.603137766497,voltage activity-envelope rising edges,0.000560313776649673,9.7933073,-1,-1,False,7.9047679999999945,27.96564394809394,39.96889902398151,6207.096045214336,6207.096045214336,62105.73966641457,0.4166667084001101,0.4166667084001101,0.6607671574746452,False,False,False,-166.06383522429184,-150.71962136196603,19.35893498158702,-49165.63009918519,-3.0685767805412004e+16,-2.2308497103586778e+17,117.0,1230.0,0.0951219512195122,7.874016,1.1959770979903576e+16,-42.8518680453527,-31.785243033776837,4.610737160881333,-49500.492029299414,-3.0894765339128704e+16,-7.259131554364338e+16,51.0,1240.0,0.04112903225806452,7.874016,1.8130675938795744e+16,-334.8619301142244
argon_only_10kHz,argon_only,10,Lissajouswaveformsdifferentmediums/argon/Lissajousfigure10kHz-0005/Lissajousfigure10kHz-0005_35.csv,35,129994.38424272223,10005.603137766497,voltage activity-envelope rising edges,0.000560313776649673,9.95140266,-1,-1,False,7.9047679999999945,29.19304397730497,42.965011243846774,7067.261170868998,7067.261170868998,70712.21054666219,0.42499999999999655,0.42499999999999655,0.6563827731211642,False,False,False,-197.79981843554415,-182.85591112209647,17.050048871636754,-59524.18222546586,-3.71508558090858e+16,-2.7258600032588595e+17,111.0,1236.0,0.08980582524271845,7.874016,1.1948392329259328e+16,-58.53620553312419,-48.16177342604077,0.5919516779947631,-59986.80523827557,-3.7439592927350744e+16,-1.0921510026464557e+17,47.0,1234.0,0.03808752025931929,7.874016,1.807581938371125e+16,-462.6230128097086
argon_only_10kHz,argon_only,10,Lissajouswaveformsdifferentmediums/argon/Lissajousfigure10kHz-0005/Lissajousfigure10kHz-0005_36.csv,36,129994.38424272223,10005.603137766497,voltage activity-envelope rising edges,0.000560313776649673,9.7933073,-1,-1,False,7.9047679999999945,28.753900554920545,41.965011243846774,7007.39420371746,7007.39420371746,70113.20543228218,0.4416666666666606,0.4416666666666606,0.6451278724444517,False,False,False,-193.94375001990875,-176.8066935038946,15.492769640628904,-58220.0684551651,-3.633691866912524e+16,-2.6681948844634045e+17,102.0,1234.0,0.08265802269043761,7.874016,1.1966471649666536e+16,-60.106191421911745,-50.832259970062296,0.6434673488621244,-58822.1960889356,-3.6712724871991544e+16,-1.1454573890717248e+17,42.0,1237.0,0.03395311236863379,7.874016,1.8114542664909876e+16,-602.1276337704985
argon_only_10kHz,argon_only,10,Lissajouswaveformsdifferentmediums/argon/Lissajousfigure10kHz-0005/Lissajousfigure10kHz-0005_37.csv,37,129994.38424272223,10005.603137766497,voltage activity-envelope rising edges,0.000560313776649673,9.7933073,-1,-1,False,7.9047679999999945,28.727624996176186,40.96890054205262,7112.7516132717665,7112.7516132717665,71167.36985990571,0.44062494397285423,0.44062494397285423,0.6500414584778914,False,False,False,-194.01689505594777,-182.89285331863425,15.474904672710679,-59408.16855944156,-3.707844814522195e+16,-2.7171521068793238e+17,101.0,1235.0,0.08178137651821862,7.874016,1.199456863852812e+16,-60.249212467545306,-48.083797007026554,-0.7182985656294267,-59854.55862069916,-3.735705378381055e+16,-1.0757207201101557e+17,41.0,1236.0,0.03317152103559871,7.874016,1.800570784068691e+16,-446.39006125759624
argon_only_10kHz,argon_only,10,Lissajouswaveformsdifferentmediums/argon/Lissajousfigure10kHz-0005/Lissajousfigure10kHz-0005_38.csv,38,129994.38424272223,10005.603137766497,voltage activity-envelope rising edges,0.000560313776649673,9.7933073,-1,-1,False,7.9047679999999945,28.85876352286636,41.965011243846774,6910.692456311942,6910.692456311942,69145.64612501403,0.43645833333333595,0.43645833333333595,0.6443109823398385,False,False,False,-193.3083166760657,-183.40381177163263,15.085217656958754,-59244.063078771214,-3.697602491449579e+16,-2.731125894557717e+17,101.0,1242.0,0.08132045088566828,7.874016,1.1992522450647404e+16,-61.30619078873383,-50.147514427082264,-1.3466799727969998,-59807.16248194555,-3.732747240946973e+16,-1.1233478551152046e+17,41.0,1229.0,0.03336045565500407,7.874016,1.802488804710476e+16,-563.0994031743321
argon_only_10kHz,argon_only,10,Lissajouswaveformsdifferentmediums/argon/Lissajousfigure10kHz-0005/Lissajousfigure10kHz-0005_39.csv,39,129994.38424272223,10005.603137766497,voltage activity-envelope rising edges,0.000560313776649673,9.7933073,-1,-1,False,7.9047679999999945,28.537708073891356,41.965011243846774,6554.425533823687,6554.425533823687,65580.98068748313,0.44479166666666636,0.44479166666666636,0.6525761804350665,False,False,False,-182.17409639575294,-170.04297842009782,17.087497385922404,-55162.70174772924,-3.4428722950060744e+16,-2.541671384147342e+17,119.0,1240.0,0.09596774193548387,7.874016,1.1916280060115052e+16,-52.87747438034563,-43.84406581845429,2.131285751883228,-55756.84261100213,-3.4799544366105228e+16,-1.001031433009685e+17,42.0,1230.0,0.03414634146341464,7.874016,1.807782715347654e+16,-594.1408632728926
argon_only_10kHz,argon_only,10,Lissajouswaveformsdifferentmediums/argon/Lissajousfigure10kHz-0005/Lissajousfigure10kHz-0005_40.csv,40,129994.38424272223,10005.603137766497,voltage activity-envelope rising edges,0.000560313776649673,9.63521147,-1,-1,False,7.9047679999999945,27.649027446160883,39.96889902398151,6260.033747739533,6260.033747739533,62635.41330890684,0.43854171059111785,0.43854171059111785,0.6505953326132383,False,False,False,-167.98645259421502,-154.98818702127335,18.595205606081304,-49374.83948747833,-3.081634175918672e+16,-2.312613509379458e+17,109.0,1227.0,0.08883455582722087,7.874016,1.1888640474079566e+16,-46.12516454386959,-36.31467251288454,3.867250917497182,-49687.69645397005,-3.1011605324622636e+16,-8.189450423775306e+16,54.0,1244.0,0.04340836012861737,7.874016,1.8082584466286396e+16,-312.85696649171587
argon_only_10kHz,argon_only,10,Lissajouswaveformsdifferentmediums/argon/Lissajousfigure10kHz-0005/Lissajousfigure10kHz-0005_41.csv,41,129994.38424272223,10005.603137766497,voltage activity-envelope rising edges,0.000560313776649673,9.477115640000001,-1,-1,False,7.9047679999999945,26.923839077481233,37.9688990239815,5773.648500194246,5773.648500194246,57768.83554990437,0.4406249439728461,0.4406249439728461,0.6502918158331815,False,False,False,-149.55651782745798,-139.77889402095795,20.18515507524478,-39479.430132650195,-2.464031527098373e+16,-2.0751535697248182e+17,121.0,1229.0,0.0984540276647681,7.874016,1.1850944314227766e+16,-36.59265309109486,-27.437297623140513,6.722699574118237,-39834.12738815308,-2.4861692635651304e+16,-6.170684237611976e+16,55.0,1243.0,0.04424778761061947,7.874016,1.8176844638236636e+16,-354.6972555028842
argon_only_10kHz,argon_only,10,Lissajouswaveformsdifferentmediums/argon/Lissajousfigure10kHz-0005/Lissajousfigure10kHz-0005_42.csv,42,129994.38424272223,10005.603137766497,voltage activity-envelope rising edges,0.000560313776649673,9.7933073,-1,-1,False,7.9047679999999945,27.615944920470877,39.96889902398151,6214.509282302106,6214.509282302106,62179.91357468097,0.44166671090411525,0.44166671090411525,0.6464416577615422,False,False,False,-165.95351222524744,-153.7672009269185,18.254431599520462,-46517.75059224118,-2.9033145525114224e+16,-2.2812385939089827e+17,125.0,1244.0,0.10048231511254019,7.874016,1.1852036445040686e+16,-44.41691069791062,-34.16136557268229,1.7879561586363841,-47195.165533558604,-2.945594083059995e+16,-7.842134330783653e+16,39.0,1225.0,0.03183673469387755,7.874016,1.8088775981991916e+16,-677.4149413174237
argon_only_10kHz,argon_only,10,Lissajouswaveformsdifferentmediums/argon/Lissajousfigure10kHz-0005/Lissajousfigure10kHz-0005_43.csv,43,129994.38424272223,9995.202302903954,voltage activity-envelope rising edges,0.00047976970960462496,9.7933073,-1,-1,False,7.9047679999999945,26.103183972006537,37.9688990239815,5128.003173296357,5128.003173296357,51255.429127030526,0.4432882857688601,0.4432882857688601,0.6455615405887157,False,False,False,-128.21231536228436,-105.94791418328487,27.733140244698887,-23845.8641547913,-1.4882930394610152e+16,-1.570118918252979e+17,302.0,1230.0,0.24552845528455283,7.874016,1.1852759615260166e+16,-23.23933127623728,-6.9040042888596895,20.06852183433854,-24294.623415747723,-1.516301472291952e+16,-1.5833089954194704e+16,235.0,1241.0,0.18936341659951653,7.874016,1.81596656331311e+16,-448.75926095642353
argon_only_10kHz,argon_only,10,Lissajouswaveformsdifferentmediums/argon/Lissajousfigure10kHz-0005/Lissajousfigure10kHz-0005_44.csv,44,129994.38424272223,10005.603137766497,voltage activity-envelope rising edges,0.000560313776649673,9.7933073,-1,-1,False,7.9047679999999945,24.71892406320265,35.96889598783927,4702.6641725973595,4702.6641725973595,47052.99140120223,0.44687504475910406,0.44687504475910406,0.6531861127501601,False,False,False,-104.13574793317002,-93.99141198932293,28.48632511668719,-16597.322073261676,-1.0358894420844364e+16,-1.3984659619740936e+17,345.0,1231.0,0.2802599512591389,7.874016,1.188080956337938e+16,-15.933096177028318,-7.755737725902308,19.37869411864285,-16988.6117191063,-1.0603110211282264e+16,-1.7818823575839226e+16,326.0,1237.0,0.2635408245755861,7.874016,1.81083767314283e+16,-391.289645844623
argon_only_10kHz,argon_only,10,Lissajouswaveformsdifferentmediums/argon/Lissajousfigure10kHz-0005/Lissajousfigure10kHz-0005_45.csv,45,129994.38424272223,10005.603137766497,voltage activity-envelope rising edges,0.000560313776649673,9.63521147,-1,-1,False,7.9047679999999945,27.10515512510336,38.96889902398151,5883.289996373439,5883.289996373439,58865.86484810432,0.42916666666666764,0.42916666666666764,0.6529800069816479,False,False,False,-156.05446109452123,-143.1120578650504,20.442623470167874,-42178.545257887876,-2.6324915261790956e+16,-2.156749411651345e+17,123.0,1238.0,0.09935379644588045,7.874016,1.1858641597151266e+16,-40.56039221238335,-29.51228762040608,4.178314104842652,-42674.88216148021,-2.6634694246544452e+16,-6.618709129608571e+16,49.0,1232.0,0.03977272727272727,7.874016,1.8108412876328056e+16,-496.3369035923315
argon_only_10kHz,argon_only,10,Lissajouswaveformsdifferentmediums/argon/Lissajousfigure10kHz-0005/Lissajousfigure10kHz-0005_46.csv,46,129994.38424272223,9995.202302903954,voltage activity-envelope rising edges,0.00047976970960462496,9.7933073,-1,-1,False,7.9047679999999945,26.966667693768112,37.9688990239815,5923.275795740845,5923.275795740845,59204.33987432414,0.4412070200519257,0.4412070200519257,0.6466290758909972,False,False,False,-153.27525815381566,-143.5800229853854,22.13065769633096,-41252.486852923044,-2.5746933994558668e+16,-2.1208163724615603e+17,130.0,1233.0,0.10543390105433902,7.874016,1.1921722690739854e+16,-38.412816867506265,-29.806672903588204,6.233940963702934,-41616.93709909619,-2.5974398497873956e+16,-6.654969838304356e+16,58.0,1240.0,0.0467741935483871,7.874016,1.808162229270907e+16,-364.4502461731463
argon_only_10kHz,argon_only,10,Lissajouswaveformsdifferentmediums/argon/Lissajousfigure10kHz-0005/Lissajousfigure10kHz-0005_47.csv,47,129994.38424272223,10005.603137766497,voltage activity-envelope rising edges,0.000560313776649673,9.7933073,-1,-1,False,7.9047679999999945,26.92796194682094,37.9688990239815,5955.012182124774,5955.012182124774,59583.48857490535,0.438541710591126,0.438541710591126,0.6424046779155944,False,False,False,-152.7647640429452,-141.8495505626147,20.305784057432465,-40620.0304260687,-2.5352198667820436e+16,-2.1134792946135536e+17,116.0,1227.0,0.0945395273023635,7.874016,1.1913440361021976e+16,-38.853934100318554,-30.244642128610238,6.581070773227482,-40905.45285525663,-2.553033950260377e+16,-6.864920691646325e+16,58.0,1242.0,0.04669887278582931,7.874016,1.80881769342857e+16,-285.42242918793636
argon_only_10kHz,argon_only,10,Lissajouswaveformsdifferentmediums/argon/Lissajousfigure10kHz-0005/Lissajousfigure10kHz-0005_48.csv,48,129994.38424272223,10005.603137766497,voltage activity-envelope rising edges,0.000560313776649673,9.7933073,-1,-1,False,7.9047679999999945,26.317739681956205,37.9688990239815,5846.528117429158,5846.528117429158,58498.04007678923,0.444791666666649,0.444791666666649,0.6521207072256474,False,False,False,-144.44418938709478,-133.02293942328333,23.66272043482795,-37568.60006818492,-2.344770800539e+16,-1.9971682687117917e+17,135.0,1230.0,0.10975609756097561,7.874016,1.2001826907661936e+16,-33.439949677408606,-22.310519802335147,7.593044693286932,-37953.30693100307,-2.3687815280365856e+16,-5.016150668550033e+16,62.0,1239.0,0.05004035512510089,7.874016,1.8004087337626532e+16,-384.7068628181514
argon_only_10kHz,argon_only,10,Lissajouswaveformsdifferentmediums/argon/Lissajousfigure10kHz-0005/Lissajousfigure10kHz-0005_49.csv,49,129994.38424272223,10005.603137766497,voltage activity-envelope rising edges,0.000560313776649673,9.95140266,-1,-1,False,7.9047679999999945,26.051274404016272,37.9688990239815,5836.931542487704,5836.931542487704,58402.0205564432,0.4401041886810584,0.4401041886810584,0.6601197517574835,False,False,False,-142.8384309882489,-132.92313203349457,24.323448981535915,-37184.3441617559,-2.3207882186037092e+16,-1.9896647932733952e+17,148.0,1253.0,0.11811652035115722,7.874016,1.1963876302431482e+16,-31.516740599894973,-23.251401138063287,7.863021339985813,-37766.578241174946,-2.357127221548262e+16,-5.177227909850546e+16,63.0,1243.0,0.050683829444891394,7.874016,1.813407883670374e+16,-582.2340794190459
argon_only_10kHz,argon_only,10,Lissajouswaveformsdifferentmediums/argon/Lissajousfigure10kHz-0005/Lissajousfigure10kHz-0005_50.csv,50,129994.38424272223,10005.603137766497,voltage activity-envelope rising edges,0.000560313776649673,10.109498020000002,-1,-1,False,7.9047679999999945,25.906741999961223,36.968897505910384,5927.005428449623,5927.005428449623,59303.264112454606,0.4427083776751233,0.4427083776751233,0.6534347511253641,False,False,False,-138.51599480353173,-124.96861482902916,25.872251946232193,-34777.46487844858,-2.1705675488508188e+16,-1.898270975126135e+17,163.0,1236.0,0.13187702265372167,7.874016,1.2077896803044402e+16,-31.365689862974804,-18.731383563992345,9.803364069600132,-35218.972970511044,-2.1981234141370108e+16,-4.172691332119267e+16,81.0,1235.0,0.06558704453441296,7.874016,1.8184073998886724e+16,-441.5080920624605
argon_only_10kHz,argon_only,10,Lissajouswaveformsdifferentmediums/argon/Lissajousfigure10kHz-0005/Lissajousfigure10kHz-0005_51.csv,51,129994.38424272223,9995.202302903954,voltage activity-envelope rising edges,0.00047976970960462496,10.109498020000002,-1,-1,False,7.9047679999999945,26.510315465320573,34.96889598783926,4934.040387788562,4934.040387788562,49316.73184664535,0.4422476586888635,0.4422476586888635,0.6524359525886405,False,False,False,-112.6378149576476,-14.689361560717346,60.16964269287271,-6406.826227174643,-3998695462258767.5,-2.2257180680778684e+16,496.0,1232.0,0.4025974025974026,7.874016,1.2068502686605196e+16,-13.457202770280773,42.75395925209807,51.97558834971808,-7598.829228824997,-4742660855526515.0,9.609696844964626e+16,456.0,1241.0,0.36744560838033846,7.874016,1.804173483287116e+16,-1192.0030016503542
argon_only_10kHz,argon_only,10,Lissajouswaveformsdifferentmediums/argon/Lissajousfigure10kHz-0005/Lissajousfigure10kHz-0005_52.csv,52,129994.38424272223,10005.603137766497,voltage activity-envelope rising edges,0.000560313776649673,10.109498020000002,-1,-1,False,7.9047679999999945,26.29535637688356,37.9688990239815,6376.089011634964,6376.089011634964,63796.61622149328,0.4406250000000036,0.4406250000000036,0.6578774069558023,False,False,False,-156.5794647078797,-134.21855327593485,24.952898415961023,-43660.983167462706,-2.725014993055009e+16,-2.0122202979555296e+17,140.0,1237.0,0.11317704122877931,7.874016,1.2042218549567454e+16,-39.05397589908877,-25.304501613921154,5.695914984254094,-44303.25135327232,-2.765100907501336e+16,-5.690876540889681e+16,49.0,1232.0,0.03977272727272727,7.874016,1.8009258726188118e+16,-642.2681858096112
argon_only_10kHz,argon_only,10,Lissajouswaveformsdifferentmediums/argon/Lissajousfigure10kHz-0005/Lissajousfigure10kHz-0005_53.csv,53,129994.38424272223,10005.603137766497,voltage activity-envelope rising edges,0.000560313776649673,10.109498020000002,-1,-1,False,7.9047679999999945,26.12428268349913,37.9688990239815,6705.487151231286,6705.487151231286,67092.44328061267,0.44583327782784643,0.44583327782784643,0.6599452872780125,False,False,False,-159.86937141500164,-146.82718212119397,25.358740638797126,-46293.60087465139,-2.8893246856598572e+16,-2.2016668981049213e+17,132.0,1231.0,0.10722989439480098,7.874016,1.2054216763328104e+16,-41.47209032439699,-29.553712432584803,6.493421011835821,-46552.46890805868,-2.9054814283871544e+16,-6.610483346820603e+16,56.0,1241.0,0.045124899274778404,7.874016,1.7949623594087388e+16,-258.8680334072924
argon_only_10kHz,argon_only,10,Lissajouswaveformsdifferentmediums/argon/Lissajousfigure10kHz-0005/Lissajousfigure10kHz-0005_54.csv,54,129994.38424272223,10005.603137766497,voltage activity-envelope rising edges,0.000560313776649673,10.26697826,-1,-1,False,7.9047679999999945,25.528577815822455,36.968897505910384,6568.1723686679225,6568.1723686679225,65718.52606133497,0.4406250000000002,0.4406250000000002,0.6682895843640813,False,False,False,-151.17236203667505,-139.4829931733855,26.800218146432652,-43568.397385523655,-2.7192364322983732e+16,-2.1132157169273357e+17,126.0,1222.0,0.10310965630114566,7.874016,1.2126515945949124e+16,-37.32643494314871,-26.621917762002784,8.255062058994717,-43720.89244116764,-2.7287541133685124e+16,-6.0063657863621656e+16,64.0,1246.0,0.051364365971107544,7.874016,1.790303736296547e+16,-152.49505564398714
argon_only_10kHz,argon_only,10,Lissajouswaveformsdifferentmediums/argon/Lissajousfigure10kHz-0005/Lissajousfigure10kHz-0005_55.csv,55,129994.38424272223,10005.603137766497,voltage activity-envelope rising edges,0.000560313776649673,10.26697826,-1,-1,False,7.9047679999999945,25.201093378191207,36.968897505910384,6574.459768999532,6574.459768999532,65781.43529382131,0.4458332778278532,0.4458332778278532,0.6698038487584572,False,False,False,-146.54865192794117,-132.68229585353959,29.227443061527563,-41233.3009247528,-2.5734959472198724e+16,-1.9968045534399328e+17,134.0,1230.0,0.10894308943089431,7.874016,1.212025334657925e+16,-35.36160592769713,-22.332733667601303,7.416126504393242,-41672.36014414547,-2.600898970901109e+16,-5.068563048909761e+16,62.0,1240.0,0.05,7.874016,1.7951740136024412e+16,-439.0592193926641
argon_only_10kHz,argon_only,10,Lissajouswaveformsdifferentmediums/argon/Lissajousfigure10kHz-0005/Lissajousfigure10kHz-0005_56.csv,56,129994.38424272223,10005.603137766497,voltage activity-envelope rising edges,0.000560313776649673,10.26697826,-1,-1,False,7.9047679999999945,25.076675745536647,36.968897505910384,6257.050325844499,6257.050325844499,62605.5623734326,0.44270833333333415,0.44270833333333415,0.6766727260840144,False,False,False,-140.1630821477416,-128.4690310305669,29.233247581359112,-39266.74745607068,-2.4507573532159544e+16,-1.96565632570889e+17,152.0,1244.0,0.12218649517684887,7.874016,1.2167320150184758e+16,-31.49824023144754,-20.50623348298235,7.18923307479893,-40136.47735988773,-2.5050398465514676e+16,-4.56248758285069e+16,56.0,1227.0,0.045639771801140996,7.874016,1.8001587750360328e+16,-869.7299038170459
argon_only_10kHz,argon_only,10,Lissajouswaveformsdifferentmediums/argon/Lissajousfigure10kHz-0005/Lissajousfigure10kHz-0005_57.csv,57,129994.38424272223,10005.603137766497,voltage activity-envelope rising edges,0.000560313776649673,10.26697826,-1,-1,False,7.9047679999999945,26.143842931579243,37.9688990239815,6672.350422970413,6672.350422970413,66760.89032835038,0.445833333333332,0.445833333333332,0.6681005296764424,False,False,False,-160.11458376763653,-146.38344167405674,25.995019454492788,-47188.59963216736,-2.9451842851480828e+16,-2.2071295582520896e+17,132.0,1228.0,0.10749185667752444,7.874016,1.2130356716909668e+16,-42.115517568924574,-31.573722136819,8.721943747582333,-47385.25053796146,-2.9574578673675076e+16,-7.126938139233599e+16,65.0,1243.0,0.05229283990345937,7.874016,1.8052091339572612e+16,-196.65090579410025
argon_only_10kHz,argon_only,10,Lissajouswaveformsdifferentmediums/argon/Lissajousfigure10kHz-0005/Lissajousfigure10kHz-0005_58.csv,58,129994.38424272223,10005.603137766497,voltage activity-envelope rising edges,0.000560313776649673,10.26697826,-1,-1,False,7.9047679999999945,26.27904656715678,37.9688990239815,6593.85935554071,6593.85935554071,65975.53985778909,0.43645837704911655,0.43645837704911655,0.6760703386111869,False,False,False,-162.48596549695856,-153.12806316704675,25.553155482969565,-48210.20514286015,-3.008945797868669e+16,-2.2779613634276758e+17,134.0,1234.0,0.1085899513776337,7.874016,1.210664233100336e+16,-40.83159107173877,-28.49206725915261,5.555870254534111,-48693.968824980395,-3.039138963281755e+16,-6.43079832306584e+16,56.0,1239.0,0.04519774011299435,7.874016,1.8001587737333432e+16,-483.7636821202468
argon_only_10kHz,argon_only,10,Lissajouswaveformsdifferentmediums/argon/Lissajousfigure10kHz-0005/Lissajousfigure10kHz-0005_59.csv,59,129994.38424272223,10005.603137766497,voltage activity-envelope rising edges,0.000560313776649673,10.4244585,-1,-1,False,7.9047679999999945,26.37950631986496,38.96889902398151,6937.517421458335,6937.517421458335,69414.04608045325,0.4406249439728499,0.4406249439728499,0.6789751783147595,False,False,False,-168.80161974918155,-156.30933340940345,25.657521171260875,-51388.000963164886,-3.2072817176527948e+16,-2.362705924492558e+17,123.0,1230.0,0.1,7.874016,1.2175183823558494e+16,-44.838384333393336,-35.82586536505853,5.537638518147631,-51750.593249576195,-3.2299122070544456e+16,-7.937507692362066e+16,56.0,1239.0,0.04519774011299435,7.874016,1.7965572239261778e+16,-362.59228641130903
argon_only_10kHz,argon_only,10,Lissajouswaveformsdifferentmediums/argon/Lissajousfigure10kHz-0005/Lissajousfigure10kHz-0005_60.csv,60,129994.38424272223,10005.603137766497,voltage activity-envelope rising edges,0.000560313776649673,10.109498020000002,-1,-1,False,7.9047679999999945,26.843440423162477,38.96889902398151,7181.967086408786,7181.967086408786,71859.91241510745,0.44270837767513194,0.44270837767513194,0.6611901232763572,False,False,False,-176.1960505873968,-163.51985659841486,22.679041496920153,-53223.45876831681,-3.321838231851636e+16,-2.4704915101383504e+17,121.0,1228.0,0.0985342019543974,7.874016,1.2074445240776228e+16,-51.652508966743966,-39.45773474037424,3.3163968759477145,-53620.220017246655,-3.3466013103157692e+16,-8.791104484647725e+16,56.0,1243.0,0.04505229283990346,7.874016,1.7929252080078916e+16,-396.7612489298481
argon_only_10kHz,argon_only,10,Lissajouswaveformsdifferentmediums/argon/Lissajousfigure10kHz-0005/Lissajousfigure10kHz-0005_61.csv,61,129994.38424272223,10005.603137766497,voltage activity-envelope rising edges,0.000560313776649673,10.109498020000002,-1,-1,False,7.9047679999999945,26.700100863865465,38.96889902398151,7136.413550411436,7136.413550411436,71404.121812396,0.4437499999999963,0.4437499999999963,0.6550181477815796,False,False,False,-173.7343908400025,-163.11176124324388,22.376734683158286,-52285.44740719707,-3.263294084714517e+16,-2.4282892160343818e+17,128.0,1239.0,0.1033091202582728,7.874016,1.2078111814230482e+16,-51.29552528049585,-38.65813184897448,3.177153156078928,-52836.05217999907,-3.297659006259647e+16,-8.68450291275615e+16,47.0,1233.0,0.038118410381184104,7.874016,1.7898408397704506e+16,-550.6047728019985
argon_only_10kHz,argon_only,10,Lissajouswaveformsdifferentmediums/argon/Lissajousfigure10kHz-0005/Lissajousfigure10kHz-0005_62.csv,62,129994.38424272223,10005.603137766497,voltage activity-envelope rising edges,0.000560313776649673,10.109498020000002,-1,-1,False,7.9047679999999945,26.86673412575251,38.96889902398151,7180.150824422916,7180.150824422916,71841.73961848264,0.44687494459885446,0.44687494459885446,0.6548389708056176,False,False,False,-174.83095689578565,-163.84870074687083,21.453636349519662,-52519.75369887288,-3.277917854301537e+16,-2.4927123842159213e+17,118.0,1249.0,0.0944755804643715,7.874016,1.2081692615213872e+16,-52.49307351580073,-41.65741973068473,0.46596040929507154,-53240.690897525215,-3.3229137415412616e+16,-9.29113730791838e+16,34.0,1221.0,0.027846027846027847,7.874016,1.7965506926731724e+16,-720.9371986523329
argon_only_10kHz,argon_only,10,Lissajouswaveformsdifferentmediums/argon/Lissajousfigure10kHz-0005/Lissajousfigure10kHz-0005_63.csv,63,129994.38424272223,10005.603137766497,voltage activity-envelope rising edges,0.000560313776649673,10.26697826,-1,-1,False,7.9047679999999945,26.720922105100765,38.96889902398151,7118.382616888271,7118.382616888271,71223.71144735978,0.4427083776751069,0.4427083776751069,0.6701749444603614,False,False,False,-173.6389803783807,-160.441069773437,23.470092903164293,-52997.61426453917,-3.30774258823013e+16,-2.437345458193831e+17,121.0,1238.0,0.09773828756058159,7.874016,1.2156441351758798e+16,-47.783011153884615,-37.161558837895804,2.2849432578245295,-53511.14551120749,-3.339793638047448e+16,-8.350504481923109e+16,44.0,1233.0,0.035685320356853206,7.874016,1.7888527259783622e+16,-513.5312466683245
argon_only_10kHz,argon_only,10,Lissajouswaveformsdifferentmediums/argon/Lissajousfigure10kHz-0005/Lissajousfigure10kHz-0005_64.csv,64,129994.38424272223,10005.603137766497,voltage activity-envelope rising edges,0.000560313776649673,9.95140266,-1,-1,False,7.9047679999999945,27.10905934967143,38.96889902398151,7257.3970691168215,7257.3970691168215,72614.63488677265,0.4489583333333204,0.4489583333333204,0.6631016142386589,False,False,False,-177.09231113204902,-165.36896420029288,21.21697849124361,-54363.33442969531,-3.3929813450417604e+16,-2.4986633506030746e+17,118.0,1241.0,0.09508460918614021,7.874016,1.2076097754509422e+16,-51.78736577079488,-40.039633823400784,0.45584926424168215,-54894.46613631359,-3.4261308931925748e+16,-9.041546364521658e+16,43.0,1230.0,0.034959349593495934,7.874016,1.7892726479784282e+16,-531.1317066182819
argon_only_20kHz,argon_only,20,Lissajouswaveformsdifferentmediums/argon/Lissajousfigure1 20 kHz/Lissajousfigure1_01.csv,1,119994.81622405129,19990.404605807908,voltage activity-envelope rising edges,0.00047976970960462496,7.42310524,1,-1,True,7.9047679999999945,75.65147664329307,63.949463032944216,1770.809740443384,1770.809740443384,35399.20319136893,0.41041666666665694,0.41041666666665694,0.7600108100832876,False,False,False,-356.4406413341934,-344.56122773645495,-46.286774730002314,-118290.85167681817,-7.38289248146833e+16,-4.917903871527833e+17,0.0,736.0,0.0,13.27427360152095,1.9072683562182984e+16,-347.50211457494345,-123.01007287465036,-41.963203879274324,-108839.43728101108,-6.79300091087851e+16,-1.322540044754904e+17,0.0,890.0,0.0,24.23484933823303,2.8540490420121456e+16,9451.414395807093
argon_only_20kHz,argon_only,20,Lissajouswaveformsdifferentmediums/argon/Lissajousfigure1 20 kHz/Lissajousfigure1_02.csv,2,119994.81622405129,19990.404605807908,voltage activity-envelope rising edges,0.00047976970960462496,7.42310524,1,-1,True,7.9047679999999945,75.48405756524589,63.949463032944216,1772.0813262757663,1772.0813262757663,35424.622706649265,0.4250000000000009,0.4250000000000009,0.7583661331272303,False,False,False,-353.6934941273012,-343.8185824892962,-45.971202790755164,-119445.29760596229,-7.454944969464832e+16,-4.885995579834865e+17,0.0,754.0,0.0,13.27427360152095,1.9061074025716016e+16,-346.9348429722062,-119.87482689849156,-41.69541928543642,-109826.80283614271,-6.854625403644511e+16,-1.293060722678065e+17,0.0,894.0,0.0,24.23484933823303,2.851896990403405e+16,9618.494769819576
argon_only_20kHz,argon_only,20,Lissajouswaveformsdifferentmediums/argon/Lissajousfigure1 20 kHz/Lissajousfigure1_03.csv,3,119994.81622405129,19990.404605807908,voltage activity-envelope rising edges,0.00047976970960462496,7.265625,1,-1,True,7.9047679999999945,76.03193812278997,63.949463032944216,1775.1788628694092,1775.1788628694092,35486.54371643748,0.42708333333332354,0.42708333333332354,0.759065188161556,False,False,False,-359.1761690266185,-348.36527661861896,-45.110117017408754,-121147.74262990909,-7.56119975070311e+16,-4.931422894932126e+17,0.0,777.0,0.0,13.27427360152095,1.8969153475796936e+16,-345.2654173803072,-119.3641401838302,-43.537939131699055,-113841.74370546069,-7.105210096690868e+16,-1.2905269082313192e+17,0.0,924.0,0.0,24.23484933823303,2.851577864508568e+16,7305.998924448402
argon_only_20kHz,argon_only,20,Lissajouswaveformsdifferentmediums/argon/Lissajousfigure1 20 kHz/Lissajousfigure1_04.csv,4,119994.81622405129,19990.404605807908,voltage activity-envelope rising edges,0.00047976970960462496,7.265625,1,-1,True,7.9047679999999945,75.68821774771708,63.949463032944216,1774.5175885722895,1774.5175885722895,35473.32457568264,0.4270833333333149,0.4270833333333149,0.7592400721127696,False,False,False,-357.54034719655397,-348.05972306922985,-47.282524414210116,-121210.484676254,-7.565115672988438e+16,-4.943539771630771e+17,0.0,777.0,0.0,13.27427360152095,1.8969153325657064e+16,-345.4146655244762,-118.6352485486617,-42.48483521840988,-112465.67812555221,-7.019325651022406e+16,-1.2840210115867709e+17,0.0,919.0,0.0,24.23484933823303,2.856605605576163e+16,8744.80655070179
argon_only_20kHz,argon_only,20,Lissajouswaveformsdifferentmediums/argon/Lissajousfigure1 20 kHz/Lissajousfigure1_05.csv,5,119994.81622405129,19990.404605807908,voltage activity-envelope rising edges,0.00047976970960462496,7.42310524,1,-1,True,7.9047679999999945,75.19355654978732,63.949463032944216,1772.6721874599339,1772.6721874599339,35436.434260786635,0.4250000000000009,0.4250000000000009,0.7571692645127963,False,False,False,-356.35983389943186,-345.678702775944,-45.557513559296275,-120510.98562404042,-7.521457805789282e+16,-4.902286620230974e+17,0.0,767.0,0.0,13.27427360152095,1.90591222662144e+16,-345.3526692610847,-123.62305036573647,-39.606290115826944,-110102.58585863805,-6.871837862380206e+16,-1.3314989392712094e+17,0.0,907.0,0.0,24.23484933823303,2.8660977437733896e+16,10408.39976540237
argon_only_20kHz,argon_only,20,Lissajouswaveformsdifferentmediums/argon/Lissajousfigure1 20 kHz/Lissajousfigure1_06.csv,6,119994.81622405129,19990.404605807908,voltage activity-envelope rising edges,0.00047976970960462496,7.42310524,1,-1,True,7.9047679999999945,75.5356185568725,63.949463032944216,1774.5466906680606,1774.5466906680606,35473.90633835198,0.42500000000001825,0.42500000000001825,0.7553659417193878,False,False,False,-357.3357065384089,-347.9660723518501,-46.615385912816734,-121199.00212033738,-7.564399011686714e+16,-4.950356448823108e+17,0.0,771.0,0.0,13.27427360152095,1.9059086727699884e+16,-345.22735131351214,-121.62060619772933,-42.11157990040725,-111905.65310736187,-6.9843727832594136e+16,-1.3065487342749171e+17,0.0,910.0,0.0,24.23484933823303,2.85190185145948e+16,9293.349012975508
argon_only_20kHz,argon_only,20,Lissajouswaveformsdifferentmediums/argon/Lissajousfigure1 20 kHz/Lissajousfigure1_07.csv,7,119994.81622405129,19990.404605807908,voltage activity-envelope rising edges,0.00047976970960462496,7.42310524,1,-1,True,7.9047679999999945,75.43410066303578,63.949463032944216,1773.9170218602353,1773.9170218602353,35461.319004115896,0.42708321856634895,0.42708321856634895,0.761024416135277,False,False,False,-356.06917069217866,-347.2519617708701,-46.291617913414505,-120527.91942719358,-7.52251469604081e+16,-4.928997945159353e+17,0.0,765.0,0.0,13.27427360152095,1.904928668546209e+16,-344.2387035250882,-119.51240256854737,-42.48355954112527,-111980.78384157969,-6.9890619213028136e+16,-1.2834554875409245e+17,0.0,908.0,0.0,24.23484933823303,2.8585559249724944e+16,8547.135585613898
argon_only_20kHz,argon_only,20,Lissajouswaveformsdifferentmediums/argon/Lissajousfigure1 20 kHz/Lissajousfigure1_08.csv,8,119994.81622405129,19990.404605807908,voltage activity-envelope rising edges,0.00047976970960462496,7.42310524,1,-1,True,7.9047679999999945,75.48437749926966,63.949463032944216,1772.6721655694762,1772.6721655694762,35436.43382318754,0.42708333333332354,0.42708333333332354,0.7615926884217165,False,False,False,-355.2127473539318,-343.96790890332784,-47.99042969755158,-119484.98522061462,-7.457421994422134e+16,-4.8867046862111354e+17,0.0,745.0,0.0,13.27427360152095,1.905908672827715e+16,-345.7412019760036,-118.8832277061459,-41.93240559577301,-110611.13355931584,-6.9035778739075544e+16,-1.2826059146985336e+17,0.0,902.0,0.0,24.23484933823303,2.856617887566742e+16,8873.851661298773
argon_only_20kHz,argon_only,20,Lissajouswaveformsdifferentmediums/argon/Lissajousfigure1 20 kHz/Lissajousfigure1_09.csv,9,119994.81622405129,19990.404605807908,voltage activity-envelope rising edges,0.00047976970960462496,7.42310524,1,-1,True,7.9047679999999945,75.51726684002912,63.949463032944216,1773.3043233265785,1773.3043233265785,35449.07091252671,0.42500000000000954,0.42500000000000954,0.7625995615287895,False,False,False,-354.24052275919166,-345.21513830506075,-48.46471657621461,-119148.87950829358,-7.436444612813174e+16,-4.918247412544941e+17,0.0,738.0,0.0,13.27427360152095,1.9059597394978756e+16,-347.06115121093126,-117.48536444803577,-43.44220964392963,-110504.26900303806,-6.896908131337485e+16,-1.2684400265888938e+17,0.0,896.0,0.0,24.23484933823303,2.8554533794911076e+16,8644.610505255521
argon_only_20kHz,argon_only,20,Lissajouswaveformsdifferentmediums/argon/Lissajousfigure1 20 kHz/Lissajousfigure1_10.csv,10,119994.81622405129,19990.404605807908,voltage activity-envelope rising edges,0.00047976970960462496,7.42310524,1,-1,True,7.9047679999999945,75.8316314103595,63.949463032944216,1773.8927011551395,1773.8927011551395,35460.83282338073,0.4270833333333316,0.4270833333333316,0.7630551456094371,False,False,False,-355.1641205971293,-345.34932392346514,-46.59192296518368,-119412.18336092119,-7.452878208533806e+16,-4.9058952064397094e+17,0.0,748.0,0.0,13.27427360152095,1.9049322250544344e+16,-344.2230822242586,-116.6510513234091,-42.7026547421808,-112797.4905791207,-7.040035077271203e+16,-1.259059736283227e+17,0.0,919.0,0.0,24.23484933823303,2.851663304865294e+16,6614.6927818004915
argon_only_20kHz,argon_only,20,Lissajouswaveformsdifferentmediums/argon/Lissajousfigure1 20 kHz/Lissajousfigure1_11.csv,11,119994.81622405129,19990.404605807908,voltage activity-envelope rising edges,0.00047976970960462496,7.42310524,1,-1,True,7.9047679999999945,75.68571205867549,63.949463032944216,1773.3115875452156,1773.3115875452156,35449.21612719641,0.42708333333333226,0.42708333333333226,0.7596288502015349,False,False,False,-355.62603176775195,-344.5908028828484,-45.60646703823622,-120745.83427038425,-7.536115425383669e+16,-4.8838747343689984e+17,0.0,771.0,0.0,13.27427360152095,1.898527322986803e+16,-343.75470471432016,-117.37254905688332,-41.3821492182077,-114293.39217269409,-7.133398853688867e+16,-1.2659974428999885e+17,0.0,940.0,0.0,24.23484933823303,2.8516633048655036e+16,6452.44209769016
argon_only_20kHz,argon_only,20,Lissajouswaveformsdifferentmediums/argon/Lissajousfigure1 20 kHz/Lissajousfigure1_12.csv,12,119994.81622405129,19990.404605807908,voltage activity-envelope rising edges,0.00047976970960462496,7.42310524,1,-1,True,7.9047679999999945,75.73556365009527,63.949463032944216,1774.5588968163352,1774.5588968163352,35474.15034419466,0.42708321856635795,0.42708321856635795,0.7578137336770786,False,False,False,-356.4523706765856,-345.3502908210357,-45.48633946275643,-120742.83902788977,-7.535928483173182e+16,-4.906267026582624e+17,0.0,773.0,0.0,13.27427360152095,1.903832907703862e+16,-344.5740801547021,-118.195297997224,-42.00720469575979,-114356.46346282607,-7.1373353250821416e+16,-1.2739643564491616e+17,0.0,941.0,0.0,24.23484933823303,2.8515849440360428e+16,6386.375565063703
argon_only_20kHz,argon_only,20,Lissajouswaveformsdifferentmediums/argon/Lissajousfigure1 20 kHz/Lissajousfigure1_13.csv,13,119994.81622405129,19990.404605807908,voltage activity-envelope rising edges,0.00047976970960462496,7.265625,1,-1,True,7.9047679999999945,75.9367309634352,64.94946455101532,1773.3237581146627,1773.3237581146627,35449.45942180394,0.42708321856635667,0.42708321856635667,0.759050010726918,False,False,False,-357.30605961409015,-345.77333000802366,-45.46171007049192,-121170.86999346242,-7.562643199930787e+16,-4.896995260551835e+17,0.0,777.0,0.0,13.27427360152095,1.8969155827601524e+16,-344.4011217940773,-117.60350168464336,-43.22879016782131,-115317.31832886543,-7.197305204964699e+16,-1.2708050554990122e+17,0.0,943.0,0.0,24.23484933823303,2.8563260574462908e+16,5853.551664596991
argon_only_20kHz,argon_only,20,Lissajouswaveformsdifferentmediums/argon/Lissajousfigure1 20 kHz/Lissajousfigure1_14.csv,14,119994.81622405129,19990.404605807908,voltage activity-envelope rising edges,0.00047976970960462496,7.265625,1,-1,True,7.9047679999999945,76.36849790590965,64.94946455101532,1777.0169710074372,1777.0169710074372,35523.28824182589,0.42708321856635795,0.42708321856635795,0.7604622178547896,False,False,False,-359.25617317382216,-348.1459649190704,-44.493996105447756,-120923.2613187079,-7.547189188083902e+16,-4.934729265180047e+17,0.0,778.0,0.0,13.27427360152095,1.905908672827715e+16,-347.027911184328,-117.9958687566144,-40.5474029758122,-114918.16878805764,-7.172393065927418e+16,-1.2709184580811195e+17,0.0,938.0,0.0,24.23484933823303,2.8407795906949256e+16,6005.092530650261
argon_only_20kHz,argon_only,20,Lissajouswaveformsdifferentmediums/argon/Lissajousfigure1 20 kHz/Lissajousfigure1_15.csv,15,119994.81622405129,19990.404605807908,voltage activity-envelope rising edges,0.00047976970960462496,7.42310524,1,-1,True,7.9047679999999945,75.91625163102239,63.949463032944216,1773.2921432013118,1773.2921432013118,35448.82742689448,0.42499999999999744,0.42499999999999744,0.7551434842205229,False,False,False,-357.01672340326394,-346.7627071795045,-46.772766961318865,-120168.00071882553,-7.500051072791141e+16,-4.918641795749635e+17,0.0,755.0,0.0,13.27427360152095,1.9059122388242692e+16,-349.7242660195787,-119.977503603883,-42.72967929274189,-110561.95523470895,-6.900508504824108e+16,-1.2890557076324291e+17,0.0,901.0,0.0,24.23484933823303,2.8474122328874196e+16,9606.045484116577
argon_only_20kHz,argon_only,20,Lissajouswaveformsdifferentmediums/argon/Lissajousfigure1 20 kHz/Lissajousfigure1_16.csv,16,119994.81622405129,19990.404605807908,voltage activity-envelope rising edges,0.00047976970960462496,7.42310524,1,-1,True,7.9047679999999945,75.62061456249248,63.949463032944216,1771.4248959156535,1771.4248959156535,35411.50039815507,0.4104166666666638,0.4104166666666638,0.7615984722003707,False,False,False,-356.50802570742894,-346.1897391865419,-49.09028490424672,-118716.45383350129,-7.409455608862638e+16,-4.9296181497678074e+17,0.0,725.0,0.0,13.27427360152095,1.90721507521466e+16,-348.94330879956635,-338.40175079586004,-42.88411981160891,-107491.0985428677,-6.70884698188738e+16,-3.922519297443166e+17,0.0,862.0,0.0,24.23484933823303,2.858547696074124e+16,11225.355290633597
argon_only_20kHz,argon_only,20,Lissajouswaveformsdifferentmediums/argon/Lissajousfigure1 20 kHz/Lissajousfigure1_17.csv,17,119994.81622405129,19990.404605807908,voltage activity-envelope rising edges,0.00047976970960462496,7.42310524,1,-1,True,7.9047679999999945,75.81484229995588,63.949463032944216,1771.4078835882733,1771.4078835882733,35411.16031484745,0.41041666666666676,0.41041666666666676,0.7614666402555599,False,False,False,-356.73336645666393,-347.72532440186194,-48.037821368716116,-119318.18364633858,-7.447011399932678e+16,-4.9611787823762675e+17,0.0,740.0,0.0,13.27427360152095,1.9072111243830584e+16,-350.145498563463,-336.98525971048593,-42.39434855270655,-107550.30159197506,-6.712542024571906e+16,-3.924438831090267e+17,0.0,867.0,0.0,24.23484933823303,2.8585482650771904e+16,11767.882054363523
argon_only_20kHz,argon_only,20,Lissajouswaveformsdifferentmediums/argon/Lissajousfigure1 20 kHz/Lissajousfigure1_18.csv,18,119994.81622405129,19990.404605807908,voltage activity-envelope rising edges,0.00047976970960462496,7.42310524,1,-1,True,7.9047679999999945,75.71712555693898,63.949463032944216,1771.4054433617043,1771.4054433617043,35411.11153373101,0.4250000851362352,0.4250000851362352,0.7614026167908954,False,False,False,-356.021648408158,-346.2823786515083,-48.78229719656774,-118522.03419314574,-7.397321286717826e+16,-4.9126523610031424e+17,0.0,723.0,0.0,13.27427360152095,1.906071431080381e+16,-349.59911135496,-120.34129102559763,-44.558702575099105,-107919.42026936387,-6.73557984592016e+16,-1.3069769030677218e+17,0.0,866.0,0.0,24.23484933823303,2.858612826712342e+16,10602.613923781872
argon_only_20kHz,argon_only,20,Lissajouswaveformsdifferentmediums/argon/Lissajousfigure1 20 kHz/Lissajousfigure1_19.csv,19,119994.81622405129,19990.404605807908,voltage activity-envelope rising edges,0.00047976970960462496,7.42310524,1,-1,True,7.9047679999999945,75.63071463484845,63.949463032944216,1770.1824508749705,1770.1824508749705,35386.66341909135,0.4104166666666678,0.4104166666666678,0.765244356725066,False,False,False,-353.82657477976716,-343.80292812443093,-48.6319517843952,-118835.56200832088,-7.416889512971803e+16,-4.889071497172469e+17,0.0,736.0,0.0,13.27427360152095,1.9083944435839024e+16,-348.29994405095505,-124.4642364541423,-43.8060920198272,-108567.27437300685,-6.776014394518574e+16,-1.3432491000366226e+17,0.0,875.0,0.0,24.23484933823303,2.8585477248677324e+16,10268.287635314031
argon_only_20kHz,argon_only,20,Lissajouswaveformsdifferentmediums/argon/Lissajousfigure1 20 kHz/Lissajousfigure1_20.csv,20,119994.81622405129,19990.404605807908,voltage activity-envelope rising edges,0.00047976970960462496,7.42310524,1,-1,True,7.9047679999999945,76.0053938769505,63.949463032944216,1775.7940086907572,1775.7940086907572,35498.8407302978,0.42708321856635667,0.42708321856635667,0.763671228774002,False,False,False,-357.7169030355955,-346.1804136387242,-46.92494300556859,-120928.7986675534,-7.54753479089747e+16,-4.9223526351811635e+17,0.0,770.0,0.0,13.27427360152095,1.905945564463956e+16,-342.5525016784043,-117.1845357668467,-44.689653585823756,-117973.45373278143,-7.363082708679946e+16,-1.2614596617401491e+17,0.0,956.0,0.0,24.23484933823303,2.8473845544214372e+16,2955.3449347719725
argon_only_20kHz,argon_only,20,Lissajouswaveformsdifferentmediums/argon/Lissajousfigure1 20 kHz/Lissajousfigure1_21.csv,21,119994.81622405129,19990.404605807908,voltage activity-envelope rising edges,0.00047976970960462496,7.42310524,1,-1,True,7.9047679999999945,75.78433473117241,63.949463032944216,1776.4310102968254,1776.4310102968254,35511.574650137656,0.42708333333333226,0.42708333333333226,0.762623767564643,False,False,False,-354.41928143525536,-343.6500066420981,-47.51825263625707,-119393.54764794119,-7.451715096904322e+16,-4.879395307046443e+17,0.0,747.0,0.0,13.27427360152095,1.906091405836511e+16,-344.9183624545878,-115.712361251753,-42.932842373289105,-113354.09413208204,-7.074774400964163e+16,-1.2442139075983584e+17,0.0,919.0,0.0,24.23484933823303,2.851633919443706e+16,6039.453515859146
argon_only_20kHz,argon_only,20,Lissajouswaveformsdifferentmediums/argon/Lissajousfigure1 20 kHz/Lissajousfigure1_22.csv,22,119994.81622405129,19990.404605807908,voltage activity-envelope rising edges,0.00047976970960462496,7.42310524,1,-1,True,7.9047679999999945,75.72313697192543,63.949463032944216,1777.012128640275,1777.012128640275,35523.19144094707,0.42708333333333226,0.42708333333333226,0.7599792856814273,False,False,False,-354.5869380025814,-345.18632017739355,-46.07957415229158,-119851.64167246301,-7.480306140772091e+16,-4.876953302809379e+17,0.0,754.0,0.0,13.27427360152095,1.9082860446108052e+16,-343.7817681195391,-117.73403466357892,-43.7990344720743,-113512.23337429782,-7.084644352915898e+16,-1.2676878508253712e+17,0.0,921.0,0.0,24.23484933823303,2.8446453557398964e+16,6339.408298165188
argon_only_20kHz,argon_only,20,Lissajouswaveformsdifferentmediums/argon/Lissajousfigure1 20 kHz/Lissajousfigure1_23.csv,23,119994.81622405129,19990.404605807908,voltage activity-envelope rising edges,0.00047976970960462496,7.42310524,1,-1,True,7.9047679999999945,75.68436471230821,63.949463032944216,1775.212864576289,1775.212864576289,35487.22342431529,0.42708321856635295,0.42708321856635295,0.758777224857261,False,False,False,-357.1032525408052,-348.5730960613312,-45.39929211111961,-121324.84546576373,-7.57225327831529e+16,-4.945704148255943e+17,0.0,778.0,0.0,13.27427360152095,1.9048197659459816e+16,-345.9296200748231,-118.17201194601095,-41.72486373300882,-113882.49548369701,-7.107753539339919e+16,-1.2812141615450246e+17,0.0,922.0,0.0,24.23484933823303,2.8563260325799416e+16,7442.34998206672
argon_only_20kHz,argon_only,20,Lissajouswaveformsdifferentmediums/argon/Lissajousfigure1 20 kHz/Lissajousfigure1_24.csv,24,119994.81622405129,19990.404605807908,voltage activity-envelope rising edges,0.00047976970960462496,7.42310524,1,-1,True,7.9047679999999945,75.70653925071943,63.949463032944216,1772.6673016013256,1772.6673016013256,35436.33659049621,0.4260416666666579,0.4260416666666579,0.7602134410573522,False,False,False,-355.8347267872637,-346.35795702085534,-47.89170688261316,-120546.72977582354,-7.523688707213315e+16,-4.9209494346247616e+17,0.0,767.0,0.0,13.27427360152095,1.905944224166806e+16,-345.192514588616,-117.30383513673789,-42.555422234829166,-112261.26588181868,-7.006567660053642e+16,-1.262017246008726e+17,0.0,920.0,0.0,24.23484933823303,2.856326057446244e+16,8285.46389400486
argon_only_20kHz,argon_only,20,Lissajouswaveformsdifferentmediums/argon/Lissajousfigure1 20 kHz/Lissajousfigure1_25.csv,25,119994.81622405129,19990.404605807908,voltage activity-envelope rising edges,0.00047976970960462496,7.42310524,1,-1,True,7.9047679999999945,76.16649325764715,63.949463032944216,1773.9898863020069,1773.9898863020069,35462.77559378828,0.42708321856634057,0.42708321856634057,0.7592133113290092,False,False,False,-356.4601639067186,-346.9785991175889,-48.32392146750001,-119225.76386201312,-7.441243199592896e+16,-4.918258753151455e+17,0.0,739.0,0.0,13.27427360152095,1.9059060191878596e+16,-348.5447048616501,-117.2913985913611,-42.9172497811044,-110920.61698441501,-6.922893677453768e+16,-1.2615288303309595e+17,0.0,902.0,0.0,24.23484933823303,2.8461606708171532e+16,8305.146877598105
argon_only_20kHz,argon_only,20,Lissajouswaveformsdifferentmediums/argon/Lissajousfigure1 20 kHz/Lissajousfigure1_26.csv,26,119994.81622405129,19990.404605807908,voltage activity-envelope rising edges,0.00047976970960462496,7.42310524,1,-1,True,7.9047679999999945,75.85176555286479,63.949463032944216,1775.8061441676628,1775.8061441676628,35499.08332339123,0.4250000000000009,0.4250000000000009,0.7582044965117577,False,False,False,-358.0436043482652,-349.2952494615936,-47.692760834992065,-120539.07083436966,-7.523210689340637e+16,-4.933940277434727e+17,0.0,764.0,0.0,13.27427360152095,1.9047798289209744e+16,-347.01651604063204,-118.69740798775133,-41.9974603832169,-111644.93789388963,-6.968100752395967e+16,-1.285897350442591e+17,0.0,910.0,0.0,24.23484933823303,2.8554533794911544e+16,8894.132940480034
argon_only_20kHz,argon_only,20,Lissajouswaveformsdifferentmediums/argon/Lissajousfigure1 20 kHz/Lissajousfigure1_27.csv,27,119994.81622405129,19990.404605807908,voltage activity-envelope rising edges,0.00047976970960462496,7.42310524,1,-1,True,7.9047679999999945,75.9596995083226,63.949463032944216,1775.1715765887639,1775.1715765887639,35486.39806073931,0.408333333333336,0.408333333333336,0.7591134916719069,False,False,False,-356.4946999113005,-345.7740763819843,-46.64294078595192,-119992.91766156309,-7.489123605715099e+16,-4.912988931274713e+17,0.0,758.0,0.0,13.27427360152095,1.9062063850837556e+16,-346.50159875307565,-118.60652601426091,-44.281730923079806,-110935.73372960172,-6.923837159581094e+16,-1.2836362011225037e+17,0.0,888.0,0.0,24.23484933823303,2.8516633048657372e+16,9057.183931961365
argon_only_20kHz,argon_only,20,Lissajouswaveformsdifferentmediums/argon/Lissajousfigure1 20 kHz/Lissajousfigure1_28.csv,28,119994.81622405129,19990.404605807908,voltage activity-envelope rising edges,0.00047976970960462496,7.42310524,1,-1,True,7.9047679999999945,75.99798697172795,63.949463032944216,1774.5637217171409,1774.5637217171409,35474.246795913954,0.4250000000000009,0.4250000000000009,0.7573980788227728,False,False,False,-358.4211402954334,-347.4358889608651,-48.11159702394705,-119576.0492594566,-7.463105578555382e+16,-4.949390263442104e+17,0.0,745.0,0.0,13.27427360152095,1.90824152228122e+16,-349.12044597996083,-117.44961213612845,-41.5911793101786,-111405.1095058461,-6.953132331948994e+16,-1.2628493809346522e+17,0.0,908.0,0.0,24.23484933823303,2.8448937674386144e+16,8170.939753610495
argon_only_20kHz,argon_only,20,Lissajouswaveformsdifferentmediums/argon/Lissajousfigure1 20 kHz/Lissajousfigure1_29.csv,29,119994.81622405129,19990.404605807908,voltage activity-envelope rising edges,0.00047976970960462496,7.42310524,1,-1,True,7.9047679999999945,75.70750737973898,63.949463032944216,1772.0472658614017,1772.0472658614017,35423.94182518507,0.42500000000001825,0.42500000000001825,0.7592371414638031,False,False,False,-356.8906106756525,-345.93578419141585,-46.593887774090945,-119913.57629419453,-7.484171669227102e+16,-4.9107727904128864e+17,0.0,758.0,0.0,13.27427360152095,1.9048197644533764e+16,-346.1188368438471,-120.05963601675289,-41.81417395032127,-111180.87218041618,-6.939136997225188e+16,-1.292965571890629e+17,0.0,910.0,0.0,24.23484933823303,2.856326035067182e+16,8732.704113778353
argon_only_20kHz,argon_only,20,Lissajouswaveformsdifferentmediums/argon/Lissajousfigure1 20 kHz/Lissajousfigure1_30.csv,30,119994.81622405129,19990.404605807908,voltage activity-envelope rising edges,0.00047976970960462496,7.265625,1,-1,True,7.9047679999999945,75.91540290692828,63.949463032944216,1775.1837156847564,1775.1837156847564,35486.64072617975,0.42708321856634923,0.42708321856634923,0.7572825831231086,False,False,False,-359.00920057503816,-347.7840923159942,-45.36565286747784,-122009.19744005457,-7.614965770228645e+16,-4.923442813649406e+17,0.0,792.0,0.0,13.27427360152095,1.8975995485509824e+16,-342.8662279960612,-117.80276946562192,-43.20364787242962,-116711.32254005363,-7.284309255269746e+16,-1.278765753872739e+17,0.0,952.0,0.0,24.23484933823303,2.855540644800234e+16,5297.874900000941
argon_only_20kHz,argon_only,20,Lissajouswaveformsdifferentmediums/argon/Lissajousfigure1 20 kHz/Lissajousfigure1_31.csv,31,119994.81622405129,19990.404605807908,voltage activity-envelope rising edges,0.00047976970960462496,7.42310524,1,-1,True,7.9047679999999945,75.79258027490974,63.949463032944216,1775.8134622166183,1775.8134622166183,35499.22961415077,0.4250000851362342,0.4250000851362342,0.7596312463516445,False,False,False,-356.4784224521411,-345.67304534069956,-47.69786017960945,-121070.9623478203,-7.556407659350965e+16,-4.899325250862794e+17,0.0,776.0,0.0,13.27427360152095,1.897298746290429e+16,-342.7831982998073,-116.60792184890059,-42.68387111001035,-116226.06676765736,-7.254022963956182e+16,-1.2580549350320294e+17,0.0,950.0,0.0,24.23484933823303,2.8516632781170972e+16,4844.8955801629345
argon_only_20kHz,argon_only,20,Lissajouswaveformsdifferentmediums/argon/Lissajousfigure1 20 kHz/Lissajousfigure1_32.csv,32,119994.81622405129,19990.404605807908,voltage activity-envelope rising edges,0.00047976970960462496,7.42310524,1,-1,True,7.9047679999999945,75.85600197417621,64.94946303294421,1776.4067108683353,1776.4067108683353,35511.08889473045,0.42708333333332354,0.42708333333332354,0.7616261684519546,False,False,False,-355.22625076085086,-345.3510130320121,-45.812043339240496,-120728.5360328342,-7.535035789671011e+16,-4.903132358853475e+17,0.0,768.0,0.0,13.27427360152095,1.898595775533966e+16,-344.5555253437898,-115.97740627531664,-42.3126330090879,-114985.67332216579,-7.176606229585194e+16,-1.2455845256860062e+17,0.0,944.0,0.0,24.23484933823303,2.8474034859168852e+16,5742.862710668414
argon_only_20kHz,argon_only,20,Lissajouswaveformsdifferentmediums/argon/Lissajousfigure1 20 kHz/Lissajousfigure1_33.csv,33,119994.81622405129,19990.404605807908,current activity-envelope rising edges,0.00047976970960462496,7.42310524,1,-1,True,7.9047679999999945,80.69347577015107,65.94557373473836,1780.804966605844,1780.804966605844,35599.01180648306,0.502083333333327,0.502083333333327,0.995156917827242,False,False,False,-373.04448294818366,-0.010614575484563234,-1.1663628003802946,-76823.59542425442,-4.794794669385621e+16,-21234285002707.58,0.0,529.0,0.0,13.27427360152095,2.715016522462263e+16,-364.29872529211184,-124.20015547715057,-38.98515504459199,-69897.74547617664,-4.362531271290044e+16,-1.3392287709525334e+17,0.0,567.0,0.0,24.23484933823303,2.844124169372287e+16,6925.849948077783
argon_only_20kHz,argon_only,20,Lissajouswaveformsdifferentmediums/argon/Lissajousfigure1 20 kHz/Lissajousfigure1_34.csv,34,119994.81622405129,19990.404605807908,voltage activity-envelope rising edges,0.00047976970960462496,7.42310524,1,-1,True,7.9047679999999945,75.87164160337377,63.949463032944216,1770.8656098299966,1770.8656098299966,35400.3200430124,0.4104166666666678,0.4104166666666678,0.7618185939906319,False,False,False,-355.5227174645395,-347.0046321683264,-48.540508853679654,-118881.15893901489,-7.419735356348758e+16,-4.938240712680287e+17,0.0,735.0,0.0,13.27427360152095,1.9082415180864772e+16,-349.0168896810655,-122.52895291511426,-44.99465492505625,-107430.12682008407,-6.705041550889629e+16,-1.3171567227838691e+17,0.0,851.0,0.0,24.23484933823303,2.8545450586482504e+16,11451.032118930816
argon_only_20kHz,argon_only,20,Lissajouswaveformsdifferentmediums/argon/Lissajousfigure1 20 kHz/Lissajousfigure1_35.csv,35,119994.81622405129,19990.404605807908,voltage activity-envelope rising edges,0.00047976970960462496,7.42310524,1,-1,True,7.9047679999999945,76.08110280443763,63.949463032944216,1772.0788753614638,1772.0788753614638,35424.57371188071,0.4250000851362349,0.4250000851362349,0.7568042627452857,False,False,False,-357.7658430565443,-347.4873592596167,-44.58363215961529,-120607.11520646252,-7.527457545931907e+16,-4.9062396031703264e+17,0.0,782.0,0.0,13.27427360152095,1.904819766605804e+16,-346.4975992808418,-118.64026042300866,-42.77648324072306,-112870.94952634229,-7.044619873994289e+16,-1.2885111884002109e+17,0.0,921.0,0.0,24.23484933823303,2.8516768866950236e+16,7736.165680120233
argon_only_20kHz,argon_only,20,Lissajouswaveformsdifferentmediums/argon/Lissajousfigure1 20 kHz/Lissajousfigure1_36.csv,36,119994.81622405129,19990.404605807908,voltage activity-envelope rising edges,0.00047976970960462496,7.42310524,1,-1,True,7.9047679999999945,76.02263174349841,63.949463032944216,1775.7891545023815,1775.7891545023815,35498.74369310813,0.42499999999999905,0.42499999999999905,0.754364960740092,False,False,False,-357.6260714336997,-349.3219010022548,-45.86120666290429,-121534.4089236174,-7.585332772252872e+16,-4.9372482863603014e+17,0.0,795.0,0.0,13.27427360152095,1.903723255295534e+16,-345.6246413618083,-117.37250711227934,-42.19767751725727,-115221.14707663374,-7.1913028640822904e+16,-1.2628658296131189e+17,0.0,946.0,0.0,24.23484933823303,2.8515936366124388e+16,6313.26184698366
argon_only_20kHz,argon_only,20,Lissajouswaveformsdifferentmediums/argon/Lissajousfigure1 20 kHz/Lissajousfigure1_37.csv,37,119994.81622405129,19990.404605807908,voltage activity-envelope rising edges,0.00047976970960462496,7.265625,1,-1,True,7.9047679999999945,76.44782971849425,64.94946303294421,1777.0364056396588,1777.0364056396588,35523.67674798737,0.4249999999999962,0.4249999999999962,0.7552000308267758,False,False,False,-359.7903841067143,-349.2267956427284,-46.284884160439745,-122053.0125320644,-7.617700403624115e+16,-4.919281162743527e+17,0.0,800.0,0.0,13.27427360152095,1.8968779661619896e+16,-135.02931200654328,-116.6830828395646,-43.39841172915655,-118876.18028820415,-7.419424623581875e+16,-1.2629603521412328e+17,0.0,965.0,0.0,24.23484933823303,2.8376539555524444e+16,3176.832243860248
argon_only_20kHz,argon_only,20,Lissajouswaveformsdifferentmediums/argon/Lissajousfigure1 20 kHz/Lissajousfigure1_38.csv,38,119994.81622405129,19990.404605807908,voltage activity-envelope rising edges,0.00047976970960462496,7.42310524,1,-1,True,7.9047679999999945,75.99231008383285,63.949463032944216,1776.4431506481633,1776.4431506481633,35511.817340672955,0.4270832185663573,0.4270832185663573,0.758224839041472,False,False,False,-358.5316869100898,-348.9176404522584,-45.65078669528663,-120787.48258882857,-7.538714823838829e+16,-4.9313479842281754e+17,0.0,766.0,0.0,13.27427360152095,1.9036873546842892e+16,-342.62379587946987,-118.52286360755072,-43.91585853732246,-117052.51968943483,-7.30560440897907e+16,-1.2748630421515222e+17,0.0,953.0,0.0,24.23484933823303,2.837722614227243e+16,3734.9628993937367
argon_only_20kHz,argon_only,20,Lissajouswaveformsdifferentmediums/argon/Lissajousfigure1 20 kHz/Lissajousfigure1_39.csv,39,119994.81622405129,19990.404605807908,voltage activity-envelope rising edges,0.00047976970960462496,7.42310524,1,-1,True,7.9047679999999945,75.78536269467017,63.949463032944216,1776.418849523301,1776.418849523301,35511.33155135458,0.4250000851362082,0.4250000851362082,0.75820688648493,False,False,False,-355.2081260471854,-347.61150616122285,-45.46154320145106,-121258.18833832725,-7.568093003889914e+16,-4.937308570084389e+17,0.0,781.0,0.0,13.27427360152095,1.903828912658182e+16,-342.76631139981293,-118.41801241521203,-43.11285757108048,-116000.18578749654,-7.239925043732459e+16,-1.2802990938972386e+17,0.0,952.0,0.0,24.23484933823303,2.844645355740267e+16,5258.002550830715
argon_only_20kHz,argon_only,20,Lissajouswaveformsdifferentmediums/argon/Lissajousfigure1 20 kHz/Lissajousfigure1_40.csv,40,119994.81622405129,19990.404605807908,voltage activity-envelope rising edges,0.00047976970960462496,7.42310524,1,-1,True,7.9047679999999945,75.86875702587332,63.949463032944216,1777.629705842613,1777.629705842613,35535.53705909713,0.42500008513623555,0.42500008513623555,0.760616021283826,False,False,False,-355.79243304625294,-346.0533367113715,-45.64773368058696,-120735.945065377,-7.535498209967085e+16,-4.909120202632313e+17,0.0,770.0,0.0,13.27427360152095,1.897592158671586e+16,-341.39205328219197,-117.48062037360089,-43.15457438422795,-116579.22928755298,-7.276064912897402e+16,-1.2715012492994354e+17,0.0,947.0,0.0,24.23484933823303,2.840135550211689e+16,4156.715777824022
argon_only_20kHz,argon_only,20,Lissajouswaveformsdifferentmediums/argon/Lissajousfigure1 20 kHz/Lissajousfigure1_41.csv,41,119994.81622405129,19990.404605807908,voltage activity-envelope rising edges,0.00047976970960462496,7.265625,1,-1,True,7.9047679999999945,76.19524525128499,64.94946455101532,1775.8085743927354,1775.8085743927354,35499.13190457371,0.42708333333333226,0.42708333333333226,0.7623282831190601,False,False,False,-358.57206545715195,-349.09655342276096,-45.55493141842736,-121077.20978638854,-7.556797581027749e+16,-4.92534225771131e+17,0.0,772.0,0.0,13.27427360152095,1.89691534757951e+16,-132.56990414148427,-116.0429636579402,-42.827768614886,-119941.7150149623,-7.485927892527971e+16,-1.2484780092141571e+17,0.0,979.0,0.0,24.23484933823303,2.8400396491352332e+16,1135.494771426238
argon_only_20kHz,argon_only,20,Lissajouswaveformsdifferentmediums/argon/Lissajousfigure1 20 kHz/Lissajousfigure1_42.csv,42,119994.81622405129,19990.404605807908,voltage activity-envelope rising edges,0.00047976970960462496,7.42310524,1,-1,True,7.9047679999999945,76.14810665102313,63.949463032944216,1775.171567997283,1775.171567997283,35486.39788899213,0.41041666666667964,0.41041666666667964,0.761039130711532,False,False,False,-357.4069802846922,-349.45443650895845,-45.77699072092497,-120672.0869032568,-7.531512627495451e+16,-4.941404561854774e+17,0.0,766.0,0.0,13.27427360152095,1.9048197644530348e+16,-347.1154152650696,-117.97229574130861,-43.734162085506654,-113770.11356737978,-7.1007394415185736e+16,-1.271619937722832e+17,0.0,919.0,0.0,24.23484933823303,2.8474094733463628e+16,6901.973335877017
argon_only_20kHz,argon_only,20,Lissajouswaveformsdifferentmediums/argon/Lissajousfigure1 20 kHz/Lissajousfigure1_43.csv,43,119994.81622405129,19990.404605807908,voltage activity-envelope rising edges,0.00047976970960462496,7.42310524,1,-1,True,7.9047679999999945,75.84389681935077,63.949463032944216,1775.1375383990471,1775.1375383990471,35485.717623554825,0.42500008513624293,0.42500008513624293,0.7575626327302549,False,False,False,-356.42499384365203,-345.1439324006531,-47.93983395471008,-120985.06207356135,-7.551046361499166e+16,-4.9181554194008634e+17,0.0,765.0,0.0,13.27427360152095,1.903832906211389e+16,-346.5281660482524,-118.24089951291282,-43.38840437863096,-114425.01378596296,-7.141613759619686e+16,-1.2751128047490338e+17,0.0,921.0,0.0,24.23484933823303,2.8555406448000704e+16,6560.048287598387
argon_only_20kHz,argon_only,20,Lissajouswaveformsdifferentmediums/argon/Lissajousfigure1 20 kHz/Lissajousfigure1_44.csv,44,119994.81622405129,19990.404605807908,voltage activity-envelope rising edges,0.00047976970960462496,7.42310524,1,-1,True,7.9047679999999945,75.75814112352467,63.949463032944216,1776.4310011711166,1776.4310011711166,35511.57446771104,0.4270832185663499,0.4270832185663499,0.7579493576848176,False,False,False,-356.1923757844743,-347.9781435821881,-46.56146576998545,-121406.28267984065,-7.577336022982333e+16,-4.925027695428061e+17,0.0,776.0,0.0,13.27427360152095,1.9038329062113036e+16,-346.8418580553181,-118.07409256681701,-42.035609945696876,-114518.87851894496,-7.147472143607833e+16,-1.274563091622277e+17,0.0,934.0,0.0,24.23484933823303,2.8585600068597388e+16,6887.40416089569
argon_only_20kHz,argon_only,20,Lissajouswaveformsdifferentmediums/argon/Lissajousfigure1 20 kHz/Lissajousfigure1_45.csv,45,119994.81622405129,19990.404605807908,voltage activity-envelope rising edges,0.00047976970960462496,7.42310524,1,-1,True,7.9047679999999945,75.89143690945258,63.949463032944216,1779.4993879979784,1779.4993879979784,35572.91276186714,0.42708321856635795,0.42708321856635795,0.7579646270844487,False,False,False,-356.67880696761756,-347.6762642148202,-45.815825182517884,-121871.92135985213,-7.606397951787528e+16,-4.9191927491962157e+17,0.0,787.0,0.0,13.27427360152095,1.904823756616339e+16,-342.57600760214996,-116.80815473895221,-43.30509963955587,-117009.00431229618,-7.302888481701931e+16,-1.2544956258775512e+17,0.0,953.0,0.0,24.23484933823303,2.8541345669578612e+16,4862.917047555951
argon_only_20kHz,argon_only,20,Lissajouswaveformsdifferentmediums/argon/Lissajousfigure1 20 kHz/Lissajousfigure1_46.csv,46,119994.81622405129,19990.404605807908,voltage activity-envelope rising edges,0.00047976970960462496,7.42310524,1,-1,True,7.9047679999999945,75.98047852538372,63.949463032944216,1777.6758651587652,1777.6758651587652,35536.45980250334,0.42500000000001825,0.42500000000001825,0.7559779839607237,False,False,False,-357.70654699655864,-348.9202235088717,-45.545688002398265,-120958.40826148787,-7.549382815874374e+16,-4.94679767733972e+17,0.0,770.0,0.0,13.27427360152095,1.904819766010926e+16,-343.93745044123403,-119.54750121273976,-42.89252951447855,-115574.79678597026,-7.213375220000966e+16,-1.2919004942045189e+17,0.0,943.0,0.0,24.23484933823303,2.8474023938198188e+16,5383.6114755176095
argon_only_20kHz,argon_only,20,Lissajouswaveformsdifferentmediums/argon/Lissajousfigure1 20 kHz/Lissajousfigure1_47.csv,47,119994.81622405129,19990.404605807908,voltage activity-envelope rising edges,0.00047976970960462496,7.265625,1,-1,True,7.9047679999999945,75.9691126241004,64.94946455101532,1777.0072840723021,1777.0072840723021,35523.09459607315,0.4260416666666405,0.4260416666666405,0.7576626572485048,False,False,False,-359.42967620925606,-348.72601943216324,-45.1946552789678,-123418.14974411007,-7.702902776555883e+16,-4.946223319379807e+17,0.0,815.0,0.0,13.27427360152095,1.8935296631490376e+16,-133.45345807228398,-117.00945124800383,-43.65786934659305,-120526.3391133908,-7.522416063841213e+16,-1.2673201183866522e+17,0.0,973.0,0.0,24.23484933823303,2.8428154032434076e+16,2891.8106307192647
argon_only_20kHz,argon_only,20,Lissajouswaveformsdifferentmediums/argon/Lissajousfigure1 20 kHz/Lissajousfigure1_48.csv,48,119994.81622405129,19990.404605807908,voltage activity-envelope rising edges,0.00047976970960462496,7.42310524,1,-1,True,7.9047679999999945,75.89840231800035,64.94946455101532,1777.6467363044876,1777.6467363044876,35535.87750492062,0.42500008513623555,0.42500008513623555,0.7561944867856538,False,False,False,-359.49169949779434,-347.6075189345545,-45.67418510795783,-122775.97697866704,-7.662822817585376e+16,-4.9409895534277574e+17,0.0,805.0,0.0,13.27427360152095,1.9037232412934136e+16,-336.9210022097751,-120.18057440701006,-44.49831132619778,-119459.15251717469,-7.455809696689054e+16,-1.2912239789361152e+17,0.0,973.0,0.0,24.23484933823303,2.849678242617389e+16,3316.824461492346
argon_only_20kHz,argon_only,20,Lissajouswaveformsdifferentmediums/argon/Lissajousfigure1 20 kHz/Lissajousfigure1_49.csv,49,119994.81622405129,19990.404605807908,voltage activity-envelope rising edges,0.00047976970960462496,7.265625,1,-1,True,7.9047679999999945,76.1617343760108,63.949461514873086,1779.504271987888,1779.504271987888,35573.01039480152,0.4250000000000009,0.4250000000000009,0.757084559470299,False,False,False,-359.69840667741107,-351.12427842408215,-45.57409063507889,-122818.31543154748,-7.665465289433512e+16,-4.9550485130553894e+17,0.0,810.0,0.0,13.27427360152095,1.8948704323004348e+16,-344.58167559542346,-118.31075437289326,-42.42610237162509,-118479.9909348877,-7.394697238865522e+16,-1.2837119614347504e+17,0.0,974.0,0.0,24.23484933823303,2.844961739142263e+16,4338.324496659785
argon_only_20kHz,argon_only,20,Lissajouswaveformsdifferentmediums/argon/Lissajousfigure1 20 kHz/Lissajousfigure1_50.csv,50,119994.81622405129,19990.404605807908,voltage activity-envelope rising edges,0.00047976970960462496,7.42310524,1,-1,True,7.9047679999999945,75.68451260305474,63.949461514873086,1773.3091112095133,1773.3091112095133,35449.16662424378,0.42500000000000826,0.42500000000000826,0.756972914700947,False,False,False,-356.29158209132737,-346.81207956064196,-47.198572095140015,-120500.33902226822,-7.520793318932834e+16,-4.93812486330774e+17,0.0,760.0,0.0,13.27427360152095,1.9070966359254756e+16,-346.56211307699937,-116.93155476878522,-43.34046190260968,-113243.7597027398,-7.067888093043551e+16,-1.2624486982242995e+17,0.0,920.0,0.0,24.23484933823303,2.8555446960004972e+16,7256.5793195284205
argon_only_20kHz,argon_only,20,Lissajouswaveformsdifferentmediums/argon/Lissajousfigure1 20 kHz/Lissajousfigure1_51.csv,51,119994.81622405129,19990.404605807908,voltage activity-envelope rising edges,0.00047976970960462496,7.42310524,1,-1,True,7.9047679999999945,75.81994307988457,63.949461514873086,1773.8902638886668,1773.8902638886668,35460.78410143781,0.42500008513623116,0.42500008513623116,0.7585608873428222,False,False,False,-355.65296000284957,-347.2511945873149,-46.640324648403016,-119663.89786631918,-7.468588477781478e+16,-4.915310153612431e+17,0.0,747.0,0.0,13.27427360152095,1.9082459781781824e+16,-348.8640302304892,-116.04562208061584,-44.06736020821529,-111436.18330621134,-6.955071742510631e+16,-1.2516230753330666e+17,0.0,895.0,0.0,24.23484933823303,2.856332430669399e+16,8227.714560107837
argon_only_20kHz,argon_only,20,Lissajouswaveformsdifferentmediums/argon/Lissajousfigure1 20 kHz/Lissajousfigure1_52.csv,52,119994.81622405129,19990.404605807908,voltage activity-envelope rising edges,0.00047976970960462496,7.42310524,1,-1,True,7.9047679999999945,76.1593887910489,63.949461514873086,1774.5151370921394,1774.5151370921394,35473.275569602556,0.42708321856634923,0.42708321856634923,0.757786077621288,False,False,False,-357.77421541531396,-348.97843455983457,-47.626277315627405,-120301.54218724575,-7.508385802731691e+16,-4.927063731264361e+17,0.0,761.0,0.0,13.27427360152095,1.8969153494739776e+16,-348.7987976789086,-117.78792232713774,-42.82624240464806,-112669.25133457567,-7.0320312752784056e+16,-1.2649361272168462e+17,0.0,913.0,0.0,24.23484933823303,2.858547724868271e+16,7632.290852670078
argon_only_20kHz,argon_only,20,Lissajouswaveformsdifferentmediums/argon/Lissajousfigure1 20 kHz/Lissajousfigure1_53.csv,53,119994.81622405129,19990.404605807908,voltage activity-envelope rising edges,0.00047976970960462496,7.42310524,1,-1,True,7.9047679999999945,76.04666057498272,63.949461514873086,1774.5831825465357,1774.5831825465357,35474.635825767524,0.4250000000000009,0.4250000000000009,0.7553611878331712,False,False,False,-358.1032469580329,-347.90669611462624,-45.92190851315266,-121497.71187269756,-7.583042397490262e+16,-4.933244268920031e+17,0.0,784.0,0.0,13.27427360152095,1.90383290621156e+16,-348.64800674728394,-117.89938273392326,-44.125879571699414,-113048.63168549864,-7.055709558938907e+16,-1.2724021229459205e+17,0.0,912.0,0.0,24.23484933823303,2.859334449735945e+16,8449.080187198924
argon_only_20kHz,argon_only,20,Lissajouswaveformsdifferentmediums/argon/Lissajousfigure1 20 kHz/Lissajousfigure1_54.csv,54,119994.81622405129,19990.404605807908,voltage activity-envelope rising edges,0.00047976970960462496,7.42310524,1,-1,True,7.9047679999999945,75.92330804148266,63.949461514873086,1774.5467154835906,1774.5467154835906,35473.906834424466,0.4104166666666638,0.4104166666666638,0.7588503809734889,False,False,False,-356.978561401143,-346.0977162407629,-46.86860293529907,-121256.15626633924,-7.567966176085485e+16,-4.918248571528259e+17,0.0,771.0,0.0,13.27427360152095,1.904819765888188e+16,-349.0275556654714,-117.29050608664434,-43.47913990013934,-112234.51734215295,-7.004898202191187e+16,-1.263160637657972e+17,0.0,903.0,0.0,24.23484933823303,2.8545392318601972e+16,9021.638924186293
argon_only_20kHz,argon_only,20,Lissajouswaveformsdifferentmediums/argon/Lissajousfigure1 20 kHz/Lissajousfigure1_55.csv,55,119994.81622405129,19990.404605807908,voltage activity-envelope rising edges,0.00047976970960462496,7.42310524,1,-1,True,7.9047679999999945,75.72505652873865,63.949461514873086,1776.3824097794982,1776.3824097794982,35510.60310613223,0.42500008513623555,0.42500008513623555,0.7549570788653357,False,False,False,-358.8822459194512,-348.022599876244,-47.06691015650967,-121675.5584752493,-7.594142345848242e+16,-4.9432950574135526e+17,0.0,785.0,0.0,13.27427360152095,1.9048197644532052e+16,-343.50054571749354,-118.27225636736266,-43.79755635056894,-116255.16507034478,-7.255839077688472e+16,-1.2703424782790077e+17,0.0,947.0,0.0,24.23484933823303,2.8545450563757052e+16,5420.39340490452
argon_only_20kHz,argon_only,20,Lissajouswaveformsdifferentmediums/argon/Lissajousfigure1 20 kHz/Lissajousfigure1_56.csv,56,119994.81622405129,19990.404605807908,voltage activity-envelope rising edges,0.00047976970960462496,7.265625,1,-1,True,7.9047679999999945,76.0061374172641,64.94946455101532,1778.2666884560745,1778.2666884560745,35548.27059926709,0.42500000000000054,0.42500000000000054,0.7531444369141069,False,False,False,-359.2794672733971,-349.871604467962,-46.83294744049351,-121879.80743988496,-7.606890146071002e+16,-4.9480828692037024e+17,0.0,783.0,0.0,13.27427360152095,1.9038329062112188e+16,-341.9777153614346,-118.55433348122205,-44.86328637058571,-118326.31917582624,-7.385106116149722e+16,-1.2770960978357371e+17,0.0,956.0,0.0,24.23484933823303,2.842815377555922e+16,3553.4882640587166
argon_only_20kHz,argon_only,20,Lissajouswaveformsdifferentmediums/argon/Lissajousfigure1 20 kHz/Lissajousfigure1_57.csv,57,119994.81622405129,19990.404605807908,voltage activity-envelope rising edges,0.00047976970960462496,7.42310524,1,-1,True,7.9047679999999945,76.12096398653354,64.94946455101532,1776.428594986747,1776.428594986747,35511.52636711194,0.4250000000000009,0.4250000000000009,0.754624633670729,False,False,False,-358.1284999441448,-349.0649038381544,-45.83588608128408,-120363.40439347495,-7.512246811514555e+16,-4.955814350211347e+17,0.0,759.0,0.0,13.27427360152095,1.904783824032106e+16,-346.48590437781706,-116.0263696714431,-43.039557494717876,-115455.277363785,-7.205915648690653e+16,-1.2515375183780688e+17,0.0,944.0,0.0,24.23484933823303,2.8400396245522516e+16,4908.127029689946
argon_only_20kHz,argon_only,20,Lissajouswaveformsdifferentmediums/argon/Lissajousfigure1 20 kHz/Lissajousfigure1_58.csv,58,119994.81622405129,19990.404605807908,voltage activity-envelope rising edges,0.00047976970960462496,7.265625,1,-1,True,7.9047679999999945,76.24536363076464,64.94946455101532,1777.0388411059848,1777.0388411059848,35523.72543394463,0.42500000000001825,0.42500000000001825,0.7562052307394469,False,False,False,-360.5812477535561,-350.8321408891752,-45.326496618613376,-122736.17903710948,-7.660338906789757e+16,-4.936491262592908e+17,0.0,799.0,0.0,13.27427360152095,1.8968718184513764e+16,-130.3250491909376,-115.48875507563285,-43.98178258603145,-121615.32253228917,-7.59038283711117e+16,-1.2447834485895512e+17,0.0,992.0,0.0,24.23484933823303,2.831500398350251e+16,1120.8565048203163
argon_only_20kHz,argon_only,20,Lissajouswaveformsdifferentmediums/argon/Lissajousfigure1 20 kHz/Lissajousfigure1_59.csv,59,119994.81622405129,19990.404605807908,voltage activity-envelope rising edges,0.00047976970960462496,7.265625,1,-1,True,7.9047679999999945,75.84241332779953,64.94946455101532,1776.39457909641,1776.39457909641,35510.846375701076,0.42708333333333226,0.42708333333333226,0.7574178708293257,False,False,False,-359.9637014459841,-349.5451768803575,-46.92947701520629,-121412.5157849371,-7.577725050063467e+16,-4.937640950869989e+17,0.0,775.0,0.0,13.27427360152095,1.8969153476510772e+16,-337.9901810874089,-119.09676192731469,-43.11096780051525,-119641.51895266007,-7.467191741592203e+16,-1.2790420191207582e+17,0.0,983.0,0.0,24.23484933823303,2.826333329493887e+16,1770.9968322770292
argon_only_20kHz,argon_only,20,Lissajouswaveformsdifferentmediums/argon/Lissajousfigure1 20 kHz/Lissajousfigure1_60.csv,60,119994.81622405129,19990.404605807908,voltage activity-envelope rising edges,0.00047976970960462496,7.265625,1,-1,True,7.9047679999999945,76.2257359745519,63.949461514873086,1779.543134084666,1779.543134084666,35573.78726383994,0.42708321856634923,0.42708321856634923,0.7580593712375685,False,False,False,-361.0051201664628,-352.5520394431944,-45.18462326636287,-123307.83965785467,-7.696017987961494e+16,-4.961802829117957e+17,0.0,818.0,0.0,13.27427360152095,1.8939534068067796e+16,-130.85350550310312,-116.07792761947621,-42.98338513717543,-121966.57164041852,-7.612305364193955e+16,-1.2606327585918792e+17,0.0,1005.0,0.0,24.23484933823303,2.8377226143148604e+16,1341.2680174361449
argon_only_20kHz,argon_only,20,Lissajouswaveformsdifferentmediums/argon/Lissajousfigure1 20 kHz/Lissajousfigure1_61.csv,61,119994.81622405129,19990.404605807908,voltage activity-envelope rising edges,0.00047976970960462496,7.265625,1,-1,True,7.9047679999999945,76.54489444837984,63.949461514873086,1777.0437408951434,1777.0437408951434,35523.823382712384,0.4250000000000009,0.4250000000000009,0.7572560044865021,False,False,False,-362.5500174523087,-354.46063061133685,-45.94047586725852,-123173.20365156137,-7.687614944577264e+16,-4.9801271650712186e+17,0.0,814.0,0.0,13.27427360152095,1.8946144725920656e+16,-135.37392050156464,-117.73063278020193,-43.66347961698729,-119636.95840572967,-7.466907103962442e+16,-1.2703376542418278e+17,0.0,977.0,0.0,24.23484933823303,2.8400788405073524e+16,3536.2452458316984
argon_only_20kHz,argon_only,20,Lissajouswaveformsdifferentmediums/argon/Lissajousfigure1 20 kHz/Lissajousfigure1_62.csv,62,119994.81622405129,19990.404605807908,voltage activity-envelope rising edges,0.00047976970960462496,7.42310524,1,-1,True,7.9047679999999945,76.07737612879198,63.949461514873086,1776.3897299551672,1776.3897299551672,35510.74943940564,0.4250000000000003,0.4250000000000003,0.7559772157710901,False,False,False,-361.1233342538471,-351.93048423828236,-45.68653124783271,-122063.23059025437,-7.618338143769838e+16,-4.985031682513124e+17,0.0,788.0,0.0,13.27427360152095,1.899188913864549e+16,-348.50244364798345,-118.78972075293795,-41.32267704871499,-114018.35405242434,-7.116232886570763e+16,-1.2835031445791306e+17,0.0,927.0,0.0,24.23484933823303,2.8555406448001172e+16,8044.87653783003
argon_only_20kHz,argon_only,20,Lissajouswaveformsdifferentmediums/argon/Lissajousfigure1 20 kHz/Lissajousfigure1_63.csv,63,119994.81622405129,19990.404605807908,voltage activity-envelope rising edges,0.00047976970960462496,7.265625,1,-1,True,7.9047679999999945,76.09596182818736,63.949461514873086,1776.4139910770284,1776.4139910770284,35511.234429047836,0.42500000000000954,0.42500000000000954,0.7549602302035776,False,False,False,-359.6872430303504,-349.50411378598886,-44.867189857498225,-122582.15604242339,-7.650725862388421e+16,-4.964530199743278e+17,0.0,800.0,0.0,13.27427360152095,1.8969236508026104e+16,-343.181018456111,-116.55725546819095,-41.328677047110894,-117934.3123378584,-7.360639774960261e+16,-1.2590029172267186e+17,0.0,965.0,0.0,24.23484933823303,2.8516633048653176e+16,4647.843704564992
argon_only_20kHz,argon_only,20,Lissajouswaveformsdifferentmediums/argon/Lissajousfigure1 20 kHz/Lissajousfigure1_64.csv,64,119994.81622405129,19990.404605807908,voltage activity-envelope rising edges,0.00047976970960462496,7.265625,1,-1,True,7.9047679999999945,76.51032791434628,64.94946455101532,1780.1315113710457,1780.1315113710457,35585.54916385555,0.4250000000000089,0.4250000000000089,0.755803736816174,False,False,False,-360.67013894508966,-349.32789388250916,-44.02390480569474,-123247.31146832078,-7.69224023922529e+16,-4.933995480261606e+17,0.0,817.0,0.0,13.27427360152095,1.896915347579317e+16,-129.63394808790724,-114.95670564617153,-41.517355764416216,-121315.09034582911,-7.571644431556643e+16,-1.2388447780724069e+17,0.0,994.0,0.0,24.23484933823303,2.8376539562965816e+16,1932.2211224916682
pure_water_4kHz,pure_water,4,Lissajouswaveformsdifferentmediums/pure water/Lissajousfigure4kHz-0003/Lissajousfigure4kHz-0003_01.csv,1,127994.47063898804,3999.7440163866904,voltage activity-envelope rising edges,6.399590332739535e-05,9.793306830000002,-1,1,True,7.9047679999999945,22.644049707307836,36.968897505910384,9131.493766504791,9131.493766504791,36523.6375532499,0.39450688220280844,0.39450688220280844,0.805364090573115,False,False,False,-306.6689284112369,-295.1171961810285,1.9179373384939142,-80175.73530641684,-5.0040119332908824e+16,-4.362964040468831e+17,42.0,1209.0,0.034739454094292806,8.636224488663952,1.2916894905092922e+16,-109.09591802748375,-93.27780405642807,13.707518371091785,-79109.98227250154,-4.9374950391299336e+16,-1.964171330382295e+17,68.0,1248.0,0.05448717948717949,8.223623367400718,1.7556769148806382e+16,1065.7530339153018
pure_water_4kHz,pure_water,4,Lissajouswaveformsdifferentmediums/pure water/Lissajousfigure4kHz-0003/Lissajousfigure4kHz-0003_02.csv,2,127994.47063898804,3999.7440163866904,voltage activity-envelope rising edges,6.399590332739535e-05,9.793306830000002,-1,1,True,7.9047679999999945,22.48070114232119,36.968897505910384,9137.759351484983,9137.759351484983,36548.69828928359,0.3949229886889377,0.3949229886889377,0.8053461658957781,False,False,False,-306.85060578422514,-297.0442148168266,2.1441331039514524,-80442.72795411543,-5.02067575795153e+16,-4.401100476814335e+17,40.0,1209.0,0.033085194375516956,8.636224488663952,1.2876728153085218e+16,-106.98278655799926,-98.607109637927,14.767990963927716,-79353.32703982748,-4.952682927522214e+16,-2.0998713777822198e+17,74.0,1248.0,0.05929487179487179,8.223623367400718,1.7540885636173532e+16,1089.4009142879513
pure_water_4kHz,pure_water,4,Lissajouswaveformsdifferentmediums/pure water/Lissajousfigure4kHz-0003/Lissajousfigure4kHz-0003_03.csv,3,127994.47063898804,3999.7440163866904,voltage activity-envelope rising edges,6.399590332739535e-05,9.63521147,-1,1,True,7.9047679999999945,22.447275875099997,36.968897505910384,9150.207733644223,9150.207733644223,36598.4886313387,0.39450688220280883,0.39450688220280883,0.8062577330907138,False,False,False,-306.38984822217043,-293.8971013045416,-0.05014876181265909,-80472.86755976253,-5.022556862574348e+16,-4.3487775893687366e+17,40.0,1209.0,0.033085194375516956,8.636224488663952,1.2859646811369658e+16,-105.94158987680831,-98.00588969774792,11.10267029051123,-79429.82495167991,-4.957457395287535e+16,-2.0467611435185786e+17,69.0,1248.0,0.055288461538461536,8.223623367400718,1.7475124707224426e+16,1043.0426080826146
pure_water_4kHz,pure_water,4,Lissajouswaveformsdifferentmediums/pure water/Lissajousfigure4kHz-0003/Lissajousfigure4kHz-0003_04.csv,4,127994.47063898804,3999.7440163866904,voltage activity-envelope rising edges,6.399590332739535e-05,9.793306830000002,-1,1,True,7.9047679999999945,22.55953337694224,37.398898158680915,9102.830641023722,9102.830641023722,36408.992388616054,0.39492300449142154,0.39492300449142154,0.806140416012747,False,False,False,-305.78599034442016,-294.53971971810824,2.013559452412072,-80179.18718836988,-5.0042273757613416e+16,-4.36849586686607e+17,39.0,1209.0,0.03225806451612903,8.636224488663952,1.2918650873477612e+16,-106.47514204877113,-95.13965553904283,14.59477047796685,-79103.12972591918,-4.9370673508182456e+16,-1.9969880962500806e+17,75.0,1248.0,0.06009615384615385,8.223623367400718,1.7558608704701392e+16,1076.057462450699
pure_water_4kHz,pure_water,4,Lissajouswaveformsdifferentmediums/pure water/Lissajousfigure4kHz-0003/Lissajousfigure4kHz-0003_05.csv,5,127994.47063898804,3999.7440163866904,voltage activity-envelope rising edges,6.399590332739535e-05,9.793306830000002,-1,1,True,7.9047679999999945,22.828727101302437,37.9688990239815,9233.179792521683,9233.179792521683,36930.3556273611,0.3932584184239595,0.3932584184239595,0.8077514865173887,False,False,False,-305.28293532255117,-293.70328855581414,-0.30948252700999923,-80613.55664023203,-5.031337696761431e+16,-4.359885242461595e+17,38.0,1208.0,0.03145695364238411,8.636224488663952,1.2925773485759336e+16,-105.04796500362812,-96.71254099655116,13.171409578534648,-79560.21989601693,-4.965595741072698e+16,-2.0403385652168234e+17,73.0,1247.0,0.05854049719326383,8.223623367400718,1.7555123891333606e+16,1053.336744215092
pure_water_4kHz,pure_water,4,Lissajouswaveformsdifferentmediums/pure water/Lissajousfigure4kHz-0003/Lissajousfigure4kHz-0003_06.csv,6,127994.47063898804,3999.7440163866904,voltage activity-envelope rising edges,6.399590332739535e-05,9.793306830000002,-1,1,True,7.9047679999999945,22.491525386178882,37.9688990239815,9124.63746855055,9124.63746855055,36496.214116532865,0.3932584184239595,0.3932584184239595,0.809779602758648,False,False,False,-306.0329204484171,-297.69335705583615,2.169714539702859,-79997.5484583972,-4.992890749176535e+16,-4.411940419932698e+17,41.0,1209.0,0.03391232423490488,8.636224488663952,1.290115164818775e+16,-104.69639612387157,-96.70383772337557,15.016110587308482,-78888.21441598062,-4.923653831485129e+16,-2.0405817396829277e+17,72.0,1248.0,0.057692307692307696,8.223623367400718,1.7555787761743164e+16,1109.33404241658
pure_water_4kHz,pure_water,4,Lissajouswaveformsdifferentmediums/pure water/Lissajousfigure4kHz-0003/Lissajousfigure4kHz-0003_07.csv,7,127994.47063898804,3999.7440163866904,voltage activity-envelope rising edges,6.399590332739535e-05,9.793306830000002,-1,1,True,7.9047679999999945,22.392471741324602,36.968897505910384,9113.954171451222,9113.954171451222,36453.483662884544,0.39242616540431696,0.39242616540431696,0.8105508270301293,False,False,False,-304.6880624107941,-294.17413910293817,2.7313913901527314,-79997.75700389687,-4.992903765136602e+16,-4.360336192092362e+17,41.0,1209.0,0.03391232423490488,8.636224488663952,1.287726921980049e+16,-105.7978837712281,-94.04395181104162,15.089388767499388,-78874.23036670111,-4.9227810443606584e+16,-1.9981912100698566e+17,74.0,1248.0,0.05929487179487179,8.223623367400718,1.758428061779114e+16,1123.526637195755
pure_water_4kHz,pure_water,4,Lissajouswaveformsdifferentmediums/pure water/Lissajousfigure4kHz-0003/Lissajousfigure4kHz-0003_08.csv,8,127994.47063898804,3999.7440163866904,voltage activity-envelope rising edges,6.399590332739535e-05,9.793306830000002,-1,1,True,7.9047679999999945,22.46811622716437,36.968897505910384,9102.140281872344,9102.140281872344,36406.23112873117,0.3928422719070942,0.3928422719070942,0.8102611537844259,False,False,False,-302.52414688510015,-293.34701801589284,-0.5080673855384731,-79910.76533488171,-4.987474350012623e+16,-4.339905847099049e+17,40.0,1209.0,0.033085194375516956,8.636224488663952,1.2916429683759482e+16,-104.90513374595398,-94.45872616446087,10.974189182935309,-78843.17200356924,-4.920842597283792e+16,-1.980925313007042e+17,69.0,1248.0,0.055288461538461536,8.223623367400718,1.755154120506886e+16,1067.5933313124697
pure_water_4kHz,pure_water,4,Lissajouswaveformsdifferentmediums/pure water/Lissajousfigure4kHz-0003/Lissajousfigure4kHz-0003_09.csv,9,127994.47063898804,3999.7440163866904,voltage activity-envelope rising edges,6.399590332739535e-05,9.793306830000002,-1,1,True,7.9047679999999945,22.32314469189169,36.968897505910384,9084.724538988667,9084.724538988667,36336.572615341254,0.39325844270216836,0.39325844270216836,0.8094917317345304,False,False,False,-305.94550787476436,-292.5924277685366,2.305656985858001,-79865.18175098507,-4.984629339649958e+16,-4.35945563353343e+17,39.0,1209.0,0.03225806451612903,8.636224488663952,1.2916508111905472e+16,-105.47791591482897,-95.71888987066605,14.673673028320497,-78771.51468250414,-4.916370245538628e+16,-1.9820378850274637e+17,72.0,1248.0,0.057692307692307696,8.223623367400718,1.7542198087042534e+16,1093.6670684809214
pure_water_4kHz,pure_water,4,Lissajouswaveformsdifferentmediums/pure water/Lissajousfigure4kHz-0003/Lissajousfigure4kHz-0003_10.csv,10,127994.47063898804,3999.7440163866904,voltage activity-envelope rising edges,6.399590332739535e-05,9.76848585848127,-1,1,True,7.9047679999999945,22.42359769441175,36.968897505910384,9097.182691720467,9097.182691720467,36386.40203718551,0.3936745649408242,0.3936745649408242,0.8079798994640605,False,False,False,-303.97853013470416,-294.9623794815593,2.313850665974693,-79989.98785662177,-4.992418868982827e+16,-4.3990950231473363e+17,41.0,1209.0,0.03391232423490488,8.636224488663952,1.2914612633073428e+16,-104.61124692624935,-95.61055275724,12.951083952701394,-78912.19576544422,-4.925150580575532e+16,-1.9980034395926368e+17,70.0,1248.0,0.05608974358974359,8.223623367400718,1.7501712778349446e+16,1077.7920911775436
pure_water_4kHz,pure_water,4,Lissajouswaveformsdifferentmediums/pure water/Lissajousfigure4kHz-0003/Lissajousfigure4kHz-0003_11.csv,11,127994.47063898804,3999.7440163866904,voltage activity-envelope rising edges,6.399590332739535e-05,9.63521147,-1,1,True,7.9047679999999945,22.466089274714392,36.968897505910384,9123.41435963527,9123.41435963527,36491.32199396758,0.3936745649408265,0.3936745649408265,0.807799592303629,False,False,False,-305.4331054890355,-289.9066800414303,2.134001079218814,-79871.24128320444,-4.985007533518964e+16,-4.298044721852467e+17,40.0,1209.0,0.033085194375516956,8.636224488663952,1.285812438674326e+16,-105.54486571793299,-90.25208193614364,14.050920268183669,-78747.86736396578,-4.914894344336051e+16,-1.920538971451277e+17,72.0,1248.0,0.057692307692307696,8.223623367400718,1.751408627706982e+16,1123.3739192386565
pure_water_4kHz,pure_water,4,Lissajouswaveformsdifferentmediums/pure water/Lissajousfigure4kHz-0003/Lissajousfigure4kHz-0003_12.csv,12,127994.47063898804,3999.7440163866904,voltage activity-envelope rising edges,6.399590332739535e-05,9.63521147,-1,1,True,7.9047679999999945,22.531881029489156,36.968897505910384,9104.710078179545,9104.710078179545,36416.509656134236,0.3940907357025984,0.3940907357025984,0.8069098160318051,False,False,False,-307.4284340467751,-296.29554172485336,-0.8729291647108722,-79836.46423314241,-4.98283699186007e+16,-4.3913245429022726e+17,39.0,1209.0,0.03225806451612903,8.636224488663952,1.2881425454481626e+16,-105.38524701378827,-98.18623717389414,11.76022005717039,-78781.48835535656,-4.9169927328508e+16,-2.0607074072273162e+17,70.0,1248.0,0.05608974358974359,8.223623367400718,1.7593872497876184e+16,1054.9758777858515
pure_water_4kHz,pure_water,4,Lissajouswaveformsdifferentmediums/pure water/Lissajousfigure4kHz-0003/Lissajousfigure4kHz-0003_13.csv,13,127994.47063898804,3999.7440163866904,voltage activity-envelope rising edges,6.399590332739535e-05,9.63521147,-1,1,True,7.9047679999999945,22.622989275834737,37.9688990239815,9130.214944193323,9130.214944193323,36518.52259136158,0.3940906956885116,0.3940906956885116,0.8053771271072477,False,False,False,-309.3957777991263,-299.4973377526718,1.925909907657828,-80259.03232834957,-5.009210754232978e+16,-4.4134788629978586e+17,40.0,1209.0,0.033085194375516956,8.636224488663952,1.2877203083209442e+16,-106.0554999806605,-97.6505920401566,13.3080256169226,-79201.49355706344,-4.943206537231303e+16,-2.0436372067059408e+17,73.0,1248.0,0.058493589743589744,8.223623367400718,1.7553517729645622e+16,1057.5387712861266
pure_water_4kHz,pure_water,4,Lissajouswaveformsdifferentmediums/pure water/Lissajousfigure4kHz-0003/Lissajousfigure4kHz-0003_14.csv,14,127994.47063898804,3999.7440163866904,voltage activity-envelope rising edges,6.399590332739535e-05,9.63521147,-1,1,True,7.9047679999999945,22.699672260024403,37.9688990239815,9148.996945909817,9148.996945909817,36593.645790342896,0.3945068579745553,0.3945068579745553,0.8062899513786628,False,False,False,-307.05347867784883,-295.08709625548903,-0.7465824405955263,-80223.70443756375,-5.007005832926118e+16,-4.373909634694069e+17,40.0,1209.0,0.033085194375516956,8.636224488663952,1.2879438071107368e+16,-106.9703412056329,-93.51837089174282,12.78913527079736,-79170.26055002343,-4.941257190095996e+16,-1.9881883013787053e+17,70.0,1248.0,0.05608974358974359,8.223623367400718,1.7497806144227516e+16,1053.4438875403139
pure_water_4kHz,pure_water,4,Lissajouswaveformsdifferentmediums/pure water/Lissajousfigure4kHz-0003/Lissajousfigure4kHz-0003_15.csv,15,127994.47063898804,3999.7440163866904,voltage activity-envelope rising edges,6.399590332739535e-05,9.63521147,-1,1,True,7.9047679999999945,22.696050298773336,37.9688990239815,9167.742553561959,9167.742553561959,36668.62342238308,0.39409071145769037,0.39409071145769037,0.8070614981076452,False,False,False,-311.0274068480169,-298.1504129302847,2.1903221456499726,-80402.75414605808,-5.0181808707917976e+16,-4.40364742550408e+17,39.0,1209.0,0.03225806451612903,8.636224488663952,1.285455993919038e+16,-111.12893025900036,-95.8030794534549,14.353081867445153,-79346.98218407431,-4.9522869257420936e+16,-2.000894801308646e+17,73.0,1248.0,0.058493589743589744,8.223623367400718,1.757889822069174e+16,1055.7719619837735
pure_water_4kHz,pure_water,4,Lissajouswaveformsdifferentmediums/pure water/Lissajousfigure4kHz-0003/Lissajousfigure4kHz-0003_16.csv,16,127994.47063898804,3999.7440163866904,voltage activity-envelope rising edges,6.399590332739535e-05,9.793306830000002,-1,1,True,7.9047679999999945,22.737380223745863,38.9688990239815,9145.264841177783,9145.264841177783,36578.71832677242,0.39492300449142054,0.39492300449142054,0.8058382669018782,False,False,False,-309.76174566963266,-297.02498555951047,2.3955541895191232,-80310.19568462166,-5.012404015190977e+16,-4.396702342887315e+17,40.0,1209.0,0.033085194375516956,8.636224488663952,1.2899250533119334e+16,-109.55347258965793,-93.27171373712592,10.97041085726092,-79258.86947874565,-4.946787543326029e+16,-1.957973661859793e+17,68.0,1248.0,0.05448717948717949,8.223623367400718,1.7495591010190786e+16,1051.3262058760156
pure_water_4kHz,pure_water,4,Lissajouswaveformsdifferentmediums/pure water/Lissajousfigure4kHz-0003/Lissajousfigure4kHz-0003_17.csv,17,127994.47063898804,3999.7440163866904,voltage activity-envelope rising edges,6.399590332739535e-05,9.63521147,-1,1,True,7.9047679999999945,22.940151091796764,38.9688990239815,9162.140792503604,9162.140792503604,36646.2178121087,0.3945068822028102,0.3945068822028102,0.8070518941446413,False,False,False,-310.4258558211608,-298.0720758449168,-0.6644706958431945,-80207.26926447489,-5.0059800636962136e+16,-4.4353514639587174e+17,40.0,1209.0,0.033085194375516956,8.636224488663952,1.2874189703074394e+16,-106.1448036126539,-95.58809341975719,10.732314816396572,-79160.36776288186,-4.9406397511074936e+16,-2.0083824413779584e+17,70.0,1248.0,0.05608974358974359,8.223623367400718,1.7568924736506652e+16,1046.9015015930345
pure_water_4kHz,pure_water,4,Lissajouswaveformsdifferentmediums/pure water/Lissajousfigure4kHz-0003/Lissajousfigure4kHz-0003_18.csv,18,127994.47063898804,3999.7440163866904,voltage activity-envelope rising edges,6.399590332739535e-05,9.63521147,-1,1,True,7.9047679999999945,22.84148600003778,38.9688990239815,9235.715601023296,9235.715601023296,36940.498212242135,0.3949230044914223,0.3949230044914223,0.8070357462527764,False,False,False,-311.9048154093642,-298.0629431312712,1.7184666315413646,-80719.97087237108,-5.037979333229881e+16,-4.418265569506443e+17,39.0,1209.0,0.03225806451612903,8.636224488663952,1.2866203316104972e+16,-107.7443060228435,-97.22968175867878,13.491595517696625,-79647.50773339758,-4.971043640966781e+16,-2.062295589966133e+17,72.0,1248.0,0.057692307692307696,8.223623367400718,1.7522461222398108e+16,1072.4631389735005
pure_water_4kHz,pure_water,4,Lissajouswaveformsdifferentmediums/pure water/Lissajousfigure4kHz-0003/Lissajousfigure4kHz-0003_19.csv,19,127994.47063898804,3999.7440163866904,voltage activity-envelope rising edges,6.399590332739535e-05,9.793306830000002,-1,1,True,7.9047679999999945,22.770162866269622,38.9688990239815,9179.070179556675,9179.070179556675,36713.93102667532,0.39409071145769003,0.39409071145769003,0.8067421052496652,False,False,False,-311.3163723042402,-299.24743555726724,1.027016524582466,-80167.36010690653,-5.003489211570487e+16,-4.4485726101334957e+17,41.0,1209.0,0.03391232423490488,8.636224488663952,1.2863622491404042e+16,-106.3735891468488,-96.83625738414223,12.238551373836124,-79098.681279027,-4.9367897096934344e+16,-2.0368244655350054e+17,69.0,1248.0,0.055288461538461536,8.223623367400718,1.7559365843912788e+16,1068.6788278795284
pure_water_4kHz,pure_water,4,Lissajouswaveformsdifferentmediums/pure water/Lissajousfigure4kHz-0003/Lissajousfigure4kHz-0003_20.csv,20,127994.47063898804,3999.7440163866904,voltage activity-envelope rising edges,6.399590332739535e-05,9.63521147,-1,1,True,7.9047679999999945,22.82630017104481,38.9688990239815,9276.241295480839,9276.241295480839,37102.5906161586,0.39450688220281155,0.39450688220281155,0.8067084955410229,False,False,False,-312.83879985439484,-301.2887428048424,-0.6562912762828832,-80907.79111988822,-5.049701767159516e+16,-4.44351144755547e+17,40.0,1209.0,0.033085194375516956,8.636224488663952,1.2877585922225972e+16,-108.8195970386901,-98.7153150605917,11.435477020802374,-79843.60941728504,-4.983282944573551e+16,-2.078784446917406e+17,70.0,1248.0,0.05608974358974359,8.223623367400718,1.75053427471172e+16,1064.1817026031786
pure_water_4kHz,pure_water,4,Lissajouswaveformsdifferentmediums/pure water/Lissajousfigure4kHz-0003/Lissajousfigure4kHz-0003_21.csv,21,127994.47063898804,3999.7440163866904,voltage activity-envelope rising edges,6.399590332739535e-05,9.63521147,-1,1,True,7.9047679999999945,22.94674504194625,38.9688990239815,9245.633115905206,9245.633115905206,36980.16573304848,0.39492302870302376,0.39492302870302376,0.8061174305345109,False,False,False,-314.45148740726216,-302.5097480775699,2.3888032154960586,-80870.35870051946,-5.0473654958113656e+16,-4.4841993790829357e+17,40.0,1209.0,0.033085194375516956,8.636224488663952,1.2908562857407038e+16,-109.94461366941377,-97.13749498438267,12.321941382044681,-79792.51865284675,-4.980094214293086e+16,-2.0431414751338413e+17,74.0,1248.0,0.05929487179487179,8.223623367400718,1.7509886007550248e+16,1077.840047672711
pure_water_4kHz,pure_water,4,Lissajouswaveformsdifferentmediums/pure water/Lissajousfigure4kHz-0003/Lissajousfigure4kHz-0003_22.csv,22,127994.47063898804,3999.7440163866904,voltage activity-envelope rising edges,6.399590332739535e-05,9.793306830000002,-1,1,True,7.9047679999999945,22.888046092648743,38.9688990239815,9190.76492497427,9190.76492497427,36760.707014682506,0.3949229886889373,0.3949229886889373,0.8058151541968647,False,False,False,-313.298857029953,-304.12725638333774,2.302978863757981,-80518.31806817683,-5.025393567290683e+16,-4.5034383358568544e+17,39.0,1209.0,0.03225806451612903,8.636224488663952,1.2883030809578966e+16,-109.26739612733093,-98.28090361525938,14.494448802150261,-79455.16426444185,-4.959038899005058e+16,-2.091655949746225e+17,75.0,1248.0,0.06009615384615385,8.223623367400718,1.7554147786196882e+16,1063.153803734982
pure_water_4kHz,pure_water,4,Lissajouswaveformsdifferentmediums/pure water/Lissajousfigure4kHz-0003/Lissajousfigure4kHz-0003_23.csv,23,127994.47063898804,3999.7440163866904,voltage activity-envelope rising edges,6.399590332739535e-05,9.793306830000002,-1,1,True,7.9047679999999945,22.87694972408325,38.9688990239815,9262.632967399195,9262.632967399195,37048.16078734102,0.39450688220280883,0.39450688220280883,0.8068598628801115,False,False,False,-311.583907108105,-300.9089448930898,-0.3816759250171345,-80692.78924221186,-5.036282844870114e+16,-4.468029804657826e+17,39.0,1209.0,0.03225806451612903,8.636224488663952,1.2877314297775356e+16,-107.77760958370068,-97.29581692205171,11.752582773603354,-79586.67113940262,-4.967246643768464e+16,-2.0459593146148547e+17,73.0,1248.0,0.058493589743589744,8.223623367400718,1.7658014140952624e+16,1106.1181028092396
pure_water_4kHz,pure_water,4,Lissajouswaveformsdifferentmediums/pure water/Lissajousfigure4kHz-0003/Lissajousfigure4kHz-0003_24.csv,24,127994.47063898804,3999.7440163866904,voltage activity-envelope rising edges,6.399590332739535e-05,9.793306830000002,-1,1,True,7.9047679999999945,22.84362887157546,38.9688990239815,9247.568407927483,9247.568407927483,36987.906405734546,0.39450684218872417,0.39450684218872417,0.8061206036316554,False,False,False,-313.44519704115294,-303.7744829644877,-0.5969524574343865,-80460.8169738186,-5.0218047487878504e+16,-4.51613635804297e+17,39.0,1209.0,0.03225806451612903,8.636224488663952,1.288432446257287e+16,-109.65618753061835,-98.24818742824363,11.705565401109366,-79434.41971067133,-4.957744168196268e+16,-2.0649281741008397e+17,72.0,1248.0,0.057692307692307696,8.223623367400718,1.7471167757428558e+16,1026.3972631472716
pure_water_4kHz,pure_water,4,Lissajouswaveformsdifferentmediums/pure water/Lissajousfigure4kHz-0003/Lissajousfigure4kHz-0003_25.csv,25,127994.47063898804,3999.7440163866904,voltage activity-envelope rising edges,6.399590332739535e-05,9.793306830000002,-1,1,True,7.9047679999999945,22.876312216225557,38.9688990239815,9260.585890069451,9260.585890069451,37039.97300204031,0.3932584427021678,0.3932584427021678,0.8077825132332482,False,False,False,-312.3725553340378,-299.6492601763728,1.6293791360473655,-80709.6303418972,-5.03733394921575e+16,-4.465658872527439e+17,39.0,1209.0,0.03225806451612903,8.636224488663952,1.2886317643668472e+16,-108.2050418373466,-97.53988233911532,12.451279975715002,-79639.51769391709,-4.970544958257418e+16,-2.0642780461755462e+17,76.0,1248.0,0.060897435897435896,8.223623367400718,1.7510606243445844e+16,1070.1126479801023
pure_water_4kHz,pure_water,4,Lissajouswaveformsdifferentmediums/pure water/Lissajousfigure4kHz-0003/Lissajousfigure4kHz-0003_26.csv,26,127994.47063898804,3999.7440163866904,voltage activity-envelope rising edges,6.399590332739535e-05,9.793306830000002,-1,1,True,7.9047679999999945,22.911763095510693,38.9688990239815,9260.070399918426,9260.070399918426,37037.91117339324,0.3945068822028112,0.3945068822028112,0.8082365799845014,False,False,False,-313.9094074043197,-303.3095507565281,2.118598554643597,-80482.72658852421,-5.0231721945995e+16,-4.4732161345320154e+17,43.0,1209.0,0.03556658395368073,8.636224488663952,1.28829890479986e+16,-106.32654817298393,-97.45526128209089,13.894715910587427,-79425.39972142297,-4.9571812031836696e+16,-2.0618602188582496e+17,74.0,1248.0,0.05929487179487179,8.223623367400718,1.756425826396514e+16,1057.3268671012338
pure_water_4kHz,pure_water,4,Lissajouswaveformsdifferentmediums/pure water/Lissajousfigure4kHz-0003/Lissajousfigure4kHz-0003_27.csv,27,127994.47063898804,3999.7440163866904,voltage activity-envelope rising edges,6.399590332739535e-05,9.793306830000002,-1,1,True,7.9047679999999945,22.91665851424518,38.9688990239815,9254.393236493146,9254.393236493146,37015.20397295292,0.39367456494082476,0.39367456494082476,0.8073390180479867,False,False,False,-313.482872415618,-303.43434115123745,2.0393925455594117,-80582.8088454993,-5.029418633204647e+16,-4.4706774818580314e+17,41.0,1209.0,0.03391232423490488,8.636224488663952,1.2906512810307144e+16,-107.87667494064142,-98.33759067660075,14.262908153505725,-79514.69279145519,-4.962754255757415e+16,-2.0666399659672445e+17,73.0,1248.0,0.058493589743589744,8.223623367400718,1.7501699111655884e+16,1068.116054044105
pure_water_4kHz,pure_water,4,Lissajouswaveformsdifferentmediums/pure water/Lissajousfigure4kHz-0003/Lissajousfigure4kHz-0003_28.csv,28,127994.47063898804,3999.7440163866904,voltage activity-envelope rising edges,6.399590332739535e-05,9.793306830000002,-1,1,True,7.9047679999999945,22.967272825247758,38.9688990239815,9253.14834738508,9253.14834738508,37010.22473519186,0.39492300449142054,0.39492300449142054,0.8064133689996198,False,False,False,-315.19099367803113,-305.77217247553637,1.7560664717107488,-80654.85553268495,-5.03391528647578e+16,-4.523852695047977e+17,40.0,1209.0,0.033085194375516956,8.636224488663952,1.2882737994358266e+16,-109.3378425696464,-97.47727419858252,13.783709972003903,-79580.49809428604,-4.966861365213674e+16,-2.053805446972125e+17,72.0,1248.0,0.057692307692307696,8.223623367400718,1.7509880671793238e+16,1074.3574383989035
pure_water_4kHz,pure_water,4,Lissajouswaveformsdifferentmediums/pure water/Lissajousfigure4kHz-0003/Lissajousfigure4kHz-0003_29.csv,29,127994.47063898804,3999.7440163866904,voltage activity-envelope rising edges,6.399590332739535e-05,9.793306830000002,-1,1,True,7.9047679999999945,22.931148029985547,38.9688990239815,9269.40923271273,9269.40923271273,37075.26411398228,0.3949230287030247,0.3949230287030247,0.8074683429942011,False,False,False,-313.1131937577575,-302.09823262880525,2.185343150907126,-80646.58929428761,-5.033399365350446e+16,-4.486259691208508e+17,40.0,1209.0,0.033085194375516956,8.636224488663952,1.2913674776495878e+16,-107.90945863140851,-97.49452345575006,14.534744395330923,-79592.35600729915,-4.9676014536954904e+16,-2.0609202943641386e+17,73.0,1248.0,0.058493589743589744,8.223623367400718,1.7512706510807438e+16,1054.2332869884558
pure_water_4kHz,pure_water,4,Lissajouswaveformsdifferentmediums/pure water/Lissajousfigure4kHz-0003/Lissajousfigure4kHz-0003_30.csv,30,127994.47063898804,3999.7440163866904,voltage activity-envelope rising edges,6.399590332739535e-05,9.793306830000002,-1,1,True,7.9047679999999945,22.97225437471824,38.9688990239815,9262.48469070234,9262.48469070234,37047.56771851001,0.3940907357025966,0.3940907357025966,0.8061170235539228,False,False,False,-311.7646766793227,-303.8429462205331,-0.45492793502151785,-80448.93594976308,-5.021063217875458e+16,-4.505716157455099e+17,39.0,1209.0,0.03225806451612903,8.636224488663952,1.288641172041731e+16,-107.36749680032177,-98.01250172009051,14.297159429456965,-79344.69494183923,-4.9521441719850504e+16,-2.061377038017813e+17,74.0,1248.0,0.05929487179487179,8.223623367400718,1.7578898089802436e+16,1104.241007923847
pure_water_4kHz,pure_water,4,Lissajouswaveformsdifferentmediums/pure water/Lissajousfigure4kHz-0003/Lissajousfigure4kHz-0003_31.csv,31,127994.47063898804,3999.7440163866904,voltage activity-envelope rising edges,6.399590332739535e-05,9.63521147,-1,1,True,7.9047679999999945,23.06683405655741,38.9688990239815,9225.759246626432,9225.759246626432,36900.67534331825,0.3949229886889408,0.3949229886889408,0.8048933684041812,False,False,False,-314.6156847497437,-301.6984119902762,1.8445823032184743,-80594.30154715703,-5.030135927732988e+16,-4.484413216614811e+17,39.0,1209.0,0.03225806451612903,8.636224488663952,1.2897664788613166e+16,-108.64640556213884,-98.27817609019276,13.866225203182102,-79517.45146856333,-4.962926433201333e+16,-2.0723955853769267e+17,75.0,1248.0,0.06009615384615385,8.223623367400718,1.7426297570765724e+16,1076.8500785936922
pure_water_4kHz,pure_water,4,Lissajouswaveformsdifferentmediums/pure water/Lissajousfigure4kHz-0003/Lissajousfigure4kHz-0003_32.csv,32,127994.47063898804,3999.7440163866904,voltage activity-envelope rising edges,6.399590332739535e-05,9.793306830000002,-1,1,True,7.9047679999999945,23.021076490410618,38.9688990239815,9256.929065909619,9256.929065909619,37025.34664148803,0.3953391510082824,0.3953391510082824,0.8050411219081479,False,False,False,-314.92166909628435,-304.679213773755,0.8816283041839279,-80874.90927046786,-5.047649510747282e+16,-4.521749774139931e+17,39.0,1209.0,0.03225806451612903,8.636224488663952,1.2879408973594186e+16,-109.48650593124307,-98.2505847158948,11.310093994695547,-79800.03213928144,-4.98056315387482e+16,-2.081945324469983e+17,70.0,1248.0,0.05608974358974359,8.223623367400718,1.7500843648495682e+16,1074.8771311864257
pure_water_4kHz,pure_water,4,Lissajouswaveformsdifferentmediums/pure water/Lissajousfigure4kHz-0003/Lissajousfigure4kHz-0003_33.csv,33,127994.47063898804,3999.7440163866904,voltage activity-envelope rising edges,6.399590332739535e-05,9.63521147,-1,1,True,7.9047679999999945,23.006878137255324,38.9688990239815,9223.89932901816,9223.89932901816,36893.236148993594,0.3957552975251528,0.3957552975251528,0.8048879442056294,False,False,False,-313.36903379210634,-306.34248171544635,-0.24281473866952502,-80776.76981834718,-5.041524328512761e+16,-4.5490724032017325e+17,39.0,1209.0,0.03225806451612903,8.636224488663952,1.2869334915566938e+16,-108.11643104267087,-96.88198970409445,12.625219808719104,-79693.83278882696,-4.973934928827043e+16,-2.0580927953130944e+17,72.0,1248.0,0.057692307692307696,8.223623367400718,1.7541264735197364e+16,1082.9370295202243
pure_water_4kHz,pure_water,4,Lissajouswaveformsdifferentmediums/pure water/Lissajousfigure4kHz-0003/Lissajousfigure4kHz-0003_34.csv,34,127994.47063898804,3999.7440163866904,voltage activity-envelope rising edges,6.399590332739535e-05,9.793306830000002,-1,1,True,7.9047679999999945,23.1372883566775,38.9688990239815,9260.700057037762,9260.700057037762,37040.42964068867,0.3957553217034527,0.3957553217034527,0.8039755887975074,False,False,False,-316.54607666732227,-303.9740575427639,2.483533197043102,-81065.13803894418,-5.059522267808663e+16,-4.5013758204640224e+17,41.0,1209.0,0.03391232423490488,8.636224488663952,1.2877185518654882e+16,-110.27050519634435,-98.19706925519938,13.912058429765505,-80027.76110915301,-4.994776412767155e+16,-2.075648557553482e+17,74.0,1248.0,0.05929487179487179,8.223623367400718,1.7543628993601154e+16,1037.376929791164
pure_water_4kHz,pure_water,4,Lissajouswaveformsdifferentmediums/pure water/Lissajousfigure4kHz-0003/Lissajousfigure4kHz-0003_35.csv,35,127994.47063898804,3999.7440163866904,voltage activity-envelope rising edges,6.399590332739535e-05,9.793306830000002,-1,1,True,7.9047679999999945,23.193141986115847,38.9688990239815,9295.550990169553,9295.550990169553,37179.82445194804,0.39450685797455565,0.39450685797455565,0.8054901383997423,False,False,False,-314.4400554819294,-304.41480268208807,-0.38325292282007806,-80726.85995375804,-5.038409301790044e+16,-4.516229372551602e+17,40.0,1209.0,0.033085194375516956,8.636224488663952,1.2898214416541718e+16,-108.09012281434077,-98.0186037567708,11.644951866057358,-79678.91894044982,-4.9730041101078216e+16,-2.072819194928434e+17,74.0,1248.0,0.05929487179487179,8.223623367400718,1.747811247167948e+16,1047.9410133082274
pure_water_4kHz,pure_water,4,Lissajouswaveformsdifferentmediums/pure water/Lissajousfigure4kHz-0003/Lissajousfigure4kHz-0003_36.csv,36,127994.47063898804,3999.7440163866904,voltage activity-envelope rising edges,6.399590332739535e-05,9.793306830000002,-1,1,True,7.9047679999999945,23.16307429359889,38.9688990239815,9268.21044158896,9268.21044158896,37070.4692563581,0.39450688220280883,0.39450688220280883,0.8054921441922935,False,False,False,-313.91880818668636,-305.44433794514043,-0.6815624976910651,-80920.71016367091,-5.0505080840458936e+16,-4.524685570312888e+17,39.0,1209.0,0.03225806451612903,8.636224488663952,1.2905493589730802e+16,-107.714528838307,-97.94159260884132,12.233433677599761,-79825.45617188123,-4.982149945215561e+16,-2.0774389580040534e+17,73.0,1248.0,0.058493589743589744,8.223623367400718,1.7554126135219672e+16,1095.2539917896793
pure_water_4kHz,pure_water,4,Lissajouswaveformsdifferentmediums/pure water/Lissajousfigure4kHz-0003/Lissajousfigure4kHz-0003_37.csv,37,127994.47063898804,3999.7440163866904,voltage activity-envelope rising edges,6.399590332739535e-05,9.793306830000002,-1,1,True,7.9047679999999945,23.086110085377616,38.9688990239815,9330.455296841288,9330.455296841288,37319.43274370445,0.394922988688936,0.394922988688936,0.8059350316458469,False,False,False,-314.81429036656135,-303.57614236015723,1.2132238600303369,-81061.57614303577,-5.059299959032041e+16,-4.4993361371145696e+17,40.0,1209.0,0.033085194375516956,8.636224488663952,1.2898757935427654e+16,-107.4165931937831,-97.30541212166514,12.574820975497778,-80005.6963623898,-4.993399284691108e+16,-2.0584582391147872e+17,69.0,1248.0,0.055288461538461536,8.223623367400718,1.7548652258524796e+16,1055.8797806459625
pure_water_4kHz,pure_water,4,Lissajouswaveformsdifferentmediums/pure water/Lissajousfigure4kHz-0003/Lissajousfigure4kHz-0003_38.csv,38,127994.47063898804,3999.7440163866904,voltage activity-envelope rising edges,6.399590332739535e-05,9.793306830000002,-1,1,True,7.9047679999999945,23.151820330798184,38.9688990239815,9225.79810237743,9225.79810237743,36900.83075637581,0.39409071145769037,0.39409071145769037,0.80597265737646,False,False,False,-317.1297064769439,-305.3692196711548,3.0014167523128887,-80551.16278297937,-5.027443506018271e+16,-4.537297220382886e+17,39.0,1209.0,0.03225806451612903,8.636224488663952,1.2865607323915892e+16,-112.06659458433595,-93.71482258329267,14.711495963177944,-79492.47766643188,-4.961367742115958e+16,-1.969962410446801e+17,72.0,1248.0,0.057692307692307696,8.223623367400718,1.7549224093219896e+16,1058.6851165474945
pure_water_4kHz,pure_water,4,Lissajouswaveformsdifferentmediums/pure water/Lissajousfigure4kHz-0003/Lissajousfigure4kHz-0003_39.csv,39,127994.47063898804,3999.7440163866904,voltage activity-envelope rising edges,6.399590332739535e-05,9.793306830000002,-1,1,True,7.9047679999999945,23.150989546531218,38.9688990239815,9249.447810952726,9249.447810952726,36995.42353673914,0.3940906956885087,0.3940906956885087,0.8070374810411545,False,False,False,-314.93233105659476,-300.0823391255539,1.5284947196388416,-80780.52583008831,-5.041758752649969e+16,-4.4573842719893165e+17,39.0,1209.0,0.03225806451612903,8.636224488663952,1.2877182368080096e+16,-108.84553293531803,-94.67060252411893,13.064324847152301,-79691.81908142164,-4.973809247212177e+16,-1.9808187341026406e+17,70.0,1248.0,0.05608974358974359,8.223623367400718,1.757870751394028e+16,1088.7067486666783
pure_water_4kHz,pure_water,4,Lissajouswaveformsdifferentmediums/pure water/Lissajousfigure4kHz-0003/Lissajousfigure4kHz-0003_40.csv,40,127994.47063898804,3999.7440163866904,voltage activity-envelope rising edges,6.399590332739535e-05,9.63521147,-1,1,True,7.9047679999999945,23.16726537622271,38.9688990239815,9233.92368610037,9233.92368610037,36933.331011251285,0.39367456494082426,0.39367456494082426,0.8082730678757989,False,False,False,-313.63266959212945,-305.0793125944736,1.152739223213848,-80241.56436379394,-5.00812052534075e+16,-4.520434802276962e+17,39.0,1209.0,0.03225806451612903,8.636224488663952,1.2873738980355228e+16,-105.93544793426855,-96.3752064134053,12.274970786798615,-79165.24393112758,-4.940944087625234e+16,-2.0355921456429558e+17,68.0,1248.0,0.05448717948717949,8.223623367400718,1.7549141692186856e+16,1076.3204326663545
pure_water_4kHz,pure_water,4,Lissajouswaveformsdifferentmediums/pure water/Lissajousfigure4kHz-0003/Lissajousfigure4kHz-0003_41.csv,41,127994.47063898804,3999.7440163866904,voltage activity-envelope rising edges,6.399590332739535e-05,9.793306830000002,-1,1,True,7.9047679999999945,23.08374344874101,38.9688990239815,9241.417107835952,9241.417107835952,36963.30278000044,0.39367458920238174,0.39367458920238174,0.8076526349299677,False,False,False,-315.8983179818583,-303.24657015933775,2.563272224315874,-80492.03106158265,-5.023752915113499e+16,-4.48107980286302e+17,41.0,1209.0,0.03391232423490488,8.636224488663952,1.2892217912023926e+16,-107.47252777835331,-97.54857781577832,14.463714490603937,-79384.33029782513,-4.954617935319751e+16,-2.051566546328686e+17,72.0,1248.0,0.057692307692307696,8.223623367400718,1.752922248864266e+16,1107.7007637575152
pure_water_4kHz,pure_water,4,Lissajouswaveformsdifferentmediums/pure water/Lissajousfigure4kHz-0003/Lissajousfigure4kHz-0003_42.csv,42,127994.47063898804,3999.7440163866904,voltage activity-envelope rising edges,6.399590332739535e-05,9.63521147,-1,1,True,7.9047679999999945,23.078304270138133,38.9688990239815,9273.143717546145,9273.143717546145,37090.201097349025,0.39409071145768826,0.39409071145768826,0.8082433044705503,False,False,False,-314.8851498731126,-308.5005421578086,-0.5875088858532415,-80607.3387761041,-5.030949620915581e+16,-4.563971161992924e+17,41.0,1209.0,0.03391232423490488,8.636224488663952,1.2876876554862934e+16,-109.9127326568798,-101.13007270118534,11.841578599647267,-79529.2146603495,-4.963660609842765e+16,-2.1426991056157203e+17,72.0,1248.0,0.057692307692307696,8.223623367400718,1.7555111877551656e+16,1078.1241157545883
pure_water_4kHz,pure_water,4,Lissajouswaveformsdifferentmediums/pure water/Lissajousfigure4kHz-0003/Lissajousfigure4kHz-0003_43.csv,43,127994.47063898804,3999.7440163866904,voltage activity-envelope rising edges,6.399590332739535e-05,9.793306830000002,-1,1,True,7.9047679999999945,23.154338894406113,38.9688990239815,9223.916242626756,9223.916242626756,36893.30379909837,0.3940906956885085,0.3940906956885085,0.8062926895871891,False,False,False,-314.8179985834718,-302.86463258273034,-0.8467654080085494,-80206.28685985558,-5.005918748830568e+16,-4.491767177706682e+17,40.0,1209.0,0.033085194375516956,8.636224488663952,1.288091028823382e+16,-108.6546338470961,-100.85535793257678,11.831055744857228,-79175.47367289128,-4.941582556978391e+16,-2.125320012461224e+17,70.0,1248.0,0.05608974358974359,8.223623367400718,1.7501585342969272e+16,1030.8131869642966
pure_water_4kHz,pure_water,4,Lissajouswaveformsdifferentmediums/pure water/Lissajousfigure4kHz-0003/Lissajousfigure4kHz-0003_44.csv,44,127994.47063898804,3999.7440163866904,voltage activity-envelope rising edges,6.399590332739535e-05,9.63521147,-1,1,True,7.9047679999999945,23.132695138495627,38.9688990239815,9259.49163625652,9259.49163625652,37035.59626689962,0.39409069568851335,0.39409069568851335,0.8079519642295774,False,False,False,-318.05832638862057,-302.29483143804885,0.8655852063033509,-80703.24772525026,-5.036935590663194e+16,-4.493931720514995e+17,40.0,1209.0,0.033085194375516956,8.636224488663952,1.2901550578804372e+16,-110.99578748990751,-100.46694288561585,12.26802237216308,-79652.42254800866,-4.971350389521937e+16,-2.1113938074223616e+17,73.0,1248.0,0.058493589743589744,8.223623367400718,1.755467097996005e+16,1050.825177241597
pure_water_4kHz,pure_water,4,Lissajouswaveformsdifferentmediums/pure water/Lissajousfigure4kHz-0003/Lissajousfigure4kHz-0003_45.csv,45,127994.47063898804,3999.7440163866904,voltage activity-envelope rising edges,6.399590332739535e-05,9.793306830000002,-1,1,True,7.9047679999999945,23.12180055065266,38.9688990239815,9251.39287408222,9251.39287408222,37003.203291352824,0.39450688220281194,0.39450688220281194,0.8065856258305772,False,False,False,-314.85334916665335,-299.3594576579423,2.551191500097779,-80606.0203914269,-5.0308673365108024e+16,-4.432033637529246e+17,41.0,1209.0,0.03391232423490488,8.636224488663952,1.2881755275265262e+16,-107.8380832733614,-97.70162607250796,14.989748248741142,-79556.59640020464,-4.965369587658381e+16,-2.0597816476816003e+17,74.0,1248.0,0.05929487179487179,8.223623367400718,1.7542746628181448e+16,1049.4239912222547
pure_water_4kHz,pure_water,4,Lissajouswaveformsdifferentmediums/pure water/Lissajousfigure4kHz-0003/Lissajousfigure4kHz-0003_46.csv,46,127994.47063898804,3999.7440163866904,voltage activity-envelope rising edges,6.399590332739535e-05,9.63521147,-1,1,True,7.9047679999999945,23.08029305462559,38.9688990239815,9210.760392824344,9210.760392824344,36840.6837675707,0.3940907114576898,0.3940907114576898,0.8070690225271103,False,False,False,-315.5324391341931,-299.0889338520184,1.9293236432845757,-80584.71363966272,-5.02953751721223e+16,-4.4361172557227846e+17,40.0,1209.0,0.033085194375516956,8.636224488663952,1.287702954187635e+16,-108.22113380330244,-96.63062727407514,13.956188949381323,-79480.44285978524,-4.960616613163483e+16,-2.0310019938712077e+17,74.0,1248.0,0.05929487179487179,8.223623367400718,1.7564274750603312e+16,1104.270779877479
pure_water_4kHz,pure_water,4,Lissajouswaveformsdifferentmediums/pure water/Lissajousfigure4kHz-0003/Lissajousfigure4kHz-0003_47.csv,47,127994.47063898804,3999.7440163866904,voltage activity-envelope rising edges,6.399590332739535e-05,9.63521147,-1,1,True,7.9047679999999945,23.064168589326105,38.9688990239815,9258.723454296496,9258.723454296496,37032.523735701514,0.3936745892023831,0.3936745892023831,0.8067356979294348,False,False,False,-315.7612658767721,-305.5162191451732,0.8253101965725618,-80646.50125721707,-5.033393870688628e+16,-4.525630087084712e+17,39.0,1209.0,0.03225806451612903,8.636224488663952,1.2910847485958076e+16,-109.70383442435838,-98.40160105329163,12.470617966936961,-79572.52637545695,-4.966363825951986e+16,-2.0981087364314467e+17,73.0,1248.0,0.058493589743589744,8.223623367400718,1.7514350888550384e+16,1073.9748817601212
pure_water_4kHz,pure_water,4,Lissajouswaveformsdifferentmediums/pure water/Lissajousfigure4kHz-0003/Lissajousfigure4kHz-0003_48.csv,48,127994.47063898804,3999.7440163866904,voltage activity-envelope rising edges,6.399590332739535e-05,9.793306830000002,-1,1,True,7.9047679999999945,23.089924811662744,38.9688990239815,9255.740082605922,9255.740082605922,37020.591012633486,0.3945068822028102,0.3945068822028102,0.806437554657994,False,False,False,-316.23075388305017,-305.3230740921245,1.620412372012757,-80620.6498839847,-5.031780407716915e+16,-4.5193643314389606e+17,40.0,1209.0,0.033085194375516956,8.636224488663952,1.2877049312074024e+16,-109.49429284789304,-100.60560523308041,12.75737716962284,-79527.91717642947,-4.963579629917925e+16,-2.138594653029418e+17,70.0,1248.0,0.05608974358974359,8.223623367400718,1.7594846437611846e+16,1092.7327075552312
pure_water_4kHz,pure_water,4,Lissajouswaveformsdifferentmediums/pure water/Lissajousfigure4kHz-0003/Lissajousfigure4kHz-0003_49.csv,49,127994.47063898804,3999.7440163866904,voltage activity-envelope rising edges,6.399590332739535e-05,9.793306830000002,-1,1,True,7.9047679999999945,23.148895817356102,38.9688990239815,9185.839128578256,9185.839128578256,36741.00509002161,0.3940907357025984,0.3940907357025984,0.8076773728552686,False,False,False,-314.7584533307866,-305.90443658106096,2.103156327301105,-80459.42562193904,-5.021717910277644e+16,-4.52035322986215e+17,40.0,1209.0,0.033085194375516956,8.636224488663952,1.2874526769839544e+16,-107.28926068723645,-99.69668856638117,14.930981666210158,-79399.206352591,-4.955546395224537e+16,-2.104513452543503e+17,74.0,1248.0,0.05929487179487179,8.223623367400718,1.7513832654977646e+16,1060.219269348032
pure_water_4kHz,pure_water,4,Lissajouswaveformsdifferentmediums/pure water/Lissajousfigure4kHz-0003/Lissajousfigure4kHz-0003_50.csv,50,127994.47063898804,3999.7440163866904,voltage activity-envelope rising edges,6.399590332739535e-05,9.793306830000002,-1,1,True,7.9047679999999945,23.06731952833056,38.9688990239815,9276.30923777536,9276.30923777536,37102.86236794457,0.39367458920238796,0.39367458920238796,0.8071871032448773,False,False,False,-313.5320701973666,-299.97624743773287,2.238461765390453,-80673.15355355409,-5.035057321711688e+16,-4.4425845690703597e+17,39.0,1209.0,0.03225806451612903,8.636224488663952,1.2877225212769796e+16,-109.46890527855896,-96.54255845761892,14.664894200206609,-79608.52107120914,-4.968610364588529e+16,-2.0307065377986288e+17,74.0,1248.0,0.05929487179487179,8.223623367400718,1.7539246044900824e+16,1064.632482344954
pure_water_4kHz,pure_water,4,Lissajouswaveformsdifferentmediums/pure water/Lissajousfigure4kHz-0003/Lissajousfigure4kHz-0003_51.csv,51,127994.47063898804,3999.7440163866904,voltage activity-envelope rising edges,6.399590332739535e-05,9.793306830000002,-1,1,True,7.9047679999999945,23.01466580559622,38.9688990239815,9222.630094917087,9222.630094917087,36888.15953749243,0.3940907357025953,0.3940907357025953,0.8067396844171499,False,False,False,-313.90228241124305,-302.69835177704505,2.642905120897011,-80749.06089527991,-5.039794930195959e+16,-4.489940282162168e+17,39.0,1209.0,0.03225806451612903,8.636224488663952,1.2897340585657206e+16,-111.1188576842592,-96.02528747535081,14.166293351511065,-79705.44986980865,-4.974659986247972e+16,-2.0203264312410938e+17,71.0,1248.0,0.05689102564102564,8.223623367400718,1.750188061406562e+16,1043.6110254712548
pure_water_4kHz,pure_water,4,Lissajouswaveformsdifferentmediums/pure water/Lissajousfigure4kHz-0003/Lissajousfigure4kHz-0003_52.csv,52,127994.47063898804,3999.7440163866904,voltage activity-envelope rising edges,6.399590332739535e-05,9.793306830000002,-1,1,True,7.9047679999999945,22.95457565416013,38.9688990239815,9225.090659904392,9225.090659904392,36898.001167577335,0.39450688220281055,0.39450688220281055,0.806585684014831,False,False,False,-312.7261717720751,-301.6269392462957,1.7166177962578768,-80644.71831729384,-5.033282591975459e+16,-4.467030273024856e+17,40.0,1209.0,0.033085194375516956,8.636224488663952,1.287956399877689e+16,-110.20428526680651,-99.03595205660618,14.043341268193965,-79565.10448115734,-4.96590060291448e+16,-2.100251038636166e+17,73.0,1248.0,0.058493589743589744,8.223623367400718,1.7553837271593378e+16,1079.613836136501
pure_water_4kHz,pure_water,4,Lissajouswaveformsdifferentmediums/pure water/Lissajousfigure4kHz-0003/Lissajousfigure4kHz-0003_53.csv,53,127994.47063898804,3999.7440163866904,voltage activity-envelope rising edges,6.399590332739535e-05,9.793306830000002,-1,1,True,7.9047679999999945,22.920561130195477,38.9688990239815,9245.180817431967,9245.180817431967,36978.35665493652,0.3945068822028107,0.3945068822028107,0.8056699260349347,False,False,False,-311.8962104582153,-301.52743954176754,2.7787609851139545,-80484.5615059259,-5.023286717385472e+16,-4.4746599223018106e+17,41.0,1209.0,0.03391232423490488,8.636224488663952,1.2919070979989236e+16,-108.00258175828476,-97.8197766657291,15.212091472706607,-79411.65217690365,-4.956323177041905e+16,-2.072189832469152e+17,77.0,1248.0,0.06169871794871795,8.223623367400718,1.755147235529649e+16,1072.9093290222518
pure_water_4kHz,pure_water,4,Lissajouswaveformsdifferentmediums/pure water/Lissajousfigure4kHz-0003/Lissajousfigure4kHz-0003_54.csv,54,127994.47063898804,3999.7440163866904,voltage activity-envelope rising edges,6.399590332739535e-05,9.793306830000002,-1,1,True,7.9047679999999945,23.10024685580594,38.9688990239815,9260.627161080169,9260.627161080169,37040.138075518465,0.3936745491882998,0.3936745491882998,0.8075561513576742,False,False,False,-315.22187364347326,-302.45804334978817,2.5947785096858356,-80644.04154915849,-5.0332403528140424e+16,-4.464760532169479e+17,39.0,1209.0,0.03225806451612903,8.636224488663952,1.2877980221382382e+16,-109.4786951973257,-95.37815408979324,14.362665193229853,-79535.50121321416,-4.964052972761966e+16,-2.0356718461120336e+17,74.0,1248.0,0.05929487179487179,8.223623367400718,1.764581937217359e+16,1108.5403359443299
pure_water_4kHz,pure_water,4,Lissajouswaveformsdifferentmediums/pure water/Lissajousfigure4kHz-0003/Lissajousfigure4kHz-0003_55.csv,55,127994.47063898804,3999.7440163866904,voltage activity-envelope rising edges,6.399590332739535e-05,9.793306830000002,-1,1,True,7.9047679999999945,23.035020327992395,38.9688990239815,9260.658737899234,9260.658737899234,37040.26437471158,0.3936745892023831,0.3936745892023831,0.8072268164183706,False,False,False,-314.3856902981405,-301.78683176385823,-0.37038330626346916,-80484.40701922847,-5.02327707539997e+16,-4.4764556282466944e+17,40.0,1209.0,0.033085194375516956,8.636224488663952,1.2917035409044326e+16,-108.78272266593379,-96.00462722161126,14.10547649230488,-79365.53599378112,-4.95344492553874e+16,-2.038244787947488e+17,75.0,1248.0,0.06009615384615385,8.223623367400718,1.759214570363375e+16,1118.8710254473554
pure_water_4kHz,pure_water,4,Lissajouswaveformsdifferentmediums/pure water/Lissajousfigure4kHz-0003/Lissajousfigure4kHz-0003_56.csv,56,127994.47063898804,3999.7440163866904,voltage activity-envelope rising edges,6.399590332739535e-05,9.793306830000002,-1,1,True,7.9047679999999945,23.00739979844168,38.9688990239815,9226.982256913476,9226.982256913476,36905.56707139584,0.39409073570259456,0.39409073570259456,0.8067379444466768,False,False,False,-312.8310460081083,-300.1313204148677,2.5684137235134186,-80547.26664623947,-5.0272003362529336e+16,-4.4592474380889024e+17,39.0,1209.0,0.03225806451612903,8.636224488663952,1.2888656635185554e+16,-106.81060534494,-97.12953261060358,15.031888917916502,-79450.61331711261,-4.958754860515653e+16,-2.064112009845795e+17,76.0,1248.0,0.060897435897435896,8.223623367400718,1.7480128347486144e+16,1096.653329126857
pure_water_4kHz,pure_water,4,Lissajouswaveformsdifferentmediums/pure water/Lissajousfigure4kHz-0003/Lissajousfigure4kHz-0003_57.csv,57,127994.47063898804,3999.7440163866904,voltage activity-envelope rising edges,6.399590332739535e-05,9.793306830000002,-1,1,True,7.9047679999999945,23.040750478417692,38.9688990239815,9213.177151419002,9213.177151419002,36850.35018329873,0.3936745491882981,0.3936745491882981,0.8079870641169851,False,False,False,-312.1741496615207,-296.7763380450815,0.9023686748465186,-80252.09690669045,-5.008777893435232e+16,-4.4194585368041856e+17,39.0,1209.0,0.03225806451612903,8.636224488663952,1.291684933071489e+16,-108.67974206835213,-94.55977170626632,11.376114840933363,-79182.46469153355,-4.942018887753258e+16,-1.996462675439239e+17,67.0,1248.0,0.05368589743589743,8.223623367400718,1.7540137146668252e+16,1069.6322151569038
pure_water_4kHz,pure_water,4,Lissajouswaveformsdifferentmediums/pure water/Lissajousfigure4kHz-0003/Lissajousfigure4kHz-0003_58.csv,58,127994.47063898804,3999.7440163866904,voltage activity-envelope rising edges,6.399590332739535e-05,9.793306830000002,-1,1,True,7.9047679999999945,23.06305511200592,38.9688990239815,9193.29116662126,9193.29116662126,36770.81133459401,0.39325841842395814,0.39325841842395814,0.8075072990469054,False,False,False,-313.83462549588626,-299.7379342718679,2.655428022247786,-80573.68194364931,-5.02884899545082e+16,-4.4556735639035366e+17,39.0,1209.0,0.03225806451612903,8.636224488663952,1.2875745553966586e+16,-109.32555034223432,-96.02736006768214,14.299622226401349,-79493.03928677927,-4.961402794553078e+16,-2.0339414544691763e+17,70.0,1248.0,0.05608974358974359,8.223623367400718,1.752588948702829e+16,1080.6426568700408
pure_water_4kHz,pure_water,4,Lissajouswaveformsdifferentmediums/pure water/Lissajousfigure4kHz-0003/Lissajousfigure4kHz-0003_59.csv,59,127994.47063898804,3999.7440163866904,voltage activity-envelope rising edges,6.399590332739535e-05,9.793306830000002,-1,1,True,7.9047679999999945,23.060322182331156,38.9688990239815,9138.478907149158,9138.478907149158,36551.576327745825,0.3940907114576902,0.3940907114576902,0.8078393388335503,False,False,False,-312.1608521111743,-303.59793307687755,-0.5194992769417032,-80218.77478212063,-5.006698158109416e+16,-4.504989557426337e+17,40.0,1209.0,0.033085194375516956,8.636224488663952,1.287960039456492e+16,-106.79748158768794,-97.46186195323615,11.615135629788936,-79130.40582234263,-4.9387697351053976e+16,-2.0733885273767226e+17,71.0,1248.0,0.05689102564102564,8.223623367400718,1.7540862842178428e+16,1088.368959778003
pure_water_4kHz,pure_water,4,Lissajouswaveformsdifferentmediums/pure water/Lissajousfigure4kHz-0003/Lissajousfigure4kHz-0003_60.csv,60,127994.47063898804,3999.7440163866904,voltage activity-envelope rising edges,6.399590332739535e-05,9.793306830000002,-1,1,True,7.9047679999999945,22.992259417735834,38.9688990239815,9154.06870514388,9154.06870514388,36613.931528991896,0.39367456494082304,0.39367456494082304,0.8084607297564591,False,False,False,-315.3035669567266,-306.18772326039505,2.2570529507903148,-80085.02909147814,-4.998350682037717e+16,-4.533047059392581e+17,43.0,1209.0,0.03556658395368073,8.636224488663952,1.2908463169480718e+16,-108.14119765158657,-98.62788136916812,11.70330081782172,-79003.16801372345,-4.930828435780075e+16,-2.0793756630712666e+17,68.0,1248.0,0.05448717948717949,8.223623367400718,1.7512748674142788e+16,1081.8610777546855
pure_water_4kHz,pure_water,4,Lissajouswaveformsdifferentmediums/pure water/Lissajousfigure4kHz-0003/Lissajousfigure4kHz-0003_61.csv,61,127994.47063898804,3999.7440163866904,voltage activity-envelope rising edges,6.399590332739535e-05,9.76848585848127,-1,1,True,7.9047679999999945,23.179935464472884,38.9688990239815,9179.602680927017,9179.602680927017,36716.060895845054,0.393258442702168,0.393258442702168,0.8078333234581153,False,False,False,-315.8569489126785,-307.07242562061566,1.9291917745406635,-80291.96409613894,-5.011266126202722e+16,-4.545285883481921e+17,39.0,1209.0,0.03225806451612903,8.636224488663952,1.287435848217643e+16,-108.84338715246473,-98.0514381626732,14.437686621910384,-79251.81279195618,-4.9463471140020056e+16,-2.0500298570257974e+17,75.0,1248.0,0.06009615384615385,8.223623367400718,1.7553008538662888e+16,1040.1513041827566
pure_water_4kHz,pure_water,4,Lissajouswaveformsdifferentmediums/pure water/Lissajousfigure4kHz-0003/Lissajousfigure4kHz-0003_62.csv,62,127994.47063898804,3999.7440163866904,voltage activity-envelope rising edges,6.399590332739535e-05,9.793306830000002,-1,1,True,7.9047679999999945,23.01637810438364,38.9688990239815,9141.625124510236,9141.625124510236,36564.16039181005,0.3924261253902255,0.3924261253902255,0.8079933690122345,False,False,False,-314.1754097597036,-299.1608181477364,2.2138175183961684,-80179.05450583581,-5.004219094640111e+16,-4.4365501660922464e+17,42.0,1209.0,0.034739454094292806,8.636224488663952,1.2917018345263108e+16,-109.58545637772801,-97.50068603239332,15.132132552141035,-79096.28601926248,-4.936640214233253e+16,-2.0625175140349827e+17,74.0,1248.0,0.05929487179487179,8.223623367400718,1.755509678133391e+16,1082.7684865733318
pure_water_4kHz,pure_water,4,Lissajouswaveformsdifferentmediums/pure water/Lissajousfigure4kHz-0003/Lissajousfigure4kHz-0003_63.csv,63,127994.47063898804,3999.7440163866904,voltage activity-envelope rising edges,6.399590332739535e-05,9.793306830000002,-1,1,True,7.9047679999999945,23.193798856447078,38.9688990239815,9271.954738045019,9271.954738045019,37085.445483703785,0.3936745649408282,0.3936745649408282,0.8087144737604499,False,False,False,-317.87158544393424,-306.98569466908333,-0.50831205178054,-80463.99209452892,-5.0220029177458696e+16,-4.562270570051307e+17,39.0,1209.0,0.03225806451612903,8.636224488663952,1.2908485367666774e+16,-111.08886360546228,-102.25338312894742,11.979729190026868,-79412.14783378091,-4.956354112497865e+16,-2.1631094316689446e+17,70.0,1248.0,0.05608974358974359,8.223623367400718,1.7632432626212512e+16,1051.8442607480101
pure_water_4kHz,pure_water,4,Lissajouswaveformsdifferentmediums/pure water/Lissajousfigure4kHz-0003/Lissajousfigure4kHz-0003_64.csv,64,127994.47063898804,3999.7440163866904,voltage activity-envelope rising edges,6.399590332739535e-05,9.793306830000002,-1,1,True,7.9047679999999945,23.208807234121675,38.9688990239815,9135.293902682508,9135.293902682508,36538.837125188176,0.3924261497017376,0.3924261497017376,0.8081945481697532,False,False,False,-318.606225649095,-303.27404288986503,2.4953133757905634,-79836.87890622675,-4.982862872870759e+16,-4.49457359476428e+17,39.0,1209.0,0.03225806451612903,8.636224488663952,1.2878417180330942e+16,-111.46896542569164,-97.29590037426402,14.304690106530321,-78736.02047448613,-4.914154943866545e+16,-2.0763451537404915e+17,73.0,1248.0,0.058493589743589744,8.223623367400718,1.7615370136628106e+16,1100.8584317406203
pure_water_10kHz,pure_water,10,Lissajouswaveformsdifferentmediums/pure water/Lissajousfigure10kHz-0002/Lissajousfigure10kHz-0002_01.csv,1,129994.38424272223,10005.603137766497,voltage activity-envelope rising edges,0.000560313776649673,9.16092492,-1,1,True,7.9047679999999945,33.197509408453875,42.965011243846774,7293.174122636002,7293.174122636002,72972.6058857242,0.451041611682856,0.451041611682856,0.6552797326582193,False,False,False,-299.3613459746668,-287.2657700229167,-14.570927542922172,-134460.35891464894,-8.392080696135851e+16,-4.3245722303243366e+17,0.0,1188.0,0.0,8.636224488663952,1.3114833442449562e+16,-128.53085009365856,-118.66985876422738,-27.080590071853777,-136273.19122215777,-8.505225084087643e+16,-2.763988672310366e+17,0.0,1204.0,0.0,8.223623367400718,1.9307302679557348e+16,-1812.8323075088265
pure_water_10kHz,pure_water,10,Lissajouswaveformsdifferentmediums/pure water/Lissajousfigure10kHz-0002/Lissajousfigure10kHz-0002_02.csv,2,129994.38424272223,10005.603137766497,voltage activity-envelope rising edges,0.000560313776649673,9.16092492,-1,1,True,7.9047679999999945,33.26539286322307,43.96112194564093,7338.03000299367,7338.03000299367,73421.41602297816,0.4489583783011216,0.4489583783011216,0.6554409407033921,False,False,False,-299.61503696669166,-286.2726612340391,-14.815826025380245,-134528.09943221614,-8.39630858824034e+16,-4.325586764229231e+17,0.0,1188.0,0.0,8.636224488663952,1.312150553781723e+16,-129.321338539531,-122.11383391485035,-26.736098798858677,-136424.62674312547,-8.514676636370267e+16,-2.8210714402068086e+17,1.0,1214.0,0.0008237232289950577,8.223623367400718,1.929980767796338e+16,-1896.527310909325
pure_water_10kHz,pure_water,10,Lissajouswaveformsdifferentmediums/pure water/Lissajousfigure10kHz-0002/Lissajousfigure10kHz-0002_03.csv,3,129994.38424272223,10005.603137766497,voltage activity-envelope rising edges,0.000560313776649673,9.16092492,-1,1,True,7.9047679999999945,33.149140019399056,43.96112194564093,7261.921646072284,7261.921646072284,72659.90600815529,0.44999994491185236,0.44999994491185236,0.6581603758639467,False,False,False,-297.28031518974785,-284.99041187173464,-14.511680906141486,-133922.6868560859,-8.358522944691928e+16,-4.306497680928246e+17,0.0,1188.0,0.0,8.636224488663952,1.3097961101732664e+16,-126.15705850443265,-117.14732956400039,-26.87299355515271,-135748.2966359646,-8.472464813626859e+16,-2.717246435212503e+17,0.0,1207.0,0.0,8.223623367400718,1.9327748798955884e+16,-1825.609779878694
pure_water_10kHz,pure_water,10,Lissajouswaveformsdifferentmediums/pure water/Lissajousfigure10kHz-0002/Lissajousfigure10kHz-0002_04.csv,4,129994.38424272223,10005.603137766497,voltage activity-envelope rising edges,0.000560313776649673,9.16092492,-1,1,True,7.9047679999999945,33.36747723159832,43.96112194564093,7308.681317312653,7308.681317312653,73127.76472143886,0.45000000000000323,0.45000000000000323,0.657402526798408,False,False,False,-301.1858420710058,-287.74015173439307,-15.392668524906899,-134453.46682226082,-8.39165053964993e+16,-4.340394392766028e+17,0.0,1170.0,0.0,8.636224488663952,1.3108138269011034e+16,-129.17293249720066,-120.18993934390518,-27.504530390748002,-136534.85469265387,-8.521556298561256e+16,-2.7711422435368432e+17,1.0,1200.0,0.0008333333333333334,8.223623367400718,1.929085649864704e+16,-2081.387870393053
pure_water_10kHz,pure_water,10,Lissajouswaveformsdifferentmediums/pure water/Lissajousfigure10kHz-0002/Lissajousfigure10kHz-0002_05.csv,5,129994.38424272223,10005.603137766497,voltage activity-envelope rising edges,0.000560313776649673,9.16092492,-1,1,True,7.9047679999999945,33.19794908077048,43.96112194564093,7314.309803828,7314.309803828,73184.0811237777,0.4520833333333262,0.4520833333333262,0.6591563585228544,False,False,False,-299.4728595771454,-288.21759380718,-15.372453230965125,-134480.2805056171,-8.393324063328603e+16,-4.34016708747747e+17,0.0,1188.0,0.0,8.636224488663952,1.3120802442874108e+16,-127.52700477873947,-118.66010421351562,-27.36645256242011,-136341.4479958053,-8.50948519730712e+16,-2.7568960886009926e+17,0.0,1208.0,0.0,8.223623367400718,1.9381602823160864e+16,-1861.167490188207
pure_water_10kHz,pure_water,10,Lissajouswaveformsdifferentmediums/pure water/Lissajousfigure10kHz-0002/Lissajousfigure10kHz-0002_06.csv,6,129994.38424272223,10005.603137766497,voltage activity-envelope rising edges,0.000560313776649673,9.16092492,-1,1,True,7.9047679999999945,33.13310978430223,43.96112194564093,7295.60788329236,7295.60788329236,72996.95712898404,0.45208337861412573,0.45208337861412573,0.6620195051405717,False,False,False,-299.14048781533336,-284.9587042407006,-15.357611047770455,-134507.19250321988,-8.395003723098962e+16,-4.2904958243113043e+17,0.0,1171.0,0.0,8.636224488663952,1.3139936890735112e+16,-128.47915414112953,-116.4722291737086,-27.339065513413846,-136543.75408906286,-8.522111737007309e+16,-2.6984911214961382e+17,0.0,1200.0,0.0,8.223623367400718,1.929989993051034e+16,-2036.561585842981
pure_water_10kHz,pure_water,10,Lissajouswaveformsdifferentmediums/pure water/Lissajousfigure10kHz-0002/Lissajousfigure10kHz-0002_07.csv,7,129994.38424272223,10005.603137766497,voltage activity-envelope rising edges,0.000560313776649673,9.16092492,-1,1,True,7.9047679999999945,33.15808083148517,43.96112194564093,7358.030118972245,7358.030118972245,73621.52924616908,0.4489583783011203,0.4489583783011203,0.652440193845199,False,False,False,-297.9877084235226,-286.87294786315965,-14.709624411259863,-135108.09921839955,-8.432508142136237e+16,-4.3228659198993325e+17,0.0,1188.0,0.0,8.636224488663952,1.3145302003438472e+16,-129.90592026242993,-117.97758226882013,-26.88346602086716,-137040.57037267546,-8.553119555050378e+16,-2.7253439823059693e+17,0.0,1213.0,0.0,8.223623367400718,1.9309634247510564e+16,-1932.4711542759032
pure_water_10kHz,pure_water,10,Lissajouswaveformsdifferentmediums/pure water/Lissajousfigure10kHz-0002/Lissajousfigure10kHz-0002_08.csv,8,129994.38424272223,10005.603137766497,voltage activity-envelope rising edges,0.000560313776649673,9.16092492,-1,1,True,7.9047679999999945,33.30194817826066,43.96112194564093,7372.973259323624,7372.973259323624,73771.04437815693,0.47499999999999737,0.47499999999999737,0.6553766537294151,False,False,False,-301.74760965106543,-288.903117425515,-22.708513169223586,-134887.24257472213,-8.418723806061432e+16,-4.364438390269698e+17,0.0,1148.0,0.0,8.636224488663952,1.3139186187179566e+16,-131.28153517394685,-122.44002034814736,-26.466312107586727,-137342.5536685576,-8.571967252679512e+16,-2.842852459102093e+17,1.0,1225.0,0.0008163265306122449,8.223623367400718,1.930051368236573e+16,-2455.3110938354803
pure_water_10kHz,pure_water,10,Lissajouswaveformsdifferentmediums/pure water/Lissajousfigure10kHz-0002/Lissajousfigure10kHz-0002_09.csv,9,129994.38424272223,10005.603137766497,voltage activity-envelope rising edges,0.000560313776649673,9.16092492,-1,1,True,7.9047679999999945,33.311359237110004,43.96112194564093,7227.046554995768,7227.046554995768,72310.9596874502,0.4510416666666658,0.4510416666666658,0.6640914895976492,False,False,False,-297.7183772487887,-282.64096990584204,-15.114358694383842,-133219.68530074524,-8.314646475600597e+16,-4.2529390057678214e+17,0.0,1183.0,0.0,8.636224488663952,1.3097964286823288e+16,-125.94627476440377,-113.21556636846243,-27.34895029291777,-134958.5369585856,-8.423173505789982e+16,-2.632937328020955e+17,1.0,1197.0,0.000835421888053467,8.223623367400718,1.9346458082345596e+16,-1738.851657840365
pure_water_10kHz,pure_water,10,Lissajouswaveformsdifferentmediums/pure water/Lissajousfigure10kHz-0002/Lissajousfigure10kHz-0002_10.csv,10,129994.38424272223,10005.603137766497,voltage activity-envelope rising edges,0.000560313776649673,9.16092492,-1,1,True,7.9047679999999945,33.2100765296363,43.96112194564093,7202.030439538009,7202.030439538009,72060.65836413133,0.45104171184312025,0.45104171184312025,0.6653162129146574,False,False,False,-296.99668541168535,-285.08762979149134,-13.297554043499066,-132980.96985121735,-8.29974751703747e+16,-4.2908940189055174e+17,0.0,1188.0,0.0,8.636224488663952,1.3114681067598728e+16,-125.32608298094192,-114.5117185832393,-26.12493297891159,-134745.5633507402,-8.409881174000803e+16,-2.6544225060140234e+17,0.0,1213.0,0.0,8.223623367400718,1.934738269464598e+16,-1764.59349952286
pure_water_10kHz,pure_water,10,Lissajouswaveformsdifferentmediums/pure water/Lissajousfigure10kHz-0002/Lissajousfigure10kHz-0002_11.csv,11,129994.38424272223,10005.603137766497,voltage activity-envelope rising edges,0.000560313776649673,9.16092492,-1,1,True,7.9047679999999945,32.98352763392649,42.965011243846774,7255.0823553839455,7255.0823553839455,72591.47477978395,0.45312500000000033,0.45312500000000033,0.6602219895830842,False,False,False,-296.23708946851025,-284.6925021300494,-15.634313308862186,-134155.04870287824,-8.373025355549109e+16,-4.2870370837592186e+17,0.0,1178.0,0.0,8.636224488663952,1.314276446428328e+16,-125.88710087549164,-115.09092757136597,-28.15284880123245,-135935.47675338702,-8.484147295086827e+16,-2.6626537233482176e+17,1.0,1194.0,0.0008375209380234506,8.223623367400718,1.9388939066965756e+16,-1780.4280505087809
pure_water_10kHz,pure_water,10,Lissajouswaveformsdifferentmediums/pure water/Lissajousfigure10kHz-0002/Lissajousfigure10kHz-0002_12.csv,12,129994.38424272223,10005.603137766497,voltage activity-envelope rising edges,0.000560313776649673,9.16092492,-1,1,True,7.9047679999999945,33.130349206987205,43.96112194564093,7261.999463655897,7261.999463655897,72660.68462001406,0.4562499999999976,0.4562499999999976,0.6689731963169608,False,False,False,-299.3069419000447,-284.2668363282766,-15.572415133662313,-133584.13978160472,-8.337393190231803e+16,-4.2827604637255846e+17,0.0,1168.0,0.0,8.636224488663952,1.3121661795085392e+16,-125.73731168573121,-114.04618897758611,-27.511327296380852,-135576.9623049348,-8.461771315977242e+16,-2.6491861050091248e+17,1.0,1204.0,0.0008305647840531562,8.223623367400718,1.9213099019116204e+16,-1992.8225233300764
pure_water_10kHz,pure_water,10,Lissajouswaveformsdifferentmediums/pure water/Lissajousfigure10kHz-0002/Lissajousfigure10kHz-0002_13.csv,13,129994.38424272223,10005.603137766497,voltage activity-envelope rising edges,0.000560313776649673,9.16092492,-1,1,True,7.9047679999999945,33.14139470408076,43.96112194564093,7306.83342760208,7306.83342760208,73109.2754703525,0.45208333333333267,0.45208333333333267,0.6620791385904808,False,False,False,-298.33200100136094,-285.5624517369808,-14.922840363299798,-134573.75849074475,-8.399158309204752e+16,-4.286544928007551e+17,0.0,1188.0,0.0,8.636224488663952,1.3145304063461734e+16,-127.00569146327213,-119.71719546042166,-27.70681858944728,-136368.4189727144,-8.511168538155691e+16,-2.756723768151452e+17,0.0,1201.0,0.0,8.223623367400718,1.9307302679563016e+16,-1794.6604819696513
pure_water_10kHz,pure_water,10,Lissajouswaveformsdifferentmediums/pure water/Lissajousfigure10kHz-0002/Lissajousfigure10kHz-0002_14.csv,14,129994.38424272223,10005.603137766497,voltage activity-envelope rising edges,0.000560313776649673,9.16092492,-1,1,True,7.9047679999999945,33.32597013691382,43.96112194564093,7296.87948704868,7296.87948704868,73009.68029151825,0.45520837892711496,0.45520837892711496,0.6642297140400351,False,False,False,-297.94702158635073,-283.56921598983416,-15.09597271255323,-134095.62024375267,-8.36931624433853e+16,-4.2799317384461216e+17,0.0,1188.0,0.0,8.636224488663952,1.3107585471729526e+16,-126.17516477882309,-115.30915020860125,-26.537376758051003,-135810.63657276964,-8.476355639030589e+16,-2.68027525944209e+17,0.0,1215.0,0.0,8.223623367400718,1.9306628193934188e+16,-1715.016329016973
pure_water_10kHz,pure_water,10,Lissajouswaveformsdifferentmediums/pure water/Lissajousfigure10kHz-0002/Lissajousfigure10kHz-0002_15.csv,15,129994.38424272223,10005.603137766497,voltage activity-envelope rising edges,0.000560313776649673,9.16092492,-1,1,True,7.9047679999999945,33.215472673136894,43.96112194564093,7255.7970698949675,7255.7970698949675,72598.62592953804,0.451041611682856,0.451041611682856,0.667129076563686,False,False,False,-299.03961032751107,-288.8241595637002,-12.402508263647258,-133257.04790928712,-8.31697838984233e+16,-4.36353073070231e+17,0.0,1182.0,0.0,8.636224488663952,1.3097961101435284e+16,-127.44035637059007,-116.5227719937203,-26.845939753152322,-135148.9930109974,-8.435060448334304e+16,-2.7106996849559622e+17,0.0,1195.0,0.0,8.223623367400718,1.9292423124971856e+16,-1891.9451017102692
pure_water_10kHz,pure_water,10,Lissajouswaveformsdifferentmediums/pure water/Lissajousfigure10kHz-0002/Lissajousfigure10kHz-0002_16.csv,16,129994.38424272223,10005.603137766497,voltage activity-envelope rising edges,0.000560313776649673,9.16092492,-1,1,True,7.9047679999999945,33.24711496168036,43.96112194564093,7350.529511737689,7350.529511737689,73546.48114688785,0.4520832784538534,0.4520832784538534,0.6524244817243319,False,False,False,-297.59736987493073,-287.1992865275865,-17.620910532912735,-134778.65564181263,-8.41194656471775e+16,-4.3235957782395955e+17,0.0,1163.0,0.0,8.636224488663952,1.3163030790218684e+16,-127.9512756741547,-116.99477719044725,-27.08191099490888,-137011.98264751522,-8.551335308017274e+16,-2.723570915051051e+17,0.0,1210.0,0.0,8.223623367400718,1.938514995272327e+16,-2233.3270057025948
pure_water_10kHz,pure_water,10,Lissajouswaveformsdifferentmediums/pure water/Lissajousfigure10kHz-0002/Lissajousfigure10kHz-0002_17.csv,17,129994.38424272223,10005.603137766497,voltage activity-envelope rising edges,0.000560313776649673,9.16092492,-1,1,True,7.9047679999999945,33.30379399162353,43.96112194564093,7256.97142840215,7256.97142840215,72610.37609470237,0.4510416116828521,0.4510416116828521,0.6642951102156575,False,False,False,-297.0741006650977,-281.3778255130785,-14.627652645277234,-133522.72335359483,-8.333560003825877e+16,-4.244350697410579e+17,0.0,1175.0,0.0,8.636224488663952,1.3139796159039778e+16,-126.88426430371885,-113.92491715913758,-27.442532464475914,-135496.60061443553,-8.456755698013766e+16,-2.6503546236834752e+17,0.0,1196.0,0.0,8.223623367400718,1.9301096739317708e+16,-1973.8772608407016
pure_water_10kHz,pure_water,10,Lissajouswaveformsdifferentmediums/pure water/Lissajousfigure10kHz-0002/Lissajousfigure10kHz-0002_18.csv,18,129994.38424272223,10005.603137766497,voltage activity-envelope rising edges,0.000560313776649673,9.16092492,-1,1,True,7.9047679999999945,33.500612318585524,43.96112194564093,7300.589775297021,7300.589775297021,73046.80396325787,0.45000000000000306,0.45000000000000306,0.660952887243962,False,False,False,-302.320707863062,-286.13294668607267,-14.893376569229028,-134333.9619218824,-8.384191874689829e+16,-4.332527679461909e+17,0.0,1179.0,0.0,8.636224488663952,1.3136687459599024e+16,-127.73874584563106,-118.01083012308173,-27.729033836637274,-136170.20508062842,-8.498797405199426e+16,-2.7190776207481098e+17,0.0,1192.0,0.0,8.223623367400718,1.930701448394987e+16,-1836.243158746016
pure_water_10kHz,pure_water,10,Lissajouswaveformsdifferentmediums/pure water/Lissajousfigure10kHz-0002/Lissajousfigure10kHz-0002_19.csv,19,129994.38424272223,10005.603137766497,voltage activity-envelope rising edges,0.000560313776649673,9.16092492,-1,1,True,7.9047679999999945,33.38418897927993,43.96112194564093,7344.866923941298,7344.866923941298,73489.82354066442,0.4499999449118526,0.4499999449118526,0.6554901908748304,False,False,False,-300.86447467961216,-281.72588039440444,-15.02371407603417,-134948.50814584724,-8.422547577029522e+16,-4.25787973388254e+17,0.0,1187.0,0.0,8.636224488663952,1.3140652219699018e+16,-128.8036766203902,-116.92030456042832,-27.898350798300747,-136820.53215510535,-8.539386299442646e+16,-2.7175535936837862e+17,0.0,1196.0,0.0,8.223623367400718,1.9308494997024964e+16,-1872.024009258108
pure_water_10kHz,pure_water,10,Lissajouswaveformsdifferentmediums/pure water/Lissajousfigure10kHz-0002/Lissajousfigure10kHz-0002_20.csv,20,129994.38424272223,10005.603137766497,voltage activity-envelope rising edges,0.000560313776649673,9.16092492,-1,1,True,7.9047679999999945,33.213759568807546,43.96112194564093,7397.2331980455065,7397.2331980455065,74013.7796971546,0.45416666666665756,0.45416666666665756,0.6530443639924562,False,False,False,-300.76852023241196,-289.30125713706053,-14.86776957661794,-135589.2253718556,-8.46253669134893e+16,-4.3702563768207526e+17,0.0,1178.0,0.0,8.636224488663952,1.3139796152253294e+16,-131.5409337150307,-122.27991280383134,-27.704166164393214,-137731.92173116005,-8.596268899858157e+16,-2.8409120387804432e+17,0.0,1194.0,0.0,8.223623367400718,1.9299877515433416e+16,-2142.6963593044493
pure_water_10kHz,pure_water,10,Lissajouswaveformsdifferentmediums/pure water/Lissajousfigure10kHz-0002/Lissajousfigure10kHz-0002_21.csv,21,129994.38424272223,10005.603137766497,voltage activity-envelope rising edges,0.000560313776649673,9.16092492,-1,1,True,7.9047679999999945,33.35082904703015,43.96112194564093,7410.432936843267,7410.432936843267,74145.85104508718,0.45312504538512505,0.45312504538512505,0.6522565891430757,False,False,False,-301.20241324833876,-291.4938945131506,-15.353033893350224,-135634.89796170307,-8.465387256844182e+16,-4.3781749115997235e+17,0.0,1177.0,0.0,8.636224488663952,1.3134225907013812e+16,-130.65289990509623,-117.704245657657,-27.548685199952313,-137695.66251824767,-8.594005851899672e+16,-2.7539426951228026e+17,1.0,1197.0,0.000835421888053467,8.223623367400718,1.9309041288889664e+16,-2060.7645565446
pure_water_10kHz,pure_water,10,Lissajouswaveformsdifferentmediums/pure water/Lissajousfigure10kHz-0002/Lissajousfigure10kHz-0002_22.csv,22,129994.38424272223,10005.603137766497,voltage activity-envelope rising edges,0.000560313776649673,9.16092492,-1,1,True,7.9047679999999945,33.19393711069631,42.965011243846774,7378.528852145464,7378.528852145464,73826.63143512729,0.44895833333333734,0.44895833333333734,0.648877969809794,False,False,False,-300.3345739419777,-283.5230014768462,-15.616949998469991,-135471.9400003529,-8.45521655394879e+16,-4.276112658748576e+17,0.0,1188.0,0.0,8.636224488663952,1.313991834134128e+16,-130.8414962734595,-119.46699091870478,-26.956506056454742,-137422.80523198372,-8.576975997276797e+16,-2.7670571508556086e+17,0.0,1212.0,0.0,8.223623367400718,1.932008851091747e+16,-1950.865231630829
pure_water_10kHz,pure_water,10,Lissajouswaveformsdifferentmediums/pure water/Lissajousfigure10kHz-0002/Lissajousfigure10kHz-0002_23.csv,23,129994.38424272223,10005.603137766497,voltage activity-envelope rising edges,0.000560313776649673,9.16092492,-1,1,True,7.9047679999999945,33.17529498743617,43.96112194564093,7308.6423944423495,7308.6423944423495,73127.37527464562,0.4499999999999939,0.4499999999999939,0.6537965640802186,False,False,False,-299.52772808566573,-287.04838601116506,-15.189496391531527,-134633.8697668523,-8.402910037103698e+16,-4.31874716395619e+17,0.0,1188.0,0.0,8.636224488663952,1.314509999666873e+16,-129.86136843295114,-120.16358235106182,-26.919265235133416,-136512.9422223629,-8.520188674523824e+16,-2.7915111297841392e+17,0.0,1206.0,0.0,8.223623367400718,1.9306628193934896e+16,-1879.0724555106135
pure_water_10kHz,pure_water,10,Lissajouswaveformsdifferentmediums/pure water/Lissajousfigure10kHz-0002/Lissajousfigure10kHz-0002_24.csv,24,129994.38424272223,10005.603137766497,voltage activity-envelope rising edges,0.000560313776649673,9.16092492,-1,1,True,7.9047679999999945,33.22300827036984,43.96112194564093,7285.036390769841,7285.036390769841,72891.18297022983,0.4499999999999939,0.4499999999999939,0.6578535380378596,False,False,False,-301.54163224503145,-286.16148019778564,-14.243953749132592,-133935.2773716735,-8.359308757132634e+16,-4.3212591412061805e+17,0.0,1188.0,0.0,8.636224488663952,1.3098237913363056e+16,-128.54487636818777,-118.56866942569087,-27.22833503267275,-135793.9112859383,-8.47531176291805e+16,-2.7770286916337795e+17,0.0,1209.0,0.0,8.223623367400718,1.9328404063993348e+16,-1858.633914264792
pure_water_10kHz,pure_water,10,Lissajouswaveformsdifferentmediums/pure water/Lissajousfigure10kHz-0002/Lissajousfigure10kHz-0002_25.csv,25,129994.38424272223,10005.603137766497,voltage activity-envelope rising edges,0.000560313776649673,9.16092492,-1,1,True,7.9047679999999945,33.25436340088912,43.96112194564093,7369.802836986266,7369.802836986266,73739.3223904702,0.4572916666666655,0.4572916666666655,0.656154252136603,False,False,False,-299.2940956449362,-286.83911080977435,-17.152430268741465,-135148.80098337284,-8.435048463305155e+16,-4.3276501492911597e+17,0.0,1175.0,0.0,8.636224488663952,1.3145304088795478e+16,-128.2301514746357,-119.40760233812415,-28.03789677197549,-137119.03519171517,-8.558016783486358e+16,-2.776912260339368e+17,0.0,1196.0,0.0,8.223623367400718,1.9308611926355292e+16,-1970.2342083423282
pure_water_10kHz,pure_water,10,Lissajouswaveformsdifferentmediums/pure water/Lissajousfigure10kHz-0002/Lissajousfigure10kHz-0002_26.csv,26,129994.38424272223,10005.603137766497,voltage activity-envelope rising edges,0.000560313776649673,9.16092492,-1,1,True,7.9047679999999945,33.22001822049772,43.96112194564093,7393.510814140173,7393.510814140173,73976.53500107143,0.45208333333333484,0.45208333333333484,0.6542433121409517,False,False,False,-301.7955383894042,-290.34580211794827,-15.027802871970477,-135908.59068690473,-8.48246925375671e+16,-4.3855107581997395e+17,0.0,1188.0,0.0,8.636224488663952,1.315258562549864e+16,-128.82967394193656,-118.79869908843318,-27.226535495685216,-137737.19302445563,-8.59659789733419e+16,-2.761156652829713e+17,0.0,1214.0,0.0,8.223623367400718,1.930029208367728e+16,-1828.6023375508958
pure_water_10kHz,pure_water,10,Lissajouswaveformsdifferentmediums/pure water/Lissajousfigure10kHz-0002/Lissajousfigure10kHz-0002_27.csv,27,129994.38424272223,10005.603137766497,voltage activity-envelope rising edges,0.000560313776649673,9.16092492,-1,1,True,7.9047679999999945,33.11465523295665,43.96112194564093,7411.350716613388,7411.350716613388,74155.03398523488,0.45729161230886495,0.45729161230886495,0.6534644867082431,False,False,False,-300.5015508071401,-288.6731442574569,-18.338889169225375,-137245.349287218,-8.565900431061568e+16,-4.377356301153612e+17,0.0,1176.0,0.0,8.636224488663952,1.3164433199237174e+16,-129.2311583567365,-120.20972472036811,-26.907618712250326,-139341.75490248224,-8.696743493188877e+16,-2.7935335331283024e+17,0.0,1220.0,0.0,8.223623367400718,1.930701448395554e+16,-2096.4056152642297
pure_water_10kHz,pure_water,10,Lissajouswaveformsdifferentmediums/pure water/Lissajousfigure10kHz-0002/Lissajousfigure10kHz-0002_28.csv,28,129994.38424272223,10005.603137766497,voltage activity-envelope rising edges,0.000560313776649673,9.16092492,-1,1,True,7.9047679999999945,32.87174504589708,43.96112194564093,7501.370032106192,7501.370032106192,75055.73153078929,0.4687499467898573,0.4687499467898573,0.6525037678359072,False,False,False,-299.05109877821087,-287.00587441922033,-16.367572230899544,-136448.23435680644,-8.516150059471717e+16,-4.3242165364977664e+17,0.0,1174.0,0.0,8.636224488663952,1.316335843481943e+16,-129.96498049512675,-119.16135567054808,-27.322944181480537,-138524.8951285644,-8.645760785753914e+16,-2.7524509835546864e+17,0.0,1198.0,0.0,8.223623367400718,1.931342233268694e+16,-2076.6607717579755
pure_water_10kHz,pure_water,10,Lissajouswaveformsdifferentmediums/pure water/Lissajousfigure10kHz-0002/Lissajousfigure10kHz-0002_29.csv,29,129994.38424272223,10005.603137766497,voltage activity-envelope rising edges,0.000560313776649673,9.16092492,-1,1,True,7.9047679999999945,32.95663849772555,43.39333884561822,7414.7752825535545,7414.7752825535545,74189.2988329513,0.4677082800188537,0.4677082800188537,0.6572198388666622,False,False,False,-296.9942604942412,-288.1790245791094,-14.464080814830645,-135474.32654982532,-8.455365505773102e+16,-4.370041896066188e+17,0.0,1181.0,0.0,8.636224488663952,1.3165763763801426e+16,-128.8098884269598,-118.67327426238938,-27.61832188736153,-137474.29079288436,-8.580189368007411e+16,-2.712876843038271e+17,0.0,1192.0,0.0,8.223623367400718,1.92827750962433e+16,-1999.9642430590466
pure_water_10kHz,pure_water,10,Lissajouswaveformsdifferentmediums/pure water/Lissajousfigure10kHz-0002/Lissajousfigure10kHz-0002_30.csv,30,129994.38424272223,10005.603137766497,voltage activity-envelope rising edges,0.000560313776649673,9.16092492,-1,1,True,7.9047679999999945,33.04054886302809,42.965011243846774,7427.860746998995,7427.860746998995,74320.22679706574,0.45312499999999933,0.45312499999999933,0.6556064221915331,False,False,False,-300.8107057645646,-287.79407890874404,-17.45570001853579,-135521.4293528703,-8.458305335231826e+16,-4.351157790967307e+17,0.0,1162.0,0.0,8.636224488663952,1.3155099044537086e+16,-130.96214389590136,-121.49946880158066,-27.107450823129046,-137805.13379534104,-8.600838287858434e+16,-2.80844010400488e+17,1.0,1209.0,0.0008271298593879239,8.223623367400718,1.9292152850492668e+16,-2283.704442470742
pure_water_10kHz,pure_water,10,Lissajouswaveformsdifferentmediums/pure water/Lissajousfigure10kHz-0002/Lissajousfigure10kHz-0002_31.csv,31,129994.38424272223,10005.603137766497,voltage activity-envelope rising edges,0.000560313776649673,9.16092492,-1,1,True,7.9047679999999945,32.49260481466863,42.965011243846774,7442.869402895345,7442.869402895345,74470.39745159591,0.9947916666666672,0.9947916666666672,0.9681710814568523,False,False,False,-298.5096631194902,-3.5459919987865085,-5.311818017316314,-115163.14536433283,-7.187682800488289e+16,-6825740267065663.0,0.0,1029.0,0.0,8.636224488663952,1.767531749877821e+16,-129.89804973560678,-14.028002570946427,-2.159273588721951,-117842.36979475436,-7.354901360699246e+16,-2.4067750525709856e+16,0.0,1163.0,0.0,8.223623367400718,1.9306799794687416e+16,-2679.2244304215274
pure_water_10kHz,pure_water,10,Lissajouswaveformsdifferentmediums/pure water/Lissajousfigure10kHz-0002/Lissajousfigure10kHz-0002_32.csv,32,129994.38424272223,10005.603137766497,voltage activity-envelope rising edges,0.000560313776649673,9.16092492,-1,1,True,7.9047679999999945,33.229633911788696,42.965011243846774,7479.611908233372,7479.611908233372,74838.02837829548,0.9927083333333315,0.9927083333333315,0.973611830147471,False,False,False,-299.2693459840989,-2.916072831654842,-37.96018771282133,-119672.79113365377,-7.469143533693322e+16,-5941516383803932.0,1.0,1002.0,0.000998003992015968,8.636224488663952,1.613929337220932e+16,-130.1393881129772,-119.2778137231765,-3.1785388191606687,-122317.72227950755,-7.6342217455239e+16,-2.7498812531408253e+17,0.0,1110.0,0.0,8.223623367400718,1.930468738936475e+16,-2644.931145853785
pure_water_10kHz,pure_water,10,Lissajouswaveformsdifferentmediums/pure water/Lissajousfigure10kHz-0002/Lissajousfigure10kHz-0002_33.csv,33,129994.38424272223,10005.603137766497,voltage activity-envelope rising edges,0.000560313776649673,9.16092492,-1,1,True,7.9047679999999945,32.89155693305321,42.965011243846774,7395.419447742984,7395.419447742984,73995.63203143657,0.4562500456981403,0.4562500456981403,0.6616727951264649,False,False,False,-298.3557311586524,-288.5349881764567,-14.461511384282062,-135076.01538460248,-8.430505692310581e+16,-4.358166043961989e+17,0.0,1181.0,0.0,8.636224488663952,1.3172756570443274e+16,-129.10440427923538,-118.51048818351143,-27.269365882691307,-136932.11922463443,-8.54635078845407e+16,-2.7682038546263574e+17,0.0,1192.0,0.0,8.223623367400718,1.9272917865635292e+16,-1856.1038400319521
pure_water_10kHz,pure_water,10,Lissajouswaveformsdifferentmediums/pure water/Lissajousfigure10kHz-0002/Lissajousfigure10kHz-0002_34.csv,34,129994.38424272223,10005.603137766497,voltage activity-envelope rising edges,0.000560313776649673,9.16092492,-1,1,True,7.9047679999999945,32.88524759130209,42.965011243846774,7460.314359998591,7460.314359998591,74644.94476912635,0.4645833333333318,0.4645833333333318,0.6573452814818851,False,False,False,-299.04722968123684,-286.516296706175,-14.383838060896222,-135543.91694129715,-8.459708854144485e+16,-4.336266643076837e+17,0.0,1173.0,0.0,8.636224488663952,1.3193140029982092e+16,-129.29655441429108,-119.93178657569085,-26.899964552858144,-137579.3716684553,-8.586747785629752e+16,-2.7872146680470125e+17,0.0,1196.0,0.0,8.223623367400718,1.9291299285998972e+16,-2035.4547271581541
pure_water_10kHz,pure_water,10,Lissajouswaveformsdifferentmediums/pure water/Lissajousfigure10kHz-0002/Lissajousfigure10kHz-0002_35.csv,35,129994.38424272223,10005.603137766497,voltage activity-envelope rising edges,0.000560313776649673,9.16092492,-1,1,True,7.9047679999999945,32.879809152507214,42.965011243846774,7468.396143983566,7468.396143983566,74725.80789232516,0.4510417118431221,0.4510417118431221,0.6524134477579693,False,False,False,-297.79977771016524,-286.6139984228572,-14.43974075162214,-135816.32811086025,-8.476710865264754e+16,-4.331795717919341e+17,0.0,1188.0,0.0,8.636224488663952,1.3187470554842956e+16,-130.1370522663097,-120.85799104666361,-26.503347259286745,-137767.1648020199,-8.598468527294992e+16,-2.805615176314134e+17,0.0,1212.0,0.0,8.223623367400718,1.927623012328392e+16,-1950.8366911596386
pure_water_10kHz,pure_water,10,Lissajouswaveformsdifferentmediums/pure water/Lissajousfigure10kHz-0002/Lissajousfigure10kHz-0002_36.csv,36,129994.38424272223,10005.603137766497,voltage activity-envelope rising edges,0.000560313776649673,9.16092492,-1,1,True,7.9047679999999945,32.88069327496671,42.965011243846774,7455.232862333559,7455.232862333559,74594.10132014456,0.4531250453851258,0.4531250453851258,0.6559423047425762,False,False,False,-300.124308437556,-290.357069588206,-14.29677074523613,-135800.09866941322,-8.475697936373474e+16,-4.389510056982132e+17,0.0,1175.0,0.0,8.636224488663952,1.3163367634860022e+16,-129.70129418012652,-121.87495559857399,-26.852471795462726,-137867.08261728892,-8.604704702592214e+16,-2.813130498343172e+17,0.0,1198.0,0.0,8.223623367400718,1.927038116822718e+16,-2066.983947875706
pure_water_10kHz,pure_water,10,Lissajouswaveformsdifferentmediums/pure water/Lissajousfigure10kHz-0002/Lissajousfigure10kHz-0002_37.csv,37,129994.38424272223,10005.603137766497,voltage activity-envelope rising edges,0.000560313776649673,9.16092492,-1,1,True,7.9047679999999945,32.8888357638103,42.965011243846774,7438.512443344552,7438.512443344552,74426.80344344338,0.45312500000000056,0.45312500000000056,0.6588585707104083,False,False,False,-297.0086829623313,-287.4991862473191,-14.775895183982342,-135547.85734654916,-8.459954786842547e+16,-4.3398124894254445e+17,0.0,1186.0,0.0,8.636224488663952,1.3154085640909204e+16,-129.12250707045646,-118.55469754501979,-27.454092910209457,-137444.24356975214,-8.578314029258832e+16,-2.745376316971332e+17,0.0,1195.0,0.0,8.223623367400718,1.9268558771021092e+16,-1896.3862232029787
pure_water_10kHz,pure_water,10,Lissajouswaveformsdifferentmediums/pure water/Lissajousfigure10kHz-0002/Lissajousfigure10kHz-0002_38.csv,38,129994.38424272223,10005.603137766497,voltage activity-envelope rising edges,0.000560313776649673,9.16092492,-1,1,True,7.9047679999999945,32.93048364169861,42.965011243846774,7442.794133160225,7442.794133160225,74469.64433249802,0.4552083333333339,0.4552083333333339,0.6565947146170971,False,False,False,-298.1145735716517,-287.1937655204935,-14.408115145547715,-135819.0745645262,-8.476882279806398e+16,-4.347580551261984e+17,0.0,1188.0,0.0,8.636224488663952,1.3193140016009096e+16,-129.30238043713538,-118.79424086464967,-27.14844328364671,-137638.57308341487,-8.590442726322133e+16,-2.7598533045789498e+17,2.0,1202.0,0.0016638935108153079,8.223623367400718,1.930658510542736e+16,-1819.498518888664
pure_water_10kHz,pure_water,10,Lissajouswaveformsdifferentmediums/pure water/Lissajousfigure10kHz-0002/Lissajousfigure10kHz-0002_39.csv,39,129994.38424272223,10005.603137766497,voltage activity-envelope rising edges,0.000560313776649673,9.16092492,-1,1,True,7.9047679999999945,32.96041032310936,42.965011243846774,7427.831674476222,7427.831674476222,74319.93590894066,0.4541666620759876,0.4541666620759876,0.657362633213966,False,False,False,-298.17380732110126,-282.87172897385864,-14.174361945435056,-135749.16140531236,-8.472518786516778e+16,-4.2767939612816186e+17,0.0,1189.0,0.0,8.636224488663952,1.3184461842432852e+16,-129.95650074763168,-116.50001312004788,-26.573873829965265,-137590.09616951915,-8.587417134418346e+16,-2.6912113605775782e+17,1.0,1215.0,0.0008230452674897119,8.223623367400718,1.9308163588741316e+16,-1840.9347642067878
pure_water_10kHz,pure_water,10,Lissajouswaveformsdifferentmediums/pure water/Lissajousfigure10kHz-0002/Lissajousfigure10kHz-0002_40.csv,40,129994.38424272223,10005.603137766497,voltage activity-envelope rising edges,0.000560313776649673,9.16092492,-1,1,True,7.9047679999999945,32.70153664974949,42.965011243846774,7497.054391578815,7497.054391578815,75012.55094438708,0.4624999999999961,0.4624999999999961,0.6533529078164257,False,False,False,-298.6817215259507,-288.4060977117817,-16.47469177567672,-136232.09087232454,-8.502659886023142e+16,-4.3700945107690285e+17,0.0,1172.0,0.0,8.636224488663952,1.319315664167286e+16,-130.52640104153068,-122.97400459614197,-27.574493092265882,-138374.16765021073,-8.636353424568213e+16,-2.8483162077377434e+17,0.0,1200.0,0.0,8.223623367400718,1.924181218047036e+16,-2142.076777886192
pure_water_10kHz,pure_water,10,Lissajouswaveformsdifferentmediums/pure water/Lissajousfigure10kHz-0002/Lissajousfigure10kHz-0002_41.csv,41,129994.38424272223,10005.603137766497,voltage activity-envelope rising edges,0.000560313776649673,9.16092492,-1,1,True,7.9047679999999945,33.04692654026027,43.96112194564093,7404.714478981345,7404.714478981345,74088.63442516075,0.45364587877062057,0.45364587877062057,0.6575363319306391,False,False,False,-297.97179092298984,-287.82724651993055,-14.343904445718993,-135365.1162791819,-8.44854936002216e+16,-4.352753257068483e+17,0.0,1188.0,0.0,8.636224488663952,1.3163370344575138e+16,-128.36058774797513,-119.32433222114466,-27.341768924204764,-137189.26112336892,-8.562399797856963e+16,-2.7685705337413565e+17,0.0,1198.0,0.0,8.223623367400718,1.928269335093536e+16,-1824.1448441870161
pure_water_10kHz,pure_water,10,Lissajouswaveformsdifferentmediums/pure water/Lissajousfigure10kHz-0002/Lissajousfigure10kHz-0002_42.csv,42,129994.38424272223,10005.603137766497,voltage activity-envelope rising edges,0.000560313776649673,9.16092492,-1,1,True,7.9047679999999945,32.98213527009387,42.965011243846774,7394.826126731057,7394.826126731057,73989.69549685794,0.4531250453851168,0.4531250453851168,0.6569855974946451,False,False,False,-297.16784008815165,-284.6747428663127,-14.766509221346844,-134978.5858340092,-8.424424817193432e+16,-4.29100950193984e+17,0.0,1175.0,0.0,8.636224488663952,1.3142767115559816e+16,-127.87070272985765,-118.07894834478891,-27.479015121066727,-137016.50699387898,-8.55161768625937e+16,-2.72598598443391e+17,0.0,1197.0,0.0,8.223623367400718,1.9306585105426652e+16,-2037.9211598697875
pure_water_10kHz,pure_water,10,Lissajouswaveformsdifferentmediums/pure water/Lissajousfigure10kHz-0002/Lissajousfigure10kHz-0002_43.csv,43,129994.38424272223,10005.603137766497,voltage activity-envelope rising edges,0.000560313776649673,9.16092492,-1,1,True,7.9047679999999945,32.93866784966117,42.965011243846774,7471.508198115466,7471.508198115466,74756.94587091221,0.4510417118431264,0.4510417118431264,0.6507346773583508,False,False,False,-298.6629757360689,-285.2596822707767,-14.911276312840164,-136062.42250413366,-8.492070366190435e+16,-4.3273496629222106e+17,0.0,1188.0,0.0,8.636224488663952,1.3176983627390836e+16,-129.79602016881563,-118.15164655705037,-27.39475294033322,-138021.89253505337,-8.6143668612606e+16,-2.7481667145115523e+17,0.0,1205.0,0.0,8.223623367400718,1.9324949161240468e+16,-1959.470030919707
pure_water_10kHz,pure_water,10,Lissajouswaveformsdifferentmediums/pure water/Lissajousfigure10kHz-0002/Lissajousfigure10kHz-0002_44.csv,44,129994.38424272223,10005.603137766497,voltage activity-envelope rising edges,0.000560313776649673,9.16092492,-1,1,True,7.9047679999999945,32.93799083415315,42.965011243846774,7410.309006264745,7410.309006264745,74144.61104490186,0.4604166126218545,0.4604166126218545,0.6546773099103703,False,False,False,-297.4895531912377,-285.4638008623673,-16.97399829125055,-135482.9113496993,-8.45590130929084e+16,-4.321195541631445e+17,0.0,1168.0,0.0,8.636224488663952,1.3146657828106342e+16,-129.7942834794992,-120.18050807160623,-27.349859113471965,-137551.32256266434,-8.584997155472638e+16,-2.774648005274589e+17,0.0,1203.0,0.0,8.223623367400718,1.9306628177195148e+16,-2068.411212965031
pure_water_10kHz,pure_water,10,Lissajouswaveformsdifferentmediums/pure water/Lissajousfigure10kHz-0002/Lissajousfigure10kHz-0002_45.csv,45,129994.38424272223,10005.603137766497,voltage activity-envelope rising edges,0.000560313776649673,9.16092492,-1,1,True,7.9047679999999945,32.8800451146196,42.965011243846774,7465.254861282733,7465.254861282733,74694.3774642771,0.45312500000000844,0.45312500000000844,0.652114579658818,False,False,False,-298.5538612502601,-286.8203692236065,-14.855331024638982,-136117.77196717003,-8.495524894826522e+16,-4.3349204698194464e+17,0.0,1188.0,0.0,8.636224488663952,1.3163221066834888e+16,-130.3609326434847,-118.63261586156311,-26.512799536165154,-138096.28779451834,-8.619010096083707e+16,-2.7710059958973008e+17,0.0,1220.0,0.0,8.223623367400718,1.9267932133025816e+16,-1978.5158273483103
pure_water_10kHz,pure_water,10,Lissajouswaveformsdifferentmediums/pure water/Lissajousfigure10kHz-0002/Lissajousfigure10kHz-0002_46.csv,46,129994.38424272223,10005.603137766497,voltage activity-envelope rising edges,0.000560313776649673,9.16092492,-1,1,True,7.9047679999999945,32.89773461358086,42.965011243846774,7417.897075215542,7417.897075215542,74220.53425140555,0.4520833786141194,0.4520833786141194,0.6540852203636639,False,False,False,-299.02537379466196,-286.69455592303893,-15.949231283227725,-135706.2538599504,-8.469840795872862e+16,-4.338074795575544e+17,0.0,1173.0,0.0,8.636224488663952,1.316324795932395e+16,-127.92537425758591,-119.46057265687006,-27.390961840427998,-137779.0077371463,-8.599207680961264e+16,-2.7475893937125258e+17,0.0,1198.0,0.0,8.223623367400718,1.9291767510346936e+16,-2072.753877195908
pure_water_10kHz,pure_water,10,Lissajouswaveformsdifferentmediums/pure water/Lissajousfigure10kHz-0002/Lissajousfigure10kHz-0002_47.csv,47,129994.38424272223,10005.603137766497,voltage activity-envelope rising edges,0.000560313776649673,9.16092492,-1,1,True,7.9047679999999945,32.87792923978624,42.965011243846774,7423.469749500044,7423.469749500044,74276.2922187123,0.4520832784538553,0.4520832784538553,0.6559438869360485,False,False,False,-298.5607031349183,-283.5984557485831,-14.513182302519773,-135710.4841561379,-8.470104821547498e+16,-4.2839085044305184e+17,0.0,1188.0,0.0,8.636224488663952,1.31465505183757e+16,-129.82041912002444,-118.72941187266038,-27.069939998230144,-137581.06160523198,-8.586853259733165e+16,-2.7298501673419098e+17,0.0,1202.0,0.0,8.223623367400718,1.926022788858795e+16,-1870.5774490940676
pure_water_10kHz,pure_water,10,Lissajouswaveformsdifferentmediums/pure water/Lissajousfigure10kHz-0002/Lissajousfigure10kHz-0002_48.csv,48,129994.38424272223,10005.603137766497,voltage activity-envelope rising edges,0.000560313776649673,9.16092492,-1,1,True,7.9047679999999945,32.81577766815459,42.965011243846774,7376.632471527564,7376.632471527564,73807.65700326642,0.4541666666666662,0.4541666666666662,0.6604067267773758,False,False,False,-297.7589064313943,-288.701146823462,-14.84999444954472,-134777.573630134,-8.411879033072034e+16,-4.369601886531309e+17,0.0,1170.0,0.0,8.636224488663952,1.3145118569887448e+16,-127.40135302729554,-119.6448743586106,-26.878822379543585,-136856.26283980304,-8.541616360344845e+16,-2.788439458862124e+17,0.0,1201.0,0.0,8.223623367400718,1.9275964035241984e+16,-2078.6892096690426
pure_water_10kHz,pure_water,10,Lissajouswaveformsdifferentmediums/pure water/Lissajousfigure10kHz-0002/Lissajousfigure10kHz-0002_49.csv,49,129994.38424272223,10005.603137766497,voltage activity-envelope rising edges,0.000560313776649673,9.16092492,-1,1,True,7.9047679999999945,32.89226896007323,42.965011243846774,7381.04287468908,7381.04287468908,73851.7857469781,0.4510417118431264,0.4510417118431264,0.6589860493322934,False,False,False,-298.3158564953706,-285.29172874937996,-13.158330049697513,-134876.859773437,-8.418075783797174e+16,-4.3086805747903264e+17,0.0,1188.0,0.0,8.636224488663952,1.3163367634859918e+16,-129.449367955481,-120.10906953039648,-26.976688638804454,-136848.07173508222,-8.541105128541194e+16,-2.7487224404155555e+17,0.0,1204.0,0.0,8.223623367400718,1.930658512217211e+16,-1971.2119616452255
pure_water_10kHz,pure_water,10,Lissajouswaveformsdifferentmediums/pure water/Lissajousfigure10kHz-0002/Lissajousfigure10kHz-0002_50.csv,50,129994.38424272223,10005.603137766497,voltage activity-envelope rising edges,0.000560313776649673,9.16092492,-1,1,True,7.9047679999999945,32.98549974118115,43.96112194564093,7405.998128978785,7405.998128978785,74101.47811760294,0.4531250453851209,0.4531250453851209,0.6568278576867674,False,False,False,-298.368455095456,-285.7909250290644,-15.4119517769195,-135171.88921487215,-8.436489470182106e+16,-4.329285850229547e+17,0.0,1164.0,0.0,8.636224488663952,1.316513183994847e+16,-128.1030653568259,-116.72856472227183,-27.03567674044208,-137304.70823186875,-8.569605203661963e+16,-2.6990880696560042e+17,0.0,1208.0,0.0,8.223623367400718,1.9300262065275064e+16,-2132.8190169965965
pure_water_10kHz,pure_water,10,Lissajouswaveformsdifferentmediums/pure water/Lissajousfigure10kHz-0002/Lissajousfigure10kHz-0002_51.csv,51,129994.38424272223,10005.603137766497,voltage activity-envelope rising edges,0.000560313776649673,9.16092492,-1,1,True,7.9047679999999945,32.952772431801996,42.965011243846774,7378.0473727701665,7378.0473727701665,73821.81394357904,0.45520837892712385,0.45520837892712385,0.6589708014383214,False,False,False,-297.4732432349165,-284.9083058001041,-16.314697347624776,-134944.14326507028,-8.422275151520584e+16,-4.3070574286787526e+17,0.0,1165.0,0.0,8.636224488663952,1.3157102561329334e+16,-127.0511593536401,-118.81652085133426,-26.883862044103644,-137006.54489379382,-8.550995921238864e+16,-2.7124307909913555e+17,1.0,1207.0,0.0008285004142502071,8.223623367400718,1.9315069228009788e+16,-2062.4016287235427
pure_water_10kHz,pure_water,10,Lissajouswaveformsdifferentmediums/pure water/Lissajousfigure10kHz-0002/Lissajousfigure10kHz-0002_52.csv,52,129994.38424272223,10005.603137766497,voltage activity-envelope rising edges,0.000560313776649673,9.16092492,-1,1,True,7.9047679999999945,32.892705444905026,42.965011243846774,7404.167324117168,7404.167324117168,74083.15981073491,0.4520832784538553,0.4520832784538553,0.6545046406689915,False,False,False,-297.8847153786729,-286.5470892552478,-16.097726430149674,-135100.58808856073,-8.432039349636832e+16,-4.339740838868449e+17,0.0,1164.0,0.0,8.636224488663952,1.3145304135845188e+16,-129.1698142423479,-118.76009107542484,-26.71545375146788,-137431.3270406623,-8.577507869322098e+16,-2.7489847939040243e+17,0.0,1206.0,0.0,8.223623367400718,1.9310664617993616e+16,-2330.7389521015575
pure_water_10kHz,pure_water,10,Lissajouswaveformsdifferentmediums/pure water/Lissajousfigure10kHz-0002/Lissajousfigure10kHz-0002_53.csv,53,129994.38424272223,10005.603137766497,voltage activity-envelope rising edges,0.000560313776649673,9.16092492,-1,1,True,7.9047679999999945,32.903803798402606,42.965011243846774,7392.890832122151,7392.890832122151,73970.33170704656,0.45104171184311426,0.45104171184311426,0.6557151450695341,False,False,False,-298.52258596035256,-285.80505755204115,-14.521321445480694,-135022.05922609044,-8.427138124055211e+16,-4.330710949114482e+17,0.0,1180.0,0.0,8.636224488663952,1.3145302926074226e+16,-129.7224457184536,-120.47139016990735,-27.835272550098626,-136964.96994412292,-8.548401101952405e+16,-2.77927180625041e+17,0.0,1195.0,0.0,8.223623367400718,1.937378473494144e+16,-1942.910718032479
pure_water_10kHz,pure_water,10,Lissajouswaveformsdifferentmediums/pure water/Lissajousfigure10kHz-0002/Lissajousfigure10kHz-0002_54.csv,54,129994.38424272223,10005.603137766497,voltage activity-envelope rising edges,0.000560313776649673,9.16092492,-1,1,True,7.9047679999999945,32.89930679900682,42.965011243846774,7389.788454593234,7389.788454593234,73939.2905487087,0.4520833333333305,0.4520833333333305,0.6521021831127093,False,False,False,-293.8941069636821,-285.14365565084967,-15.168612153893765,-135132.5011656966,-8.434031142018974e+16,-4.287974154030793e+17,0.0,1188.0,0.0,8.636224488663952,1.314276711405164e+16,-128.45262677280826,-117.7484269800642,-27.352115524313543,-137142.69893541376,-8.559493709833232e+16,-2.7053123870999226e+17,0.0,1203.0,0.0,8.223623367400718,1.938461525919911e+16,-2010.1977697171678
pure_water_10kHz,pure_water,10,Lissajouswaveformsdifferentmediums/pure water/Lissajousfigure10kHz-0002/Lissajousfigure10kHz-0002_55.csv,55,129994.38424272223,10005.603137766497,voltage activity-envelope rising edges,0.000560313776649673,9.16092492,-1,1,True,7.9047679999999945,32.905502666144265,42.965011243846774,7372.341067424049,7372.341067424049,73764.71891690287,0.4541667121561182,0.4541667121561182,0.6562131029897283,False,False,False,-297.7784528992274,-283.9302461793296,-14.843938233939936,-134977.5413515463,-8.42435962786042e+16,-4.2756519769244045e+17,0.0,1183.0,0.0,8.636224488663952,1.3145285513543004e+16,-127.80047657312548,-119.0680683872096,-27.90412900582435,-136872.7381647047,-8.54264463557173e+16,-2.775581136925235e+17,0.0,1192.0,0.0,8.223623367400718,1.9259403997188164e+16,-1895.1968131584
pure_water_10kHz,pure_water,10,Lissajouswaveformsdifferentmediums/pure water/Lissajousfigure10kHz-0002/Lissajousfigure10kHz-0002_56.csv,56,129994.38424272223,10005.603137766497,voltage activity-envelope rising edges,0.000560313776649673,9.16092492,-1,1,True,7.9047679999999945,32.84461009099191,42.965011243846774,7345.574420218169,7345.574420218169,73496.90246763222,0.4520832784538553,0.4520832784538553,0.6576285040588669,False,False,False,-296.6330323286813,-284.31586269277426,-14.369274760239813,-134842.4019178275,-8.415925164036637e+16,-4.2898269937104544e+17,0.0,1188.0,0.0,8.636224488663952,1.31636903929779e+16,-127.15677309070993,-118.50693736022325,-26.50505756542697,-136653.39811520107,-8.52895495476032e+16,-2.741345750475037e+17,1.0,1214.0,0.0008237232289950577,8.223623367400718,1.9300262048887756e+16,-1810.9961973735772
pure_water_10kHz,pure_water,10,Lissajouswaveformsdifferentmediums/pure water/Lissajousfigure10kHz-0002/Lissajousfigure10kHz-0002_57.csv,57,129994.38424272223,10005.603137766497,voltage activity-envelope rising edges,0.000560313776649673,9.16092492,-1,1,True,7.9047679999999945,32.848527232218835,42.965011243846774,7387.92356055641,7387.92356055641,73920.63115908224,0.4510417118431221,0.4510417118431221,0.6525302415911379,False,False,False,-299.5040859777587,-284.0544897858124,-18.020558919644117,-134848.85414089818,-8.416327866938189e+16,-4.291987427822611e+17,0.0,1163.0,0.0,8.636224488663952,1.3145285511427582e+16,-130.48931835725153,-117.49576040028592,-26.923222688640177,-137137.47247453453,-8.559167510484907e+16,-2.718414593692617e+17,0.0,1209.0,0.0,8.223623367400718,1.929132074765413e+16,-2288.6183336363465
pure_water_10kHz,pure_water,10,Lissajouswaveformsdifferentmediums/pure water/Lissajousfigure10kHz-0002/Lissajousfigure10kHz-0002_58.csv,58,129994.38424272223,10005.603137766497,voltage activity-envelope rising edges,0.000560313776649673,9.16092492,-1,1,True,7.9047679999999945,32.800198666763194,42.965011243846774,7428.497780374137,7428.497780374137,74326.60070020291,0.4552083789271236,0.4552083789271236,0.651735575116327,False,False,False,-299.01899624816036,-282.2374613116182,-14.742533655367128,-135505.7669103401,-8.457327794470571e+16,-4.268564945746726e+17,0.0,1188.0,0.0,8.636224488663952,1.315451543259837e+16,-129.3683780392386,-121.04650978917154,-26.00633400157207,-137480.84042678232,-8.5805981506155e+16,-2.8131879261008445e+17,0.0,1223.0,0.0,8.223623367400718,1.931080300205056e+16,-1975.0735164422076
pure_water_10kHz,pure_water,10,Lissajouswaveformsdifferentmediums/pure water/Lissajousfigure10kHz-0002/Lissajousfigure10kHz-0002_59.csv,59,129994.38424272223,10005.603137766497,voltage activity-envelope rising edges,0.000560313776649673,9.16092492,-1,1,True,7.9047679999999945,32.73558753413707,42.965011243846774,7434.077709923466,7434.077709923466,74382.43126081019,0.45208333333333345,0.45208333333333345,0.6537471708189522,False,False,False,-296.6815403000869,-283.6052279245441,-16.432816217897646,-135224.59311839426,-8.439778881387974e+16,-4.295911862585809e+17,0.0,1168.0,0.0,8.636224488663952,1.3184479294142586e+16,-128.6131851866369,-117.20598567496515,-26.820645161850674,-137357.8053055717,-8.572919153816795e+16,-2.720950590408288e+17,0.0,1204.0,0.0,8.223623367400718,1.922165878108612e+16,-2133.2121871774434
pure_water_10kHz,pure_water,10,Lissajouswaveformsdifferentmediums/pure water/Lissajousfigure10kHz-0002/Lissajousfigure10kHz-0002_60.csv,60,129994.38424272223,10005.603137766497,voltage activity-envelope rising edges,0.000560313776649673,9.16092492,-1,1,True,7.9047679999999945,32.848672920377545,42.965011243846774,7382.890725908401,7382.890725908401,73870.27461293626,0.4552083561302279,0.4552083561302279,0.6586288269070019,False,False,False,-297.6392437548526,-284.90768661763235,-14.480009826047961,-136278.4030579939,-8.505550370642467e+16,-4.306880644358205e+17,0.0,1189.0,0.0,8.636224488663952,1.3146358301955946e+16,-127.9297940203291,-119.69178779164113,-27.116058478038596,-138263.37052091866,-8.6294382381339e+16,-2.7597310845326298e+17,0.0,1209.0,0.0,8.223623367400718,1.9300143081413068e+16,-1984.9674629247456
pure_water_10kHz,pure_water,10,Lissajouswaveformsdifferentmediums/pure water/Lissajousfigure10kHz-0002/Lissajousfigure10kHz-0002_61.csv,61,129994.38424272223,10005.603137766497,voltage activity-envelope rising edges,0.000560313776649673,9.16092492,-1,1,True,7.9047679999999945,32.86852871493287,42.965011243846774,7442.538754515894,7442.538754515894,74467.08911513299,0.45468752279688623,0.45468752279688623,0.651903528524237,False,False,False,-298.112146035661,-285.9166244340702,-14.708942853917636,-136875.46099110716,-8.542814575463867e+16,-4.3281693569155046e+17,0.0,1200.0,0.0,8.636224488663952,1.314529481112065e+16,-130.40771745353192,-122.10003889034083,-26.734767618444632,-138945.00473020057,-8.671981106052107e+16,-2.8189190425941107e+17,0.0,1232.0,0.0,8.223623367400718,1.930735250154974e+16,-2069.5437390934094
pure_water_10kHz,pure_water,10,Lissajouswaveformsdifferentmediums/pure water/Lissajousfigure10kHz-0002/Lissajousfigure10kHz-0002_62.csv,62,129994.38424272223,10005.603137766497,voltage activity-envelope rising edges,0.000560313776649673,9.16092492,-1,1,True,7.9047679999999945,32.745835803525765,42.965011243846774,7371.7551029590195,7371.7551029590195,73758.85598901295,0.4541666666666682,0.4541666666666682,0.6603255505842974,False,False,False,-296.9234350957522,-281.57098523343296,-15.638571078465933,-134624.18821330083,-8.402305781847178e+16,-4.2500082374076096e+17,0.0,1165.0,0.0,8.636224488663952,1.3190584588580504e+16,-127.7302926048327,-118.13164341415933,-26.909739520783262,-136724.1211467074,-8.533368994647371e+16,-2.698438090640457e+17,0.0,1206.0,0.0,8.223623367400718,1.9306585122165816e+16,-2099.932933406555
pure_water_10kHz,pure_water,10,Lissajouswaveformsdifferentmediums/pure water/Lissajousfigure10kHz-0002/Lissajousfigure10kHz-0002_63.csv,63,129994.38424272223,10005.603137766497,voltage activity-envelope rising edges,0.000560313776649673,9.16092492,-1,1,True,7.9047679999999945,32.75351761150515,42.965011243846774,7445.9766606090425,7445.9766606090425,74501.48743912594,0.45416671215612436,0.45416671215612436,0.6568388681569608,False,False,False,-297.4684049849214,-284.47389881059263,-14.403153604528919,-135494.42709142144,-8.456620041819803e+16,-4.276889985376159e+17,0.0,1188.0,0.0,8.636224488663952,1.3164228625625014e+16,-128.2190817066999,-118.01029709236634,-26.147780982919805,-137335.63595441106,-8.571535497061579e+16,-2.7259239027820698e+17,0.0,1220.0,0.0,8.223623367400718,1.930816358875297e+16,-1841.208862989617
pure_water_10kHz,pure_water,10,Lissajouswaveformsdifferentmediums/pure water/Lissajousfigure10kHz-0002/Lissajousfigure10kHz-0002_64.csv,64,129994.38424272223,10005.603137766497,voltage activity-envelope rising edges,0.000560313776649673,9.16092492,-1,1,True,7.9047679999999945,32.87569264062403,42.965011243846774,7401.575578324028,7401.575578324028,74057.22783089477,0.4604166126218585,0.4604166126218585,0.6597922997973241,False,False,False,-297.48598819589296,-286.3994605673691,-13.964963239020241,-135157.64470019157,-8.435600426618323e+16,-4.320823311078448e+17,0.0,1185.0,0.0,8.636224488663952,1.3163205798149806e+16,-128.43486963259505,-119.1140892990974,-27.092814084508756,-137084.68649627207,-8.555872976744414e+16,-2.7467981393070614e+17,0.0,1196.0,0.0,8.223623367400718,1.9306628177193732e+16,-1927.0417960805062
pure_water_20kHz,pure_water,20,Lissajouswaveformsdifferentmediums/pure water/Lissajousfigure20kHz/Lissajousfigure20kHz_01.csv,1,119994.81622405129,19990.404605807908,voltage activity-envelope rising edges,0.00047976970960462496,10.26697827,-1,1,True,7.9047679999999945,53.90087725105281,45.96112194564093,6260.038028956607,6260.038028956607,125140.69304658682,0.5333333333333368,0.5333333333333368,0.5616904857614602,False,False,False,-190.28200581719187,-172.86962751191294,-134.35053882382064,-197199.15488650528,-1.2307800115778573e+17,-2.7125163087144362e+17,0.0,1097.0,0.0,8.636224488663952,1.3596432984263244e+16,-306.2088652546502,-291.36501365613265,-120.1571224939304,-193070.21408916794,-1.2050100339870512e+17,-4.069406453386098e+17,0.0,1059.0,0.0,8.223623367400718,1.1592873573983748e+16,4128.940797337331
pure_water_20kHz,pure_water,20,Lissajouswaveformsdifferentmediums/pure water/Lissajousfigure20kHz/Lissajousfigure20kHz_02.csv,2,119994.81622405129,19990.404605807908,voltage activity-envelope rising edges,0.00047976970960462496,10.26697827,-1,1,True,7.9047679999999945,54.59662902761777,46.96112194564093,6248.822224634782,6248.822224634782,124916.48458021396,0.5333333333333368,0.5333333333333368,0.5618740915162724,False,False,False,-191.2459595122317,-176.45407218797206,-132.55822524183966,-198839.96780372882,-1.2410208249445259e+17,-2.740095235322967e+17,0.0,1107.0,0.0,8.636224488663952,1.3600701746890626e+16,-311.32607281099905,-291.63989415165804,-119.96126241716597,-190569.87256708235,-1.1894046407019114e+17,-4.066599639528378e+17,0.0,1036.0,0.0,8.223623367400718,1.1592900080603596e+16,8270.095236646477
pure_water_20kHz,pure_water,20,Lissajouswaveformsdifferentmediums/pure water/Lissajousfigure20kHz/Lissajousfigure20kHz_03.csv,3,119994.81622405129,19990.404605807908,voltage activity-envelope rising edges,0.00047976970960462496,10.26697827,-1,1,True,7.9047679999999945,54.64476647379571,45.96112194564093,6362.709928237913,6362.709928237913,127193.14585486687,0.5333333333333337,0.5333333333333337,0.5506676804951588,False,False,False,-184.7409015948129,-168.78818102007287,-136.9823882420878,-196236.13872160617,-1.2247695342648771e+17,-2.63598159407949e+17,0.0,1084.0,0.0,8.636224488663952,1.3608535946529868e+16,-307.08782641808614,-292.1583117738825,-119.39398804843142,-193897.20147791196,-1.2101715142605285e+17,-4.0765064334637466e+17,0.0,1058.0,0.0,8.223623367400718,1.1578282228774432e+16,2338.9372436942067
pure_water_20kHz,pure_water,20,Lissajouswaveformsdifferentmediums/pure water/Lissajousfigure20kHz/Lissajousfigure20kHz_04.csv,4,119994.81622405129,19990.404605807908,voltage activity-envelope rising edges,0.00047976970960462496,10.26697827,-1,1,True,7.9047679999999945,55.05838702095072,46.96112194564093,6333.683356891198,6333.683356891198,126612.89294932669,0.5333333333333281,0.5333333333333281,0.5556178411654296,False,False,False,-187.71424740483184,-171.48614600350166,-134.07751729382375,-197910.98539923952,-1.2352227627002378e+17,-2.6789795782921306e+17,0.0,1095.0,0.0,8.636224488663952,1.359565803456862e+16,-312.5740660247551,-299.41545829853766,-118.24028508503693,-193464.98611831118,-1.2074739265066675e+17,-4.158307072516836e+17,0.0,1056.0,0.0,8.223623367400718,1.157884809731896e+16,4445.999280928343
pure_water_20kHz,pure_water,20,Lissajouswaveformsdifferentmediums/pure water/Lissajousfigure20kHz/Lissajousfigure20kHz_05.csv,5,119994.81622405129,19990.404605807908,voltage activity-envelope rising edges,0.00047976970960462496,10.10888291,-1,1,True,7.9047679999999945,55.38585202633739,46.96112194564093,6205.524849261487,6205.524849261487,124050.95252813226,0.5322916731353602,0.5322916731353602,0.5659267748498338,False,False,False,-193.17775724585738,-181.76120295677282,-130.28750606473182,-196857.05827915546,-1.2286448824156806e+17,-2.841517657566433e+17,0.0,1099.0,0.0,8.636224488663952,1.358880968931138e+16,-315.71005051697375,-303.8752720181399,-118.95202877979011,-192351.41050744685,-1.2005237618164525e+17,-4.2232934489137165e+17,0.0,1058.0,0.0,8.223623367400718,1.1584622266906358e+16,4505.647771708609
pure_water_20kHz,pure_water,20,Lissajouswaveformsdifferentmediums/pure water/Lissajousfigure20kHz/Lissajousfigure20kHz_06.csv,6,119994.81622405129,19990.404605807908,voltage activity-envelope rising edges,0.00047976970960462496,10.26697827,-1,1,True,7.9047679999999945,54.80807147338245,46.96112194564093,6359.275658478482,6359.275658478482,127124.49341285037,0.5333333333333281,0.5333333333333281,0.5592856867094096,False,False,False,-197.53447110686812,-179.3446925259073,-132.05680809506927,-198378.77126193815,-1.2381423568021474e+17,-2.791710749348755e+17,0.0,1093.0,0.0,8.636224488663952,1.3584305914438026e+16,-317.4238239973874,-304.13871743569297,-121.86597382757763,-198187.86811902595,-1.2369508721196752e+17,-4.226252318947256e+17,0.0,1085.0,0.0,8.223623367400718,1.1558949055811746e+16,190.90314291219693
pure_water_20kHz,pure_water,20,Lissajouswaveformsdifferentmediums/pure water/Lissajousfigure20kHz/Lissajousfigure20kHz_07.csv,7,119994.81622405129,19990.404605807908,voltage activity-envelope rising edges,0.00047976970960462496,10.26697827,-1,1,True,7.9047679999999945,55.161040565204914,47.96112194564094,6374.245416010452,6374.245416010452,127423.74492276527,0.5333333333333337,0.5333333333333337,0.5589800954012412,False,False,False,-198.0240035945043,-172.46145332754296,-132.45514639553963,-197954.29653170006,-1.235493080674683e+17,-2.6875561937190586e+17,0.0,1088.0,0.0,8.636224488663952,1.356636205806585e+16,-317.4235558006202,-301.5950800431306,-121.14666325232497,-199241.5216928376,-1.2435270451185974e+17,-4.1894599783735686e+17,0.0,1091.0,0.0,8.223623367400718,1.1549374879987068e+16,-1287.225161137525
pure_water_20kHz,pure_water,20,Lissajouswaveformsdifferentmediums/pure water/Lissajousfigure20kHz/Lissajousfigure20kHz_08.csv,8,119994.81622405129,19990.404605807908,voltage activity-envelope rising edges,0.00047976970960462496,10.26697827,-1,1,True,7.9047679999999945,54.97688610537522,47.96112194564094,6383.589063944629,6383.589063944629,127610.5282254637,0.5333333333333325,0.5333333333333325,0.5654118100473502,False,False,False,-203.60235677778581,-183.88004858190533,-130.52822826478538,-199930.74795025456,-1.247828716196101e+17,-2.8672605020622858e+17,0.0,1099.0,0.0,8.636224488663952,1.3572949295903542e+16,-321.2636284226337,-294.4468909882929,-124.09128176989257,-198343.45452532778,-1.237921934288069e+17,-4.074750602738453e+17,0.0,1084.0,0.0,8.223623367400718,1.1522079440751386e+16,1587.2934249267855
pure_water_20kHz,pure_water,20,Lissajouswaveformsdifferentmediums/pure water/Lissajousfigure20kHz/Lissajousfigure20kHz_09.csv,9,119994.81622405129,19990.404605807908,voltage activity-envelope rising edges,0.00047976970960462496,10.26697827,-1,1,True,7.9047679999999945,56.90197962515385,49.96112498178318,6471.591471253469,6471.591471253469,129369.7319538525,0.5333333333333542,0.5333333333333542,0.5641996438167122,False,False,False,-207.9124814161874,-191.09710914945143,-129.08542376067132,-203496.34247190083,-1.2700826780305694e+17,-2.977126467480318e+17,0.0,1111.0,0.0,8.636224488663952,1.3565611359907294e+16,-332.53954388107934,-320.3565790981587,-122.89394375654575,-199159.01057560326,-1.2430120680950731e+17,-4.449719817132072e+17,0.0,1073.0,0.0,8.223623367400718,1.155429124608407e+16,4337.331896297575
pure_water_20kHz,pure_water,20,Lissajouswaveformsdifferentmediums/pure water/Lissajousfigure20kHz/Lissajousfigure20kHz_10.csv,10,119994.81622405129,19990.404605807908,voltage activity-envelope rising edges,0.00047976970960462496,10.26697827,-1,1,True,7.9047679999999945,57.51161970769188,48.961123463712056,6467.932189271214,6467.932189271214,129296.5814264605,0.5312501064202924,0.5312501064202924,0.5567731277894021,False,False,False,-197.87092567374702,-177.21071922979746,-130.1297901096275,-198831.80753309338,-1.2409698942090826e+17,-2.7814656688650618e+17,0.0,1088.0,0.0,8.636224488663952,1.3608077184896664e+16,-328.35597346703787,-313.2877827298199,-117.83650715764512,-199896.16864953437,-1.2476128962441077e+17,-4.368655168295315e+17,0.0,1086.0,0.0,8.223623367400718,1.1578282228774262e+16,-1064.3611164409958
pure_water_20kHz,pure_water,20,Lissajouswaveformsdifferentmediums/pure water/Lissajousfigure20kHz/Lissajousfigure20kHz_11.csv,11,119994.81622405129,19990.404605807908,voltage activity-envelope rising edges,0.00047976970960462496,10.26697827,-1,1,True,7.9047679999999945,55.34218183595735,46.96112194564093,6324.373717694996,6324.373717694996,126426.78949506054,0.5333333333333337,0.5333333333333337,0.5596453736614373,False,False,False,-192.8385367391992,-173.12755422021007,-131.59050303735373,-197371.2602021061,-1.231854173292443e+17,-2.7126445562340797e+17,0.0,1091.0,0.0,8.636224488663952,1.3608535946529868e+16,-315.33504780165805,-302.986161310858,-119.2647460061121,-196529.97021946797,-1.2266034261725195e+17,-4.207116957950598e+17,0.0,1079.0,0.0,8.223623367400718,1.154918405003035e+16,841.2899826381181
pure_water_20kHz,pure_water,20,Lissajouswaveformsdifferentmediums/pure water/Lissajousfigure20kHz/Lissajousfigure20kHz_12.csv,12,119994.81622405129,19990.404605807908,voltage activity-envelope rising edges,0.00047976970960462496,10.26697827,-1,1,True,7.9047679999999945,55.43032163554955,47.96112194564094,6338.687006376716,6338.687006376716,126712.91792704785,0.5312501064202988,0.5312501064202988,0.5607022520418068,False,False,False,-192.8716349661172,-177.38309524246358,-131.4914159372746,-196926.1928208568,-1.2290763721555053e+17,-2.7525366873858736e+17,0.0,1091.0,0.0,8.636224488663952,1.3614147398956618e+16,-315.2618334079717,-300.8751425673266,-119.03446568849058,-196278.8556824262,-1.2250361438330718e+17,-4.180399822981107e+17,0.0,1078.0,0.0,8.223623367400718,1.1538848292760392e+16,647.3371384306229
pure_water_20kHz,pure_water,20,Lissajouswaveformsdifferentmediums/pure water/Lissajousfigure20kHz/Lissajousfigure20kHz_13.csv,13,119994.81622405129,19990.404605807908,voltage activity-envelope rising edges,0.00047976970960462496,10.26697827,-1,1,True,7.9047679999999945,55.59663641465831,47.96112194564094,6321.21786452499,6321.21786452499,126363.70271331558,0.5312499999999968,0.5312499999999968,0.5631465191858268,False,False,False,-197.50106930372283,-174.6777787018768,-129.61317251605973,-200103.6500058426,-1.2489078506077112e+17,-2.7355688965616426e+17,0.0,1110.0,0.0,8.636224488663952,1.360391370650759e+16,-319.82078449612015,-302.87984878582404,-119.7159019734059,-194551.2685164085,-1.2142537459398518e+17,-4.234875368124286e+17,0.0,1062.0,0.0,8.223623367400718,1.1576639930279896e+16,5552.381489434076
pure_water_20kHz,pure_water,20,Lissajouswaveformsdifferentmediums/pure water/Lissajousfigure20kHz/Lissajousfigure20kHz_14.csv,14,119994.81622405129,19990.404605807908,voltage activity-envelope rising edges,0.00047976970960462496,10.26697827,-1,1,True,7.9047679999999945,56.19993215434552,47.96112194564094,6372.312509510855,6372.312509510855,127385.10533977314,0.5333332398504038,0.5333332398504038,0.5582464554294458,False,False,False,-198.17889994383506,-176.42815786173784,-130.93182327418262,-200665.32897849852,-1.2524134602177848e+17,-2.7620710251841456e+17,0.0,1106.0,0.0,8.636224488663952,1.359022930755329e+16,-321.47160924163836,-306.316679977733,-120.42479866108441,-196233.42260026286,-1.2247525821239803e+17,-4.235409614049535e+17,0.0,1069.0,0.0,8.223623367400718,1.1534707098874302e+16,4431.906378235668
pure_water_20kHz,pure_water,20,Lissajouswaveformsdifferentmediums/pure water/Lissajousfigure20kHz/Lissajousfigure20kHz_15.csv,15,119994.81622405129,19990.404605807908,voltage activity-envelope rising edges,0.00047976970960462496,10.10888291,-1,1,True,7.9047679999999945,56.53363336898131,47.96112194564094,6301.876479448099,6301.876479448099,125977.06059999182,0.5333333333333414,0.5333333333333414,0.5713931671533731,False,False,False,-206.26071768019634,-188.9223936956417,-128.2353498855158,-198745.97734015188,-1.2404342018227582e+17,-2.933598434159953e+17,0.0,1092.0,0.0,8.636224488663952,1.3530905004652564e+16,-328.7967650500696,-311.9810054341851,-120.59227368997848,-199707.30902465683,-1.2464341657803429e+17,-4.340505220141684e+17,0.0,1093.0,0.0,8.223623367400718,1.1538154701138184e+16,-961.3316845049558
pure_water_20kHz,pure_water,20,Lissajouswaveformsdifferentmediums/pure water/Lissajousfigure20kHz/Lissajousfigure20kHz_16.csv,16,119994.81622405129,19990.404605807908,voltage activity-envelope rising edges,0.00047976970960462496,10.26697827,-1,1,True,7.9047679999999945,57.84329560504504,48.961123463712056,6388.014069440941,6388.014069440941,127698.9858757179,0.5312499999999969,0.5312499999999969,0.559059566248532,False,False,False,-194.32013088864466,-181.13420196140584,-129.17614634477727,-199022.54349447833,-1.2421603354607035e+17,-2.829273243520406e+17,0.0,1092.0,0.0,8.636224488663952,1.3605824096987342e+16,-327.57133683135794,-316.4528446840322,-116.70832181783325,-195905.67614223663,-1.2227070166161754e+17,-4.421222051697144e+17,0.0,1060.0,0.0,8.223623367400718,1.1576802045882914e+16,3116.8673522417084
pure_water_20kHz,pure_water,20,Lissajouswaveformsdifferentmediums/pure water/Lissajousfigure20kHz/Lissajousfigure20kHz_17.csv,17,119994.81622405129,19990.404605807908,voltage activity-envelope rising edges,0.00047976970960462496,10.26697827,-1,1,True,7.9047679999999945,57.75950283449711,48.961123463712056,6446.643437255469,6446.643437255469,128871.01066011304,0.5333333333333368,0.5333333333333368,0.5598383275119639,False,False,False,-198.20750111919102,-179.90634956444293,-129.47014372864083,-200561.77093849593,-1.2517671229363357e+17,-2.8139334030654666e+17,0.0,1096.0,0.0,8.636224488663952,1.3607516039655928e+16,-330.9520398282391,-316.87554394544185,-117.37473907987894,-196231.32758711075,-1.2247395065085544e+17,-4.4046764171297914e+17,0.0,1057.0,0.0,8.223623367400718,1.1578848043165872e+16,4330.443351385184
pure_water_20kHz,pure_water,20,Lissajouswaveformsdifferentmediums/pure water/Lissajousfigure20kHz/Lissajousfigure20kHz_18.csv,18,119994.81622405129,19990.404605807908,voltage activity-envelope rising edges,0.00047976970960462496,10.26697827,-1,1,True,7.9047679999999945,57.16470803961117,47.96112194564094,6332.5502416256795,6332.5502416256795,126590.24151670396,0.5333333333333281,0.5333333333333281,0.5656634426574527,False,False,False,-196.75020017575181,-178.02561316249742,-129.97513638967803,-199073.65844024654,-1.242479359411798e+17,-2.780221966509228e+17,0.0,1097.0,0.0,8.636224488663952,1.3594528542504792e+16,-325.28989033369,-310.20037259875744,-117.91269476721902,-194807.04563569825,-1.2158501288757826e+17,-4.308199931776988e+17,0.0,1061.0,0.0,8.223623367400718,1.1573296355375104e+16,4266.612804548291
pure_water_20kHz,pure_water,20,Lissajouswaveformsdifferentmediums/pure water/Lissajousfigure20kHz/Lissajousfigure20kHz_19.csv,19,119994.81622405129,19990.404605807908,voltage activity-envelope rising edges,0.00047976970960462496,10.26697827,-1,1,True,7.9047679999999945,56.21929224658107,47.96112194564094,6255.107213056825,6255.107213056825,125042.12404171341,0.5312500000000012,0.5312500000000012,0.5612968116425993,False,False,False,-187.93577148486716,-169.07031766490311,-131.40296571276093,-197191.37695348548,-1.2307314671279702e+17,-2.6504453077615526e+17,0.0,1098.0,0.0,8.636224488663952,1.3625090818860962e+16,-315.498086386861,-301.4251446930318,-117.55546322361327,-189636.3116285706,-1.1835780024317251e+17,-4.1934270099213235e+17,0.0,1028.0,0.0,8.223623367400718,1.1581007077891804e+16,7555.0653249148745
pure_water_20kHz,pure_water,20,Lissajouswaveformsdifferentmediums/pure water/Lissajousfigure20kHz/Lissajousfigure20kHz_20.csv,20,119994.81622405129,19990.404605807908,voltage activity-envelope rising edges,0.00047976970960462496,10.26697827,-1,1,True,7.9047679999999945,55.436051824876515,46.96112194564093,6311.254168897036,6311.254168897036,126164.52440634367,0.5312499999999968,0.5312499999999968,0.5580468366376895,False,False,False,-192.45074104628065,-177.78702599516413,-132.0900054966489,-197493.70788013557,-1.2326184065604282e+17,-2.788882161346244e+17,0.0,1097.0,0.0,8.636224488663952,1.3608654038544452e+16,-314.19308337204757,-300.85551432510715,-120.2887379539821,-194230.93986066573,-1.2122544771962778e+17,-4.180570793139569e+17,0.0,1066.0,0.0,8.223623367400718,1.1537363972155086e+16,3262.7680194698332
pure_water_20kHz,pure_water,20,Lissajouswaveformsdifferentmediums/pure water/Lissajousfigure20kHz/Lissajousfigure20kHz_21.csv,21,119994.81622405129,19990.404605807908,voltage activity-envelope rising edges,0.00047976970960462496,10.10888291,-1,1,True,7.9047679999999945,55.23101948861723,46.96112194564093,6240.708833952924,6240.708833952924,124754.29461775861,0.5312500000000228,0.5312500000000228,0.5592088200987786,False,False,False,-191.1551212924645,-179.06704653242534,-132.35708513144976,-195716.16446668823,-1.2215242165054963e+17,-2.794960841265035e+17,0.0,1088.0,0.0,8.636224488663952,1.3604244791800492e+16,-311.81712060283746,-300.45782767654794,-120.08553088643396,-194939.45845842705,-1.2166765576481827e+17,-4.165040508194045e+17,0.0,1074.0,0.0,8.223623367400718,1.1562445708720458e+16,776.7060082611861
pure_water_20kHz,pure_water,20,Lissajouswaveformsdifferentmediums/pure water/Lissajousfigure20kHz/Lissajousfigure20kHz_22.csv,22,119994.81622405129,19990.404605807908,voltage activity-envelope rising edges,0.00047976970960462496,10.26697827,-1,1,True,7.9047679999999945,55.1687608932045,46.96112194564093,6248.827103128262,6248.827103128262,124916.58210327249,0.531250000000006,0.531250000000006,0.5584917987428055,False,False,False,-187.574456415295,-167.18383955876726,-133.3881710237339,-197556.7557157256,-1.2330119073128128e+17,-2.604342525442601e+17,0.0,1102.0,0.0,8.636224488663952,1.3608967587654658e+16,-309.3174118635034,-291.8798859997459,-119.43630872192878,-187544.03661921504,-1.1705194765890522e+17,-4.0837352047705504e+17,0.0,1022.0,0.0,8.223623367400718,1.1573884482679616e+16,10012.719096510555
pure_water_20kHz,pure_water,20,Lissajouswaveformsdifferentmediums/pure water/Lissajousfigure20kHz/Lissajousfigure20kHz_23.csv,23,119994.81622405129,19990.404605807908,voltage activity-envelope rising edges,0.00047976970960462496,10.26697827,-1,1,True,7.9047679999999945,55.72692539898283,47.96112194564094,6418.588204046745,6418.588204046745,128310.17519696036,0.5333333333333281,0.5333333333333281,0.5585535406870337,False,False,False,-196.62784163506817,-178.2219827657013,-132.02578830991678,-198932.93499652954,-1.2416010615215918e+17,-2.7946153202999808e+17,0.0,1090.0,0.0,8.636224488663952,1.3608535946530092e+16,-321.26870983512407,-303.46906680776675,-122.52956834016982,-198901.67215164518,-1.2414059405809829e+17,-4.2079392343908736e+17,0.0,1083.0,0.0,8.223623367400718,1.154958846945476e+16,31.262844884360675
pure_water_20kHz,pure_water,20,Lissajouswaveformsdifferentmediums/pure water/Lissajousfigure20kHz/Lissajousfigure20kHz_24.csv,24,119994.81622405129,19990.404605807908,voltage activity-envelope rising edges,0.00047976970960462496,10.10888291,-1,1,True,7.9047679999999945,55.65000830525841,47.96112194564094,6336.795478721953,6336.795478721953,126675.10552390605,0.5333334401709733,0.5333334401709733,0.5675168980349091,False,False,False,-202.24117575371037,-185.67915309315532,-130.14591828463747,-199137.664170511,-1.2428788386767133e+17,-2.8917321106605146e+17,0.0,1097.0,0.0,8.636224488663952,1.3575177235357904e+16,-322.5327365867006,-308.48596529533825,-123.00877183080905,-197803.7913822495,-1.2345537321785402e+17,-4.282618139113777e+17,0.0,1082.0,0.0,8.223623367400718,1.1534756546810042e+16,1333.8727882615058
pure_water_20kHz,pure_water,20,Lissajouswaveformsdifferentmediums/pure water/Lissajousfigure20kHz/Lissajousfigure20kHz_25.csv,25,119994.81622405129,19990.404605807908,voltage activity-envelope rising edges,0.00047976970960462496,10.26697827,-1,1,True,7.9047679999999945,55.634278883656414,47.96112194564094,6355.550769808637,6355.550769808637,127050.03138122856,0.5333332398504217,0.5333332398504217,0.5668240518693026,False,False,False,-201.2953671975516,-184.95520210506703,-129.79432735051822,-200160.43515978463,-1.2492622640557122e+17,-2.8901241824107546e+17,0.0,1101.0,0.0,8.636224488663952,1.359599544807732e+16,-321.4611366927287,-307.8476419327982,-121.8128836307815,-197606.60481735563,-1.2333230307449424e+17,-4.291638322664754e+17,0.0,1079.0,0.0,8.223623367400718,1.1526207507554578e+16,2553.8303424289916
pure_water_20kHz,pure_water,20,Lissajouswaveformsdifferentmediums/pure water/Lissajousfigure20kHz/Lissajousfigure20kHz_26.csv,26,119994.81622405129,19990.404605807908,voltage activity-envelope rising edges,0.00047976970960462496,10.26697827,-1,1,True,7.9047679999999945,56.21320665620774,47.96112194564094,6351.791917690822,6351.791917690822,126974.89040654006,0.5333333333333328,0.5333333333333328,0.5635160216788416,False,False,False,-198.97831236512764,-176.5246506884258,-129.97662212862363,-198718.46279591427,-1.2402624751685808e+17,-2.7642954294959866e+17,0.0,1095.0,0.0,8.636224488663952,1.3595177894115154e+16,-321.7606367296911,-308.29614036729413,-118.98189611128738,-197487.69425000617,-1.2325808736624574e+17,-4.260416203762069e+17,0.0,1080.0,0.0,8.223623367400718,1.15352549789422e+16,1230.7685459080967
pure_water_20kHz,pure_water,20,Lissajouswaveformsdifferentmediums/pure water/Lissajousfigure20kHz/Lissajousfigure20kHz_27.csv,27,119994.81622405129,19990.404605807908,voltage activity-envelope rising edges,0.00047976970960462496,10.26697827,-1,1,True,7.9047679999999945,56.388341233367036,48.961123463712056,6387.347924895874,6387.347924895874,127685.66937673606,0.5333333333333368,0.5333333333333368,0.5687249732774027,False,False,False,-206.97836578186005,-190.24865335599992,-129.060620299018,-199036.20671160487,-1.2422456117619274e+17,-2.967377823194213e+17,0.0,1087.0,0.0,8.636224488663952,1.3587722647144846e+16,-329.4886103751856,-316.7711314067476,-122.41332224933838,-200804.0550291141,-1.2532792917690459e+17,-4.377014568647032e+17,0.0,1095.0,0.0,8.223623367400718,1.1517061294631944e+16,-1767.848317509226
pure_water_20kHz,pure_water,20,Lissajouswaveformsdifferentmediums/pure water/Lissajousfigure20kHz/Lissajousfigure20kHz_28.csv,28,119994.81622405129,19990.404605807908,voltage activity-envelope rising edges,0.00047976970960462496,10.26697827,-1,1,True,7.9047679999999945,56.510000740095236,47.96112194564094,6422.901405965609,6422.901405965609,128396.397848465,0.5333333333333276,0.5333333333333276,0.56136221278501,False,False,False,-200.65660585728872,-181.860100298867,-130.18563699534582,-199145.73449235162,-1.242929208014321e+17,-2.8494654003326387e+17,0.0,1089.0,0.0,8.636224488663952,1.3604278073312606e+16,-326.24644973113664,-312.1883366322141,-119.70347827919687,-199500.17814025847,-1.2451413988187165e+17,-4.3363355808209395e+17,0.0,1085.0,0.0,8.223623367400718,1.1551764912610124e+16,-354.4436479068536
pure_water_20kHz,pure_water,20,Lissajouswaveformsdifferentmediums/pure water/Lissajousfigure20kHz/Lissajousfigure20kHz_29.csv,29,119994.81622405129,19990.404605807908,voltage activity-envelope rising edges,0.00047976970960462496,10.26697827,-1,1,True,7.9047679999999945,56.72070010110855,49.96112498178318,6374.29884039958,6374.29884039958,127424.81289791976,0.5312501064203033,0.5312501064203033,0.5696089590887345,False,False,False,-205.88083894973786,-185.91325984149077,-126.85655781864162,-197837.35518814943,-1.2347632141179424e+17,-2.9219208560568774e+17,0.0,1086.0,0.0,8.636224488663952,1.3600512466151174e+16,-330.2733944442339,-316.33542596112,-120.35940201261306,-200162.34064022667,-1.2492741567397446e+17,-4.3965895023064435e+17,0.0,1095.0,0.0,8.223623367400718,1.1532703964808798e+16,-2324.985452077235
pure_water_20kHz,pure_water,20,Lissajouswaveformsdifferentmediums/pure water/Lissajousfigure20kHz/Lissajousfigure20kHz_30.csv,30,119994.81622405129,19990.404605807908,voltage activity-envelope rising edges,0.00047976970960462496,10.26697827,-1,1,True,7.9047679999999945,58.083664847694834,49.96112498178318,6504.723267985631,6504.723267985631,130032.04997584582,0.5333333333333414,0.5333333333333414,0.5585324176098875,False,False,False,-200.10393256841778,-187.4624364526097,-129.84755682107627,-200299.8333727626,-1.2501322907770829e+17,-2.944612648105243e+17,0.0,1089.0,0.0,8.636224488663952,1.3587722647143212e+16,-332.1757004150112,-320.0970845051284,-120.12561692029469,-199347.80132314557,-1.244190368674402e+17,-4.457109384617751e+17,0.0,1076.0,0.0,8.223623367400718,1.157663987275803e+16,952.0320496170316
pure_water_20kHz,pure_water,20,Lissajouswaveformsdifferentmediums/pure water/Lissajousfigure20kHz/Lissajousfigure20kHz_31.csv,31,119994.81622405129,19990.404605807908,voltage activity-envelope rising edges,0.00047976970960462496,10.26697827,-1,1,True,7.9047679999999945,58.78872517624116,50.961126499854295,6554.59991048554,6554.59991048554,131029.10423979824,0.5333333333333281,0.5333333333333281,0.562641455506755,False,False,False,-211.06225722335108,-193.8323801900117,-126.40639410678385,-203379.40212834172,-1.2693528177150806e+17,-3.0430403653310035e+17,0.0,1106.0,0.0,8.636224488663952,1.3595340993590818e+16,-342.57457836806617,-329.88709614455956,-121.2765947266876,-200404.5314758303,-1.2507857435394946e+17,-4.569037743217584e+17,0.0,1078.0,0.0,8.223623367400718,1.1534693415885118e+16,2974.870652511425
pure_water_20kHz,pure_water,20,Lissajouswaveformsdifferentmediums/pure water/Lissajousfigure20kHz/Lissajousfigure20kHz_32.csv,32,119994.81622405129,19990.404605807908,voltage activity-envelope rising edges,0.00047976970960462496,10.26697827,-1,1,True,7.9047679999999945,58.919293808568945,50.961126499854295,6527.762738540188,6527.762738540188,130492.61831413502,0.5354166666666661,0.5354166666666661,0.566051548105348,False,False,False,-211.87662237571914,-196.2295127853118,-126.13538517098566,-202128.91536992294,-1.2615481488366038e+17,-3.054436955711906e+17,0.0,1100.0,0.0,8.636224488663952,1.359483067250906e+16,-344.0174025829858,-329.0728243903473,-120.4193892120619,-200849.6432758263,-1.253563821907365e+17,-4.5619664077071494e+17,0.0,1084.0,0.0,8.223623367400718,1.1535085269203432e+16,1279.2720940966392
pure_water_20kHz,pure_water,20,Lissajouswaveformsdifferentmediums/pure water/Lissajousfigure20kHz/Lissajousfigure20kHz_33.csv,33,119994.81622405129,19990.404605807908,voltage activity-envelope rising edges,0.00047976970960462496,10.26697827,-1,1,True,7.9047679999999945,59.257276009460995,50.961126499854295,6499.73900636452,6499.73900636452,129932.41256937862,0.5333333333333281,0.5333333333333281,0.5595278442723962,False,False,False,-193.50940725471395,-182.25559800323055,-128.7890658082776,-200050.19230178458,-1.2485742047882992e+17,-2.852230429811614e+17,0.0,1091.0,0.0,8.636224488663952,1.3634675292488452e+16,-335.19600062132633,-322.7636879024047,-114.50818658273423,-192864.8649221096,-1.2037283872662272e+17,-4.514771225482808e+17,0.0,1026.0,0.0,8.223623367400718,1.1636010463534742e+16,7185.327379674971
pure_water_20kHz,pure_water,20,Lissajouswaveformsdifferentmediums/pure water/Lissajousfigure20kHz/Lissajousfigure20kHz_34.csv,34,119994.81622405129,19990.404605807908,voltage activity-envelope rising edges,0.00047976970960462496,10.26697827,-1,1,True,7.9047679999999945,59.38246403945243,49.96112498178318,6396.139586305751,6396.139586305751,127861.41824547679,0.5312500000000054,0.5312500000000054,0.5645775905979309,False,False,False,-191.95977414748535,-178.37974293864102,-128.62177226173128,-199713.88769741842,-1.2464752252815478e+17,-2.8047477824484736e+17,0.0,1097.0,0.0,8.636224488663952,1.3640390077494592e+16,-332.33421479929956,-318.1076048357519,-113.99009599645765,-187791.86062084395,-1.1720662216943728e+17,-4.4817622837783296e+17,0.0,991.0,0.0,8.223623367400718,1.1636909942954472e+16,11922.027076574479
pure_water_20kHz,pure_water,20,Lissajouswaveformsdifferentmediums/pure water/Lissajousfigure20kHz/Lissajousfigure20kHz_35.csv,35,119994.81622405129,19990.404605807908,voltage activity-envelope rising edges,0.00047976970960462496,10.26697827,-1,1,True,7.9047679999999945,59.40404698005158,49.96112498178318,6419.193624491232,6419.193624491232,128322.27779660228,0.5312501064203033,0.5312501064203033,0.5623390128043734,False,False,False,-188.9463041823779,-175.35442968854537,-129.24573482586916,-199720.91933802562,-1.246519111893095e+17,-2.7615784511557235e+17,0.0,1098.0,0.0,8.636224488663952,1.3653248097345154e+16,-329.7493003548298,-317.4067583143824,-114.7758614341427,-186081.5038598664,-1.161391364009056e+17,-4.4577121119282515e+17,0.0,979.0,0.0,8.223623367400718,1.1653848228409648e+16,13639.415478159208
pure_water_20kHz,pure_water,20,Lissajouswaveformsdifferentmediums/pure water/Lissajousfigure20kHz/Lissajousfigure20kHz_36.csv,36,119994.81622405129,19990.404605807908,voltage activity-envelope rising edges,0.00047976970960462496,10.26697827,-1,1,True,7.9047679999999945,59.43484736507767,49.96112498178318,6421.106971211964,6421.106971211964,128360.52637170091,0.53125,0.53125,0.55861344982125,False,False,False,-184.20234525811372,-171.352234201296,-129.40032891859516,-199850.783248498,-1.2473296321274578e+17,-2.6939738850705306e+17,0.0,1102.0,0.0,8.636224488663952,1.3682337612648686e+16,-328.32196743985105,-315.6964684714601,-114.29277250937363,-183284.03035048192,-1.1439314794560486e+17,-4.433402354868968e+17,0.0,955.0,0.0,8.223623367400718,1.1671167313849768e+16,16566.75289801607
pure_water_20kHz,pure_water,20,Lissajouswaveformsdifferentmediums/pure water/Lissajousfigure20kHz/Lissajousfigure20kHz_37.csv,37,119994.81622405129,19990.404605807908,voltage activity-envelope rising edges,0.00047976970960462496,10.26697827,-1,1,True,7.9047679999999945,59.33454030811707,49.96112498178318,6485.386793464033,6485.386793464033,129645.50602650917,0.5312500000000054,0.5312500000000054,0.5574971404758833,False,False,False,-188.69076854954304,-174.35327436606025,-130.1190825611353,-199638.18446277082,-1.2460027383275866e+17,-2.7438044780378406e+17,0.0,1093.0,0.0,8.636224488663952,1.3644409454554846e+16,-331.14952551628875,-319.648092669232,-113.2991256125419,-189915.4104009266,-1.185319942910473e+17,-4.465017859611576e+17,0.0,1001.0,0.0,8.223623367400718,1.1664415037322536e+16,9722.774061844219
pure_water_20kHz,pure_water,20,Lissajouswaveformsdifferentmediums/pure water/Lissajousfigure20kHz/Lissajousfigure20kHz_38.csv,38,119994.81622405129,19990.404605807908,voltage activity-envelope rising edges,0.00047976970960462496,10.26697827,-1,1,True,7.9047679999999945,59.225727319154814,50.961126499854295,6335.611358309353,6335.611358309353,126651.4344777562,0.5312500000000011,0.5312500000000011,0.5695824111419185,False,False,False,-197.62421515804186,-182.50862840479388,-126.73423113872808,-198064.73096283877,-1.2361823356084261e+17,-2.8717262483021814e+17,0.0,1089.0,0.0,8.636224488663952,1.3632398302223786e+16,-336.1472462153112,-322.9552825465928,-115.65041044035603,-189415.8406681273,-1.1822019759908248e+17,-4.514421272920321e+17,0.0,1008.0,0.0,8.223623367400718,1.1625600558952496e+16,8648.890294711484
pure_water_20kHz,pure_water,20,Lissajouswaveformsdifferentmediums/pure water/Lissajousfigure20kHz/Lissajousfigure20kHz_39.csv,39,119994.81622405129,19990.404605807908,voltage activity-envelope rising edges,0.00047976970960462496,10.26697827,-1,1,True,7.9047679999999945,59.201712714011485,48.961123463712056,6455.97980624275,6455.97980624275,129057.6484537179,0.5312499999999968,0.5312499999999968,0.5554177791896713,False,False,False,-186.56213756819324,-172.84106257901277,-130.5804564145132,-199289.46704916214,-1.2438262866962107e+17,-2.7056670386187942e+17,0.0,1092.0,0.0,8.636224488663952,1.3657597661363002e+16,-329.80885490564856,-313.3625613330003,-114.29858955583215,-186134.10892249102,-1.161719688233485e+17,-4.397128887947413e+17,0.0,974.0,0.0,8.223623367400718,1.1646555484726768e+16,13155.358126671112
pure_water_20kHz,pure_water,20,Lissajouswaveformsdifferentmediums/pure water/Lissajousfigure20kHz/Lissajousfigure20kHz_40.csv,40,119994.81622405129,19990.404605807908,voltage activity-envelope rising edges,0.00047976970960462496,10.26697827,-1,1,True,7.9047679999999945,58.702880228454305,48.961123463712056,6517.180272235291,6517.180272235291,130281.0705309728,0.5333333333333281,0.5333333333333281,0.5548933642491347,False,False,False,-191.974839418304,-179.33506273904877,-130.6653299617401,-200847.8716297858,-1.2535527645246117e+17,-2.8105557536455568e+17,0.0,1097.0,0.0,8.636224488663952,1.365211967122311e+16,-331.2210527845178,-318.55117012375894,-115.21867756488979,-191205.67593653937,-1.1933728832578795e+17,-4.4423395349826266e+17,0.0,1014.0,0.0,8.223623367400718,1.160509241482602e+16,9642.195693246438
pure_water_20kHz,pure_water,20,Lissajouswaveformsdifferentmediums/pure water/Lissajousfigure20kHz/Lissajousfigure20kHz_41.csv,41,119994.81622405129,19990.404605807908,voltage activity-envelope rising edges,0.00047976970960462496,10.26697827,-1,1,True,7.9047679999999945,58.5841867034299,48.961123463712056,6547.767775941859,6547.767775941859,130892.52710594874,0.5312500000000147,0.5312500000000147,0.5515879102315434,False,False,False,-191.40212508163478,-172.6930213113396,-130.5944488825743,-201008.3872653956,-1.2545545915150363e+17,-2.7061741340846403e+17,0.0,1095.0,0.0,8.636224488663952,1.364411981165793e+16,-329.8231042497475,-314.778119940856,-115.462564589623,-194083.67746650512,-1.2113353677239562e+17,-4.3996410579554797e+17,0.0,1033.0,0.0,8.223623367400718,1.1612251905538792e+16,6924.709798890486
pure_water_20kHz,pure_water,20,Lissajouswaveformsdifferentmediums/pure water/Lissajousfigure20kHz/Lissajousfigure20kHz_42.csv,42,119994.81622405129,19990.404605807908,voltage activity-envelope rising edges,0.00047976970960462496,10.26697827,-1,1,True,7.9047679999999945,58.40524566130926,49.96112498178318,6495.340719038155,6495.340719038155,129844.48902615199,0.5437500000000001,0.5437500000000001,0.5598014942339283,False,False,False,-197.74397927190952,-180.96402415389238,-129.931792492062,-201379.9856120177,-1.2568738500210939e+17,-2.820865386247841e+17,0.0,1099.0,0.0,8.636224488663952,1.3594791386519442e+16,-333.4672437413868,-316.9333907992381,-117.21910390589058,-196100.04931377203,-1.2239201588045912e+17,-4.42245779361198e+17,0.0,1052.0,0.0,8.223623367400718,1.1612834427634872e+16,5279.9362982456805
pure_water_20kHz,pure_water,20,Lissajouswaveformsdifferentmediums/pure water/Lissajousfigure20kHz/Lissajousfigure20kHz_43.csv,43,119994.81622405129,19990.404605807908,voltage activity-envelope rising edges,0.00047976970960462496,10.26697827,-1,1,True,7.9047679999999945,58.18921825694137,49.96112498178318,6476.646194097267,6476.646194097267,129470.77790867026,0.5354166666666682,0.5354166666666682,0.5616532766437513,False,False,False,-200.45827050467756,-181.641495699414,-129.51618138345134,-201023.00584266946,-1.2546458305100346e+17,-2.827928041207448e+17,0.0,1098.0,0.0,8.636224488663952,1.359429912244783e+16,-333.57619604390743,-319.3264306959545,-117.7876947204646,-198389.6641755099,-1.2382103427947835e+17,-4.4569760448936506e+17,0.0,1072.0,0.0,8.223623367400718,1.1612219917392586e+16,2633.341667159548
pure_water_20kHz,pure_water,20,Lissajouswaveformsdifferentmediums/pure water/Lissajousfigure20kHz/Lissajousfigure20kHz_44.csv,44,119994.81622405129,19990.404605807908,voltage activity-envelope rising edges,0.00047976970960462496,10.26697827,-1,1,True,7.9047679999999945,58.01633230237881,48.961123463712056,6389.258920523623,6389.258920523623,127723.8709525347,0.5312500000000054,0.5312500000000054,0.5606027445879667,False,False,False,-190.15595437531218,-173.0091372039321,-130.5625217595415,-197914.7969869305,-1.2352465519803954e+17,-2.7066195497071517e+17,0.0,1086.0,0.0,8.636224488663952,1.3665050887947942e+16,-324.6862873288185,-309.91395104321697,-114.91310263928096,-190888.55889334343,-1.191393659166778e+17,-4.3269619877818086e+17,0.0,1020.0,0.0,8.223623367400718,1.1652875999380164e+16,7026.238093587075
pure_water_20kHz,pure_water,20,Lissajouswaveformsdifferentmediums/pure water/Lissajousfigure20kHz/Lissajousfigure20kHz_45.csv,45,119994.81622405129,19990.404605807908,voltage activity-envelope rising edges,0.00047976970960462496,10.26697827,-1,1,True,7.9047679999999945,58.17054793469345,48.961123463712056,6422.368877225057,6422.368877225057,128385.75238347714,0.5333333333333368,0.5333333333333368,0.5622501064046157,False,False,False,-192.87593032952742,-173.77642174606558,-129.8106736723687,-198264.72564196392,-1.2374305633385645e+17,-2.7403204720918298e+17,0.0,1085.0,0.0,8.636224488663952,1.3617178641186192e+16,-330.0560916706136,-315.4723471135146,-115.26589016083324,-193965.13530499133,-1.2105955099745437e+17,-4.412170905155637e+17,0.0,1039.0,0.0,8.223623367400718,1.1608685116692962e+16,4299.590336972586
pure_water_20kHz,pure_water,20,Lissajouswaveformsdifferentmediums/pure water/Lissajousfigure20kHz/Lissajousfigure20kHz_46.csv,46,119994.81622405129,19990.404605807908,voltage activity-envelope rising edges,0.00047976970960462496,10.26697827,-1,1,True,7.9047679999999945,58.609590550822915,48.961123463712056,6449.740977446096,6449.740977446096,128932.93174180643,0.5312499060997408,0.5312499060997408,0.5536914366373619,False,False,False,-180.78971854355825,-168.43429928268645,-131.76221922552025,-199275.2429579124,-1.2437375098086874e+17,-2.6546431385947082e+17,0.0,1095.0,0.0,8.636224488663952,1.3674947110818888e+16,-324.29156100076847,-309.1459497193031,-114.8481653505893,-185202.73855636574,-1.1559067219930227e+17,-4.350433878680732e+17,0.0,967.0,0.0,8.223623367400718,1.1704808525199928e+16,14072.504401546641
pure_water_20kHz,pure_water,20,Lissajouswaveformsdifferentmediums/pure water/Lissajousfigure20kHz/Lissajousfigure20kHz_47.csv,47,119994.81622405129,19990.404605807908,voltage activity-envelope rising edges,0.00047976970960462496,10.26697827,-1,1,True,7.9047679999999945,59.68589523352423,49.96112498178318,6425.442163364939,6425.442163364939,128447.1886168828,0.5312499999999876,0.5312499999999876,0.5548108880909903,False,False,False,-184.84878836892295,-169.06685604316877,-129.6293601038912,-198709.0637634272,-1.2402038129429749e+17,-2.6631913663235184e+17,0.0,1092.0,0.0,8.636224488663952,1.3679882352032652e+16,-328.8199618169527,-314.0379796720292,-116.93973711608186,-183706.5044379626,-1.1465682689624747e+17,-4.394751077290901e+17,0.0,954.0,0.0,8.223623367400718,1.1652304426842732e+16,15002.559325464594
pure_water_20kHz,pure_water,20,Lissajouswaveformsdifferentmediums/pure water/Lissajousfigure20kHz/Lissajousfigure20kHz_48.csv,48,119994.81622405129,19990.404605807908,voltage activity-envelope rising edges,0.00047976970960462496,10.26697827,-1,1,True,7.9047679999999945,59.725924065383616,49.96112498178318,6490.978943551402,6490.978943551402,129757.2953693721,0.5312500000000012,0.5312500000000012,0.5558971995401587,False,False,False,-188.99327680101536,-176.36843980997833,-128.85661700038875,-199530.61583885452,-1.2453313697699206e+17,-2.772002219006503e+17,0.0,1092.0,0.0,8.636224488663952,1.3649843060968836e+16,-332.6162267584801,-319.68886447107366,-114.89289728849243,-188335.4583789503,-1.175458980935156e+17,-4.4734846652477715e+17,0.0,988.0,0.0,8.223623367400718,1.1649032145418772e+16,11195.157459904207
pure_water_20kHz,pure_water,20,Lissajouswaveformsdifferentmediums/pure water/Lissajousfigure20kHz/Lissajousfigure20kHz_49.csv,49,119994.81622405129,19990.404605807908,voltage activity-envelope rising edges,0.00047976970960462496,10.26697827,-1,1,True,7.9047679999999945,59.98150775094005,50.961126499854295,6502.119411397244,6502.119411397244,129979.99782910847,0.5333333333333325,0.5333333333333325,0.5539926878575173,False,False,False,-187.69962714271026,-173.72224490151865,-128.6828093591023,-199558.47238929555,-1.2455052309890219e+17,-2.738392042331802e+17,0.0,1091.0,0.0,8.636224488663952,1.366334446661454e+16,-334.4996670734139,-320.53132173975837,-116.42914929539472,-187030.3756892365,-1.1673135622142672e+17,-4.476771320749101e+17,0.0,973.0,0.0,8.223623367400718,1.1619123905983748e+16,12528.096700059046
pure_water_20kHz,pure_water,20,Lissajouswaveformsdifferentmediums/pure water/Lissajousfigure20kHz/Lissajousfigure20kHz_50.csv,50,119994.81622405129,19990.404605807908,voltage activity-envelope rising edges,0.00047976970960462496,10.26697827,-1,1,True,7.9047679999999945,59.55236829519021,49.96112498178318,6466.044285389806,6466.044285389806,129258.84146401427,0.5312500000000012,0.5312500000000012,0.5604397727432208,False,False,False,-184.17676973289974,-169.78524927245994,-129.98083619291737,-198200.06861771815,-1.2370270191494648e+17,-2.6693155763596096e+17,0.0,1085.0,0.0,8.636224488663952,1.3701504374986038e+16,-329.7467163826306,-315.7908465134332,-115.99506253984592,-184571.07002390496,-1.1519642862146194e+17,-4.4295030219209766e+17,0.0,959.0,0.0,8.223623367400718,1.1671810696241044e+16,13628.998593813187
pure_water_20kHz,pure_water,20,Lissajouswaveformsdifferentmediums/pure water/Lissajousfigure20kHz/Lissajousfigure20kHz_51.csv,51,119994.81622405129,19990.404605807908,voltage activity-envelope rising edges,0.00047976970960462496,10.26697827,-1,1,True,7.9047679999999945,59.749792580647245,49.96112498178318,6513.417800699186,6513.417800699186,130205.85720264823,0.5333333333333414,0.5333333333333414,0.5529921191975526,False,False,False,-184.18364412270654,-166.23565503224057,-128.50136589173812,-197935.0409459967,-1.235372900697195e+17,-2.6166742741620592e+17,0.0,1081.0,0.0,8.636224488663952,1.3679833891021852e+16,-330.1561308814263,-314.94300541977384,-119.6848769928401,-185397.59860042704,-1.1571229029012211e+17,-4.401607086091462e+17,0.0,959.0,0.0,8.223623367400718,1.1652291108044524e+16,12537.442345569667
pure_water_20kHz,pure_water,20,Lissajouswaveformsdifferentmediums/pure water/Lissajousfigure20kHz/Lissajousfigure20kHz_52.csv,52,119994.81622405129,19990.404605807908,voltage activity-envelope rising edges,0.00047976970960462496,10.26697827,-1,1,True,7.9047679999999945,59.68759375975993,50.961126499854295,6537.130657832448,6537.130657832448,130679.88681110185,0.5354166666666655,0.5354166666666655,0.5600455698474576,False,False,False,-196.11496368117082,-177.0557660898614,-128.45637633880705,-199168.29460623977,-1.243070012559089e+17,-2.769478046215577e+17,0.0,1079.0,0.0,8.636224488663952,1.3640636432630166e+16,-338.96655775412097,-324.7721246713494,-114.72823931973146,-194864.84834029124,-1.2162108931674405e+17,-4.530739919296737e+17,0.0,1033.0,0.0,8.223623367400718,1.162769984771101e+16,4303.446265948529
pure_water_20kHz,pure_water,20,Lissajouswaveformsdifferentmediums/pure water/Lissajousfigure20kHz/Lissajousfigure20kHz_53.csv,53,119994.81622405129,19990.404605807908,voltage activity-envelope rising edges,0.00047976970960462496,10.26697827,-1,1,True,7.9047679999999945,59.63597840499983,50.961126499854295,6466.067342746925,6466.067342746925,129259.30238991222,0.5333334401709626,0.5333334401709626,0.5615082316451143,False,False,False,-192.08081208935624,-172.54840617771876,-127.58537708846222,-197470.8291828364,-1.2324756136395206e+17,-2.6898770929559734e+17,0.0,1079.0,0.0,8.636224488663952,1.3634106850542628e+16,-333.29218415539543,-316.29000612133603,-114.44758422824174,-191484.01949291152,-1.1951101102035603e+17,-4.423435972719721e+17,0.0,1014.0,0.0,8.223623367400718,1.1655060156239634e+16,5986.809689924878
pure_water_20kHz,pure_water,20,Lissajouswaveformsdifferentmediums/pure water/Lissajousfigure20kHz/Lissajousfigure20kHz_54.csv,54,119994.81622405129,19990.404605807908,voltage activity-envelope rising edges,0.00047976970960462496,10.26697827,-1,1,True,7.9047679999999945,59.65369389520475,49.96112498178318,6444.190167054796,6444.190167054796,128821.96879619423,0.5312500000000013,0.5312500000000013,0.558291054710249,False,False,False,-183.40748135547975,-168.94155975481877,-130.93193024232298,-197262.00142210163,-1.2311722559556459e+17,-2.6746698654051603e+17,0.0,1083.0,0.0,8.636224488663952,1.3689392118164864e+16,-327.48430988534653,-314.3336284669246,-122.07981551315811,-182151.34225819376,-1.1368620279457576e+17,-4.3947970257350106e+17,0.0,940.0,0.0,8.223623367400718,1.1671165798137152e+16,15110.659163907869
pure_water_20kHz,pure_water,20,Lissajouswaveformsdifferentmediums/pure water/Lissajousfigure20kHz/Lissajousfigure20kHz_55.csv,55,119994.81622405129,19990.404605807908,voltage activity-envelope rising edges,0.00047976970960462496,10.26697827,-1,1,True,7.9047679999999945,59.70729294278372,49.96112498178318,6424.904722389754,6424.904722389754,128436.44495433712,0.5312501064202988,0.5312501064202988,0.5627405256690138,False,False,False,-188.11665087114108,-175.97886250312735,-129.0845150093379,-200965.89281333133,-1.254289370691784e+17,-2.7636762371659882e+17,0.0,1103.0,0.0,8.636224488663952,1.366171153235443e+16,-331.82744672231576,-316.80702136459195,-116.5307475363273,-182783.50238505082,-1.1408075319145752e+17,-4.4360244674669997e+17,0.0,943.0,0.0,8.223623367400718,1.1662430776068808e+16,18182.390428280516
pure_water_20kHz,pure_water,20,Lissajouswaveformsdifferentmediums/pure water/Lissajousfigure20kHz/Lissajousfigure20kHz_56.csv,56,119994.81622405129,19990.404605807908,voltage activity-envelope rising edges,0.00047976970960462496,10.26697827,-1,1,True,7.9047679999999945,59.667744076344626,50.961126499854295,6522.737213781686,6522.737213781686,130392.15604085605,0.5333333333333281,0.5333333333333281,0.5603877808246993,False,False,False,-196.02212231233557,-179.81556299053636,-128.27985024036354,-200801.4354417835,-1.2532629421263362e+17,-2.8102134206006838e+17,0.0,1093.0,0.0,8.636224488663952,1.3640159584474544e+16,-337.4639348711758,-324.08086007238535,-116.00952299831538,-193648.58999776508,-1.208619854261835e+17,-4.5377540600393805e+17,0.0,1024.0,0.0,8.223623367400718,1.1639501843378634e+16,7152.845444018429
pure_water_20kHz,pure_water,20,Lissajouswaveformsdifferentmediums/pure water/Lissajousfigure20kHz/Lissajousfigure20kHz_57.csv,57,119994.81622405129,19990.404605807908,voltage activity-envelope rising edges,0.00047976970960462496,10.26697827,-1,1,True,7.9047679999999945,59.52617464198952,49.96112498178318,6550.855542941077,6550.855542941077,130954.25281759156,0.5354166666666682,0.5354166666666682,0.5564842253488747,False,False,False,-192.51623885949934,-173.70069643227305,-129.42217029419257,-201181.0171740847,-1.255632027374928e+17,-2.7230297848945526e+17,0.0,1093.0,0.0,8.636224488663952,1.3667818807081832e+16,-334.90772512205103,-322.1191807660474,-116.08305806311306,-191250.77437974658,-1.1936543563832822e+17,-4.505729718416489e+17,0.0,1005.0,0.0,8.223623367400718,1.162939435029282e+16,9930.242794338119
pure_water_20kHz,pure_water,20,Lissajouswaveformsdifferentmediums/pure water/Lissajousfigure20kHz/Lissajousfigure20kHz_58.csv,58,119994.81622405129,19990.404605807908,voltage activity-envelope rising edges,0.00047976970960462496,10.26697827,-1,1,True,7.9047679999999945,59.64850105167601,49.96112498178318,6545.7936108492695,6545.7936108492695,130853.0627469892,0.5354167739216218,0.5354167739216218,0.5521475396735378,False,False,False,-189.65022625728352,-174.50496531684502,-130.2905335420508,-202710.329147171,-1.2651769293752667e+17,-2.7384614838315066e+17,0.0,1106.0,0.0,8.636224488663952,1.3659852802591274e+16,-333.3119640940555,-321.05963616943194,-114.19637444255318,-189434.93251760415,-1.1823211340406334e+17,-4.515665849308276e+17,0.0,994.0,0.0,8.223623367400718,1.1646803198090304e+16,13275.39662956685
pure_water_20kHz,pure_water,20,Lissajouswaveformsdifferentmediums/pure water/Lissajousfigure20kHz/Lissajousfigure20kHz_59.csv,59,119994.81622405129,19990.404605807908,voltage activity-envelope rising edges,0.00047976970960462496,10.26697827,-1,1,True,7.9047679999999945,59.563218028301854,49.96112498178318,6496.59774228393,6496.59774228393,129869.61742943393,0.5333332398504125,0.5333332398504125,0.5553346027885875,False,False,False,-189.59530755612874,-175.7737669311216,-129.62250098414003,-201151.4809916768,-1.255447683060943e+17,-2.7640366058128064e+17,0.0,1098.0,0.0,8.636224488663952,1.3645822627709636e+16,-332.9970702219483,-320.9372293514099,-114.50446879442376,-188700.83707436724,-1.177739420702935e+17,-4.4790595089466016e+17,0.0,988.0,0.0,8.223623367400718,1.1635249013380246e+16,12450.643917309557
pure_water_20kHz,pure_water,20,Lissajouswaveformsdifferentmediums/pure water/Lissajousfigure20kHz/Lissajousfigure20kHz_60.csv,60,119994.81622405129,19990.404605807908,voltage activity-envelope rising edges,0.00047976970960462496,10.26697827,-1,1,True,7.9047679999999945,59.59138585147134,50.961126499854295,6467.871470026681,6467.871470026681,129295.36762419491,0.531250106420308,0.531250106420308,0.5581521408579067,False,False,False,-191.2759980019097,-173.24478093299538,-129.0494826419972,-198731.2327487272,-1.2403421763350486e+17,-2.7015264947396346e+17,0.0,1084.0,0.0,8.636224488663952,1.3649843060966436e+16,-333.7817011114601,-318.6994191748678,-115.88391584806489,-188166.29881296703,-1.1744032045414934e+17,-4.4596828801341677e+17,0.0,982.0,0.0,8.223623367400718,1.163450141227986e+16,10564.933935760171
pure_water_20kHz,pure_water,20,Lissajouswaveformsdifferentmediums/pure water/Lissajousfigure20kHz/Lissajousfigure20kHz_61.csv,61,119994.81622405129,19990.404605807908,voltage activity-envelope rising edges,0.00047976970960462496,10.26697827,-1,1,True,7.9047679999999945,59.56045095448957,50.961126499854295,6427.336107997399,6427.336107997399,128485.04933638668,0.5333333333333368,0.5333333333333368,0.5679344978160978,False,False,False,-198.76398135492911,-179.41075021498548,-125.9459190717887,-201350.89626048054,-1.256692294514721e+17,-2.8162592861577117e+17,0.0,1101.0,0.0,8.636224488663952,1.3628399471624338e+16,-338.2360496602838,-324.2887843294018,-116.5368235157747,-191222.20003699325,-1.1934760152036509e+17,-4.5207936223603814e+17,0.0,1016.0,0.0,8.223623367400718,1.1606887041102402e+16,10128.696223487292
pure_water_20kHz,pure_water,20,Lissajouswaveformsdifferentmediums/pure water/Lissajousfigure20kHz/Lissajousfigure20kHz_62.csv,62,119994.81622405129,19990.404605807908,voltage activity-envelope rising edges,0.00047976970960462496,10.26697827,-1,1,True,7.9047679999999945,59.42718376962203,50.961126499854295,6520.218334728856,6520.218334728856,130341.80262943688,0.5333333333333281,0.5333333333333281,0.5627489187753874,False,False,False,-197.77497265603603,-178.89025937934792,-128.24389753271558,-199998.26864102468,-1.2482501334005288e+17,-2.7988582183918634e+17,0.0,1085.0,0.0,8.636224488663952,1.3611770935732976e+16,-338.9471838272193,-323.5408663367883,-113.66111754087642,-197772.91257421838,-1.2343610081289472e+17,-4.5296534642166374e+17,0.0,1057.0,0.0,8.223623367400718,1.1652288687878228e+16,2225.3560668063
pure_water_20kHz,pure_water,20,Lissajouswaveformsdifferentmediums/pure water/Lissajousfigure20kHz/Lissajousfigure20kHz_63.csv,63,119994.81622405129,19990.404605807908,voltage activity-envelope rising edges,0.00047976970960462496,10.26697827,-1,1,True,7.9047679999999945,59.6104196296908,49.96112498178318,6526.559143768118,6526.559143768118,130468.55796765989,0.5333333333333542,0.5333333333333542,0.5531709965788568,False,False,False,-185.64818935388627,-169.0259273337299,-130.60108763332312,-200830.87635386008,-1.2534466918291547e+17,-2.6691091580518803e+17,0.0,1098.0,0.0,8.636224488663952,1.367412594369697e+16,-331.10435305411534,-316.863986474184,-115.9074143571322,-185775.03494042964,-1.1594785981027835e+17,-4.473790888104118e+17,0.0,961.0,0.0,8.223623367400718,1.167134504303087e+16,15055.841413430433
pure_water_20kHz,pure_water,20,Lissajouswaveformsdifferentmediums/pure water/Lissajousfigure20kHz/Lissajousfigure20kHz_64.csv,64,119994.81622405129,19990.404605807908,voltage activity-envelope rising edges,0.00047976970960462496,10.26697827,-1,1,True,7.9047679999999945,59.55372195917511,49.96112498178318,6540.923506984954,6540.923506984954,130755.70740026922,0.541666666666645,0.541666666666645,0.5544070131823855,False,False,False,-188.985843328735,-166.66204387475835,-130.95664906554288,-200949.94813055889,-1.254189855068309e+17,-2.6273290878374003e+17,0.0,1093.0,0.0,8.636224488663952,1.3649053607563718e+16,-334.70839469286784,-314.2992832402658,-114.11712613906957,-188771.16880349064,-1.1781783824542395e+17,-4.4158494343108794e+17,0.0,982.0,0.0,8.223623367400718,1.1652288687875906e+16,12178.779327068245
