condition,condition_label,material,burst_kHz,polarity,bin_index,bin_left,bin_right,source_x_key,source_y_key,x_median,x_ci_low,x_ci_high,estimate,ci_low,ci_high,n_captures,n_observations,within_capture_statistic,across_capture_statistic,uncertainty,midpoint_s,model_dependent_charge_nC,model_dependent_charge_nC_ci_low,model_dependent_charge_nC_ci_high
argon_only_4kHz,"Argon / no liquid, 4 kHz",argon_only,4.0,negative,0,9.300131754655733e-06,0.0008213024811038082,midpoint_s,model_dependent_charge_nC,0.00041744039838635704,0.00039619811735348907,0.0004324672760491147,-108.71650941030606,-116.07836714562288,-102.44964144804918,64,203,median,median,95_percent_circular_moving_block_bootstrap_over_captures,0.00041744039838635704,-108.71650941030606,-116.07836714562288,-102.44964144804918
argon_only_4kHz,"Argon / no liquid, 4 kHz",argon_only,4.0,negative,1,0.0008213024811038082,0.0016333048304529604,midpoint_s,model_dependent_charge_nC,0.0012155348089748898,0.001205526035262734,0.0012298904754102374,-109.98480124833455,-115.1756738859969,-103.63317974981163,64,212,median,median,95_percent_circular_moving_block_bootstrap_over_captures,0.0012155348089748898,-109.98480124833455,-115.1756738859969,-103.63317974981163
argon_only_4kHz,"Argon / no liquid, 4 kHz",argon_only,4.0,negative,2,0.0016333048304529604,0.0024453071798021127,midpoint_s,model_dependent_charge_nC,0.0020505801165865856,0.0020398682868249976,0.002062237664575808,-106.65133396428415,-114.5252645622862,-101.0630227631443,64,209,median,median,95_percent_circular_moving_block_bootstrap_over_captures,0.0020505801165865856,-106.65133396428415,-114.5252645622862,-101.0630227631443
argon_only_4kHz,"Argon / no liquid, 4 kHz",argon_only,4.0,negative,3,0.0024453071798021127,0.0032573095291512652,midpoint_s,model_dependent_charge_nC,0.002853027772247195,0.00283228048864558,0.0028739003525550507,-108.65033137018092,-115.28119215124605,-104.49886353108027,64,207,median,median,95_percent_circular_moving_block_bootstrap_over_captures,0.002853027772247195,-108.65033137018092,-115.28119215124605,-104.49886353108027
argon_only_4kHz,"Argon / no liquid, 4 kHz",argon_only,4.0,negative,4,0.0032573095291512652,0.004069311878500418,midpoint_s,model_dependent_charge_nC,0.0036656243974959608,0.0036426590480614454,0.0036780928473908615,-108.87847201227859,-113.27447452237575,-105.20923938338399,64,204,median,median,95_percent_circular_moving_block_bootstrap_over_captures,0.0036656243974959608,-108.87847201227859,-113.27447452237575,-105.20923938338399
argon_only_4kHz,"Argon / no liquid, 4 kHz",argon_only,4.0,negative,5,0.004069311878500418,0.00488131422784957,midpoint_s,model_dependent_charge_nC,0.0044645742515156545,0.004454176333424488,0.004478302062328309,-108.52073300545688,-114.69439068241311,-103.44799932809813,64,211,median,median,95_percent_circular_moving_block_bootstrap_over_captures,0.0044645742515156545,-108.52073300545688,-114.69439068241311,-103.44799932809813
argon_only_4kHz,"Argon / no liquid, 4 kHz",argon_only,4.0,negative,6,0.00488131422784957,0.005693316577198723,midpoint_s,model_dependent_charge_nC,0.005296587391540099,0.005285686248873057,0.005309960239370698,-107.78532265385914,-113.33196006758726,-102.11903474589576,64,208,median,median,95_percent_circular_moving_block_bootstrap_over_captures,0.005296587391540099,-107.78532265385914,-113.33196006758726,-102.11903474589576
argon_only_4kHz,"Argon / no liquid, 4 kHz",argon_only,4.0,negative,7,0.005693316577198723,0.006505318926547875,midpoint_s,model_dependent_charge_nC,0.006100438707435323,0.006081725075194409,0.00611709153110813,-111.25743068681959,-115.29151232189457,-102.11696333925043,64,207,median,median,95_percent_circular_moving_block_bootstrap_over_captures,0.006100438707435323,-111.25743068681959,-115.29151232189457,-102.11696333925043
argon_only_4kHz,"Argon / no liquid, 4 kHz",argon_only,4.0,negative,8,0.006505318926547875,0.007317321275897027,midpoint_s,model_dependent_charge_nC,0.006914301639648244,0.006889216358794191,0.006926324592827406,-111.14320208367745,-115.47853112485643,-102.25484124472588,64,202,median,median,95_percent_circular_moving_block_bootstrap_over_captures,0.006914301639648244,-111.14320208367745,-115.47853112485643,-102.25484124472588
argon_only_4kHz,"Argon / no liquid, 4 kHz",argon_only,4.0,negative,9,0.007317321275897027,0.00812932362524618,midpoint_s,model_dependent_charge_nC,0.0077112824057850495,0.007702670701599882,0.007725674595317331,-111.66878009499399,-116.68135013125308,-103.65082060049546,64,212,median,median,95_percent_circular_moving_block_bootstrap_over_captures,0.0077112824057850495,-111.66878009499399,-116.68135013125308,-103.65082060049546
argon_only_4kHz,"Argon / no liquid, 4 kHz",argon_only,4.0,negative,10,0.00812932362524618,0.008941325974595333,midpoint_s,model_dependent_charge_nC,0.00854906744553591,0.008538188121238945,0.008561484847365654,-110.78139348855339,-116.96063602728806,-104.25028517382594,64,207,median,median,95_percent_circular_moving_block_bootstrap_over_captures,0.00854906744553591,-110.78139348855339,-116.96063602728806,-104.25028517382594
argon_only_4kHz,"Argon / no liquid, 4 kHz",argon_only,4.0,negative,11,0.008941325974595333,0.009753328323944484,midpoint_s,model_dependent_charge_nC,0.009350054888164977,0.009330623240067917,0.009366964623623545,-108.32664766385699,-116.72796359730722,-104.373310989445,64,208,median,median,95_percent_circular_moving_block_bootstrap_over_captures,0.009350054888164977,-108.32664766385699,-116.72796359730722,-104.373310989445
argon_only_4kHz,"Argon / no liquid, 4 kHz",argon_only,4.0,positive,0,9.300131754655733e-06,0.0008213024811038082,midpoint_s,model_dependent_charge_nC,0.00041421634107249167,0.00039466227967283616,0.00043101873505624214,13.708041430695843,10.366987143289563,15.354060146701435,64,204,median,median,95_percent_circular_moving_block_bootstrap_over_captures,0.00041421634107249167,13.708041430695843,10.366987143289563,15.354060146701435
argon_only_4kHz,"Argon / no liquid, 4 kHz",argon_only,4.0,positive,1,0.0008213024811038082,0.0016333048304529604,midpoint_s,model_dependent_charge_nC,0.0012145070674606628,0.001202294619479515,0.001233124262807703,14.293158348862303,9.732543677429987,16.45699748972151,64,212,median,median,95_percent_circular_moving_block_bootstrap_over_captures,0.0012145070674606628,14.293158348862303,9.732543677429987,16.45699748972151
argon_only_4kHz,"Argon / no liquid, 4 kHz",argon_only,4.0,positive,2,0.0016333048304529604,0.0024453071798021127,midpoint_s,model_dependent_charge_nC,0.002052266452443053,0.002039537064905048,0.0020650261605829083,15.472489431630322,12.57486427664655,18.667835579385326,64,210,median,median,95_percent_circular_moving_block_bootstrap_over_captures,0.002052266452443053,15.472489431630322,12.57486427664655,18.667835579385326
argon_only_4kHz,"Argon / no liquid, 4 kHz",argon_only,4.0,positive,3,0.0024453071798021127,0.0032573095291512652,midpoint_s,model_dependent_charge_nC,0.0028503859508090847,0.00283270739277764,0.002870794326704597,13.446148791140313,9.905990156936483,15.617630060624009,64,205,median,median,95_percent_circular_moving_block_bootstrap_over_captures,0.0028503859508090847,13.446148791140313,9.905990156936483,15.617630060624009
argon_only_4kHz,"Argon / no liquid, 4 kHz",argon_only,4.0,positive,4,0.0032573095291512652,0.004069311878500418,midpoint_s,model_dependent_charge_nC,0.003661398414532569,0.0036368511036894502,0.003674958060954033,14.33611326820887,10.553453113183725,17.444108612015597,64,204,median,median,95_percent_circular_moving_block_bootstrap_over_captures,0.003661398414532569,14.33611326820887,10.553453113183725,17.444108612015597
argon_only_4kHz,"Argon / no liquid, 4 kHz",argon_only,4.0,positive,5,0.004069311878500418,0.00488131422784957,midpoint_s,model_dependent_charge_nC,0.004460323157109653,0.0044499477347443315,0.0044739983533297525,15.06536199569323,12.645159319486638,17.301071388046545,64,210,median,median,95_percent_circular_moving_block_bootstrap_over_captures,0.004460323157109653,15.06536199569323,12.645159319486638,17.301071388046545
argon_only_4kHz,"Argon / no liquid, 4 kHz",argon_only,4.0,positive,6,0.00488131422784957,0.005693316577198723,midpoint_s,model_dependent_charge_nC,0.005295870482696825,0.005285073302864539,0.005308211830906,16.16877227765069,13.301437076298711,19.24318296902473,63,206,median,median,95_percent_circular_moving_block_bootstrap_over_captures,0.005295870482696825,16.16877227765069,13.301437076298711,19.24318296902473
argon_only_4kHz,"Argon / no liquid, 4 kHz",argon_only,4.0,positive,7,0.005693316577198723,0.006505318926547875,midpoint_s,model_dependent_charge_nC,0.0060987923152786535,0.0060776095523777445,0.006119902080012612,14.937869044498896,10.939864230505009,18.919723640518043,63,204,median,median,95_percent_circular_moving_block_bootstrap_over_captures,0.0060987923152786535,14.937869044498896,10.939864230505009,18.919723640518043
argon_only_4kHz,"Argon / no liquid, 4 kHz",argon_only,4.0,positive,8,0.006505318926547875,0.007317321275897027,midpoint_s,model_dependent_charge_nC,0.006911818036775413,0.006887933009048638,0.006925773416345865,14.24040157349883,11.61324925575547,18.563283094210206,63,200,median,median,95_percent_circular_moving_block_bootstrap_over_captures,0.006911818036775413,14.24040157349883,11.61324925575547,18.563283094210206
argon_only_4kHz,"Argon / no liquid, 4 kHz",argon_only,4.0,positive,9,0.007317321275897027,0.00812932362524618,midpoint_s,model_dependent_charge_nC,0.007711005117107739,0.007700768812903073,0.007726040100175279,12.995136687259276,9.70315825495426,16.056656508684895,63,210,median,median,95_percent_circular_moving_block_bootstrap_over_captures,0.007711005117107739,12.995136687259276,9.70315825495426,16.056656508684895
argon_only_4kHz,"Argon / no liquid, 4 kHz",argon_only,4.0,positive,10,0.00812932362524618,0.008941325974595333,midpoint_s,model_dependent_charge_nC,0.008545737528375568,0.008534958266043807,0.008560042956588586,10.618121492439982,7.897236958829474,14.962020578952888,63,205,median,median,95_percent_circular_moving_block_bootstrap_over_captures,0.008545737528375568,10.618121492439982,7.897236958829474,14.962020578952888
argon_only_4kHz,"Argon / no liquid, 4 kHz",argon_only,4.0,positive,11,0.008941325974595333,0.009753328323944484,midpoint_s,model_dependent_charge_nC,0.009348417734080749,0.00932723775459511,0.009368854399102155,12.067649907437868,9.303855463163757,16.49945855213207,63,204,median,median,95_percent_circular_moving_block_bootstrap_over_captures,0.009348417734080749,12.067649907437868,9.303855463163757,16.49945855213207
argon_only_10kHz,"Argon / no liquid, 10 kHz",argon_only,10.0,negative,0,6.1896524764451575e-06,0.0008316158039367415,midpoint_s,model_dependent_charge_nC,0.00042549474106894775,0.0004180658346650171,0.00043097285726353013,-157.58563087088365,-172.00253486457248,-147.68670251268907,64,520,median,median,95_percent_circular_moving_block_bootstrap_over_captures,0.00042549474106894775,-157.58563087088365,-172.00253486457248,-147.68670251268907
argon_only_10kHz,"Argon / no liquid, 10 kHz",argon_only,10.0,negative,1,0.0008316158039367415,0.001657041955397038,midpoint_s,model_dependent_charge_nC,0.0012451092798798043,0.001236757022656527,0.0012500124057995869,-156.33973725202182,-172.6762610155999,-145.40996898935725,64,529,median,median,95_percent_circular_moving_block_bootstrap_over_captures,0.0012451092798798043,-156.33973725202182,-172.6762610155999,-145.40996898935725
argon_only_10kHz,"Argon / no liquid, 10 kHz",argon_only,10.0,negative,2,0.001657041955397038,0.002482468106857334,midpoint_s,model_dependent_charge_nC,0.002069629216500094,0.0020606298716888097,0.0020759903388786827,-158.31172393783905,-173.19235527040718,-148.21743637196462,64,529,median,median,95_percent_circular_moving_block_bootstrap_over_captures,0.002069629216500094,-158.31172393783905,-173.19235527040718,-148.21743637196462
argon_only_10kHz,"Argon / no liquid, 10 kHz",argon_only,10.0,negative,3,0.002482468106857334,0.0033078942583176303,midpoint_s,model_dependent_charge_nC,0.0028965348965233756,0.0028872657033788846,0.0029016750439458837,-157.42520735866893,-171.8676751555467,-144.10986609713652,64,523,median,median,95_percent_circular_moving_block_bootstrap_over_captures,0.0028965348965233756,-157.42520735866893,-171.8676751555467,-144.10986609713652
argon_only_10kHz,"Argon / no liquid, 10 kHz",argon_only,10.0,negative,4,0.0033078942583176303,0.004133320409777927,midpoint_s,model_dependent_charge_nC,0.003722078071708143,0.003712510151558172,0.0037290539804015537,-159.5022017858587,-170.89816813704385,-146.32985442016644,64,522,median,median,95_percent_circular_moving_block_bootstrap_over_captures,0.003722078071708143,-159.5022017858587,-170.89816813704385,-146.32985442016644
argon_only_10kHz,"Argon / no liquid, 10 kHz",argon_only,10.0,negative,5,0.004133320409777927,0.004958746561238223,midpoint_s,model_dependent_charge_nC,0.004544874119709322,0.004536421264744694,0.004549639705046036,-157.0738915935481,-173.20544621503933,-145.80873712075578,64,525,median,median,95_percent_circular_moving_block_bootstrap_over_captures,0.004544874119709322,-157.0738915935481,-173.20544621503933,-145.80873712075578
argon_only_10kHz,"Argon / no liquid, 10 kHz",argon_only,10.0,negative,6,0.004958746561238223,0.00578417271269852,midpoint_s,model_dependent_charge_nC,0.0053696281221149705,0.0053615600012272245,0.005376683129320708,-156.92024060497084,-172.77021096314283,-145.05825814760067,64,526,median,median,95_percent_circular_moving_block_bootstrap_over_captures,0.0053696281221149705,-156.92024060497084,-172.77021096314283,-145.05825814760067
argon_only_10kHz,"Argon / no liquid, 10 kHz",argon_only,10.0,negative,7,0.00578417271269852,0.006609598864158816,midpoint_s,model_dependent_charge_nC,0.006199624430867251,0.006194621130598917,0.0062059877819662795,-156.50072706129401,-171.1588757314022,-145.40110481899373,64,528,median,median,95_percent_circular_moving_block_bootstrap_over_captures,0.006199624430867251,-156.50072706129401,-171.1588757314022,-145.40110481899373
argon_only_10kHz,"Argon / no liquid, 10 kHz",argon_only,10.0,negative,8,0.006609598864158816,0.007435025015619112,midpoint_s,model_dependent_charge_nC,0.0070254460742878045,0.007018851206976835,0.007032824166484685,-158.09979506526716,-170.6739034444851,-146.4999496470922,64,517,median,median,95_percent_circular_moving_block_bootstrap_over_captures,0.0070254460742878045,-158.09979506526716,-170.6739034444851,-146.4999496470922
argon_only_10kHz,"Argon / no liquid, 10 kHz",argon_only,10.0,negative,9,0.007435025015619112,0.008260451167079408,midpoint_s,model_dependent_charge_nC,0.007844482653802352,0.007836027846207178,0.007849444728275309,-156.44518383362382,-169.9181577664774,-145.16045961856918,64,521,median,median,95_percent_circular_moving_block_bootstrap_over_captures,0.007844482653802352,-156.44518383362382,-169.9181577664774,-145.16045961856918
argon_only_10kHz,"Argon / no liquid, 10 kHz",argon_only,10.0,negative,10,0.008260451167079408,0.009085877318539704,midpoint_s,model_dependent_charge_nC,0.008674010749575056,0.008666580792522796,0.008679400213151786,-158.15918882596907,-168.4767107457306,-146.16694770566716,64,529,median,median,95_percent_circular_moving_block_bootstrap_over_captures,0.008674010749575056,-158.15918882596907,-168.4767107457306,-146.16694770566716
argon_only_10kHz,"Argon / no liquid, 10 kHz",argon_only,10.0,negative,11,0.009085877318539704,0.00991130347,midpoint_s,model_dependent_charge_nC,0.009501759973809575,0.009495774049864035,0.009507944531722054,-158.2510213430714,-167.7871252228263,-148.85680269496325,64,528,median,median,95_percent_circular_moving_block_bootstrap_over_captures,0.009501759973809575,-158.2510213430714,-167.7871252228263,-148.85680269496325
argon_only_10kHz,"Argon / no liquid, 10 kHz",argon_only,10.0,positive,0,6.1896524764451575e-06,0.0008316158039367415,midpoint_s,model_dependent_charge_nC,0.0004225515512805829,0.0004155981610267518,0.00043010961915642846,-40.67225231262333,-47.21398391087108,-37.15801158595008,64,522,median,median,95_percent_circular_moving_block_bootstrap_over_captures,0.0004225515512805829,-40.67225231262333,-47.21398391087108,-37.15801158595008
argon_only_10kHz,"Argon / no liquid, 10 kHz",argon_only,10.0,positive,1,0.0008316158039367415,0.001657041955397038,midpoint_s,model_dependent_charge_nC,0.0012420088912149605,0.0012335385938222988,0.00124709826381946,-40.3622801970985,-46.36917686692631,-34.86906140350507,64,527,median,median,95_percent_circular_moving_block_bootstrap_over_captures,0.0012420088912149605,-40.3622801970985,-46.36917686692631,-34.86906140350507
argon_only_10kHz,"Argon / no liquid, 10 kHz",argon_only,10.0,positive,2,0.001657041955397038,0.002482468106857334,midpoint_s,model_dependent_charge_nC,0.002066521955604605,0.002058233356136674,0.002073596835591539,-39.7579761047261,-49.01163122281095,-37.2611539554843,64,528,median,median,95_percent_circular_moving_block_bootstrap_over_captures,0.002066521955604605,-39.7579761047261,-49.01163122281095,-37.2611539554843
argon_only_10kHz,"Argon / no liquid, 10 kHz",argon_only,10.0,positive,3,0.002482468106857334,0.0033078942583176303,midpoint_s,model_dependent_charge_nC,0.002896758260170306,0.002891531362150393,0.0029038520820861106,-42.648033210317294,-48.696938467848284,-37.3272359472472,63,525,median,median,95_percent_circular_moving_block_bootstrap_over_captures,0.002896758260170306,-42.648033210317294,-48.696938467848284,-37.3272359472472
argon_only_10kHz,"Argon / no liquid, 10 kHz",argon_only,10.0,positive,4,0.0033078942583176303,0.004133320409777927,midpoint_s,model_dependent_charge_nC,0.0037248544566703956,0.0037198427604365194,0.003732492646345788,-41.18004431413629,-47.64804510242718,-36.35065286973939,63,517,median,median,95_percent_circular_moving_block_bootstrap_over_captures,0.0037248544566703956,-41.18004431413629,-47.64804510242718,-36.35065286973939
argon_only_10kHz,"Argon / no liquid, 10 kHz",argon_only,10.0,positive,5,0.004133320409777927,0.004958746561238223,midpoint_s,model_dependent_charge_nC,0.004545659613789072,0.004540801934156438,0.004549574940330613,-42.514618823327886,-47.959068132917054,-34.48185151051747,63,517,median,median,95_percent_circular_moving_block_bootstrap_over_captures,0.004545659613789072,-42.514618823327886,-47.959068132917054,-34.48185151051747
argon_only_10kHz,"Argon / no liquid, 10 kHz",argon_only,10.0,positive,6,0.004958746561238223,0.00578417271269852,midpoint_s,model_dependent_charge_nC,0.0053721413541511776,0.005365587232156563,0.005379215880029821,-42.826157403505285,-48.99950686660301,-34.31003511462404,63,525,median,median,95_percent_circular_moving_block_bootstrap_over_captures,0.0053721413541511776,-42.826157403505285,-48.99950686660301,-34.31003511462404
argon_only_10kHz,"Argon / no liquid, 10 kHz",argon_only,10.0,positive,7,0.00578417271269852,0.006609598864158816,midpoint_s,model_dependent_charge_nC,0.006200020121199876,0.006195881385488376,0.006207742245887896,-41.80665662396912,-50.17118620957433,-34.4164311867829,63,521,median,median,95_percent_circular_moving_block_bootstrap_over_captures,0.006200020121199876,-41.80665662396912,-50.17118620957433,-34.4164311867829
argon_only_10kHz,"Argon / no liquid, 10 kHz",argon_only,10.0,positive,8,0.006609598864158816,0.007435025015619112,midpoint_s,model_dependent_charge_nC,0.00702527583570451,0.007021087283854265,0.007032545319871233,-39.7823764496602,-49.35451088650984,-35.296976845853976,63,517,median,median,95_percent_circular_moving_block_bootstrap_over_captures,0.00702527583570451,-39.7823764496602,-49.35451088650984,-35.296976845853976
argon_only_10kHz,"Argon / no liquid, 10 kHz",argon_only,10.0,positive,9,0.007435025015619112,0.008260451167079408,midpoint_s,model_dependent_charge_nC,0.007845779083166629,0.007840965198614727,0.00785142068576631,-42.13709121498569,-46.73130648555067,-37.12117318041122,63,517,median,median,95_percent_circular_moving_block_bootstrap_over_captures,0.007845779083166629,-42.13709121498569,-46.73130648555067,-37.12117318041122
argon_only_10kHz,"Argon / no liquid, 10 kHz",argon_only,10.0,positive,10,0.008260451167079408,0.009085877318539704,midpoint_s,model_dependent_charge_nC,0.008671844686287908,0.00866598045915809,0.008679534192743355,-42.156037696626385,-46.16413416554415,-36.780277163504806,63,524,median,median,95_percent_circular_moving_block_bootstrap_over_captures,0.008671844686287908,-42.156037696626385,-46.16413416554415,-36.780277163504806
argon_only_10kHz,"Argon / no liquid, 10 kHz",argon_only,10.0,positive,11,0.009085877318539704,0.00991130347,midpoint_s,model_dependent_charge_nC,0.009499636848664103,0.009495508052439663,0.009507392239209198,-41.74387671359055,-46.321327583017144,-37.82477502710781,63,521,median,median,95_percent_circular_moving_block_bootstrap_over_captures,0.009499636848664103,-41.74387671359055,-46.321327583017144,-37.82477502710781
argon_only_20kHz,"Argon / no liquid, 20 kHz",argon_only,20.0,negative,0,1.0984734475342764e-05,0.0008402561565130521,midpoint_s,model_dependent_charge_nC,0.00042397222306156455,0.00042298164429537395,0.00042842795636534824,-357.28759544447735,-358.2521961185055,-356.3827067328227,64,1047,median,median,95_percent_circular_moving_block_bootstrap_over_captures,0.00042397222306156455,-357.28759544447735,-358.2521961185055,-356.3827067328227
argon_only_20kHz,"Argon / no liquid, 20 kHz",argon_only,20.0,negative,1,0.0008402561565130521,0.0016695275785507616,midpoint_s,model_dependent_charge_nC,0.00125452127394909,0.0012514631102628938,0.001257356687560881,-357.5992027125319,-358.308663793333,-356.2286421278062,64,1056,median,median,95_percent_circular_moving_block_bootstrap_over_captures,0.00125452127394909,-357.5992027125319,-358.308663793333,-356.2286421278062
argon_only_20kHz,"Argon / no liquid, 20 kHz",argon_only,20.0,negative,2,0.0016695275785507616,0.002498799000588471,midpoint_s,model_dependent_charge_nC,0.0020861186498733926,0.002082271287381635,0.0020900027320333134,-357.4919523142478,-358.07059390068827,-356.1515774314498,64,1050,median,median,95_percent_circular_moving_block_bootstrap_over_captures,0.0020861186498733926,-357.4919523142478,-358.07059390068827,-356.1515774314498
argon_only_20kHz,"Argon / no liquid, 20 kHz",argon_only,20.0,negative,3,0.002498799000588471,0.0033280704226261804,midpoint_s,model_dependent_charge_nC,0.002914904368843691,0.0029110291958438822,0.0029160714440529516,-356.9301617298195,-357.5007103668736,-356.1276226704486,64,1045,median,median,95_percent_circular_moving_block_bootstrap_over_captures,0.002914904368843691,-356.9301617298195,-357.5007103668736,-356.1276226704486
argon_only_20kHz,"Argon / no liquid, 20 kHz",argon_only,20.0,negative,4,0.0033280704226261804,0.00415734184466389,midpoint_s,model_dependent_charge_nC,0.003742002341284078,0.003740060812658692,0.0037440518000000002,-357.0156132619391,-358.1935603798688,-356.3393834724425,64,1056,median,median,95_percent_circular_moving_block_bootstrap_over_captures,0.003742002341284078,-357.0156132619391,-358.1935603798688,-356.3393834724425
argon_only_20kHz,"Argon / no liquid, 20 kHz",argon_only,20.0,negative,5,0.00415734184466389,0.004986613266701599,midpoint_s,model_dependent_charge_nC,0.004570847865420985,0.0045686937525130315,0.004573248938829084,-357.58298801175283,-358.86374205651646,-356.6947814625437,64,1065,median,median,95_percent_circular_moving_block_bootstrap_over_captures,0.004570847865420985,-357.58298801175283,-358.86374205651646,-356.6947814625437
argon_only_20kHz,"Argon / no liquid, 20 kHz",argon_only,20.0,negative,6,0.004986613266701599,0.005815884688739308,midpoint_s,model_dependent_charge_nC,0.005400986191012323,0.005398052090791286,0.0054050389631644675,-356.5774135905209,-358.67008855527416,-355.586663897775,64,1060,median,median,95_percent_circular_moving_block_bootstrap_over_captures,0.005400986191012323,-356.5774135905209,-358.67008855527416,-355.586663897775
argon_only_20kHz,"Argon / no liquid, 20 kHz",argon_only,20.0,negative,7,0.005815884688739308,0.006645156110777018,midpoint_s,model_dependent_charge_nC,0.00623046870754804,0.006227585980985995,0.006233283863029369,-357.3962797394431,-358.22893350807465,-356.5090976007443,64,1062,median,median,95_percent_circular_moving_block_bootstrap_over_captures,0.00623046870754804,-357.3962797394431,-358.22893350807465,-356.5090976007443
argon_only_20kHz,"Argon / no liquid, 20 kHz",argon_only,20.0,negative,8,0.006645156110777018,0.007474427532814728,midpoint_s,model_dependent_charge_nC,0.007060436126328934,0.007056820825579412,0.007063133161172852,-357.29753961880886,-359.017821776442,-356.42149677059774,64,1062,median,median,95_percent_circular_moving_block_bootstrap_over_captures,0.007060436126328934,-357.29753961880886,-359.017821776442,-356.42149677059774
argon_only_20kHz,"Argon / no liquid, 20 kHz",argon_only,20.0,negative,9,0.007474427532814728,0.008303698954852437,midpoint_s,model_dependent_charge_nC,0.00789014795654163,0.007885687765395971,0.007892582076546566,-356.93309340588837,-357.6626709718888,-356.3241914898181,64,1061,median,median,95_percent_circular_moving_block_bootstrap_over_captures,0.00789014795654163,-356.93309340588837,-357.6626709718888,-356.3241914898181
argon_only_20kHz,"Argon / no liquid, 20 kHz",argon_only,20.0,negative,10,0.008303698954852437,0.009132970376890145,midpoint_s,model_dependent_charge_nC,0.00871869976226302,0.008716736149236688,0.008721958233040117,-357.82650829425415,-358.3275964975919,-356.78921456534175,64,1064,median,median,95_percent_circular_moving_block_bootstrap_over_captures,0.00871869976226302,-357.82650829425415,-358.3275964975919,-356.78921456534175
argon_only_20kHz,"Argon / no liquid, 20 kHz",argon_only,20.0,negative,11,0.009132970376890145,0.009962241798927855,midpoint_s,model_dependent_charge_nC,0.009544994028784382,0.009542782726138697,0.00954765999767412,-357.1551794146112,-358.4542313394664,-356.26736160261333,64,1052,median,median,95_percent_circular_moving_block_bootstrap_over_captures,0.009544994028784382,-357.1551794146112,-358.4542313394664,-356.26736160261333
argon_only_20kHz,"Argon / no liquid, 20 kHz",argon_only,20.0,positive,0,1.0984734475342764e-05,0.0008402561565130521,midpoint_s,model_dependent_charge_nC,0.0004271211449124147,0.00042401437248195664,0.0004322303535048707,-345.8213803397091,-346.8853656954525,-344.76388081987056,63,1044,median,median,95_percent_circular_moving_block_bootstrap_over_captures,0.0004271211449124147,-345.8213803397091,-346.8853656954525,-344.76388081987056
argon_only_20kHz,"Argon / no liquid, 20 kHz",argon_only,20.0,positive,1,0.0008402561565130521,0.0016695275785507616,midpoint_s,model_dependent_charge_nC,0.0012533768533911182,0.0012509765885995103,0.0012560856771340338,-345.80389268506536,-347.0316777733193,-342.9627715371597,63,1039,median,median,95_percent_circular_moving_block_bootstrap_over_captures,0.0012533768533911182,-345.80389268506536,-347.0316777733193,-342.9627715371597
argon_only_20kHz,"Argon / no liquid, 20 kHz",argon_only,20.0,positive,2,0.0016695275785507616,0.002498799000588471,midpoint_s,model_dependent_charge_nC,0.002080865579081189,0.002077040814848101,0.0020840364594864316,-344.7707369488662,-345.80870956265625,-344.1300693504258,63,1046,median,median,95_percent_circular_moving_block_bootstrap_over_captures,0.002080865579081189,-344.7707369488662,-345.80870956265625,-344.1300693504258
argon_only_20kHz,"Argon / no liquid, 20 kHz",argon_only,20.0,positive,3,0.002498799000588471,0.0033280704226261804,midpoint_s,model_dependent_charge_nC,0.0029122532198635107,0.0029089371719447274,0.002916602595898172,-345.125150863042,-346.46354806278896,-343.0352854213511,63,1050,median,median,95_percent_circular_moving_block_bootstrap_over_captures,0.0029122532198635107,-345.125150863042,-346.46354806278896,-343.0352854213511
argon_only_20kHz,"Argon / no liquid, 20 kHz",argon_only,20.0,positive,4,0.0033280704226261804,0.00415734184466389,midpoint_s,model_dependent_charge_nC,0.0037444080093259843,0.003741355588097997,0.00374779072083921,-344.6020057189121,-346.08467240642835,-343.30259582655026,64,1050,median,median,95_percent_circular_moving_block_bootstrap_over_captures,0.0037444080093259843,-344.6020057189121,-346.08467240642835,-343.30259582655026
argon_only_20kHz,"Argon / no liquid, 20 kHz",argon_only,20.0,positive,5,0.00415734184466389,0.004986613266701599,midpoint_s,model_dependent_charge_nC,0.0045728450880174396,0.004570116990788247,0.004574539762999955,-345.13942590594615,-346.8943310014167,-343.95439630012845,64,1064,median,median,95_percent_circular_moving_block_bootstrap_over_captures,0.0045728450880174396,-345.13942590594615,-346.8943310014167,-343.95439630012845
argon_only_20kHz,"Argon / no liquid, 20 kHz",argon_only,20.0,positive,6,0.004986613266701599,0.005815884688739308,midpoint_s,model_dependent_charge_nC,0.005401385250645315,0.005397659523222781,0.005402928834961284,-345.15053550552074,-346.7315471486792,-342.8608773187368,64,1058,median,median,95_percent_circular_moving_block_bootstrap_over_captures,0.005401385250645315,-345.15053550552074,-346.7315471486792,-342.8608773187368
argon_only_20kHz,"Argon / no liquid, 20 kHz",argon_only,20.0,positive,7,0.005815884688739308,0.006645156110777018,midpoint_s,model_dependent_charge_nC,0.0062285141391340455,0.006226474350715071,0.0062324936137130305,-345.73907939803615,-346.871886444138,-344.1513865419836,64,1061,median,median,95_percent_circular_moving_block_bootstrap_over_captures,0.0062285141391340455,-345.73907939803615,-346.871886444138,-344.1513865419836
argon_only_20kHz,"Argon / no liquid, 20 kHz",argon_only,20.0,positive,8,0.006645156110777018,0.007474427532814728,midpoint_s,model_dependent_charge_nC,0.007058816025005488,0.007055245884489485,0.007062994771419775,-345.45459268834776,-346.32522593279725,-343.6352564370675,64,1065,median,median,95_percent_circular_moving_block_bootstrap_over_captures,0.007058816025005488,-345.45459268834776,-346.32522593279725,-343.6352564370675
argon_only_20kHz,"Argon / no liquid, 20 kHz",argon_only,20.0,positive,9,0.007474427532814728,0.008303698954852437,midpoint_s,model_dependent_charge_nC,0.007890056356752786,0.007887379197641778,0.007891675696393995,-345.94439806479636,-346.7848232029755,-344.55348785618344,64,1060,median,median,95_percent_circular_moving_block_bootstrap_over_captures,0.007890056356752786,-345.94439806479636,-346.7848232029755,-344.55348785618344
argon_only_20kHz,"Argon / no liquid, 20 kHz",argon_only,20.0,positive,10,0.008303698954852437,0.009132970376890145,midpoint_s,model_dependent_charge_nC,0.008717014528006564,0.008713718501996485,0.00872002992574391,-346.1175545934337,-346.58044465216324,-344.7688354312257,64,1063,median,median,95_percent_circular_moving_block_bootstrap_over_captures,0.008717014528006564,-346.1175545934337,-346.58044465216324,-344.7688354312257
argon_only_20kHz,"Argon / no liquid, 20 kHz",argon_only,20.0,positive,11,0.009132970376890145,0.009962241798927855,midpoint_s,model_dependent_charge_nC,0.009547300346809664,0.00954433309497639,0.009549848318969323,-347.94647745352864,-348.76051013234496,-346.92297599827907,64,1056,median,median,95_percent_circular_moving_block_bootstrap_over_captures,0.009547300346809664,-347.94647745352864,-348.76051013234496,-346.92297599827907
pure_water_4kHz,"Pure water, 4 kHz",pure_water,4.0,negative,0,1.5803316895105162e-05,0.000827940745792845,midpoint_s,model_dependent_charge_nC,0.0004131642375225399,0.00039436182677785796,0.00041842090745714325,-312.1086955433932,-314.3332502945466,-310.7895403147096,64,210,median,median,95_percent_circular_moving_block_bootstrap_over_captures,0.0004131642375225399,-312.1086955433932,-314.3332502945466,-310.7895403147096
pure_water_4kHz,"Pure water, 4 kHz",pure_water,4.0,negative,1,0.000827940745792845,0.0016400781746905848,midpoint_s,model_dependent_charge_nC,0.0012382267059302442,0.001229405752230657,0.001256059699479235,-312.3980515664332,-314.39765361332013,-310.36736603468114,64,213,median,median,95_percent_circular_moving_block_bootstrap_over_captures,0.0012382267059302442,-312.3980515664332,-314.39765361332013,-310.36736603468114
pure_water_4kHz,"Pure water, 4 kHz",pure_water,4.0,negative,2,0.0016400781746905848,0.0024522156035883245,midpoint_s,model_dependent_charge_nC,0.0020494114339547217,0.0020394953648869662,0.0020731846368355327,-312.7026929967956,-314.52911577253917,-310.38231185690074,64,204,median,median,95_percent_circular_moving_block_bootstrap_over_captures,0.0020494114339547217,-312.7026929967956,-314.52911577253917,-310.38231185690074
pure_water_4kHz,"Pure water, 4 kHz",pure_water,4.0,negative,3,0.0024522156035883245,0.0032643530324860644,midpoint_s,model_dependent_charge_nC,0.0028551754330131142,0.0028414534955980104,0.00287096391495764,-313.28226744834285,-314.75282403960045,-310.4580993177904,64,205,median,median,95_percent_circular_moving_block_bootstrap_over_captures,0.0028551754330131142,-313.28226744834285,-314.75282403960045,-310.4580993177904
pure_water_4kHz,"Pure water, 4 kHz",pure_water,4.0,negative,4,0.0032643530324860644,0.004076490461383804,midpoint_s,model_dependent_charge_nC,0.0036628030946865313,0.0036439106667504034,0.0036680493762581974,-312.66386979869606,-314.60679716402063,-310.10681887123945,64,210,median,median,95_percent_circular_moving_block_bootstrap_over_captures,0.0036628030946865313,-312.66386979869606,-314.60679716402063,-310.10681887123945
pure_water_4kHz,"Pure water, 4 kHz",pure_water,4.0,negative,5,0.004076490461383804,0.004888627890281543,midpoint_s,model_dependent_charge_nC,0.004487363677117398,0.004475051726185317,0.004505457866052994,-310.18574231507927,-313.0974657060677,-307.6981391848624,64,212,median,median,95_percent_circular_moving_block_bootstrap_over_captures,0.004487363677117398,-310.18574231507927,-313.0974657060677,-307.6981391848624
pure_water_4kHz,"Pure water, 4 kHz",pure_water,4.0,negative,6,0.004888627890281543,0.005700765319179284,midpoint_s,model_dependent_charge_nC,0.005292878216335075,0.00528760238623851,0.005313035523543682,-311.76356791691927,-313.21975489747376,-309.65155876389326,64,204,median,median,95_percent_circular_moving_block_bootstrap_over_captures,0.005292878216335075,-311.76356791691927,-313.21975489747376,-309.65155876389326
pure_water_4kHz,"Pure water, 4 kHz",pure_water,4.0,negative,7,0.005700765319179284,0.006512902748077023,midpoint_s,model_dependent_charge_nC,0.0061023145864259444,0.006087496670117974,0.00611710582189357,-312.8260952025968,-314.5663561487472,-309.1199244231368,64,206,median,median,95_percent_circular_moving_block_bootstrap_over_captures,0.0061023145864259444,-312.8260952025968,-314.5663561487472,-309.1199244231368
pure_water_4kHz,"Pure water, 4 kHz",pure_water,4.0,negative,8,0.006512902748077023,0.007325040176974763,midpoint_s,model_dependent_charge_nC,0.0069124285063082505,0.006893407847495184,0.006918576878164467,-312.5745305669484,-315.08078288793695,-309.5872452513906,64,210,median,median,95_percent_circular_moving_block_bootstrap_over_captures,0.0069124285063082505,-312.5745305669484,-315.08078288793695,-309.5872452513906
pure_water_4kHz,"Pure water, 4 kHz",pure_water,4.0,negative,9,0.007325040176974763,0.008137177605872504,midpoint_s,model_dependent_charge_nC,0.007737003173457999,0.007725269008069391,0.00775509193874971,-313.60597506285194,-315.28012205827156,-310.5208635754268,64,212,median,median,95_percent_circular_moving_block_bootstrap_over_captures,0.007737003173457999,-313.60597506285194,-315.28012205827156,-310.5208635754268
pure_water_4kHz,"Pure water, 4 kHz",pure_water,4.0,negative,10,0.008137177605872504,0.008949315034770243,midpoint_s,model_dependent_charge_nC,0.008541348726647299,0.008536667813099976,0.008560527909582392,-312.47337364219646,-314.731531784525,-310.45763245045686,64,203,median,median,95_percent_circular_moving_block_bootstrap_over_captures,0.008541348726647299,-312.47337364219646,-314.731531784525,-310.45763245045686
pure_water_4kHz,"Pure water, 4 kHz",pure_water,4.0,negative,11,0.008949315034770243,0.009761452463667983,midpoint_s,model_dependent_charge_nC,0.009350079545236195,0.00933158521843538,0.009362458611173576,-312.7128424704265,-314.6227362496564,-308.46879861538514,64,207,median,median,95_percent_circular_moving_block_bootstrap_over_captures,0.009350079545236195,-312.7128424704265,-314.6227362496564,-308.46879861538514
pure_water_4kHz,"Pure water, 4 kHz",pure_water,4.0,positive,0,1.5803316895105162e-05,0.000827940745792845,midpoint_s,model_dependent_charge_nC,0.00040958113947075364,0.00039055565276629447,0.0004148381146813789,-108.73463813368866,-110.05234665810792,-106.35037444302651,64,210,median,median,95_percent_circular_moving_block_bootstrap_over_captures,0.00040958113947075364,-108.73463813368866,-110.05234665810792,-106.35037444302651
pure_water_4kHz,"Pure water, 4 kHz",pure_water,4.0,positive,1,0.000827940745792845,0.0016400781746905848,midpoint_s,model_dependent_charge_nC,0.0012425569681756815,0.001228830321972778,0.001253476699623861,-107.52248241344361,-108.27084988772111,-106.46756610926033,64,215,median,median,95_percent_circular_moving_block_bootstrap_over_captures,0.0012425569681756815,-107.52248241344361,-108.27084988772111,-106.46756610926033
pure_water_4kHz,"Pure water, 4 kHz",pure_water,4.0,positive,2,0.0016400781746905848,0.0024522156035883245,midpoint_s,model_dependent_charge_nC,0.002059822773374413,0.002041104311945349,0.0020753362232121767,-108.45955077576912,-109.86738070011674,-106.92637550996355,64,205,median,median,95_percent_circular_moving_block_bootstrap_over_captures,0.002059822773374413,-108.45955077576912,-109.86738070011674,-106.92637550996355
pure_water_4kHz,"Pure water, 4 kHz",pure_water,4.0,positive,3,0.0024522156035883245,0.0032643530324860644,midpoint_s,model_dependent_charge_nC,0.0028564599591633403,0.0028457488973739984,0.002876257559032134,-109.9945512405728,-110.90268546493091,-108.27921697724238,64,202,median,median,95_percent_circular_moving_block_bootstrap_over_captures,0.0028564599591633403,-109.9945512405728,-110.90268546493091,-108.27921697724238
pure_water_4kHz,"Pure water, 4 kHz",pure_water,4.0,positive,4,0.0032643530324860644,0.004076490461383804,midpoint_s,model_dependent_charge_nC,0.003659220143457674,0.003640182977992689,0.003664467252636242,-107.78223162848775,-109.1032447889859,-106.17165400273379,64,210,median,median,95_percent_circular_moving_block_bootstrap_over_captures,0.003659220143457674,-107.78223162848775,-109.1032447889859,-106.17165400273379
pure_water_4kHz,"Pure water, 4 kHz",pure_water,4.0,positive,5,0.004076490461383804,0.004888627890281543,midpoint_s,model_dependent_charge_nC,0.0044921916606910865,0.004479562277700537,0.004503286842689892,-106.72500243046343,-107.58091481106715,-104.52034182999351,64,215,median,median,95_percent_circular_moving_block_bootstrap_over_captures,0.0044921916606910865,-106.72500243046343,-107.58091481106715,-104.52034182999351
pure_water_4kHz,"Pure water, 4 kHz",pure_water,4.0,positive,6,0.004888627890281543,0.005700765319179284,midpoint_s,model_dependent_charge_nC,0.005303335225323994,0.005288395457584879,0.005322726037191162,-108.0010951029372,-109.10375378425864,-106.610663109063,64,203,median,median,95_percent_circular_moving_block_bootstrap_over_captures,0.005303335225323994,-108.0010951029372,-109.10375378425864,-106.610663109063
pure_water_4kHz,"Pure water, 4 kHz",pure_water,4.0,positive,7,0.005700765319179284,0.006512902748077023,midpoint_s,model_dependent_charge_nC,0.006103276718566233,0.006093264324705642,0.006121574033212498,-109.09978766610287,-110.62239312118577,-107.33404099099052,64,204,median,median,95_percent_circular_moving_block_bootstrap_over_captures,0.006103276718566233,-109.09978766610287,-110.62239312118577,-107.33404099099052
pure_water_4kHz,"Pure water, 4 kHz",pure_water,4.0,positive,8,0.006512902748077023,0.007325040176974763,midpoint_s,model_dependent_charge_nC,0.006908847353239807,0.006889814449603128,0.006914106538967832,-108.78563807731692,-110.23167653618381,-107.79738873639704,64,210,median,median,95_percent_circular_moving_block_bootstrap_over_captures,0.006908847353239807,-108.78563807731692,-110.23167653618381,-107.79738873639704
pure_water_4kHz,"Pure water, 4 kHz",pure_water,4.0,positive,9,0.007325040176974763,0.008137177605872504,midpoint_s,model_dependent_charge_nC,0.007741824542129738,0.007728102409333623,0.0077533392180320244,-108.72519447526702,-110.0866437368609,-107.90629841649294,64,215,median,median,95_percent_circular_moving_block_bootstrap_over_captures,0.007741824542129738,-108.72519447526702,-110.0866437368609,-107.90629841649294
pure_water_4kHz,"Pure water, 4 kHz",pure_water,4.0,positive,10,0.008137177605872504,0.008949315034770243,midpoint_s,model_dependent_charge_nC,0.008552960966274063,0.008537763868719263,0.008572907590518274,-107.11508422206128,-108.27568642028223,-105.79160526497932,64,203,median,median,95_percent_circular_moving_block_bootstrap_over_captures,0.008552960966274063,-107.11508422206128,-108.27568642028223,-105.79160526497932
pure_water_4kHz,"Pure water, 4 kHz",pure_water,4.0,positive,11,0.008949315034770243,0.009761452463667983,midpoint_s,model_dependent_charge_nC,0.009352914917589853,0.009341850066167485,0.009369271280478975,-106.9093656773262,-109.49415525689606,-106.30287392380849,64,204,median,median,95_percent_circular_moving_block_bootstrap_over_captures,0.009352914917589853,-106.9093656773262,-109.49415525689606,-106.30287392380849
pure_water_10kHz,"Pure water, 10 kHz",pure_water,10.0,negative,0,3.68967553559323e-06,0.0008292603954693589,midpoint_s,model_dependent_charge_nC,0.000419755656388935,0.0004127836452410106,0.00042314627514708605,-298.04197482742796,-298.66789522861177,-297.6641267022907,64,526,median,median,95_percent_circular_moving_block_bootstrap_over_captures,0.000419755656388935,-298.04197482742796,-298.66789522861177,-297.6641267022907
pure_water_10kHz,"Pure water, 10 kHz",pure_water,10.0,negative,1,0.0008292603954693589,0.0016548311154031246,midpoint_s,model_dependent_charge_nC,0.0012408996216019775,0.0012373148610734202,0.0012440293324605086,-299.41092293056397,-299.9801216186685,-298.49589682447515,64,529,median,median,95_percent_circular_moving_block_bootstrap_over_captures,0.0012408996216019775,-299.41092293056397,-299.9801216186685,-298.49589682447515
pure_water_10kHz,"Pure water, 10 kHz",pure_water,10.0,negative,2,0.0016548311154031246,0.00248040183533689,midpoint_s,model_dependent_charge_nC,0.0020716366286316653,0.0020689511245366634,0.0020763229738123114,-299.1320024318806,-300.21202815532075,-298.07648271871903,64,531,median,median,95_percent_circular_moving_block_bootstrap_over_captures,0.0020716366286316653,-299.1320024318806,-300.21202815532075,-298.07648271871903
pure_water_10kHz,"Pure water, 10 kHz",pure_water,10.0,negative,3,0.00248040183533689,0.0033059725552706557,midpoint_s,model_dependent_charge_nC,0.002892033958046996,0.002889256804150899,0.002899118249105925,-298.7284291377499,-299.56264156095557,-297.712525939364,64,524,median,median,95_percent_circular_moving_block_bootstrap_over_captures,0.002892033958046996,-298.7284291377499,-299.56264156095557,-297.712525939364
pure_water_10kHz,"Pure water, 10 kHz",pure_water,10.0,negative,4,0.0033059725552706557,0.004131543275204421,midpoint_s,model_dependent_charge_nC,0.0037193835986790887,0.003713631909531572,0.0037223138264007084,-298.7582585332505,-299.7082512940927,-297.9133907084092,64,528,median,median,95_percent_circular_moving_block_bootstrap_over_captures,0.0037193835986790887,-298.7582585332505,-299.7082512940927,-297.9133907084092
pure_water_10kHz,"Pure water, 10 kHz",pure_water,10.0,negative,5,0.004131543275204421,0.004957113995138187,midpoint_s,model_dependent_charge_nC,0.004540512097003242,0.004537751422092622,0.004543743982918383,-299.2677244095882,-300.32999025700303,-297.9817989242077,64,529,median,median,95_percent_circular_moving_block_bootstrap_over_captures,0.004540512097003242,-299.2677244095882,-300.32999025700303,-297.9817989242077
pure_water_10kHz,"Pure water, 10 kHz",pure_water,10.0,negative,6,0.004957113995138187,0.005782684715071953,midpoint_s,model_dependent_charge_nC,0.005371641270258274,0.005368605758843083,0.005376270879457433,-298.86223477554586,-299.18801624335026,-298.0291043131964,64,532,median,median,95_percent_circular_moving_block_bootstrap_over_captures,0.005371641270258274,-298.86223477554586,-299.18801624335026,-298.0291043131964
pure_water_10kHz,"Pure water, 10 kHz",pure_water,10.0,negative,7,0.005782684715071953,0.0066082554350057185,midpoint_s,model_dependent_charge_nC,0.006192416418420182,0.006189517538098721,0.006203300215009195,-299.22585015586765,-299.76440353613486,-297.89914414432405,64,524,median,median,95_percent_circular_moving_block_bootstrap_over_captures,0.006192416418420182,-299.22585015586765,-299.76440353613486,-297.89914414432405
pure_water_10kHz,"Pure water, 10 kHz",pure_water,10.0,negative,8,0.0066082554350057185,0.007433826154939484,midpoint_s,model_dependent_charge_nC,0.007020549555786154,0.007014701585889057,0.007024264563116733,-297.65117935261213,-299.29971122993555,-296.79755236096094,64,528,median,median,95_percent_circular_moving_block_bootstrap_over_captures,0.007020549555786154,-297.65117935261213,-299.29971122993555,-296.79755236096094
pure_water_10kHz,"Pure water, 10 kHz",pure_water,10.0,negative,9,0.007433826154939484,0.00825939687487325,midpoint_s,model_dependent_charge_nC,0.007840810878675166,0.007838132283045189,0.007848569079849063,-297.9061720309859,-298.9269816709808,-297.72049998521516,64,529,median,median,95_percent_circular_moving_block_bootstrap_over_captures,0.007840810878675166,-297.9061720309859,-298.9269816709808,-297.72049998521516
pure_water_10kHz,"Pure water, 10 kHz",pure_water,10.0,negative,10,0.00825939687487325,0.009084967594807015,midpoint_s,model_dependent_charge_nC,0.008674089944694978,0.008670112906901535,0.008676503855792207,-299.07877417244094,-300.5048515905714,-298.2465719498835,64,533,median,median,95_percent_circular_moving_block_bootstrap_over_captures,0.008674089944694978,-299.07877417244094,-300.5048515905714,-298.2465719498835
pure_water_10kHz,"Pure water, 10 kHz",pure_water,10.0,negative,11,0.009084967594807015,0.009910538314740782,midpoint_s,model_dependent_charge_nC,0.009495833470711222,0.009490327293173662,0.009506692732996574,-298.29020295743544,-298.9063546942815,-297.6843661631044,64,523,median,median,95_percent_circular_moving_block_bootstrap_over_captures,0.009495833470711222,-298.29020295743544,-298.9063546942815,-297.6843661631044
pure_water_10kHz,"Pure water, 10 kHz",pure_water,10.0,positive,0,3.68967553559323e-06,0.0008292603954693589,midpoint_s,model_dependent_charge_nC,0.0004166547766835514,0.0004107776670677007,0.00041941355050581085,-128.40221408245966,-129.00792330642355,-127.14883789037245,63,520,median,median,95_percent_circular_moving_block_bootstrap_over_captures,0.0004166547766835514,-128.40221408245966,-129.00792330642355,-127.14883789037245
pure_water_10kHz,"Pure water, 10 kHz",pure_water,10.0,positive,1,0.0008292603954693589,0.0016548311154031246,midpoint_s,model_dependent_charge_nC,0.0012378502761839294,0.0012347118356365416,0.0012413761281708014,-129.1315780720526,-130.8380779170595,-128.0885381975732,64,525,median,median,95_percent_circular_moving_block_bootstrap_over_captures,0.0012378502761839294,-129.1315780720526,-130.8380779170595,-128.0885381975732
pure_water_10kHz,"Pure water, 10 kHz",pure_water,10.0,positive,2,0.0016548311154031246,0.00248040183533689,midpoint_s,model_dependent_charge_nC,0.00206908853415553,0.0020661646374462925,0.0020735094010087434,-128.7059768475014,-129.51657049458026,-127.22692756891811,64,533,median,median,95_percent_circular_moving_block_bootstrap_over_captures,0.00206908853415553,-128.7059768475014,-129.51657049458026,-127.22692756891811
pure_water_10kHz,"Pure water, 10 kHz",pure_water,10.0,positive,3,0.00248040183533689,0.0033059725552706557,midpoint_s,model_dependent_charge_nC,0.0028904352765098196,0.002887210933453571,0.002902226927477358,-128.37333239318147,-129.31700219453236,-127.4792918433855,64,524,median,median,95_percent_circular_moving_block_bootstrap_over_captures,0.0028904352765098196,-128.37333239318147,-129.31700219453236,-127.4792918433855
pure_water_10kHz,"Pure water, 10 kHz",pure_water,10.0,positive,4,0.0033059725552706557,0.004131543275204421,midpoint_s,model_dependent_charge_nC,0.0037177794944523264,0.003712897593549365,0.0037223745439276383,-128.38309817203765,-129.88736696147873,-127.23485421457511,64,527,median,median,95_percent_circular_moving_block_bootstrap_over_captures,0.0037177794944523264,-128.38309817203765,-129.88736696147873,-127.23485421457511
pure_water_10kHz,"Pure water, 10 kHz",pure_water,10.0,positive,5,0.004131543275204421,0.004957113995138187,midpoint_s,model_dependent_charge_nC,0.004538443840260212,0.004535666632224303,0.004548089193184777,-129.121424531077,-130.26268118033713,-127.96652378786257,64,530,median,median,95_percent_circular_moving_block_bootstrap_over_captures,0.004538443840260212,-129.121424531077,-130.26268118033713,-127.96652378786257
pure_water_10kHz,"Pure water, 10 kHz",pure_water,10.0,positive,6,0.004957113995138187,0.005782684715071953,midpoint_s,model_dependent_charge_nC,0.005371867222369707,0.005367611575141058,0.005373527428420211,-128.47568785712122,-129.346997196493,-127.9256907801122,64,532,median,median,95_percent_circular_moving_block_bootstrap_over_captures,0.005371867222369707,-128.47568785712122,-129.346997196493,-127.9256907801122
pure_water_10kHz,"Pure water, 10 kHz",pure_water,10.0,positive,7,0.005782684715071953,0.0066082554350057185,midpoint_s,model_dependent_charge_nC,0.006192794031447349,0.006187118923165909,0.006203663113681977,-128.60677705697924,-129.7512247069181,-128.06397983023973,64,524,median,median,95_percent_circular_moving_block_bootstrap_over_captures,0.006192794031447349,-128.60677705697924,-129.7512247069181,-128.06397983023973
pure_water_10kHz,"Pure water, 10 kHz",pure_water,10.0,positive,8,0.0066082554350057185,0.007433826154939484,midpoint_s,model_dependent_charge_nC,0.007018033878305576,0.007014986729054168,0.007023095445442714,-128.40774442437066,-129.27796608344343,-127.5485456927018,64,528,median,median,95_percent_circular_moving_block_bootstrap_over_captures,0.007018033878305576,-128.40774442437066,-129.27796608344343,-127.5485456927018
pure_water_10kHz,"Pure water, 10 kHz",pure_water,10.0,positive,9,0.007433826154939484,0.00825939687487325,midpoint_s,model_dependent_charge_nC,0.007839387601736122,0.007835968720790327,0.00785039858244187,-129.03399014084948,-129.97754721694122,-128.6159749590222,64,529,median,median,95_percent_circular_moving_block_bootstrap_over_captures,0.007839387601736122,-129.03399014084948,-129.97754721694122,-128.6159749590222
pure_water_10kHz,"Pure water, 10 kHz",pure_water,10.0,positive,10,0.00825939687487325,0.009084967594807015,midpoint_s,model_dependent_charge_nC,0.00867183121602804,0.008667221942290568,0.008675647803724977,-128.06751949230593,-129.41012817954876,-127.16479294378942,64,531,median,median,95_percent_circular_moving_block_bootstrap_over_captures,0.00867183121602804,-128.06751949230593,-129.41012817954876,-127.16479294378942
pure_water_10kHz,"Pure water, 10 kHz",pure_water,10.0,positive,11,0.009084967594807015,0.009910538314740782,midpoint_s,model_dependent_charge_nC,0.00949441701024886,0.009487095079491276,0.009502591075271166,-128.49064116357076,-130.30514044788492,-127.52970624415283,63,516,median,median,95_percent_circular_moving_block_bootstrap_over_captures,0.00949441701024886,-128.49064116357076,-130.30514044788492,-127.52970624415283
pure_water_20kHz,"Pure water, 20 kHz",pure_water,20.0,negative,0,1.420648423780581e-05,0.0008432206232194101,midpoint_s,model_dependent_charge_nC,0.00042874700311847834,0.00042590389628161977,0.0004320419673357086,-194.35634112036473,-198.10241238335811,-190.26689509757622,64,1067,median,median,95_percent_circular_moving_block_bootstrap_over_captures,0.00042874700311847834,-194.35634112036473,-198.10241238335811,-190.26689509757622
pure_water_20kHz,"Pure water, 20 kHz",pure_water,20.0,negative,1,0.0008432206232194101,0.0016722347622010144,midpoint_s,model_dependent_charge_nC,0.0012582361263791257,0.0012558907936486355,0.0012608108340341397,-193.02285143792142,-197.94230581203567,-190.60621807401085,64,1058,median,median,95_percent_circular_moving_block_bootstrap_over_captures,0.0012582361263791257,-193.02285143792142,-197.94230581203567,-190.60621807401085
pure_water_20kHz,"Pure water, 20 kHz",pure_water,20.0,negative,2,0.0016722347622010144,0.0025012489011826187,midpoint_s,model_dependent_charge_nC,0.002085707335731159,0.002083156286069772,0.002088808930670077,-193.77924918144228,-197.90677656229082,-190.1826981772076,64,1061,median,median,95_percent_circular_moving_block_bootstrap_over_captures,0.002085707335731159,-193.77924918144228,-197.90677656229082,-190.1826981772076
pure_water_20kHz,"Pure water, 20 kHz",pure_water,20.0,negative,3,0.0025012489011826187,0.003330263040164223,midpoint_s,model_dependent_charge_nC,0.002916713455772475,0.00291370566660195,0.0029196299586429966,-193.32658579184056,-195.38121832208742,-191.5324749175754,64,1065,median,median,95_percent_circular_moving_block_bootstrap_over_captures,0.002916713455772475,-193.32658579184056,-195.38121832208742,-191.5324749175754
pure_water_20kHz,"Pure water, 20 kHz",pure_water,20.0,negative,4,0.003330263040164223,0.004159277179145828,midpoint_s,model_dependent_charge_nC,0.0037446102589995143,0.003742168766702954,0.003746179238027587,-193.30751744269395,-196.71436998924312,-189.78816870860945,64,1056,median,median,95_percent_circular_moving_block_bootstrap_over_captures,0.0037446102589995143,-193.30751744269395,-196.71436998924312,-189.78816870860945
pure_water_20kHz,"Pure water, 20 kHz",pure_water,20.0,negative,5,0.004159277179145828,0.004988291318127432,midpoint_s,model_dependent_charge_nC,0.004573925220712554,0.004570363444978194,0.004577096288987597,-191.90195954179086,-195.67280438754048,-188.46523082438895,64,1067,median,median,95_percent_circular_moving_block_bootstrap_over_captures,0.004573925220712554,-191.90195954179086,-195.67280438754048,-188.46523082438895
pure_water_20kHz,"Pure water, 20 kHz",pure_water,20.0,negative,6,0.004988291318127432,0.005817305457109036,midpoint_s,model_dependent_charge_nC,0.005403195254121602,0.005400438058466966,0.005406392244503442,-191.67268749720296,-195.01267344477486,-189.60117306300702,64,1055,median,median,95_percent_circular_moving_block_bootstrap_over_captures,0.005403195254121602,-191.67268749720296,-195.01267344477486,-189.60117306300702
pure_water_20kHz,"Pure water, 20 kHz",pure_water,20.0,negative,7,0.005817305457109036,0.006646319596090641,midpoint_s,model_dependent_charge_nC,0.006232266368748531,0.006229524547810695,0.006233908810356639,-191.82842781038937,-196.76490255758438,-189.5129462526472,64,1068,median,median,95_percent_circular_moving_block_bootstrap_over_captures,0.006232266368748531,-191.82842781038937,-196.76490255758438,-189.5129462526472
pure_water_20kHz,"Pure water, 20 kHz",pure_water,20.0,negative,8,0.006646319596090641,0.007475333735072245,midpoint_s,model_dependent_charge_nC,0.007061312311846944,0.007058478866338793,0.007064355431557739,-194.3250716612739,-198.4081471335194,-191.62377456215404,64,1056,median,median,95_percent_circular_moving_block_bootstrap_over_captures,0.007061312311846944,-194.3250716612739,-198.4081471335194,-191.62377456215404
pure_water_20kHz,"Pure water, 20 kHz",pure_water,20.0,negative,9,0.007475333735072245,0.008304347874053849,midpoint_s,model_dependent_charge_nC,0.007888350305667365,0.007885957694679159,0.007892090234926232,-192.5493902844213,-197.9265417463469,-190.2216856012269,64,1061,median,median,95_percent_circular_moving_block_bootstrap_over_captures,0.007888350305667365,-192.5493902844213,-197.9265417463469,-190.2216856012269
pure_water_20kHz,"Pure water, 20 kHz",pure_water,20.0,negative,10,0.008304347874053849,0.009133362013035454,midpoint_s,model_dependent_charge_nC,0.008719563061156902,0.008718134993042137,0.00872205856290636,-194.9445617785688,-199.07770632905337,-189.42164732015652,64,1068,median,median,95_percent_circular_moving_block_bootstrap_over_captures,0.008719563061156902,-194.9445617785688,-199.07770632905337,-189.42164732015652
pure_water_20kHz,"Pure water, 20 kHz",pure_water,20.0,negative,11,0.009133362013035454,0.009962376152017057,midpoint_s,model_dependent_charge_nC,0.009545453476501794,0.009543852906673936,0.009549981890937026,-193.62178208472326,-196.5388422817962,-190.47087636131369,64,1048,median,median,95_percent_circular_moving_block_bootstrap_over_captures,0.009545453476501794,-193.62178208472326,-196.5388422817962,-190.47087636131369
pure_water_20kHz,"Pure water, 20 kHz",pure_water,20.0,positive,0,1.420648423780581e-05,0.0008432206232194101,midpoint_s,model_dependent_charge_nC,0.00043087292773525315,0.00042737359977256613,0.0004340158693078627,-328.41989031714314,-332.7012585887769,-323.5885280254891,64,1062,median,median,95_percent_circular_moving_block_bootstrap_over_captures,0.00043087292773525315,-328.41989031714314,-332.7012585887769,-323.5885280254891
pure_water_20kHz,"Pure water, 20 kHz",pure_water,20.0,positive,1,0.0008432206232194101,0.0016722347622010144,midpoint_s,model_dependent_charge_nC,0.001257898840000959,0.0012550398574992115,0.001261089602442843,-328.59678413575676,-331.84323290040254,-322.3048605792304,64,1055,median,median,95_percent_circular_moving_block_bootstrap_over_captures,0.001257898840000959,-328.59678413575676,-331.84323290040254,-322.3048605792304
pure_water_20kHz,"Pure water, 20 kHz",pure_water,20.0,positive,2,0.0016722347622010144,0.0025012489011826187,midpoint_s,model_dependent_charge_nC,0.002086933931212074,0.002084056577426189,0.0020885900035145792,-329.40502111461393,-331.30158845283313,-322.6678843325244,64,1068,median,median,95_percent_circular_moving_block_bootstrap_over_captures,0.002086933931212074,-329.40502111461393,-331.30158845283313,-322.6678843325244
pure_water_20kHz,"Pure water, 20 kHz",pure_water,20.0,positive,3,0.0025012489011826187,0.003330263040164223,midpoint_s,model_dependent_charge_nC,0.002916317930317186,0.0029131823400892955,0.0029196605508246564,-328.7998818758362,-331.4550724259928,-320.7969625760794,64,1057,median,median,95_percent_circular_moving_block_bootstrap_over_captures,0.002916317930317186,-328.7998818758362,-331.4550724259928,-320.7969625760794
pure_water_20kHz,"Pure water, 20 kHz",pure_water,20.0,positive,4,0.003330263040164223,0.004159277179145828,midpoint_s,model_dependent_charge_nC,0.003743251835013159,0.0037407649831917742,0.0037468961647619025,-327.7692152018197,-330.75086551234176,-321.83805768883167,64,1060,median,median,95_percent_circular_moving_block_bootstrap_over_captures,0.003743251835013159,-327.7692152018197,-330.75086551234176,-321.83805768883167
pure_water_20kHz,"Pure water, 20 kHz",pure_water,20.0,positive,5,0.004159277179145828,0.004988291318127432,midpoint_s,model_dependent_charge_nC,0.004574436639214887,0.00457288041271048,0.004577117243101376,-327.54145461970325,-330.8527157921783,-322.0994121302913,64,1069,median,median,95_percent_circular_moving_block_bootstrap_over_captures,0.004574436639214887,-327.54145461970325,-330.8527157921783,-322.0994121302913
pure_water_20kHz,"Pure water, 20 kHz",pure_water,20.0,positive,6,0.004988291318127432,0.005817305457109036,midpoint_s,model_dependent_charge_nC,0.005404124913387665,0.005399950257431114,0.0054062354353219474,-328.5459615087891,-331.7877624209381,-323.77802255596475,64,1052,median,median,95_percent_circular_moving_block_bootstrap_over_captures,0.005404124913387665,-328.5459615087891,-331.7877624209381,-323.77802255596475
pure_water_20kHz,"Pure water, 20 kHz",pure_water,20.0,positive,7,0.005817305457109036,0.006646319596090641,midpoint_s,model_dependent_charge_nC,0.0062312278121746225,0.006228850089242333,0.0062339452948731635,-328.3997255620569,-332.21187632112367,-322.75700915222933,64,1067,median,median,95_percent_circular_moving_block_bootstrap_over_captures,0.0062312278121746225,-328.3997255620569,-332.21187632112367,-322.75700915222933
pure_water_20kHz,"Pure water, 20 kHz",pure_water,20.0,positive,8,0.006646319596090641,0.007475333735072245,midpoint_s,model_dependent_charge_nC,0.0070614054600725736,0.007058679739285529,0.007063032771033588,-328.69086686361175,-332.241493242754,-325.22809683712495,64,1058,median,median,95_percent_circular_moving_block_bootstrap_over_captures,0.0070614054600725736,-328.69086686361175,-332.241493242754,-325.22809683712495
pure_water_20kHz,"Pure water, 20 kHz",pure_water,20.0,positive,9,0.007475333735072245,0.008304347874053849,midpoint_s,model_dependent_charge_nC,0.007888324026403158,0.007886519392971286,0.00789224455493267,-329.9457020800273,-332.0452725201419,-327.150157513994,64,1062,median,median,95_percent_circular_moving_block_bootstrap_over_captures,0.007888324026403158,-329.9457020800273,-332.0452725201419,-327.150157513994
pure_water_20kHz,"Pure water, 20 kHz",pure_water,20.0,positive,10,0.008304347874053849,0.009133362013035454,midpoint_s,model_dependent_charge_nC,0.008719174239470138,0.008716044861638867,0.008722816601494281,-329.74666108941085,-332.4795187738562,-325.58078437085896,64,1063,median,median,95_percent_circular_moving_block_bootstrap_over_captures,0.008719174239470138,-329.74666108941085,-332.4795187738562,-325.58078437085896
pure_water_20kHz,"Pure water, 20 kHz",pure_water,20.0,positive,11,0.009133362013035454,0.009962376152017057,midpoint_s,model_dependent_charge_nC,0.009547496159099559,0.009544095221951134,0.009549175363073913,-330.43937056311074,-332.6780377230684,-325.36441315179513,64,1057,median,median,95_percent_circular_moving_block_bootstrap_over_captures,0.009547496159099559,-330.43937056311074,-332.6780377230684,-325.36441315179513
BMIM_nitrate_4kHz,"BMIM nitrate, 4 kHz",BMIM_nitrate,4.0,negative,0,1.1643489706219081e-05,0.0008252444880640342,midpoint_s,model_dependent_charge_nC,0.00041682542988230885,0.00040704419638644683,0.00042780869350501124,408.7925685598103,404.8744982556835,413.0306338450547,64,209,median,median,95_percent_circular_moving_block_bootstrap_over_captures,0.00041682542988230885,408.7925685598103,404.8744982556835,413.0306338450547
BMIM_nitrate_4kHz,"BMIM nitrate, 4 kHz",BMIM_nitrate,4.0,negative,1,0.0008252444880640342,0.0016388454864218493,midpoint_s,model_dependent_charge_nC,0.0012368660698990372,0.001212131420714333,0.001253068994692717,407.56841810867957,405.1785827901763,412.95691005863205,64,206,median,median,95_percent_circular_moving_block_bootstrap_over_captures,0.0012368660698990372,407.56841810867957,405.1785827901763,412.95691005863205
BMIM_nitrate_4kHz,"BMIM nitrate, 4 kHz",BMIM_nitrate,4.0,negative,2,0.0016388454864218493,0.0024524464847796644,midpoint_s,model_dependent_charge_nC,0.0020501378536651824,0.002035440271724271,0.0020573826273896914,407.8397789998217,402.95821974963224,412.6496835605808,64,209,median,median,95_percent_circular_moving_block_bootstrap_over_captures,0.0020501378536651824,407.8397789998217,402.95821974963224,412.6496835605808
BMIM_nitrate_4kHz,"BMIM nitrate, 4 kHz",BMIM_nitrate,4.0,negative,3,0.0024524464847796644,0.0032660474831374795,midpoint_s,model_dependent_charge_nC,0.002861685958829168,0.0028369305457210097,0.002882619775428996,406.51161272062313,403.24632579782855,410.39197868345434,64,206,median,median,95_percent_circular_moving_block_bootstrap_over_captures,0.002861685958829168,406.51161272062313,403.24632579782855,410.39197868345434
BMIM_nitrate_4kHz,"BMIM nitrate, 4 kHz",BMIM_nitrate,4.0,negative,4,0.0032660474831374795,0.004079648481495294,midpoint_s,model_dependent_charge_nC,0.003667431080504246,0.0036602336591524216,0.003678000365754065,406.54482886317567,404.0928840895185,409.6807238933379,64,209,median,median,95_percent_circular_moving_block_bootstrap_over_captures,0.003667431080504246,406.54482886317567,404.0928840895185,409.6807238933379
BMIM_nitrate_4kHz,"BMIM nitrate, 4 kHz",BMIM_nitrate,4.0,negative,5,0.004079648481495294,0.004893249479853109,midpoint_s,model_dependent_charge_nC,0.004486486516837135,0.004461667451552543,0.004504443410229885,408.71208347949084,405.5138732753029,411.52442669576965,64,209,median,median,95_percent_circular_moving_block_bootstrap_over_captures,0.004486486516837135,408.71208347949084,405.5138732753029,411.52442669576965
BMIM_nitrate_4kHz,"BMIM nitrate, 4 kHz",BMIM_nitrate,4.0,negative,6,0.004893249479853109,0.005706850478210924,midpoint_s,model_dependent_charge_nC,0.005302245345045765,0.0052889285766093055,0.0053133208331843694,407.38789423028646,404.9712559420032,411.3900069963065,64,211,median,median,95_percent_circular_moving_block_bootstrap_over_captures,0.005302245345045765,407.38789423028646,404.9712559420032,411.3900069963065
BMIM_nitrate_4kHz,"BMIM nitrate, 4 kHz",BMIM_nitrate,4.0,negative,7,0.005706850478210924,0.006520451476568739,midpoint_s,model_dependent_charge_nC,0.006124177537391424,0.006104110732801336,0.006138347904717473,408.3109827082948,403.0655774182169,411.8799668813016,64,205,median,median,95_percent_circular_moving_block_bootstrap_over_captures,0.006124177537391424,408.3109827082948,403.0655774182169,411.8799668813016
BMIM_nitrate_4kHz,"BMIM nitrate, 4 kHz",BMIM_nitrate,4.0,negative,8,0.006520451476568739,0.0073340524749265544,midpoint_s,model_dependent_charge_nC,0.006920928639720376,0.0069110845719448045,0.006929063869172722,409.1171667016383,405.6411724515163,411.2367548732221,64,207,median,median,95_percent_circular_moving_block_bootstrap_over_captures,0.006920928639720376,409.1171667016383,405.6411724515163,411.2367548732221
BMIM_nitrate_4kHz,"BMIM nitrate, 4 kHz",BMIM_nitrate,4.0,negative,9,0.0073340524749265544,0.00814765347328437,midpoint_s,model_dependent_charge_nC,0.007748216799495361,0.007714903132952295,0.007757037955722377,409.353888007406,406.92052990012684,412.4210623509796,64,211,median,median,95_percent_circular_moving_block_bootstrap_over_captures,0.007748216799495361,409.353888007406,406.92052990012684,412.4210623509796
BMIM_nitrate_4kHz,"BMIM nitrate, 4 kHz",BMIM_nitrate,4.0,negative,10,0.00814765347328437,0.008961254471642185,midpoint_s,model_dependent_charge_nC,0.008553887166084444,0.008542608086217082,0.008569768379218877,408.4805888139893,404.40743089356585,413.96581022926216,64,210,median,median,95_percent_circular_moving_block_bootstrap_over_captures,0.008553887166084444,408.4805888139893,404.40743089356585,413.96581022926216
BMIM_nitrate_4kHz,"BMIM nitrate, 4 kHz",BMIM_nitrate,4.0,negative,11,0.008961254471642185,0.00977485547,midpoint_s,model_dependent_charge_nC,0.009373038212817283,0.00934335955068247,0.009385111185926439,407.7686889611045,404.0751665322374,411.1776843072964,64,201,median,median,95_percent_circular_moving_block_bootstrap_over_captures,0.009373038212817283,407.7686889611045,404.0751665322374,411.1776843072964
BMIM_nitrate_4kHz,"BMIM nitrate, 4 kHz",BMIM_nitrate,4.0,positive,0,1.1643489706219081e-05,0.0008252444880640342,midpoint_s,model_dependent_charge_nC,0.00041308666798445617,0.0004046775951583332,0.0004238087424393536,111.47260998410877,108.09523786601949,114.25467042454085,63,207,median,median,95_percent_circular_moving_block_bootstrap_over_captures,0.00041308666798445617,111.47260998410877,108.09523786601949,114.25467042454085
BMIM_nitrate_4kHz,"BMIM nitrate, 4 kHz",BMIM_nitrate,4.0,positive,1,0.0008252444880640342,0.0016388454864218493,midpoint_s,model_dependent_charge_nC,0.001233004540011988,0.0012082720542063244,0.0012528711414228379,109.78444534842251,105.25099247597473,112.09624195501107,63,206,median,median,95_percent_circular_moving_block_bootstrap_over_captures,0.001233004540011988,109.78444534842251,105.25099247597473,112.09624195501107
BMIM_nitrate_4kHz,"BMIM nitrate, 4 kHz",BMIM_nitrate,4.0,positive,2,0.0016388454864218493,0.0024524464847796644,midpoint_s,model_dependent_charge_nC,0.0020486708782759704,0.0020344861377751566,0.0020595750547062665,110.67868118631786,105.75457151936126,112.85127910316865,63,207,median,median,95_percent_circular_moving_block_bootstrap_over_captures,0.0020486708782759704,110.67868118631786,105.75457151936126,112.85127910316865
BMIM_nitrate_4kHz,"BMIM nitrate, 4 kHz",BMIM_nitrate,4.0,positive,3,0.0024524464847796644,0.0032660474831374795,midpoint_s,model_dependent_charge_nC,0.0028701142767228564,0.002840062290262008,0.0028814146398421165,109.18171666266986,105.29069004577147,112.87983200239327,63,201,median,median,95_percent_circular_moving_block_bootstrap_over_captures,0.0028701142767228564,109.18171666266986,105.29069004577147,112.87983200239327
BMIM_nitrate_4kHz,"BMIM nitrate, 4 kHz",BMIM_nitrate,4.0,positive,4,0.0032660474831374795,0.004079648481495294,midpoint_s,model_dependent_charge_nC,0.0036672047480223856,0.003656828712881164,0.0036752372389704737,110.16677738824734,105.80843305618001,112.77335482263453,64,207,median,median,95_percent_circular_moving_block_bootstrap_over_captures,0.0036672047480223856,110.16677738824734,105.80843305618001,112.77335482263453
BMIM_nitrate_4kHz,"BMIM nitrate, 4 kHz",BMIM_nitrate,4.0,positive,5,0.004079648481495294,0.004893249479853109,midpoint_s,model_dependent_charge_nC,0.004488368831525585,0.004457927348629435,0.004502477763991878,109.28952130526409,105.6459037707067,114.06145510161969,64,210,median,median,95_percent_circular_moving_block_bootstrap_over_captures,0.004488368831525585,109.28952130526409,105.6459037707067,114.06145510161969
BMIM_nitrate_4kHz,"BMIM nitrate, 4 kHz",BMIM_nitrate,4.0,positive,6,0.004893249479853109,0.005706850478210924,midpoint_s,model_dependent_charge_nC,0.005298746975759633,0.005286846008513958,0.005310682001747368,110.08954016433981,107.34752219106326,114.40460903013167,64,210,median,median,95_percent_circular_moving_block_bootstrap_over_captures,0.005298746975759633,110.08954016433981,107.34752219106326,114.40460903013167
BMIM_nitrate_4kHz,"BMIM nitrate, 4 kHz",BMIM_nitrate,4.0,positive,7,0.005706850478210924,0.006520451476568739,midpoint_s,model_dependent_charge_nC,0.006120105083336953,0.006098683307478322,0.006133664470499731,109.28877670438025,105.21275515793877,111.90768996377872,64,205,median,median,95_percent_circular_moving_block_bootstrap_over_captures,0.006120105083336953,109.28877670438025,105.21275515793877,111.90768996377872
BMIM_nitrate_4kHz,"BMIM nitrate, 4 kHz",BMIM_nitrate,4.0,positive,8,0.006520451476568739,0.0073340524749265544,midpoint_s,model_dependent_charge_nC,0.006922989142185045,0.006910935442315408,0.006938585053378273,109.09579041308098,106.82933448143345,113.13585570340693,64,211,median,median,95_percent_circular_moving_block_bootstrap_over_captures,0.006922989142185045,109.09579041308098,106.82933448143345,113.13585570340693
BMIM_nitrate_4kHz,"BMIM nitrate, 4 kHz",BMIM_nitrate,4.0,positive,9,0.0073340524749265544,0.00814765347328437,midpoint_s,model_dependent_charge_nC,0.007750376336939116,0.007729197393214328,0.007762200744312195,111.4033881144123,109.40281200274484,114.64875180058698,64,208,median,median,95_percent_circular_moving_block_bootstrap_over_captures,0.007750376336939116,111.4033881144123,109.40281200274484,114.64875180058698
BMIM_nitrate_4kHz,"BMIM nitrate, 4 kHz",BMIM_nitrate,4.0,positive,10,0.00814765347328437,0.008961254471642185,midpoint_s,model_dependent_charge_nC,0.0085516650052141,0.00853852532520315,0.008568423445591635,111.1884392952328,106.06350582732308,114.5004723100321,64,208,median,median,95_percent_circular_moving_block_bootstrap_over_captures,0.0085516650052141,111.1884392952328,106.06350582732308,114.5004723100321
BMIM_nitrate_4kHz,"BMIM nitrate, 4 kHz",BMIM_nitrate,4.0,positive,11,0.008961254471642185,0.00977485547,midpoint_s,model_dependent_charge_nC,0.009369354982424655,0.009348282015047692,0.00938104231384364,110.23898289094595,107.24222272837751,113.62667451220099,63,197,median,median,95_percent_circular_moving_block_bootstrap_over_captures,0.009369354982424655,110.23898289094595,107.24222272837751,113.62667451220099
BMIM_nitrate_10kHz,"BMIM nitrate, 10 kHz",BMIM_nitrate,10.0,negative,0,6.035467552056679e-06,0.0008318572436554809,midpoint_s,model_dependent_charge_nC,0.0004225647605979729,0.0004127980713795414,0.00042725407014985127,403.49706870521345,400.0087658854047,405.309353746597,64,523,median,median,95_percent_circular_moving_block_bootstrap_over_captures,0.0004225647605979729,403.49706870521345,400.0087658854047,405.309353746597
BMIM_nitrate_10kHz,"BMIM nitrate, 10 kHz",BMIM_nitrate,10.0,negative,1,0.0008318572436554809,0.001657679019758905,midpoint_s,model_dependent_charge_nC,0.001248064731409794,0.0012386496902419826,0.0012531756662359454,401.8557193992059,399.0466672910178,404.2823197850769,64,530,median,median,95_percent_circular_moving_block_bootstrap_over_captures,0.001248064731409794,401.8557193992059,399.0466672910178,404.2823197850769
BMIM_nitrate_10kHz,"BMIM nitrate, 10 kHz",BMIM_nitrate,10.0,negative,2,0.001657679019758905,0.002483500795862329,midpoint_s,model_dependent_charge_nC,0.0020672147033238583,0.002060244195188892,0.0020745161020012766,402.5578817280218,399.69558728980974,404.40832434246636,64,525,median,median,95_percent_circular_moving_block_bootstrap_over_captures,0.0020672147033238583,402.5578817280218,399.69558728980974,404.40832434246636
BMIM_nitrate_10kHz,"BMIM nitrate, 10 kHz",BMIM_nitrate,10.0,negative,3,0.002483500795862329,0.0033093225719657534,midpoint_s,model_dependent_charge_nC,0.0028989075556800532,0.0028893783233260284,0.00290311560062108,402.69691885140406,399.28791403076195,404.03263188422267,64,533,median,median,95_percent_circular_moving_block_bootstrap_over_captures,0.0028989075556800532,402.69691885140406,399.28791403076195,404.03263188422267
BMIM_nitrate_10kHz,"BMIM nitrate, 10 kHz",BMIM_nitrate,10.0,negative,4,0.0033093225719657534,0.004135144348069177,midpoint_s,model_dependent_charge_nC,0.0037244559218285907,0.0037186292311711736,0.0037340262162066534,401.3165763874862,399.1377943409444,403.15464827962484,64,524,median,median,95_percent_circular_moving_block_bootstrap_over_captures,0.0037244559218285907,401.3165763874862,399.1377943409444,403.15464827962484
BMIM_nitrate_10kHz,"BMIM nitrate, 10 kHz",BMIM_nitrate,10.0,negative,5,0.004135144348069177,0.004960966124172602,midpoint_s,model_dependent_charge_nC,0.004552459354431263,0.004546093582685415,0.004555212724658662,401.559969568762,399.67054761635603,403.4765196462448,64,523,median,median,95_percent_circular_moving_block_bootstrap_over_captures,0.004552459354431263,401.559969568762,399.67054761635603,403.4765196462448
BMIM_nitrate_10kHz,"BMIM nitrate, 10 kHz",BMIM_nitrate,10.0,negative,6,0.004960966124172602,0.005786787900276026,midpoint_s,model_dependent_charge_nC,0.0053734505133866284,0.005366515189978312,0.005378884048960919,399.79276846357504,397.97338967036075,401.4984599530267,64,523,median,median,95_percent_circular_moving_block_bootstrap_over_captures,0.0053734505133866284,399.79276846357504,397.97338967036075,401.4984599530267
BMIM_nitrate_10kHz,"BMIM nitrate, 10 kHz",BMIM_nitrate,10.0,negative,7,0.005786787900276026,0.00661260967637945,midpoint_s,model_dependent_charge_nC,0.006202920443232682,0.006198510178777488,0.006206376695993979,400.6648978897866,398.7167127527964,403.0678576708979,64,531,median,median,95_percent_circular_moving_block_bootstrap_over_captures,0.006202920443232682,400.6648978897866,398.7167127527964,403.0678576708979
BMIM_nitrate_10kHz,"BMIM nitrate, 10 kHz",BMIM_nitrate,10.0,negative,8,0.00661260967637945,0.007438431452482874,midpoint_s,model_dependent_charge_nC,0.0070324098706782785,0.007023946108688024,0.007036186776822199,399.8611628856772,396.1723246794706,401.5319474042217,64,524,median,median,95_percent_circular_moving_block_bootstrap_over_captures,0.0070324098706782785,399.8611628856772,396.1723246794706,401.5319474042217
BMIM_nitrate_10kHz,"BMIM nitrate, 10 kHz",BMIM_nitrate,10.0,negative,9,0.007438431452482874,0.008264253228586297,midpoint_s,model_dependent_charge_nC,0.007852731692179352,0.00784937234463331,0.007855944100594,399.96940038180855,395.81267625117704,401.50379114862176,64,524,median,median,95_percent_circular_moving_block_bootstrap_over_captures,0.007852731692179352,399.96940038180855,395.81267625117704,401.50379114862176
BMIM_nitrate_10kHz,"BMIM nitrate, 10 kHz",BMIM_nitrate,10.0,negative,10,0.008264253228586297,0.009090075004689722,midpoint_s,model_dependent_charge_nC,0.008673635248321463,0.00866644737921182,0.00868161523696584,400.25352557075246,398.17345722286234,402.85844857783843,64,527,median,median,95_percent_circular_moving_block_bootstrap_over_captures,0.008673635248321463,400.25352557075246,398.17345722286234,402.85844857783843
BMIM_nitrate_10kHz,"BMIM nitrate, 10 kHz",BMIM_nitrate,10.0,negative,11,0.009090075004689722,0.009915896780793146,midpoint_s,model_dependent_charge_nC,0.009503766494234248,0.009499855214490583,0.009508540210962885,399.0083245739752,397.49380557608833,401.6230017822462,64,533,median,median,95_percent_circular_moving_block_bootstrap_over_captures,0.009503766494234248,399.0083245739752,397.49380557608833,401.6230017822462
BMIM_nitrate_10kHz,"BMIM nitrate, 10 kHz",BMIM_nitrate,10.0,positive,0,6.035467552056679e-06,0.0008318572436554809,midpoint_s,model_dependent_charge_nC,0.0004198382380929356,0.0004135509028394724,0.00042946149613966496,118.36683924077127,111.16766711963109,427.9264231218676,64,522,median,median,95_percent_circular_moving_block_bootstrap_over_captures,0.0004198382380929356,118.36683924077127,111.16766711963109,427.9264231218676
BMIM_nitrate_10kHz,"BMIM nitrate, 10 kHz",BMIM_nitrate,10.0,positive,1,0.0008318572436554809,0.001657679019758905,midpoint_s,model_dependent_charge_nC,0.001246824526646645,0.0012391833952276837,0.0012518349074658272,118.01830274181302,112.6354271606283,349.1461358877332,64,530,median,median,95_percent_circular_moving_block_bootstrap_over_captures,0.001246824526646645,118.01830274181302,112.6354271606283,349.1461358877332
BMIM_nitrate_10kHz,"BMIM nitrate, 10 kHz",BMIM_nitrate,10.0,positive,2,0.001657679019758905,0.002483500795862329,midpoint_s,model_dependent_charge_nC,0.002068438999116221,0.0020619118965002304,0.0020762660548467693,114.82730992984858,110.72497035135527,346.63822573927933,64,528,median,median,95_percent_circular_moving_block_bootstrap_over_captures,0.002068438999116221,114.82730992984858,110.72497035135527,346.63822573927933
BMIM_nitrate_10kHz,"BMIM nitrate, 10 kHz",BMIM_nitrate,10.0,positive,3,0.002483500795862329,0.0033093225719657534,midpoint_s,model_dependent_charge_nC,0.0028997449895844974,0.002894569525142124,0.0029055973526322066,118.40705007582645,111.96567594078331,344.1410169476169,64,527,median,median,95_percent_circular_moving_block_bootstrap_over_captures,0.0028997449895844974,118.40705007582645,111.96567594078331,344.1410169476169
BMIM_nitrate_10kHz,"BMIM nitrate, 10 kHz",BMIM_nitrate,10.0,positive,4,0.0033093225719657534,0.004135144348069177,midpoint_s,model_dependent_charge_nC,0.00372043297229287,0.0037147389875586655,0.00372866633797375,112.88742544543877,108.06737179492889,123.79539203086784,63,517,median,median,95_percent_circular_moving_block_bootstrap_over_captures,0.00372043297229287,112.88742544543877,108.06737179492889,123.79539203086784
BMIM_nitrate_10kHz,"BMIM nitrate, 10 kHz",BMIM_nitrate,10.0,positive,5,0.004135144348069177,0.004960966124172602,midpoint_s,model_dependent_charge_nC,0.00454973203939636,0.00454139986435062,0.004553847749999999,113.75301319721362,110.79625007199188,116.06139691363643,63,521,median,median,95_percent_circular_moving_block_bootstrap_over_captures,0.00454973203939636,113.75301319721362,110.79625007199188,116.06139691363643
BMIM_nitrate_10kHz,"BMIM nitrate, 10 kHz",BMIM_nitrate,10.0,positive,6,0.004960966124172602,0.005786787900276026,midpoint_s,model_dependent_charge_nC,0.0053701335171409915,0.005363674046135843,0.005378500747200372,110.9286210646633,106.51976301775235,116.92021915127806,63,519,median,median,95_percent_circular_moving_block_bootstrap_over_captures,0.0053701335171409915,110.9286210646633,106.51976301775235,116.92021915127806
BMIM_nitrate_10kHz,"BMIM nitrate, 10 kHz",BMIM_nitrate,10.0,positive,7,0.005786787900276026,0.00661260967637945,midpoint_s,model_dependent_charge_nC,0.006202460076742376,0.00619798177662903,0.006207430359206855,109.40905748066034,106.47607011180759,113.71457870407147,63,527,median,median,95_percent_circular_moving_block_bootstrap_over_captures,0.006202460076742376,109.40905748066034,106.47607011180759,113.71457870407147
BMIM_nitrate_10kHz,"BMIM nitrate, 10 kHz",BMIM_nitrate,10.0,positive,8,0.00661260967637945,0.007438431452482874,midpoint_s,model_dependent_charge_nC,0.007028973964605079,0.007021841304972675,0.00703822562,108.86486555272444,107.65022922553693,114.14260903078855,63,516,median,median,95_percent_circular_moving_block_bootstrap_over_captures,0.007028973964605079,108.86486555272444,107.65022922553693,114.14260903078855
BMIM_nitrate_10kHz,"BMIM nitrate, 10 kHz",BMIM_nitrate,10.0,positive,9,0.007438431452482874,0.008264253228586297,midpoint_s,model_dependent_charge_nC,0.007849456499155482,0.00784536630597487,0.007854886718278664,110.63324028325181,107.35798688439738,117.5263686436472,63,519,median,median,95_percent_circular_moving_block_bootstrap_over_captures,0.007849456499155482,110.63324028325181,107.35798688439738,117.5263686436472
BMIM_nitrate_10kHz,"BMIM nitrate, 10 kHz",BMIM_nitrate,10.0,positive,10,0.008264253228586297,0.009090075004689722,midpoint_s,model_dependent_charge_nC,0.008675195702006967,0.00866503901731656,0.0086785590258027,108.14346702853388,105.50281584911701,111.44143812948674,63,518,median,median,95_percent_circular_moving_block_bootstrap_over_captures,0.008675195702006967,108.14346702853388,105.50281584911701,111.44143812948674
BMIM_nitrate_10kHz,"BMIM nitrate, 10 kHz",BMIM_nitrate,10.0,positive,11,0.009090075004689722,0.009915896780793146,midpoint_s,model_dependent_charge_nC,0.009502084403698579,0.009498683540907854,0.00951027949,110.41189822180746,107.74411702087659,114.92446999332437,63,527,median,median,95_percent_circular_moving_block_bootstrap_over_captures,0.009502084403698579,110.41189822180746,107.74411702087659,114.92446999332437
BMIM_nitrate_20kHz,"BMIM nitrate, 20 kHz",BMIM_nitrate,20.0,negative,0,9.441968080028696e-06,0.0008386951634255252,midpoint_s,model_dependent_charge_nC,0.0004261383904995182,0.0004233070109186252,0.00042880960334610994,460.6915117837294,457.311857054431,462.6828372892652,64,1048,median,median,95_percent_circular_moving_block_bootstrap_over_captures,0.0004261383904995182,460.6915117837294,457.311857054431,462.6828372892652
BMIM_nitrate_20kHz,"BMIM nitrate, 20 kHz",BMIM_nitrate,20.0,negative,1,0.0008386951634255252,0.0016679483587710216,midpoint_s,model_dependent_charge_nC,0.0012532456067573315,0.0012509941986222693,0.0012552018945767177,460.1622263155125,458.3568633594798,463.54094797810444,64,1056,median,median,95_percent_circular_moving_block_bootstrap_over_captures,0.0012532456067573315,460.1622263155125,458.3568633594798,463.54094797810444
BMIM_nitrate_20kHz,"BMIM nitrate, 20 kHz",BMIM_nitrate,20.0,negative,2,0.0016679483587710216,0.002497201554116518,midpoint_s,model_dependent_charge_nC,0.0020810036483075536,0.0020783292971985837,0.0020844718112245034,458.2251324167737,455.6408704669951,462.81784213811466,64,1047,median,median,95_percent_circular_moving_block_bootstrap_over_captures,0.0020810036483075536,458.2251324167737,455.6408704669951,462.81784213811466
BMIM_nitrate_20kHz,"BMIM nitrate, 20 kHz",BMIM_nitrate,20.0,negative,3,0.002497201554116518,0.0033264547494620145,midpoint_s,model_dependent_charge_nC,0.002910384225300498,0.002906542409397316,0.002913549463102826,459.3028421165882,456.31406386473145,463.0948273044389,64,1055,median,median,95_percent_circular_moving_block_bootstrap_over_captures,0.002910384225300498,459.3028421165882,456.31406386473145,463.0948273044389
BMIM_nitrate_20kHz,"BMIM nitrate, 20 kHz",BMIM_nitrate,20.0,negative,4,0.0033264547494620145,0.0041557079448075115,midpoint_s,model_dependent_charge_nC,0.003742448426054759,0.0037394984920564906,0.0037460183273892093,460.5573143047817,458.7593754138062,462.64589504123035,64,1057,median,median,95_percent_circular_moving_block_bootstrap_over_captures,0.003742448426054759,460.5573143047817,458.7593754138062,462.64589504123035
BMIM_nitrate_20kHz,"BMIM nitrate, 20 kHz",BMIM_nitrate,20.0,negative,5,0.0041557079448075115,0.004984961140153008,midpoint_s,model_dependent_charge_nC,0.0045725552354218026,0.004569697967260924,0.004575190469123792,461.38165373529137,460.03353156079487,465.1808438471958,64,1049,median,median,95_percent_circular_moving_block_bootstrap_over_captures,0.0045725552354218026,461.38165373529137,460.03353156079487,465.1808438471958
BMIM_nitrate_20kHz,"BMIM nitrate, 20 kHz",BMIM_nitrate,20.0,negative,6,0.004984961140153008,0.005814214335498505,midpoint_s,model_dependent_charge_nC,0.005400559316202879,0.005397685354574638,0.005403534721060295,462.37111834382966,459.7904483790594,464.55980980159325,64,1052,median,median,95_percent_circular_moving_block_bootstrap_over_captures,0.005400559316202879,462.37111834382966,459.7904483790594,464.55980980159325
BMIM_nitrate_20kHz,"BMIM nitrate, 20 kHz",BMIM_nitrate,20.0,negative,7,0.005814214335498505,0.006643467530844001,midpoint_s,model_dependent_charge_nC,0.006228891244584949,0.006226295441994942,0.006231301521077639,462.0097457507766,459.7512456654551,465.0251579925253,64,1058,median,median,95_percent_circular_moving_block_bootstrap_over_captures,0.006228891244584949,462.0097457507766,459.7512456654551,465.0251579925253
BMIM_nitrate_20kHz,"BMIM nitrate, 20 kHz",BMIM_nitrate,20.0,negative,8,0.006643467530844001,0.007472720726189497,midpoint_s,model_dependent_charge_nC,0.007058745551447733,0.007055686122275232,0.0070627804287415104,462.2838255668598,460.32616943799803,464.5925300412576,64,1064,median,median,95_percent_circular_moving_block_bootstrap_over_captures,0.007058745551447733,462.2838255668598,460.32616943799803,464.5925300412576
BMIM_nitrate_20kHz,"BMIM nitrate, 20 kHz",BMIM_nitrate,20.0,negative,9,0.007472720726189497,0.008301973921534993,midpoint_s,model_dependent_charge_nC,0.007888137368530982,0.00788485076760977,0.007891583141152195,461.97302944952725,456.5663772753853,463.19781983398514,64,1059,median,median,95_percent_circular_moving_block_bootstrap_over_captures,0.007888137368530982,461.97302944952725,456.5663772753853,463.19781983398514
BMIM_nitrate_20kHz,"BMIM nitrate, 20 kHz",BMIM_nitrate,20.0,negative,10,0.008301973921534993,0.00913122711688049,midpoint_s,model_dependent_charge_nC,0.008716423659398946,0.008712819739965932,0.008718230093286391,461.086493851752,456.7797486473523,464.50507651076657,64,1060,median,median,95_percent_circular_moving_block_bootstrap_over_captures,0.008716423659398946,461.086493851752,456.7797486473523,464.50507651076657
BMIM_nitrate_20kHz,"BMIM nitrate, 20 kHz",BMIM_nitrate,20.0,negative,11,0.00913122711688049,0.009960480312225985,midpoint_s,model_dependent_charge_nC,0.00954608154097171,0.009541879188653152,0.009548295128433599,462.08720746416753,459.5743602807722,463.33633405857586,64,1062,median,median,95_percent_circular_moving_block_bootstrap_over_captures,0.00954608154097171,462.08720746416753,459.5743602807722,463.33633405857586
BMIM_nitrate_20kHz,"BMIM nitrate, 20 kHz",BMIM_nitrate,20.0,positive,0,9.441968080028696e-06,0.0008386951634255252,midpoint_s,model_dependent_charge_nC,0.00042367782738855515,0.00042095301787933696,0.00042581732103543163,143.00541424515615,138.82196623826752,145.44447072059288,63,1044,median,median,95_percent_circular_moving_block_bootstrap_over_captures,0.00042367782738855515,143.00541424515615,138.82196623826752,145.44447072059288
BMIM_nitrate_20kHz,"BMIM nitrate, 20 kHz",BMIM_nitrate,20.0,positive,1,0.0008386951634255252,0.0016679483587710216,midpoint_s,model_dependent_charge_nC,0.0012534902563218777,0.001249240257836371,0.0012577830404562889,141.61232326414256,137.6871332065316,144.60224480161426,63,1047,median,median,95_percent_circular_moving_block_bootstrap_over_captures,0.0012534902563218777,141.61232326414256,137.6871332065316,144.60224480161426
BMIM_nitrate_20kHz,"BMIM nitrate, 20 kHz",BMIM_nitrate,20.0,positive,2,0.0016679483587710216,0.002497201554116518,midpoint_s,model_dependent_charge_nC,0.00208310923106599,0.002079375485322497,0.0020857238889246963,141.48183193302435,138.42455271620616,145.98494432206718,63,1044,median,median,95_percent_circular_moving_block_bootstrap_over_captures,0.00208310923106599,141.48183193302435,138.42455271620616,145.98494432206718
BMIM_nitrate_20kHz,"BMIM nitrate, 20 kHz",BMIM_nitrate,20.0,positive,3,0.002497201554116518,0.0033264547494620145,midpoint_s,model_dependent_charge_nC,0.0029106128866947956,0.0029074884859709594,0.0029137260228361923,143.12285135205445,140.23657619883403,146.5717034434383,63,1042,median,median,95_percent_circular_moving_block_bootstrap_over_captures,0.0029106128866947956,143.12285135205445,140.23657619883403,146.5717034434383
BMIM_nitrate_20kHz,"BMIM nitrate, 20 kHz",BMIM_nitrate,20.0,positive,4,0.0033264547494620145,0.0041557079448075115,midpoint_s,model_dependent_charge_nC,0.003742074544890911,0.003737665940711731,0.0037444678,142.78710451578857,139.572980289391,146.33174074034798,63,1049,median,median,95_percent_circular_moving_block_bootstrap_over_captures,0.003742074544890911,142.78710451578857,139.572980289391,146.33174074034798
BMIM_nitrate_20kHz,"BMIM nitrate, 20 kHz",BMIM_nitrate,20.0,positive,5,0.0041557079448075115,0.004984961140153008,midpoint_s,model_dependent_charge_nC,0.004570437935559685,0.0045676274633501416,0.0045745749475275144,146.38662753223196,141.6427805261728,148.71455224055453,63,1043,median,median,95_percent_circular_moving_block_bootstrap_over_captures,0.004570437935559685,146.38662753223196,141.6427805261728,148.71455224055453
BMIM_nitrate_20kHz,"BMIM nitrate, 20 kHz",BMIM_nitrate,20.0,positive,6,0.004984961140153008,0.005814214335498505,midpoint_s,model_dependent_charge_nC,0.005399488756664657,0.005397135678051759,0.005401922406920194,144.66167052655751,141.50154991290202,147.44486605517199,63,1048,median,median,95_percent_circular_moving_block_bootstrap_over_captures,0.005399488756664657,144.66167052655751,141.50154991290202,147.44486605517199
BMIM_nitrate_20kHz,"BMIM nitrate, 20 kHz",BMIM_nitrate,20.0,positive,7,0.005814214335498505,0.006643467530844001,midpoint_s,model_dependent_charge_nC,0.006228401168764218,0.00622529630597096,0.006232307695844054,146.44020621100555,143.23176142785695,150.16104788478424,64,1052,median,median,95_percent_circular_moving_block_bootstrap_over_captures,0.006228401168764218,146.44020621100555,143.23176142785695,150.16104788478424
BMIM_nitrate_20kHz,"BMIM nitrate, 20 kHz",BMIM_nitrate,20.0,positive,8,0.006643467530844001,0.007472720726189497,midpoint_s,model_dependent_charge_nC,0.007057963162192852,0.007053784177956505,0.007060405287544976,143.33076498647193,140.2502528201214,147.13593814893702,64,1063,median,median,95_percent_circular_moving_block_bootstrap_over_captures,0.007057963162192852,143.33076498647193,140.2502528201214,147.13593814893702
BMIM_nitrate_20kHz,"BMIM nitrate, 20 kHz",BMIM_nitrate,20.0,positive,9,0.007472720726189497,0.008301973921534993,midpoint_s,model_dependent_charge_nC,0.007889109822341003,0.007886807645870996,0.007892414209437034,146.42933510744103,141.96506793966068,148.97736103728997,64,1066,median,median,95_percent_circular_moving_block_bootstrap_over_captures,0.007889109822341003,146.42933510744103,141.96506793966068,148.97736103728997
BMIM_nitrate_20kHz,"BMIM nitrate, 20 kHz",BMIM_nitrate,20.0,positive,10,0.008301973921534993,0.00913122711688049,midpoint_s,model_dependent_charge_nC,0.008719287831164421,0.008716891275119739,0.00872155398891136,148.25306152683982,145.4295622344021,151.26826736756828,64,1056,median,median,95_percent_circular_moving_block_bootstrap_over_captures,0.008719287831164421,148.25306152683982,145.4295622344021,151.26826736756828
BMIM_nitrate_20kHz,"BMIM nitrate, 20 kHz",BMIM_nitrate,20.0,positive,11,0.00913122711688049,0.009960480312225985,midpoint_s,model_dependent_charge_nC,0.009545504785751894,0.009542102745276249,0.00954732486437408,150.89571290358492,146.77867533271723,154.43508304166158,64,1057,median,median,95_percent_circular_moving_block_bootstrap_over_captures,0.009545504785751894,150.89571290358492,146.77867533271723,154.43508304166158
5mM_Mn_nitrate_in_water_4kHz,"5 mM Mn nitrate, 4 kHz",5mM_Mn_nitrate_in_water,4.0,negative,0,1.0254429709931162e-05,0.0008231205873699461,midpoint_s,model_dependent_charge_nC,0.00041272312823367784,0.000401820083337539,0.0004241271743671365,486.4788196567157,483.6396844622152,491.6731794961537,64,209,median,median,95_percent_circular_moving_block_bootstrap_over_captures,0.00041272312823367784,486.4788196567157,483.6396844622152,491.6731794961537
5mM_Mn_nitrate_in_water_4kHz,"5 mM Mn nitrate, 4 kHz",5mM_Mn_nitrate_in_water,4.0,negative,1,0.0008231205873699461,0.001635986745029961,midpoint_s,model_dependent_charge_nC,0.0012377895279341731,0.0012179909807629305,0.0012484291183683677,489.2844117146784,485.6752850711043,495.8552367045698,64,205,median,median,95_percent_circular_moving_block_bootstrap_over_captures,0.0012377895279341731,489.2844117146784,485.6752850711043,495.8552367045698
5mM_Mn_nitrate_in_water_4kHz,"5 mM Mn nitrate, 4 kHz",5mM_Mn_nitrate_in_water,4.0,negative,2,0.001635986745029961,0.0024488529026899758,midpoint_s,model_dependent_charge_nC,0.002032740703808454,0.002024122868824492,0.002042041008415537,489.3195402205147,484.6444803933426,494.7370396035585,64,210,median,median,95_percent_circular_moving_block_bootstrap_over_captures,0.002032740703808454,489.3195402205147,484.6444803933426,494.7370396035585
5mM_Mn_nitrate_in_water_4kHz,"5 mM Mn nitrate, 4 kHz",5mM_Mn_nitrate_in_water,4.0,negative,3,0.0024488529026899758,0.003261719060349991,midpoint_s,model_dependent_charge_nC,0.0028629244526584257,0.002842516605172523,0.002873890436977412,488.1413123850337,484.1577495017894,492.45004506743464,64,208,median,median,95_percent_circular_moving_block_bootstrap_over_captures,0.0028629244526584257,488.1413123850337,484.1577495017894,492.45004506743464
5mM_Mn_nitrate_in_water_4kHz,"5 mM Mn nitrate, 4 kHz",5mM_Mn_nitrate_in_water,4.0,negative,4,0.003261719060349991,0.004074585218010005,midpoint_s,model_dependent_charge_nC,0.0036607266278054955,0.0036506773405580485,0.0036732086003923243,491.2284138241764,484.5257447199116,494.1265202085041,64,210,median,median,95_percent_circular_moving_block_bootstrap_over_captures,0.0036607266278054955,491.2284138241764,484.5257447199116,494.1265202085041
5mM_Mn_nitrate_in_water_4kHz,"5 mM Mn nitrate, 4 kHz",5mM_Mn_nitrate_in_water,4.0,negative,5,0.004074585218010005,0.00488745137567002,midpoint_s,model_dependent_charge_nC,0.0044880645889069405,0.004468921476576464,0.004498713578237409,488.92450231083046,484.04815889124245,494.4005826871323,64,205,median,median,95_percent_circular_moving_block_bootstrap_over_captures,0.0044880645889069405,488.92450231083046,484.04815889124245,494.4005826871323
5mM_Mn_nitrate_in_water_4kHz,"5 mM Mn nitrate, 4 kHz",5mM_Mn_nitrate_in_water,4.0,negative,6,0.00488745137567002,0.005700317533330035,midpoint_s,model_dependent_charge_nC,0.005284770726374023,0.005275909140020972,0.005293708300756109,489.86219120138253,483.09088942130353,493.5137376264644,64,211,median,median,95_percent_circular_moving_block_bootstrap_over_captures,0.005284770726374023,489.86219120138253,483.09088942130353,493.5137376264644
5mM_Mn_nitrate_in_water_4kHz,"5 mM Mn nitrate, 4 kHz",5mM_Mn_nitrate_in_water,4.0,negative,7,0.005700317533330035,0.00651318369099005,midpoint_s,model_dependent_charge_nC,0.006115173997831277,0.006093121752519691,0.006127138672111402,488.9889642662001,483.8023908727374,493.93656894275335,64,207,median,median,95_percent_circular_moving_block_bootstrap_over_captures,0.006115173997831277,488.9889642662001,483.8023908727374,493.93656894275335
5mM_Mn_nitrate_in_water_4kHz,"5 mM Mn nitrate, 4 kHz",5mM_Mn_nitrate_in_water,4.0,negative,8,0.00651318369099005,0.007326049848650065,midpoint_s,model_dependent_charge_nC,0.006910999798219082,0.006901745535861013,0.006923498742215713,487.5766720798799,482.87699454829936,493.7810006370678,64,210,median,median,95_percent_circular_moving_block_bootstrap_over_captures,0.006910999798219082,487.5766720798799,482.87699454829936,493.7810006370678
5mM_Mn_nitrate_in_water_4kHz,"5 mM Mn nitrate, 4 kHz",5mM_Mn_nitrate_in_water,4.0,negative,9,0.007326049848650065,0.008138916006310079,midpoint_s,model_dependent_charge_nC,0.007740308967660298,0.007719814333465597,0.007749300607153902,487.2895955923186,483.0063690966866,491.12552798180866,64,205,median,median,95_percent_circular_moving_block_bootstrap_over_captures,0.007740308967660298,487.2895955923186,483.0063690966866,491.12552798180866
5mM_Mn_nitrate_in_water_4kHz,"5 mM Mn nitrate, 4 kHz",5mM_Mn_nitrate_in_water,4.0,negative,10,0.008138916006310079,0.008951782163970095,midpoint_s,model_dependent_charge_nC,0.008533337689278463,0.008524888106772339,0.008542909489243009,490.6021736879472,482.7273190169017,495.237405970433,64,211,median,median,95_percent_circular_moving_block_bootstrap_over_captures,0.008533337689278463,490.6021736879472,482.7273190169017,495.237405970433
5mM_Mn_nitrate_in_water_4kHz,"5 mM Mn nitrate, 4 kHz",5mM_Mn_nitrate_in_water,4.0,negative,11,0.008951782163970095,0.009764648321630109,midpoint_s,model_dependent_charge_nC,0.009367888494073795,0.009344963728369958,0.00937771323003753,490.48075325117134,485.66280609506686,494.0932534461796,64,208,median,median,95_percent_circular_moving_block_bootstrap_over_captures,0.009367888494073795,490.48075325117134,485.66280609506686,494.0932534461796
5mM_Mn_nitrate_in_water_4kHz,"5 mM Mn nitrate, 4 kHz",5mM_Mn_nitrate_in_water,4.0,positive,0,1.0254429709931162e-05,0.0008231205873699461,midpoint_s,model_dependent_charge_nC,0.0004101340115300287,0.0003998233967961053,0.0004202315474074439,52.55085764488045,46.15834294874658,55.23148024915567,63,206,median,median,95_percent_circular_moving_block_bootstrap_over_captures,0.0004101340115300287,52.55085764488045,46.15834294874658,55.23148024915567
5mM_Mn_nitrate_in_water_4kHz,"5 mM Mn nitrate, 4 kHz",5mM_Mn_nitrate_in_water,4.0,positive,1,0.0008231205873699461,0.001635986745029961,midpoint_s,model_dependent_charge_nC,0.0012375910173333593,0.0012153544111627743,0.0012451307039532682,53.29069673980826,48.19925944917039,56.54404760213562,63,202,median,median,95_percent_circular_moving_block_bootstrap_over_captures,0.0012375910173333593,53.29069673980826,48.19925944917039,56.54404760213562
5mM_Mn_nitrate_in_water_4kHz,"5 mM Mn nitrate, 4 kHz",5mM_Mn_nitrate_in_water,4.0,positive,2,0.001635986745029961,0.0024488529026899758,midpoint_s,model_dependent_charge_nC,0.002032627376928234,0.002022944960715764,0.002042984584800187,51.20615789913094,45.58741621491944,53.620117770213895,63,208,median,median,95_percent_circular_moving_block_bootstrap_over_captures,0.002032627376928234,51.20615789913094,45.58741621491944,53.620117770213895
5mM_Mn_nitrate_in_water_4kHz,"5 mM Mn nitrate, 4 kHz",5mM_Mn_nitrate_in_water,4.0,positive,3,0.0024488529026899758,0.003261719060349991,midpoint_s,model_dependent_charge_nC,0.0028661229344131853,0.0028467565906910887,0.002875591251489049,50.92753265098243,49.381725608462396,56.62239787594099,63,205,median,median,95_percent_circular_moving_block_bootstrap_over_captures,0.0028661229344131853,50.92753265098243,49.381725608462396,56.62239787594099
5mM_Mn_nitrate_in_water_4kHz,"5 mM Mn nitrate, 4 kHz",5mM_Mn_nitrate_in_water,4.0,positive,4,0.003261719060349991,0.004074585218010005,midpoint_s,model_dependent_charge_nC,0.003661258396301273,0.003648362557058837,0.0036723165223170786,49.174399091614134,45.64999801014142,53.92782127763065,64,206,median,median,95_percent_circular_moving_block_bootstrap_over_captures,0.003661258396301273,49.174399091614134,45.64999801014142,53.92782127763065
5mM_Mn_nitrate_in_water_4kHz,"5 mM Mn nitrate, 4 kHz",5mM_Mn_nitrate_in_water,4.0,positive,5,0.004074585218010005,0.00488745137567002,midpoint_s,model_dependent_charge_nC,0.0044892374856903,0.00446567553969976,0.004499349482528842,47.078242893869,42.86103857055977,56.03460159534061,63,203,median,median,95_percent_circular_moving_block_bootstrap_over_captures,0.0044892374856903,47.078242893869,42.86103857055977,56.03460159534061
5mM_Mn_nitrate_in_water_4kHz,"5 mM Mn nitrate, 4 kHz",5mM_Mn_nitrate_in_water,4.0,positive,6,0.00488745137567002,0.005700317533330035,midpoint_s,model_dependent_charge_nC,0.00528556577191157,0.005273492460691089,0.005295657792335555,50.606191253840144,46.484312084712656,55.080191036307006,63,207,median,median,95_percent_circular_moving_block_bootstrap_over_captures,0.00528556577191157,50.606191253840144,46.484312084712656,55.080191036307006
5mM_Mn_nitrate_in_water_4kHz,"5 mM Mn nitrate, 4 kHz",5mM_Mn_nitrate_in_water,4.0,positive,7,0.005700317533330035,0.00651318369099005,midpoint_s,model_dependent_charge_nC,0.006117177025225912,0.0060976500896956255,0.006124877951473415,54.0741702937423,48.822692402881486,55.78846637351063,64,208,median,median,95_percent_circular_moving_block_bootstrap_over_captures,0.006117177025225912,54.0741702937423,48.822692402881486,55.78846637351063
5mM_Mn_nitrate_in_water_4kHz,"5 mM Mn nitrate, 4 kHz",5mM_Mn_nitrate_in_water,4.0,positive,8,0.00651318369099005,0.007326049848650065,midpoint_s,model_dependent_charge_nC,0.006911537278507612,0.006899375834936991,0.006922597991381918,48.651961006892435,46.53417002655556,54.847007936894286,64,208,median,median,95_percent_circular_moving_block_bootstrap_over_captures,0.006911537278507612,48.651961006892435,46.53417002655556,54.847007936894286
5mM_Mn_nitrate_in_water_4kHz,"5 mM Mn nitrate, 4 kHz",5mM_Mn_nitrate_in_water,4.0,positive,9,0.007326049848650065,0.008138916006310079,midpoint_s,model_dependent_charge_nC,0.007740447085605139,0.007718881800119173,0.007748996076642822,54.12003997320655,47.18637504340597,55.235541703002234,64,207,median,median,95_percent_circular_moving_block_bootstrap_over_captures,0.007740447085605139,54.12003997320655,47.18637504340597,55.235541703002234
5mM_Mn_nitrate_in_water_4kHz,"5 mM Mn nitrate, 4 kHz",5mM_Mn_nitrate_in_water,4.0,positive,10,0.008138916006310079,0.008951782163970095,midpoint_s,model_dependent_charge_nC,0.008536675049699126,0.008524662757693584,0.008548118956796105,48.42977768379626,45.61448676690669,51.301660079248435,64,211,median,median,95_percent_circular_moving_block_bootstrap_over_captures,0.008536675049699126,48.42977768379626,45.61448676690669,51.301660079248435
5mM_Mn_nitrate_in_water_4kHz,"5 mM Mn nitrate, 4 kHz",5mM_Mn_nitrate_in_water,4.0,positive,11,0.008951782163970095,0.009764648321630109,midpoint_s,model_dependent_charge_nC,0.009366585977435744,0.009347348929783374,0.009374771878343301,52.437567853972865,47.88037591629988,56.81079962753077,64,206,median,median,95_percent_circular_moving_block_bootstrap_over_captures,0.009366585977435744,52.437567853972865,47.88037591629988,56.81079962753077
5mM_Mn_nitrate_in_water_10kHz,"5 mM Mn nitrate, 10 kHz",5mM_Mn_nitrate_in_water,10.0,negative,0,1.4430188258973473e-05,0.000839803380515863,midpoint_s,model_dependent_charge_nC,0.00042578186877356385,0.0004207697109303455,0.00043445275624135995,268.52449938079843,264.4946362750443,274.93152167173207,64,526,median,median,95_percent_circular_moving_block_bootstrap_over_captures,0.00042578186877356385,268.52449938079843,264.4946362750443,274.93152167173207
5mM_Mn_nitrate_in_water_10kHz,"5 mM Mn nitrate, 10 kHz",5mM_Mn_nitrate_in_water,10.0,negative,1,0.000839803380515863,0.0016651765727727526,midpoint_s,model_dependent_charge_nC,0.0012507864746567168,0.0012460537706777358,0.0012568822993416667,265.0301453994632,259.70224316224903,271.52550421685555,64,520,median,median,95_percent_circular_moving_block_bootstrap_over_captures,0.0012507864746567168,265.0301453994632,259.70224316224903,271.52550421685555
5mM_Mn_nitrate_in_water_10kHz,"5 mM Mn nitrate, 10 kHz",5mM_Mn_nitrate_in_water,10.0,negative,2,0.0016651765727727526,0.0024905497650296424,midpoint_s,model_dependent_charge_nC,0.002072737265571765,0.0020689607915200135,0.0020813518986708608,266.7794371994811,261.1660371364614,269.84313648527973,64,524,median,median,95_percent_circular_moving_block_bootstrap_over_captures,0.002072737265571765,266.7794371994811,261.1660371364614,269.84313648527973
5mM_Mn_nitrate_in_water_10kHz,"5 mM Mn nitrate, 10 kHz",5mM_Mn_nitrate_in_water,10.0,negative,3,0.0024905497650296424,0.003315922957286532,midpoint_s,model_dependent_charge_nC,0.0029014292417931927,0.0028993205696822687,0.002907835534840496,268.7424579997942,261.0416433498383,272.86547945566986,64,531,median,median,95_percent_circular_moving_block_bootstrap_over_captures,0.0029014292417931927,268.7424579997942,261.0416433498383,272.86547945566986
5mM_Mn_nitrate_in_water_10kHz,"5 mM Mn nitrate, 10 kHz",5mM_Mn_nitrate_in_water,10.0,negative,4,0.003315922957286532,0.004141296149543422,midpoint_s,model_dependent_charge_nC,0.003728234335265314,0.0037214641099198222,0.0037347408516062186,269.382071522211,264.02673650981177,277.1868772087953,64,527,median,median,95_percent_circular_moving_block_bootstrap_over_captures,0.003728234335265314,269.382071522211,264.02673650981177,277.1868772087953
5mM_Mn_nitrate_in_water_10kHz,"5 mM Mn nitrate, 10 kHz",5mM_Mn_nitrate_in_water,10.0,negative,5,0.004141296149543422,0.004966669341800311,midpoint_s,model_dependent_charge_nC,0.0045507749840969815,0.004545866668674861,0.004557148488203408,270.1701901979351,264.1975804543219,275.5678820362111,64,525,median,median,95_percent_circular_moving_block_bootstrap_over_captures,0.0045507749840969815,270.1701901979351,264.1975804543219,275.5678820362111
5mM_Mn_nitrate_in_water_10kHz,"5 mM Mn nitrate, 10 kHz",5mM_Mn_nitrate_in_water,10.0,negative,6,0.004966669341800311,0.0057920425340572,midpoint_s,model_dependent_charge_nC,0.00537419106375853,0.005369497434436158,0.005382346475929646,268.0331284399353,262.3985423971322,274.3356510408357,64,531,median,median,95_percent_circular_moving_block_bootstrap_over_captures,0.00537419106375853,268.0331284399353,262.3985423971322,274.3356510408357
5mM_Mn_nitrate_in_water_10kHz,"5 mM Mn nitrate, 10 kHz",5mM_Mn_nitrate_in_water,10.0,negative,7,0.0057920425340572,0.00661741572631409,midpoint_s,model_dependent_charge_nC,0.006205247022214571,0.006200141680866103,0.006211168943548225,269.3690860927436,263.931668532365,275.36016858564705,64,530,median,median,95_percent_circular_moving_block_bootstrap_over_captures,0.006205247022214571,269.3690860927436,263.931668532365,275.36016858564705
5mM_Mn_nitrate_in_water_10kHz,"5 mM Mn nitrate, 10 kHz",5mM_Mn_nitrate_in_water,10.0,negative,8,0.00661741572631409,0.00744278891857098,midpoint_s,model_dependent_charge_nC,0.007030438049131865,0.00702219387375296,0.0070363963568534724,267.171466870409,262.77394207120767,276.1042519486963,64,526,median,median,95_percent_circular_moving_block_bootstrap_over_captures,0.007030438049131865,267.171466870409,262.77394207120767,276.1042519486963
5mM_Mn_nitrate_in_water_10kHz,"5 mM Mn nitrate, 10 kHz",5mM_Mn_nitrate_in_water,10.0,negative,9,0.00744278891857098,0.00826816211082787,midpoint_s,model_dependent_charge_nC,0.007850880182690374,0.007846719473891671,0.007857866584135953,269.0142491787745,264.66123213930183,274.99048499084404,64,527,median,median,95_percent_circular_moving_block_bootstrap_over_captures,0.007850880182690374,269.0142491787745,264.66123213930183,274.99048499084404
5mM_Mn_nitrate_in_water_10kHz,"5 mM Mn nitrate, 10 kHz",5mM_Mn_nitrate_in_water,10.0,negative,10,0.00826816211082787,0.009093535303084758,midpoint_s,model_dependent_charge_nC,0.008674855610890025,0.00867004516127651,0.008682755923552802,268.6895966618215,263.7874223290785,276.4112609217752,64,529,median,median,95_percent_circular_moving_block_bootstrap_over_captures,0.008674855610890025,268.6895966618215,263.7874223290785,276.4112609217752
5mM_Mn_nitrate_in_water_10kHz,"5 mM Mn nitrate, 10 kHz",5mM_Mn_nitrate_in_water,10.0,negative,11,0.009093535303084758,0.009918908495341648,midpoint_s,model_dependent_charge_nC,0.009504878021142195,0.009499761215979445,0.009509329215852548,268.4340552341052,263.1892406659178,272.39885794123495,64,530,median,median,95_percent_circular_moving_block_bootstrap_over_captures,0.009504878021142195,268.4340552341052,263.1892406659178,272.39885794123495
5mM_Mn_nitrate_in_water_10kHz,"5 mM Mn nitrate, 10 kHz",5mM_Mn_nitrate_in_water,10.0,positive,0,1.4430188258973473e-05,0.000839803380515863,midpoint_s,model_dependent_charge_nC,0.00042860329337626247,0.00041985254282390114,0.000431175697469077,207.18888878420623,4.14495397459269,405.9956748590021,63,521,median,median,95_percent_circular_moving_block_bootstrap_over_captures,0.00042860329337626247,207.18888878420623,4.14495397459269,405.9956748590021
5mM_Mn_nitrate_in_water_10kHz,"5 mM Mn nitrate, 10 kHz",5mM_Mn_nitrate_in_water,10.0,positive,1,0.000839803380515863,0.0016651765727727526,midpoint_s,model_dependent_charge_nC,0.0012511070254204433,0.0012462638304910174,0.0012586912192071402,199.18953008205412,-8.557847431797516,393.62192192805264,63,515,median,median,95_percent_circular_moving_block_bootstrap_over_captures,0.0012511070254204433,199.18953008205412,-8.557847431797516,393.62192192805264
5mM_Mn_nitrate_in_water_10kHz,"5 mM Mn nitrate, 10 kHz",5mM_Mn_nitrate_in_water,10.0,positive,2,0.0016651765727727526,0.0024905497650296424,midpoint_s,model_dependent_charge_nC,0.0020711601766127364,0.002068451639732596,0.002077698915341344,377.67827526215103,-7.221371690868604,410.612760274824,63,522,median,median,95_percent_circular_moving_block_bootstrap_over_captures,0.0020711601766127364,377.67827526215103,-7.221371690868604,410.612760274824
5mM_Mn_nitrate_in_water_10kHz,"5 mM Mn nitrate, 10 kHz",5mM_Mn_nitrate_in_water,10.0,positive,3,0.0024905497650296424,0.003315922957286532,midpoint_s,model_dependent_charge_nC,0.0029024872213303746,0.002896789944311362,0.002912935829829589,199.36596072761424,-5.644640089071244,386.14063460930555,64,526,median,median,95_percent_circular_moving_block_bootstrap_over_captures,0.0029024872213303746,199.36596072761424,-5.644640089071244,386.14063460930555
5mM_Mn_nitrate_in_water_10kHz,"5 mM Mn nitrate, 10 kHz",5mM_Mn_nitrate_in_water,10.0,positive,4,0.003315922957286532,0.004141296149543422,midpoint_s,model_dependent_charge_nC,0.003730019090044105,0.0037251801277313947,0.003737158699641703,296.0894723701499,-1.0477635564558612,404.7970911569512,64,529,median,median,95_percent_circular_moving_block_bootstrap_over_captures,0.003730019090044105,296.0894723701499,-1.0477635564558612,404.7970911569512
5mM_Mn_nitrate_in_water_10kHz,"5 mM Mn nitrate, 10 kHz",5mM_Mn_nitrate_in_water,10.0,positive,5,0.004141296149543422,0.004966669341800311,midpoint_s,model_dependent_charge_nC,0.004553425237329176,0.004546999278414955,0.0045640326382038205,209.4683085035138,-4.357651542941215,392.98115892216765,64,524,median,median,95_percent_circular_moving_block_bootstrap_over_captures,0.004553425237329176,209.4683085035138,-4.357651542941215,392.98115892216765
5mM_Mn_nitrate_in_water_10kHz,"5 mM Mn nitrate, 10 kHz",5mM_Mn_nitrate_in_water,10.0,positive,6,0.004966669341800311,0.0057920425340572,midpoint_s,model_dependent_charge_nC,0.005374973888970701,0.005370462238181605,0.005378498803150556,207.89155919897948,4.27912694960958,411.3506213435088,64,529,median,median,95_percent_circular_moving_block_bootstrap_over_captures,0.005374973888970701,207.89155919897948,4.27912694960958,411.3506213435088
5mM_Mn_nitrate_in_water_10kHz,"5 mM Mn nitrate, 10 kHz",5mM_Mn_nitrate_in_water,10.0,positive,7,0.0057920425340572,0.00661741572631409,midpoint_s,model_dependent_charge_nC,0.006203603139148626,0.006196835010523373,0.006211312963854637,208.2999631625679,-7.751978246476475,406.44307468818124,64,531,median,median,95_percent_circular_moving_block_bootstrap_over_captures,0.006203603139148626,208.2999631625679,-7.751978246476475,406.44307468818124
5mM_Mn_nitrate_in_water_10kHz,"5 mM Mn nitrate, 10 kHz",5mM_Mn_nitrate_in_water,10.0,positive,8,0.00661741572631409,0.00744278891857098,midpoint_s,model_dependent_charge_nC,0.007029863620797602,0.0070271083623529105,0.0070410547154009075,210.89014057234692,-4.101736821491615,415.3595051310118,64,527,median,median,95_percent_circular_moving_block_bootstrap_over_captures,0.007029863620797602,210.89014057234692,-4.101736821491615,415.3595051310118
5mM_Mn_nitrate_in_water_10kHz,"5 mM Mn nitrate, 10 kHz",5mM_Mn_nitrate_in_water,10.0,positive,9,0.00744278891857098,0.00826816211082787,midpoint_s,model_dependent_charge_nC,0.007853138469431045,0.00784582067408843,0.007864179529012466,199.47131597375383,-10.503537061509912,401.693913734205,64,526,median,median,95_percent_circular_moving_block_bootstrap_over_captures,0.007853138469431045,199.47131597375383,-10.503537061509912,401.693913734205
5mM_Mn_nitrate_in_water_10kHz,"5 mM Mn nitrate, 10 kHz",5mM_Mn_nitrate_in_water,10.0,positive,10,0.00826816211082787,0.009093535303084758,midpoint_s,model_dependent_charge_nC,0.008678208468539393,0.008671955047670668,0.008683884810167276,207.53343735527662,3.809201263874661,401.34794618625676,64,529,median,median,95_percent_circular_moving_block_bootstrap_over_captures,0.008678208468539393,207.53343735527662,3.809201263874661,401.34794618625676
5mM_Mn_nitrate_in_water_10kHz,"5 mM Mn nitrate, 10 kHz",5mM_Mn_nitrate_in_water,10.0,positive,11,0.009093535303084758,0.009918908495341648,midpoint_s,model_dependent_charge_nC,0.009506110086434911,0.00949762951540382,0.009513168756505874,204.0977219990474,-8.970829057609322,401.13965283609247,64,530,median,median,95_percent_circular_moving_block_bootstrap_over_captures,0.009506110086434911,204.0977219990474,-8.970829057609322,401.13965283609247
5mM_Mn_nitrate_in_water_20kHz,"5 mM Mn nitrate, 20 kHz",5mM_Mn_nitrate_in_water,20.0,negative,0,9.892443580692449e-06,0.0008390458052171668,midpoint_s,model_dependent_charge_nC,0.0004278255794953151,0.0004245591377045664,0.00043214833943858405,588.6655706359493,572.7089028162255,619.1395104994782,64,1050,median,median,95_percent_circular_moving_block_bootstrap_over_captures,0.0004278255794953151,588.6655706359493,572.7089028162255,619.1395104994782
5mM_Mn_nitrate_in_water_20kHz,"5 mM Mn nitrate, 20 kHz",5mM_Mn_nitrate_in_water,20.0,negative,1,0.0008390458052171668,0.0016681991668536411,midpoint_s,model_dependent_charge_nC,0.0012538282563519113,0.001250260639102637,0.0012577758952247618,589.0571054248896,565.3037982385326,616.9948960254624,64,1047,median,median,95_percent_circular_moving_block_bootstrap_over_captures,0.0012538282563519113,589.0571054248896,565.3037982385326,616.9948960254624
5mM_Mn_nitrate_in_water_20kHz,"5 mM Mn nitrate, 20 kHz",5mM_Mn_nitrate_in_water,20.0,negative,2,0.0016681991668536411,0.002497352528490116,midpoint_s,model_dependent_charge_nC,0.002083409303029029,0.002079149980546888,0.002086552921685383,584.6689476749732,567.4281288389562,614.7886979039282,64,1054,median,median,95_percent_circular_moving_block_bootstrap_over_captures,0.002083409303029029,584.6689476749732,567.4281288389562,614.7886979039282
5mM_Mn_nitrate_in_water_20kHz,"5 mM Mn nitrate, 20 kHz",5mM_Mn_nitrate_in_water,20.0,negative,3,0.002497352528490116,0.00332650589012659,midpoint_s,model_dependent_charge_nC,0.0029122533070472037,0.0029099739517393355,0.0029183082597331557,589.0476677934297,568.995912478608,618.7300965276684,64,1049,median,median,95_percent_circular_moving_block_bootstrap_over_captures,0.0029122533070472037,589.0476677934297,568.995912478608,618.7300965276684
5mM_Mn_nitrate_in_water_20kHz,"5 mM Mn nitrate, 20 kHz",5mM_Mn_nitrate_in_water,20.0,negative,4,0.00332650589012659,0.004155659251763064,midpoint_s,model_dependent_charge_nC,0.00374295413343415,0.0037378842950582707,0.0037443648491177475,591.098571424888,571.9071163534975,622.9486297952476,64,1046,median,median,95_percent_circular_moving_block_bootstrap_over_captures,0.00374295413343415,591.098571424888,571.9071163534975,622.9486297952476
5mM_Mn_nitrate_in_water_20kHz,"5 mM Mn nitrate, 20 kHz",5mM_Mn_nitrate_in_water,20.0,negative,5,0.004155659251763064,0.0049848126133995386,midpoint_s,model_dependent_charge_nC,0.0045701085476201435,0.0045683276415353176,0.004573950213759284,589.9539679905072,569.9179538417732,621.2690596683192,64,1054,median,median,95_percent_circular_moving_block_bootstrap_over_captures,0.0045701085476201435,589.9539679905072,569.9179538417732,621.2690596683192
5mM_Mn_nitrate_in_water_20kHz,"5 mM Mn nitrate, 20 kHz",5mM_Mn_nitrate_in_water,20.0,negative,6,0.0049848126133995386,0.005813965975036013,midpoint_s,model_dependent_charge_nC,0.0054001746262670415,0.005396007129746612,0.005404285986281709,588.7420864867549,574.0690698821174,611.8471000272343,64,1053,median,median,95_percent_circular_moving_block_bootstrap_over_captures,0.0054001746262670415,588.7420864867549,574.0690698821174,611.8471000272343
5mM_Mn_nitrate_in_water_20kHz,"5 mM Mn nitrate, 20 kHz",5mM_Mn_nitrate_in_water,20.0,negative,7,0.005813965975036013,0.006643119336672487,midpoint_s,model_dependent_charge_nC,0.006228249145933966,0.006224891463666487,0.0062321519554031455,584.2389546193003,570.7810483138584,612.5873214019094,64,1054,median,median,95_percent_circular_moving_block_bootstrap_over_captures,0.006228249145933966,584.2389546193003,570.7810483138584,612.5873214019094
5mM_Mn_nitrate_in_water_20kHz,"5 mM Mn nitrate, 20 kHz",5mM_Mn_nitrate_in_water,20.0,negative,8,0.006643119336672487,0.007472272698308961,midpoint_s,model_dependent_charge_nC,0.007058446639017632,0.007054414902744454,0.00706098417972921,586.8563300652597,570.9218105130753,615.7794346760684,64,1054,median,median,95_percent_circular_moving_block_bootstrap_over_captures,0.007058446639017632,586.8563300652597,570.9218105130753,615.7794346760684
5mM_Mn_nitrate_in_water_20kHz,"5 mM Mn nitrate, 20 kHz",5mM_Mn_nitrate_in_water,20.0,negative,9,0.007472272698308961,0.008301426059945436,midpoint_s,model_dependent_charge_nC,0.007886025408642769,0.007884187614834223,0.007888851806628178,586.0852014787183,563.7482721061409,620.2491305557585,64,1053,median,median,95_percent_circular_moving_block_bootstrap_over_captures,0.007886025408642769,586.0852014787183,563.7482721061409,620.2491305557585
5mM_Mn_nitrate_in_water_20kHz,"5 mM Mn nitrate, 20 kHz",5mM_Mn_nitrate_in_water,20.0,negative,10,0.008301426059945436,0.00913057942158191,midpoint_s,model_dependent_charge_nC,0.008717663876756387,0.008712531180692894,0.008719032935774203,590.1336404548161,563.1446040291901,620.4498513410138,64,1061,median,median,95_percent_circular_moving_block_bootstrap_over_captures,0.008717663876756387,590.1336404548161,563.1446040291901,620.4498513410138
5mM_Mn_nitrate_in_water_20kHz,"5 mM Mn nitrate, 20 kHz",5mM_Mn_nitrate_in_water,20.0,negative,11,0.00913057942158191,0.009959732783218385,midpoint_s,model_dependent_charge_nC,0.009543215502525584,0.009540374860393282,0.009546103770366634,592.2237085444306,569.906111123212,618.6737685703953,64,1056,median,median,95_percent_circular_moving_block_bootstrap_over_captures,0.009543215502525584,592.2237085444306,569.906111123212,618.6737685703953
5mM_Mn_nitrate_in_water_20kHz,"5 mM Mn nitrate, 20 kHz",5mM_Mn_nitrate_in_water,20.0,positive,0,9.892443580692449e-06,0.0008390458052171668,midpoint_s,model_dependent_charge_nC,0.00042417025227593276,0.00042030251636180043,0.00042835135862794374,127.67695854200232,120.32078388555564,144.01720710723268,63,1044,median,median,95_percent_circular_moving_block_bootstrap_over_captures,0.00042417025227593276,127.67695854200232,120.32078388555564,144.01720710723268
5mM_Mn_nitrate_in_water_20kHz,"5 mM Mn nitrate, 20 kHz",5mM_Mn_nitrate_in_water,20.0,positive,1,0.0008390458052171668,0.0016681991668536411,midpoint_s,model_dependent_charge_nC,0.0012542957448629427,0.0012499233953133329,0.001257116808124357,127.51246573281864,119.77169581213941,142.32200538197682,63,1046,median,median,95_percent_circular_moving_block_bootstrap_over_captures,0.0012542957448629427,127.51246573281864,119.77169581213941,142.32200538197682
5mM_Mn_nitrate_in_water_20kHz,"5 mM Mn nitrate, 20 kHz",5mM_Mn_nitrate_in_water,20.0,positive,2,0.0016681991668536411,0.002497352528490116,midpoint_s,model_dependent_charge_nC,0.002082248249350457,0.002080467412438477,0.0020849567747795745,127.96383160741658,119.98406175010018,143.7445691599108,64,1046,median,median,95_percent_circular_moving_block_bootstrap_over_captures,0.002082248249350457,127.96383160741658,119.98406175010018,143.7445691599108
5mM_Mn_nitrate_in_water_20kHz,"5 mM Mn nitrate, 20 kHz",5mM_Mn_nitrate_in_water,20.0,positive,3,0.002497352528490116,0.00332650589012659,midpoint_s,model_dependent_charge_nC,0.0029132517138842897,0.002908196842633165,0.002915034924107631,126.49510303414553,119.6413154503867,144.74092647144565,63,1044,median,median,95_percent_circular_moving_block_bootstrap_over_captures,0.0029132517138842897,126.49510303414553,119.6413154503867,144.74092647144565
5mM_Mn_nitrate_in_water_20kHz,"5 mM Mn nitrate, 20 kHz",5mM_Mn_nitrate_in_water,20.0,positive,4,0.00332650589012659,0.004155659251763064,midpoint_s,model_dependent_charge_nC,0.003739790808408931,0.003738192678124357,0.0037435010199049976,127.91759701405746,122.29520110533304,148.041637515144,63,1043,median,median,95_percent_circular_moving_block_bootstrap_over_captures,0.003739790808408931,127.91759701405746,122.29520110533304,148.041637515144
5mM_Mn_nitrate_in_water_20kHz,"5 mM Mn nitrate, 20 kHz",5mM_Mn_nitrate_in_water,20.0,positive,5,0.004155659251763064,0.0049848126133995386,midpoint_s,model_dependent_charge_nC,0.004569852355735389,0.004566040311826459,0.004573661514618691,129.51732984804363,120.21497625807743,144.98528845867634,63,1049,median,median,95_percent_circular_moving_block_bootstrap_over_captures,0.004569852355735389,129.51732984804363,120.21497625807743,144.98528845867634
5mM_Mn_nitrate_in_water_20kHz,"5 mM Mn nitrate, 20 kHz",5mM_Mn_nitrate_in_water,20.0,positive,6,0.0049848126133995386,0.005813965975036013,midpoint_s,model_dependent_charge_nC,0.005401466794107631,0.005396704970135727,0.005404294254758015,126.50082133270584,122.04029812174315,140.668520822262,63,1044,median,median,95_percent_circular_moving_block_bootstrap_over_captures,0.005401466794107631,126.50082133270584,122.04029812174315,140.668520822262
5mM_Mn_nitrate_in_water_20kHz,"5 mM Mn nitrate, 20 kHz",5mM_Mn_nitrate_in_water,20.0,positive,7,0.005813965975036013,0.006643119336672487,midpoint_s,model_dependent_charge_nC,0.006230004368008499,0.006227510526835799,0.006231930526835799,126.43206730438908,119.25197357923315,146.25033441575636,63,1045,median,median,95_percent_circular_moving_block_bootstrap_over_captures,0.006230004368008499,126.43206730438908,119.25197357923315,146.25033441575636
5mM_Mn_nitrate_in_water_20kHz,"5 mM Mn nitrate, 20 kHz",5mM_Mn_nitrate_in_water,20.0,positive,8,0.006643119336672487,0.007472272698308961,midpoint_s,model_dependent_charge_nC,0.007058202682584162,0.0070554007586935055,0.007063084277843341,127.1717339146646,118.69361684600474,143.58364115089785,63,1045,median,median,95_percent_circular_moving_block_bootstrap_over_captures,0.007058202682584162,127.1717339146646,118.69361684600474,143.58364115089785
5mM_Mn_nitrate_in_water_20kHz,"5 mM Mn nitrate, 20 kHz",5mM_Mn_nitrate_in_water,20.0,positive,9,0.007472272698308961,0.008301426059945436,midpoint_s,model_dependent_charge_nC,0.007887798524242522,0.007882926069211312,0.007889353698785842,127.70992238282935,116.65408827295556,145.51115352139004,64,1044,median,median,95_percent_circular_moving_block_bootstrap_over_captures,0.007887798524242522,127.70992238282935,116.65408827295556,145.51115352139004
5mM_Mn_nitrate_in_water_20kHz,"5 mM Mn nitrate, 20 kHz",5mM_Mn_nitrate_in_water,20.0,positive,10,0.008301426059945436,0.00913057942158191,midpoint_s,model_dependent_charge_nC,0.008714682623985462,0.008713221680868289,0.008718683084905973,128.0996531879305,118.6022480877809,142.01382088183652,64,1064,median,median,95_percent_circular_moving_block_bootstrap_over_captures,0.008714682623985462,128.0996531879305,118.6022480877809,142.01382088183652
5mM_Mn_nitrate_in_water_20kHz,"5 mM Mn nitrate, 20 kHz",5mM_Mn_nitrate_in_water,20.0,positive,11,0.00913057942158191,0.009959732783218385,midpoint_s,model_dependent_charge_nC,0.009543222107872864,0.009539611105925118,0.00954648401789264,133.88443177568368,127.84154609007395,151.17249741798054,64,1050,median,median,95_percent_circular_moving_block_bootstrap_over_captures,0.009543222107872864,133.88443177568368,127.84154609007395,151.17249741798054
